{"name":"Achénouma","other_names":{"name:ar":"أشينوما","name:fr":"Achénouma"},"display_name":"Achénouma, Bilma, Agadez, Niger","address":{"town":"Achénouma","county":"Bilma","region":"Agadez","ISO3166-2-lvl4":"NE-1","country":"Niger","country_code":"ne"},"osm_type":"node","osm_id":469222883,"type":"town","location":[12.9223174,19.1275345],"bbox":[12.8823174,19.0875345,12.9623174,19.1675345]}
{"name":"Akokan","other_names":{"name:ar":"أكوكان","name:fr":"Akokan"},"display_name":"Akokan, Arlit, Agadez, Niger","address":{"town":"Akokan","county":"Arlit","region":"Agadez","ISO3166-2-lvl4":"NE-1","country":"Niger","country_code":"ne"},"osm_type":"node","osm_id":469234208,"type":"town","location":[7.338211,18.710635],"bbox":[7.298211,18.670635,7.378211,18.750635]}
{"name":"Amaloul Guidis","display_name":"Amaloul Guidis, Tahoua, Niger","address":{"town":"Amaloul Guidis","county":"Tahoua","state":"Tahoua","ISO3166-2-lvl4":"NE-5","country":"Niger","country_code":"ne"},"osm_type":"node","osm_id":6513658855,"type":"town","location":[4.9657776,15.1021807],"bbox":[4.9257776,15.0621807,5.0057776,15.1421807]}
{"name":"Aney","other_names":{"name:ar":"آني","name:fr":"Aney"},"display_name":"Aney, Bilma, Agadez, Niger","address":{"town":"Aney","county":"Bilma","region":"Agadez","ISO3166-2-lvl4":"NE-1","country":"Niger","country_code":"ne"},"osm_type":"node","osm_id":469223199,"type":"town","location":[12.8998172,19.3679927],"bbox":[12.8598172,19.3279927,12.9398172,19.4079927]}
{"name":"Aroungouza","display_name":"Aroungouza, Mirriah, Zinder, Niger","address":{"town":"Aroungouza","county":"Mirriah","region":"Zinder","ISO3166-2-lvl4":"NE-7","country":"Niger","country_code":"ne"},"osm_type":"node","osm_id":5899862891,"type":"town","location":[8.9462725,14.028858],"bbox":[8.9062725,13.988858,8.9862725,14.068858]}
{"name":"Arrigui","other_names":{"name:ar":"أريغي","name:fr":"Arrigui"},"display_name":"Arrigui, Bilma, Agadez, Niger","address":{"town":"Arrigui","county":"Bilma","region":"Agadez","ISO3166-2-lvl4":"NE-1","country":"Niger","country_code":"ne"},"osm_type":"node","osm_id":7396133433,"type":"town","location":[12.9215902,19.0789503],"bbox":[12.8815902,19.0389503,12.9615902,19.1189503]}
{"name":"Awaché","display_name":"Awaché, Tessaoua, Maradi, Niger","address":{"town":"Awaché","county":"Tessaoua","region":"Maradi","ISO3166-2-lvl4":"NE-4","country":"Niger","country_code":"ne"},"osm_type":"node","osm_id":469703554,"type":"town","location":[8.229543,13.9544552],"bbox":[8.189543,13.9144552,8.269543,13.9944552]}
{"name":"Azérori","display_name":"Azérori, Madaoua, Tahoua, Niger","address":{"town":"Azérori","county":"Madaoua","state":"Tahoua","ISO3166-2-lvl4":"NE-5","country":"Niger","country_code":"ne"},"osm_type":"node","osm_id":473076808,"type":"town","location":[5.9052311,14.1352732],"bbox":[5.8652311,14.0952732,5.9452311,14.1752732]}
{"name":"Baboussay","display_name":"Baboussay, Kollo, Tillabéri, Niger","address":{"town":"Baboussay","county":"Kollo","region":"Tillabéri","ISO3166-2-lvl4":"NE-6","country":"Niger","country_code":"ne"},"osm_type":"node","osm_id":461968173,"type":"town","location":[2.6252545,13.3945837],"bbox":[2.5852545,13.3545837,2.6652545,13.4345837]}
{"name":"Badaguichiri","display_name":"Badaguichiri, Illéla, Tahoua, Niger","address":{"town":"Badaguichiri","county":"Illéla","state":"Tahoua","ISO3166-2-lvl4":"NE-5","country":"Niger","country_code":"ne"},"osm_type":"node","osm_id":459957028,"type":"town","location":[5.3698449,14.5203577],"bbox":[5.3298449,14.4803577,5.4098449,14.5603577]}
{"name":"Bagaroua","display_name":"Bagaroua, Illéla, Tahoua, Niger","address":{"town":"Bagaroua","county":"Illéla","state":"Tahoua","ISO3166-2-lvl4":"NE-5","country":"Niger","country_code":"ne"},"osm_type":"node","osm_id":2297958837,"type":"town","location":[4.3475296,14.6395512],"bbox":[4.3075296,14.5995512,4.3875296,14.6795512],"border":{"name":"Bagaroua","display_name":"Bagaroua, Tahoua, Niger","address":{"county":"Bagaroua","state":"Tahoua","ISO3166-2-lvl4":"NE-5","country":"Niger","country_code":"ne"},"osm_type":"way","osm_id":1333677390,"type":"administrative","location":[4.689258123548117,14.3719596],"bbox":[4.2322147,14.0435937,4.9505985,14.6991657]}}
{"name":"Bakin Birji","display_name":"Bakin Birji, Tanout, Zinder, 7000, Niger","address":{"town":"Bakin Birji","county":"Tanout","region":"Zinder","ISO3166-2-lvl4":"NE-7","postcode":"7000","country":"Niger","country_code":"ne"},"osm_type":"node","osm_id":6848497798,"type":"town","location":[8.7952343,14.2570887],"bbox":[8.7552343,14.2170887,8.8352343,14.2970887]}
{"name":"Balissa","display_name":"Balissa, Dogondoutchi, Dosso, Niger","address":{"town":"Balissa","county":"Dogondoutchi","region":"Dosso","ISO3166-2-lvl4":"NE-3","country":"Niger","country_code":"ne"},"osm_type":"node","osm_id":461337258,"type":"town","location":[4.320155,14.0380746],"bbox":[4.280155,13.9980746,4.360155,14.0780746]}
{"name":"Bangario Zou","display_name":"Bangario Zou, Boboye, Dosso, Niger","address":{"town":"Bangario Zou","county":"Boboye","region":"Dosso","ISO3166-2-lvl4":"NE-3","country":"Niger","country_code":"ne"},"osm_type":"node","osm_id":469267691,"type":"town","location":[2.9717655,13.3552169],"bbox":[2.9317655,13.3152169,3.0117655,13.3952169]}
{"name":"Bangui","display_name":"Bangui, Madaoua, Tahoua, Niger","address":{"town":"Bangui","county":"Madaoua","state":"Tahoua","ISO3166-2-lvl4":"NE-5","country":"Niger","country_code":"ne"},"osm_type":"node","osm_id":469797260,"type":"town","location":[6.1940087,13.6795277],"bbox":[6.1540087,13.6395277,6.2340087,13.7195277]}
{"name":"Baochi","display_name":"Baochi, Magaria, Zinder, Niger","address":{"town":"Baochi","county":"Magaria","region":"Zinder","ISO3166-2-lvl4":"NE-7","country":"Niger","country_code":"ne"},"osm_type":"node","osm_id":465899669,"type":"town","location":[9.6008974,13.4965041],"bbox":[9.5608974,13.4565041,9.6408974,13.5365041]}
{"name":"Bazaga","display_name":"Bazaga, Birni N'Konni, Tahoua, Niger","address":{"town":"Bazaga","county":"Birni N'Konni","state":"Tahoua","ISO3166-2-lvl4":"NE-5","country":"Niger","country_code":"ne"},"osm_type":"node","osm_id":469411662,"type":"town","location":[5.086723,13.796163],"bbox":[5.046723,13.756163,5.126723,13.836163]}
{"name":"Bosso","other_names":{"name:ar":"بوسو","name:en":"Bosso","name:es":"Bosso","name:fr":"Bosso","name:it":"Bosso","name:ms":"Bosso","name:ro":"Bosso"},"display_name":"Bosso, Diffa, Niger","address":{"town":"Bosso","state":"Diffa","ISO3166-2-lvl4":"NE-2","country":"Niger","country_code":"ne"},"osm_type":"node","osm_id":4567157202,"type":"town","location":[13.3112436,13.700055],"bbox":[13.2712436,13.660055,13.3512436,13.740055],"border":{"name":"Bosso","other_names":{"name:fr":"Bosso","name:ar":"بوسو","name:en":"Bosso","name:es":"Bosso","name:it":"Bosso","name:ms":"Bosso","name:ro":"Bosso"},"display_name":"Bosso, Diffa, Niger","address":{"town":"Bosso","state":"Diffa","ISO3166-2-lvl4":"NE-2","country":"Niger","country_code":"ne"},"osm_type":"way","osm_id":1333677398,"type":"administrative","location":[13.3112436,13.700055],"bbox":[12.9319783,13.4997335,13.6307983,13.923411]}}
{"name":"Boubouté","display_name":"Boubouté, Mirriah, Zinder, Niger","address":{"town":"Boubouté","county":"Mirriah","region":"Zinder","ISO3166-2-lvl4":"NE-7","country":"Niger","country_code":"ne"},"osm_type":"node","osm_id":466028856,"type":"town","location":[9.8195995,14.129583],"bbox":[9.7795995,14.089583,9.8595995,14.169583]}
{"name":"Boultoum","display_name":"Boultoum, Gouré, Zinder, Niger","address":{"town":"Boultoum","county":"Gouré","region":"Zinder","ISO3166-2-lvl4":"NE-7","country":"Niger","country_code":"ne"},"osm_type":"node","osm_id":3305485757,"type":"town","location":[10.2950879,14.6025002],"bbox":[10.2550879,14.5625002,10.3350879,14.6425002]}
{"name":"Boureïmi","display_name":"Boureïmi, Dogondoutchi, Dosso, Niger","address":{"town":"Boureïmi","county":"Dogondoutchi","region":"Dosso","ISO3166-2-lvl4":"NE-3","country":"Niger","country_code":"ne"},"osm_type":"node","osm_id":473711551,"type":"town","location":[3.7289709,13.1596943],"bbox":[3.6889709,13.1196943,3.7689709,13.1996943]}
{"name":"Boutti","display_name":"Boutti, Maïné-Soroa, Diffa, Niger","address":{"town":"Boutti","county":"Maïné-Soroa","state":"Diffa","ISO3166-2-lvl4":"NE-2","country":"Niger","country_code":"ne"},"osm_type":"node","osm_id":4569015976,"type":"town","location":[11.3350069,13.9869133],"bbox":[11.2950069,13.9469133,11.3750069,14.0269133]}
{"name":"Chirfa","other_names":{"name:ar":"شرفة","name:fr":"Chirfa"},"display_name":"Chirfa, Bilma, Agadez, Niger","address":{"town":"Chirfa","county":"Bilma","region":"Agadez","ISO3166-2-lvl4":"NE-1","country":"Niger","country_code":"ne"},"osm_type":"node","osm_id":419492691,"type":"town","location":[12.3392875,20.956151],"bbox":[12.2992875,20.916151,12.3792875,20.996151]}
{"name":"Dan Issa","display_name":"Dan Issa, Madarounfa, Maradi, Niger","address":{"town":"Dan Issa","county":"Madarounfa","region":"Maradi","ISO3166-2-lvl4":"NE-4","country":"Niger","country_code":"ne"},"osm_type":"node","osm_id":3153566090,"type":"town","location":[7.2592644,13.2037964],"bbox":[7.2192644,13.1637964,7.2992644,13.2437964]}
{"name":"Dan Kassari","display_name":"Dan Kassari, Dogondoutchi, Dosso, Niger","address":{"town":"Dan Kassari","county":"Dogondoutchi","region":"Dosso","ISO3166-2-lvl4":"NE-3","country":"Niger","country_code":"ne"},"osm_type":"node","osm_id":6754352587,"type":"town","location":[4.3841364,13.7213658],"bbox":[4.3441364,13.6813658,4.4241364,13.7613658]}
{"name":"Dan Koulou","display_name":"Dan Koulou, Mayahi, Maradi, Niger","address":{"town":"Dan Koulou","county":"Mayahi","region":"Maradi","ISO3166-2-lvl4":"NE-4","country":"Niger","country_code":"ne"},"osm_type":"node","osm_id":473855311,"type":"town","location":[7.2265129,14.4626962],"bbox":[7.1865129,14.4226962,7.2665129,14.5026962]}
{"name":"Dan Maïro","display_name":"Dan Maïro, Mayahi, Maradi, Niger","address":{"town":"Dan Maïro","county":"Mayahi","region":"Maradi","ISO3166-2-lvl4":"NE-4","country":"Niger","country_code":"ne"},"osm_type":"node","osm_id":473855060,"type":"town","location":[7.3165639,13.8885538],"bbox":[7.2765639,13.8485538,7.3565639,13.9285538]}
{"name":"Dantiandou","display_name":"Dantiandou, Kollo, Tillabéri, Niger","address":{"town":"Dantiandou","county":"Kollo","region":"Tillabéri","ISO3166-2-lvl4":"NE-6","country":"Niger","country_code":"ne"},"osm_type":"node","osm_id":8604111358,"type":"town","location":[2.7577584,13.4116893],"bbox":[2.7177584,13.3716893,2.7977584,13.4516893]}
{"name":"Dao Timmi","display_name":"Dao Timmi, Bilma, Agadez, Niger","address":{"town":"Dao Timmi","county":"Bilma","region":"Agadez","ISO3166-2-lvl4":"NE-1","country":"Niger","country_code":"ne"},"osm_type":"node","osm_id":459974012,"type":"town","location":[13.5395031,20.5597389],"bbox":[13.4995031,20.5197389,13.5795031,20.5997389]}
{"name":"Daré Salam","display_name":"Daré Salam, Kéita, Tahoua, Niger","address":{"town":"Daré Salam","county":"Kéita","state":"Tahoua","ISO3166-2-lvl4":"NE-5","country":"Niger","country_code":"ne"},"osm_type":"node","osm_id":459957029,"type":"town","location":[5.4917664,14.5605931],"bbox":[5.4517664,14.5205931,5.5317664,14.6005931]}
{"name":"Dargol","display_name":"Dargol, Téra, Tillabéri, Niger","address":{"town":"Dargol","county":"Téra","region":"Tillabéri","ISO3166-2-lvl4":"NE-6","country":"Niger","country_code":"ne"},"osm_type":"node","osm_id":469241909,"type":"town","location":[1.2423646,13.9172612],"bbox":[1.2023646,13.8772612,1.2823646,13.9572612]}
{"display_name":"Diffa, Niger","address":{"county":"Diffa","state":"Diffa","ISO3166-2-lvl4":"NE-2","country":"Niger","country_code":"ne"},"osm_type":"node","osm_id":4567252374,"type":"town","location":[13.5067392,13.8244244],"bbox":[13.4667392,13.7844244,13.5467392,13.8644244]}
{"name":"Dioundiou","display_name":"Dioundiou, Gaya, Dosso, Niger","address":{"town":"Dioundiou","county":"Gaya","region":"Dosso","ISO3166-2-lvl4":"NE-3","country":"Niger","country_code":"ne"},"osm_type":"node","osm_id":469248299,"type":"town","location":[3.544343,12.619361],"bbox":[3.504343,12.579361,3.584343,12.659361],"border":{"name":"Dioundiou","display_name":"Dioundiou, Dosso, Niger","address":{"county":"Dioundiou","region":"Dosso","ISO3166-2-lvl4":"NE-3","country":"Niger","country_code":"ne"},"osm_type":"way","osm_id":1333677354,"type":"administrative","location":[3.67715038629796,12.65816515],"bbox":[3.3932244,12.3556643,3.8434304,12.9290462]}}
{"name":"Dirkou","other_names":{"name:ar":"ديركو","name:de":"Dirkou","name:en":"Dirkou","name:eo":"Dirkou","name:es":"Dirkou","name:fi":"Dirkou","name:fr":"Dirkou","name:ha":"Dirku","name:it":"Dirkou","name:lb":"Dirkou","name:ms":"Dirkou","name:ro":"Dirkou"},"display_name":"Dirkou, Bilma, Agadez, Niger","address":{"town":"Dirkou","county":"Bilma","region":"Agadez","ISO3166-2-lvl4":"NE-1","country":"Niger","country_code":"ne"},"osm_type":"node","osm_id":2889146003,"type":"town","location":[12.8936989,19.0025215],"bbox":[12.8536989,18.9625215,12.9336989,19.0425215]}
{"name":"Dogo","display_name":"Dogo, Mirriah, Zinder, Niger","address":{"town":"Dogo","county":"Mirriah","region":"Zinder","ISO3166-2-lvl4":"NE-7","country":"Niger","country_code":"ne"},"osm_type":"node","osm_id":473430986,"type":"town","location":[9.0155148,13.4982571],"bbox":[8.9755148,13.4582571,9.0555148,13.5382571]}
{"name":"Doguéraoua","display_name":"Doguéraoua, Birni N'Konni, Tahoua, Niger","address":{"town":"Doguéraoua","county":"Birni N'Konni","state":"Tahoua","ISO3166-2-lvl4":"NE-5","country":"Niger","country_code":"ne"},"osm_type":"node","osm_id":473690796,"type":"town","location":[5.5917625,13.9678029],"bbox":[5.5517625,13.9278029,5.6317625,14.0078029]}
{"name":"Douméga","display_name":"Douméga, Dogondoutchi, Dosso, Niger","address":{"town":"Douméga","county":"Dogondoutchi","region":"Dosso","ISO3166-2-lvl4":"NE-3","country":"Niger","country_code":"ne"},"osm_type":"node","osm_id":5991856847,"type":"town","location":[3.9787448,12.9721893],"bbox":[3.9387448,12.9321893,4.0187448,13.0121893]}
{"name":"Doungourou","display_name":"Doungourou, Téra, Tillabéri, Niger","address":{"town":"Doungourou","county":"Téra","region":"Tillabéri","ISO3166-2-lvl4":"NE-6","country":"Niger","country_code":"ne"},"osm_type":"node","osm_id":472984906,"type":"town","location":[0.7532147,14.3075598],"bbox":[0.7132147,14.2675598,0.7932147,14.3475598]}
{"name":"Droum Malori","display_name":"Droum Malori, Mirriah, Zinder, Niger","address":{"town":"Droum Malori","county":"Mirriah","region":"Zinder","ISO3166-2-lvl4":"NE-7","country":"Niger","country_code":"ne"},"osm_type":"node","osm_id":473430977,"type":"town","location":[8.8912003,13.5681746],"bbox":[8.8512003,13.5281746,8.9312003,13.6081746]}
{"name":"Fachi","display_name":"Fachi, Bilma, Agadez, Niger","address":{"town":"Fachi","county":"Bilma","region":"Agadez","ISO3166-2-lvl4":"NE-1","country":"Niger","country_code":"ne"},"osm_type":"node","osm_id":419496635,"type":"town","location":[11.5846654,18.1075779],"bbox":[11.5446654,18.0675779,11.6246654,18.1475779]}
{"name":"Falmey","display_name":"Falmey, Boboye, Dosso, Niger","address":{"town":"Falmey","county":"Boboye","region":"Dosso","ISO3166-2-lvl4":"NE-3","country":"Niger","country_code":"ne"},"osm_type":"node","osm_id":469116155,"type":"town","location":[2.852715,12.594472],"bbox":[2.812715,12.554472,2.892715,12.634472],"border":{"name":"Falmey","display_name":"Falmey, Dosso, Niger","address":{"county":"Falmey","region":"Dosso","ISO3166-2-lvl4":"NE-3","country":"Niger","country_code":"ne"},"osm_type":"way","osm_id":1333677355,"type":"administrative","location":[2.852668154700744,12.548938],"bbox":[2.5892693,12.2677891,3.0014397,12.8310817]}}
{"name":"Fonéko","display_name":"Fonéko, Téra, Tillabéri, Niger","address":{"town":"Fonéko","county":"Téra","region":"Tillabéri","ISO3166-2-lvl4":"NE-6","country":"Niger","country_code":"ne"},"osm_type":"node","osm_id":472984905,"type":"town","location":[0.742312,14.2057371],"bbox":[0.702312,14.1657371,0.782312,14.2457371]}
{"name":"Galmi","display_name":"Galmi, Birni N'Konni, Tahoua, Niger","address":{"town":"Galmi","county":"Birni N'Konni","state":"Tahoua","ISO3166-2-lvl4":"NE-5","country":"Niger","country_code":"ne"},"osm_type":"node","osm_id":473690798,"type":"town","location":[5.675413,13.965611],"bbox":[5.635413,13.925611,5.715413,14.005611]}
{"name":"Gamdou","display_name":"Gamdou, Gouré, Zinder, Niger","address":{"town":"Gamdou","county":"Gouré","region":"Zinder","ISO3166-2-lvl4":"NE-7","country":"Niger","country_code":"ne"},"osm_type":"node","osm_id":465965698,"type":"town","location":[9.9880802,13.3592964],"bbox":[9.9480802,13.3192964,10.0280802,13.3992964]}
{"name":"Gangara","display_name":"Gangara, Tanout, Zinder, Niger","address":{"town":"Gangara","county":"Tanout","region":"Zinder","ISO3166-2-lvl4":"NE-7","country":"Niger","country_code":"ne"},"osm_type":"node","osm_id":3241031361,"type":"town","location":[8.5039363,14.613459],"bbox":[8.4639363,14.573459,8.5439363,14.653459]}
{"name":"Garaou","display_name":"Garaou, Tchintabaradene, Tahoua, Niger","address":{"town":"Garaou","county":"Tchintabaradene","state":"Tahoua","ISO3166-2-lvl4":"NE-5","country":"Niger","country_code":"ne"},"osm_type":"node","osm_id":11435311923,"type":"town","location":[5.7552729,16.2816976],"bbox":[5.7152729,16.2416976,5.7952729,16.3216976]}
{"name":"Gayi","display_name":"Gayi, Magaria, Zinder, Niger","address":{"town":"Gayi","county":"Magaria","region":"Zinder","ISO3166-2-lvl4":"NE-7","country":"Niger","country_code":"ne"},"osm_type":"node","osm_id":5922598018,"type":"town","location":[9.3563074,13.4853833],"bbox":[9.3163074,13.4453833,9.3963074,13.5253833]}
{"name":"Gazabalé","display_name":"Gazabalé, Gouré, Zinder, Niger","address":{"town":"Gazabalé","county":"Gouré","region":"Zinder","ISO3166-2-lvl4":"NE-7","country":"Niger","country_code":"ne"},"osm_type":"node","osm_id":465965724,"type":"town","location":[10.088038,13.5989696],"bbox":[10.048038,13.5589696,10.128038,13.6389696]}
{"name":"Gazaoua","display_name":"Gazaoua, Aguié, Maradi, Niger","address":{"town":"Gazaoua","county":"Aguié","region":"Maradi","ISO3166-2-lvl4":"NE-4","country":"Niger","country_code":"ne"},"osm_type":"node","osm_id":464653114,"type":"town","location":[7.9125927,13.5271777],"bbox":[7.8725927,13.4871777,7.9525927,13.5671777],"border":{"name":"Gazaoua","display_name":"Gazaoua, Maradi, Niger","address":{"county":"Gazaoua","region":"Maradi","ISO3166-2-lvl4":"NE-4","country":"Niger","country_code":"ne"},"osm_type":"way","osm_id":1333677380,"type":"administrative","location":[7.932205202104393,13.44787575],"bbox":[7.6981845,13.2920868,8.153812,13.5977658]}}
{"name":"Goubey","display_name":"Goubey, Dogondoutchi, Dosso, Niger","address":{"town":"Goubey","county":"Dogondoutchi","region":"Dosso","ISO3166-2-lvl4":"NE-3","country":"Niger","country_code":"ne"},"osm_type":"node","osm_id":469410957,"type":"town","location":[4.1916062,13.6988477],"bbox":[4.1516062,13.6588477,4.2316062,13.7388477]}
{"name":"Gouchi","display_name":"Gouchi, Magaria, Zinder, Niger","address":{"town":"Gouchi","county":"Magaria","region":"Zinder","ISO3166-2-lvl4":"NE-7","country":"Niger","country_code":"ne"},"osm_type":"node","osm_id":465899661,"type":"town","location":[9.552913,13.510051],"bbox":[9.512913,13.470051,9.592913,13.550051]}
{"name":"Goula","display_name":"Goula, Dakoro, Maradi, Niger","address":{"town":"Goula","county":"Dakoro","region":"Maradi","ISO3166-2-lvl4":"NE-4","country":"Niger","country_code":"ne"},"osm_type":"node","osm_id":473847862,"type":"town","location":[7.2330955,14.6580363],"bbox":[7.1930955,14.6180363,7.2730955,14.6980363]}
{"name":"Guéchémé","display_name":"Guéchémé, Dogondoutchi, Dosso, Niger","address":{"town":"Guéchémé","county":"Dogondoutchi","region":"Dosso","ISO3166-2-lvl4":"NE-3","country":"Niger","country_code":"ne"},"osm_type":"node","osm_id":5992018440,"type":"town","location":[3.8739145,12.9100883],"bbox":[3.8339145,12.8700883,3.9139145,12.9500883]}
{"name":"Guidan Ango","display_name":"Guidan Ango, Tanout, Zinder, Niger","address":{"town":"Guidan Ango","county":"Tanout","region":"Zinder","ISO3166-2-lvl4":"NE-7","country":"Niger","country_code":"ne"},"osm_type":"node","osm_id":473427500,"type":"town","location":[7.8083037,14.4420721],"bbox":[7.7683037,14.4020721,7.8483037,14.4820721]}
{"name":"Guidan Ider","other_names":{"name:fr":"Guidan Ider","old_name":"Guidan Idèr"},"display_name":"Guidan Ider, Birni N'Konni, Tahoua, Niger","address":{"town":"Guidan Ider","county":"Birni N'Konni","state":"Tahoua","ISO3166-2-lvl4":"NE-5","country":"Niger","country_code":"ne"},"osm_type":"node","osm_id":469412872,"type":"town","location":[5.3191525,14.0131167],"bbox":[5.2791525,13.9731167,5.3591525,14.0531167]}
{"name":"Guidan Méyda","display_name":"Guidan Méyda, Mayahi, Maradi, Niger","address":{"town":"Guidan Méyda","county":"Mayahi","region":"Maradi","ISO3166-2-lvl4":"NE-4","country":"Niger","country_code":"ne"},"osm_type":"node","osm_id":473101689,"type":"town","location":[7.8586059,14.3333852],"bbox":[7.8186059,14.2933852,7.8986059,14.3733852]}
{"name":"Guidan Wari","display_name":"Guidan Wari, Mayahi, Maradi, Niger","address":{"town":"Guidan Wari","county":"Mayahi","region":"Maradi","ISO3166-2-lvl4":"NE-4","country":"Niger","country_code":"ne"},"osm_type":"node","osm_id":473077413,"type":"town","location":[7.2314758,14.1379636],"bbox":[7.1914758,14.0979636,7.2714758,14.1779636]}
{"name":"Guidiguir","display_name":"Guidiguir, Gouré, Zinder, Niger","address":{"town":"Guidiguir","county":"Gouré","region":"Zinder","ISO3166-2-lvl4":"NE-7","country":"Niger","country_code":"ne"},"osm_type":"node","osm_id":465912626,"type":"town","location":[9.830846,13.6720361],"bbox":[9.790846,13.6320361,9.870846,13.7120361]}
{"name":"Guidimouni","display_name":"Guidimouni, Mirriah, Zinder, Niger","address":{"town":"Guidimouni","county":"Mirriah","region":"Zinder","ISO3166-2-lvl4":"NE-7","country":"Niger","country_code":"ne"},"osm_type":"node","osm_id":469725893,"type":"town","location":[9.5128925,13.6947395],"bbox":[9.4728925,13.6547395,9.5528925,13.7347395]}
{"name":"I-n-Gall","display_name":"I-n-Gall, Ingall, Tchirozérine, Agadez, Niger","address":{"town":"I-n-Gall","county":"Tchirozérine","region":"Agadez","ISO3166-2-lvl4":"NE-1","country":"Niger","country_code":"ne"},"osm_type":"node","osm_id":3524737151,"type":"town","location":[6.9321705,16.7861094],"bbox":[6.8921705,16.7461094,6.9721705,16.8261094],"border":{"name":"Ingall","other_names":{"name:fr":"Ingall","alt":"I-n-Gall"},"display_name":"Ingall, Tchirozérine, Agadez, Niger","address":{"town":"Ingall","county":"Tchirozérine","region":"Agadez","ISO3166-2-lvl4":"NE-1","country":"Niger","country_code":"ne"},"osm_type":"way","osm_id":1333677406,"type":"administrative","location":[6.9321705,16.7861094],"bbox":[4.2661803,15.4381439,8.0560794,19.4297961]}}
{"name":"Iferouâne","other_names":{"name:ar":"إفروان","name:fr":"Iferouâne","alt_name":"Iférouane","name:taq":"Iferwân","name:thv":"Iferwân","alt_name:fr":"Iférouane"},"display_name":"Iferouâne, Iferouane, Agadez, Niger","address":{"town":"Iferouâne","county":"Iferouane","region":"Agadez","ISO3166-2-lvl4":"NE-1","country":"Niger","country_code":"ne"},"osm_type":"node","osm_id":7123445546,"type":"town","location":[8.4202829,19.0678966],"bbox":[8.3802829,19.0278966,8.4602829,19.1078966]}
{"name":"Kabléwa","other_names":{"name:ar":"كانيلاوا","name:de":"Kabléwa","name:es":"Kablewa","name:fr":"Kabélawa","name:it":"Kablewa","name:ms":"Kablewa","name:ro":"Kablewa","alt_name":"Kabelewa"},"display_name":"Kabléwa, N’Guigmi, Diffa, Niger","address":{"town":"Kabléwa","county":"N’Guigmi","state":"Diffa","ISO3166-2-lvl4":"NE-2","country":"Niger","country_code":"ne"},"osm_type":"node","osm_id":469376001,"type":"town","location":[12.9785488,13.9768069],"bbox":[12.9385488,13.9368069,13.0185488,14.0168069]}
{"name":"Kalfou Dabagui","display_name":"Kalfou Dabagui, Tahoua, Niger","address":{"town":"Kalfou Dabagui","county":"Tahoua","state":"Tahoua","ISO3166-2-lvl4":"NE-5","country":"Niger","country_code":"ne"},"osm_type":"node","osm_id":473674308,"type":"town","location":[5.5142582,14.858263],"bbox":[5.4742582,14.818263,5.5542582,14.898263]}
{"name":"Kangon Toulou","display_name":"Kangon Toulou, Madarounfa, Maradi, Niger","address":{"town":"Kangon Toulou","county":"Madarounfa","region":"Maradi","ISO3166-2-lvl4":"NE-4","country":"Niger","country_code":"ne"},"osm_type":"node","osm_id":473852384,"type":"town","location":[7.0880708,13.4463277],"bbox":[7.0480708,13.4063277,7.1280708,13.4863277]}
{"name":"Kantché","display_name":"Kantché, Zinder, Niger","address":{"town":"Kantché","county":"Kantché","region":"Zinder","ISO3166-2-lvl4":"NE-7","country":"Niger","country_code":"ne"},"osm_type":"node","osm_id":469706760,"type":"town","location":[8.462786,13.539498],"bbox":[8.422786,13.499498,8.502786,13.579498],"border":{"name":"Kantché","display_name":"Kantché, Zinder, Niger","address":{"county":"Kantché","region":"Zinder","ISO3166-2-lvl4":"NE-7","country":"Niger","country_code":"ne"},"osm_type":"way","osm_id":1333677372,"type":"administrative","location":[8.566322606530239,13.41567935],"bbox":[8.2574987,13.1476376,8.7958903,13.6892372]}}
{"name":"Kaoura","display_name":"Kaoura, Illéla, Tahoua, Niger","address":{"town":"Kaoura","county":"Illéla","state":"Tahoua","ISO3166-2-lvl4":"NE-5","country":"Niger","country_code":"ne"},"osm_type":"way","osm_id":1196773269,"type":"town","location":[5.661061019210242,14.45327095],"bbox":[5.6527138,14.4470944,5.6698413,14.4577376]}
{"name":"Kaoutchi Kaba","display_name":"Kaoutchi Kaba, Tessaoua, Maradi, Niger","address":{"town":"Kaoutchi Kaba","county":"Tessaoua","region":"Maradi","ISO3166-2-lvl4":"NE-4","country":"Niger","country_code":"ne"},"osm_type":"node","osm_id":8225787044,"type":"town","location":[8.4310677,14.1048785],"bbox":[8.3910677,14.0648785,8.4710677,14.1448785]}
{"name":"Kargéri","display_name":"Kargéri, Gouré, Zinder, Niger","address":{"town":"Kargéri","county":"Gouré","region":"Zinder","ISO3166-2-lvl4":"NE-7","country":"Niger","country_code":"ne"},"osm_type":"node","osm_id":465965784,"type":"town","location":[10.4257011,13.4420111],"bbox":[10.3857011,13.4020111,10.4657011,13.4820111]}
{"name":"Karma","display_name":"Karma, Kollo, Tillabéri, Niger","address":{"town":"Karma","county":"Kollo","region":"Tillabéri","ISO3166-2-lvl4":"NE-6","country":"Niger","country_code":"ne"},"osm_type":"node","osm_id":469242726,"type":"town","location":[1.8120279,13.6718514],"bbox":[1.7720279,13.6318514,1.8520279,13.7118514]}
{"name":"Kellé","display_name":"Kellé, Gouré, Zinder, Niger","address":{"town":"Kellé","county":"Gouré","region":"Zinder","ISO3166-2-lvl4":"NE-7","country":"Niger","country_code":"ne"},"osm_type":"node","osm_id":466028862,"type":"town","location":[10.115655,14.281896],"bbox":[10.075655,14.241896,10.155655,14.321896]}
{"name":"Kobadié","display_name":"Kobadié, Say, Tillabéri, Niger","address":{"town":"Kobadié","county":"Say","region":"Tillabéri","ISO3166-2-lvl4":"NE-6","country":"Niger","country_code":"ne"},"osm_type":"node","osm_id":6317315936,"type":"town","location":[1.8625651,13.2174676],"bbox":[1.8225651,13.1774676,1.9025651,13.2574676]}
{"name":"Koleram","display_name":"Koleram, Mirriah, Zinder, Niger","address":{"town":"Koleram","county":"Mirriah","region":"Zinder","ISO3166-2-lvl4":"NE-7","country":"Niger","country_code":"ne"},"osm_type":"node","osm_id":473431308,"type":"town","location":[9.0884588,13.714916],"bbox":[9.0484588,13.674916,9.1284588,13.754916]}
{"name":"Komabangou","display_name":"Komabangou, Téra, Tillabéri, Niger","address":{"town":"Komabangou","county":"Téra","region":"Tillabéri","ISO3166-2-lvl4":"NE-6","country":"Niger","country_code":"ne"},"osm_type":"node","osm_id":6146485345,"type":"town","location":[1.0631631,14.090428],"bbox":[1.0231631,14.050428,1.1031631,14.130428]}
{"name":"Koré Maïroua","display_name":"Koré Maïroua, Dogondoutchi, Dosso, Niger","address":{"town":"Koré Maïroua","county":"Dogondoutchi","region":"Dosso","ISO3166-2-lvl4":"NE-3","country":"Niger","country_code":"ne"},"osm_type":"node","osm_id":473711555,"type":"town","location":[3.9085638,13.3000912],"bbox":[3.8685638,13.2600912,3.9485638,13.3400912]}
{"name":"Kornaka","display_name":"Kornaka, Dakoro, Maradi, Niger","address":{"town":"Kornaka","county":"Dakoro","region":"Maradi","ISO3166-2-lvl4":"NE-4","country":"Niger","country_code":"ne"},"osm_type":"node","osm_id":469797267,"type":"town","location":[6.9017397,14.1003921],"bbox":[6.8617397,14.0603921,6.9417397,14.1403921]}
{"name":"Kougouptché","display_name":"Kougouptché, Bouza, Tahoua, Niger","address":{"town":"Kougouptché","county":"Bouza","state":"Tahoua","ISO3166-2-lvl4":"NE-5","country":"Niger","country_code":"ne"},"osm_type":"node","osm_id":473692447,"type":"town","location":[6.0009456,14.3697348],"bbox":[5.9609456,14.3297348,6.0409456,14.4097348]}
{"name":"Koukakamé","display_name":"Koukakamé, Tahoua, Niger","address":{"town":"Koukakamé","county":"Tahoua","state":"Tahoua","ISO3166-2-lvl4":"NE-5","country":"Niger","country_code":"ne"},"osm_type":"node","osm_id":466203096,"type":"town","location":[4.3670871,14.7495169],"bbox":[4.3270871,14.7095169,4.4070871,14.7895169]}
{"name":"Koulou","other_names":{"name:fr":"Koulou","name:ru":"Кулу"},"display_name":"Koulou, Dosso, Niger","address":{"town":"Koulou","county":"Dosso","region":"Dosso","ISO3166-2-lvl4":"NE-3","country":"Niger","country_code":"ne"},"osm_type":"node","osm_id":469247876,"type":"town","location":[3.0654041,12.2204004],"bbox":[3.0254041,12.1804004,3.1054041,12.2604004]}
{"name":"Koundoumawa","display_name":"Koundoumawa, Mirriah, Zinder, Niger","address":{"town":"Koundoumawa","county":"Mirriah","region":"Zinder","ISO3166-2-lvl4":"NE-7","country":"Niger","country_code":"ne"},"osm_type":"node","osm_id":473431112,"type":"town","location":[8.3620012,13.6699992],"bbox":[8.3220012,13.6299992,8.4020012,13.7099992]}
{"name":"Liboré","display_name":"Liboré, Kollo, Tillabéri, 06315022, Niger","address":{"town":"Liboré","county":"Kollo","region":"Tillabéri","ISO3166-2-lvl4":"NE-6","postcode":"06315022","country":"Niger","country_code":"ne"},"population":5600,"osm_type":"node","osm_id":6237237345,"type":"town","location":[2.1920546,13.4041428],"bbox":[2.1520546,13.3641428,2.2320546,13.4441428]}
{"name":"Lido","display_name":"Lido, Dogondoutchi, Dosso, Niger","address":{"town":"Lido","county":"Dogondoutchi","region":"Dosso","ISO3166-2-lvl4":"NE-3","country":"Niger","country_code":"ne"},"osm_type":"node","osm_id":8505200300,"type":"town","location":[3.7254284,12.8937492],"bbox":[3.6854284,12.8537492,3.7654284,12.9337492]}
{"name":"Madama","other_names":{"name:ar":"ماداما","name:en":"Madama","name:fr":"Madama"},"display_name":"Madama, Bilma, Agadez, Niger","address":{"town":"Madama","county":"Bilma","region":"Agadez","ISO3166-2-lvl4":"NE-1","country":"Niger","country_code":"ne"},"osm_type":"node","osm_id":419490147,"type":"town","location":[13.6469273,21.9469663],"bbox":[13.6069273,21.9069663,13.6869273,21.9869663]}
{"name":"Magaria Makéra Bakalé","display_name":"Magaria Makéra Bakalé, Madaoua, Tahoua, Niger","address":{"town":"Magaria Makéra Bakalé","county":"Madaoua","state":"Tahoua","ISO3166-2-lvl4":"NE-5","country":"Niger","country_code":"ne"},"osm_type":"node","osm_id":6142019880,"type":"town","location":[5.7881215,14.0253208],"bbox":[5.7481215,13.9853208,5.8281215,14.0653208]}
{"name":"Magaria","other_names":{"name:ar":"مكري","name:fr":"Magaria"},"display_name":"Magaria, Tessaoua, Maradi, Niger","address":{"town":"Magaria","county":"Tessaoua","region":"Maradi","ISO3166-2-lvl4":"NE-4","country":"Niger","country_code":"ne"},"osm_type":"node","osm_id":469703553,"type":"town","location":[8.2373971,13.9919432],"bbox":[8.1973971,13.9519432,8.2773971,14.0319432]}
{"name":"Malamawa Kaka","display_name":"Malamawa Kaka, Mayahi, Maradi, Niger","address":{"town":"Malamawa Kaka","county":"Mayahi","region":"Maradi","ISO3166-2-lvl4":"NE-4","country":"Niger","country_code":"ne"},"osm_type":"node","osm_id":473854996,"type":"town","location":[7.4573324,13.8232927],"bbox":[7.4173324,13.7832927,7.4973324,13.8632927]}
{"name":"Malawa","display_name":"Malawa, Magaria, Zinder, Niger","address":{"town":"Malawa","county":"Magaria","region":"Zinder","ISO3166-2-lvl4":"NE-7","country":"Niger","country_code":"ne"},"osm_type":"node","osm_id":469364692,"type":"town","location":[9.6130274,13.033121],"bbox":[9.5730274,12.993121,9.6530274,13.073121]}
{"name":"Malbaza","display_name":"Malbaza, Birni N'Konni, Tahoua, Niger","address":{"town":"Malbaza","county":"Birni N'Konni","state":"Tahoua","ISO3166-2-lvl4":"NE-5","country":"Niger","country_code":"ne"},"osm_type":"node","osm_id":6114046114,"type":"town","location":[5.5071021,13.9602829],"bbox":[5.4671021,13.9202829,5.5471021,14.0002829]}
{"name":"Mangaizé","display_name":"Mangaizé, Ouallam, Tillabéri, Niger","address":{"town":"Mangaizé","county":"Ouallam","region":"Tillabéri","ISO3166-2-lvl4":"NE-6","country":"Niger","country_code":"ne"},"osm_type":"node","osm_id":459905274,"type":"town","location":[1.953911,14.6832096],"bbox":[1.913911,14.6432096,1.993911,14.7232096]}
{"name":"Marékou","display_name":"Marékou, Magaria, Zinder, Niger","address":{"town":"Marékou","county":"Magaria","region":"Zinder","ISO3166-2-lvl4":"NE-7","country":"Niger","country_code":"ne"},"osm_type":"node","osm_id":473436389,"type":"town","location":[9.3755539,13.4098161],"bbox":[9.3355539,13.3698161,9.4155539,13.4498161]}
{"name":"Matankari","display_name":"Matankari, Dogondoutchi, Dosso, 03318104, Niger","address":{"town":"Matankari","county":"Dogondoutchi","region":"Dosso","ISO3166-2-lvl4":"NE-3","postcode":"03318104","country":"Niger","country_code":"ne"},"population":11443,"osm_type":"node","osm_id":2609172217,"type":"town","location":[4.0085827,13.7665631],"bbox":[3.9685827,13.7265631,4.0485827,13.8065631]}
{"name":"Matankari","display_name":"Matankari, Magaria, Zinder, Niger","address":{"town":"Matankari","county":"Magaria","region":"Zinder","ISO3166-2-lvl4":"NE-7","country":"Niger","country_code":"ne"},"osm_type":"node","osm_id":469274256,"type":"town","location":[8.5910893,13.1249974],"bbox":[8.5510893,13.0849974,8.6310893,13.1649974]}
{"name":"Mirriah","other_names":{"name:ar":"مرياه","name:fr":"Mirriah"},"display_name":"Mirriah, Zinder, Niger","address":{"city":"Mirriah","county":"Mirriah","region":"Zinder","ISO3166-2-lvl4":"NE-7","country":"Niger","country_code":"ne"},"population":60805,"osm_type":"way","osm_id":238772026,"type":"town","location":[9.1585561,13.7145507],"bbox":[9.142904,13.6985296,9.1746593,13.7242562]}
{"name":"Nakoni","display_name":"Nakoni, Madaoua, Tahoua, Niger","address":{"town":"Nakoni","county":"Madaoua","state":"Tahoua","ISO3166-2-lvl4":"NE-5","country":"Niger","country_code":"ne"},"osm_type":"node","osm_id":459958748,"type":"town","location":[5.9134888,14.1098383],"bbox":[5.8734888,14.0698383,5.9534888,14.1498383]}
{"name":"Nassarawa","display_name":"Nassarawa, Madaoua, Tahoua, Niger","address":{"town":"Nassarawa","county":"Madaoua","state":"Tahoua","ISO3166-2-lvl4":"NE-5","country":"Niger","country_code":"ne"},"osm_type":"node","osm_id":473684205,"type":"town","location":[5.8158255,14.079822],"bbox":[5.7758255,14.039822,5.8558255,14.119822]}
{"display_name":"Niamey, Kollo, Niger","address":{"city":"Niamey","ISO3166-2-lvl4":"NE-8","county":"Kollo","country":"Niger","country_code":"ne"},"osm_type":"node","osm_id":6833448915,"type":"town","location":[2.1124083,13.590414],"bbox":[2.0724083,13.550414,2.1524083,13.630414]}
{"display_name":"Niamey, Kollo, Niger","address":{"city":"Niamey","ISO3166-2-lvl4":"NE-8","county":"Kollo","country":"Niger","country_code":"ne"},"osm_type":"node","osm_id":6833456094,"type":"town","location":[2.1124533,13.5904215],"bbox":[2.0724533,13.5504215,2.1524533,13.6304215]}
{"name":"Nogo","display_name":"Nogo, Magaria, Zinder, Niger","address":{"town":"Nogo","county":"Magaria","region":"Zinder","ISO3166-2-lvl4":"NE-7","country":"Niger","country_code":"ne"},"osm_type":"node","osm_id":465965714,"type":"town","location":[9.5737398,13.1521555],"bbox":[9.5337398,13.1121555,9.6137398,13.1921555]}
{"name":"Sabon Birni","display_name":"Sabon Birni, Gaya, Dosso, Niger","address":{"town":"Sabon Birni","county":"Gaya","region":"Dosso","ISO3166-2-lvl4":"NE-3","country":"Niger","country_code":"ne"},"osm_type":"node","osm_id":5911123267,"type":"town","location":[3.5960165,11.8850917],"bbox":[3.5560165,11.8450917,3.6360165,11.9250917]}
{"name":"Sabon Guida","display_name":"Sabon Guida, Madaoua, Tahoua, Niger","address":{"town":"Sabon Guida","county":"Madaoua","state":"Tahoua","ISO3166-2-lvl4":"NE-5","country":"Niger","country_code":"ne"},"osm_type":"node","osm_id":473684219,"type":"town","location":[5.9032401,13.9339373],"bbox":[5.8632401,13.8939373,5.9432401,13.9739373]}
{"name":"Sabon Kafi","display_name":"Sabon Kafi, Tanout, Zinder, Niger","address":{"town":"Sabon Kafi","county":"Tanout","region":"Zinder","ISO3166-2-lvl4":"NE-7","country":"Niger","country_code":"ne"},"osm_type":"node","osm_id":469738588,"type":"town","location":[8.7453594,14.6398902],"bbox":[8.7053594,14.5998902,8.7853594,14.6798902]}
{"name":"Sabon Machi","display_name":"Sabon Machi, Guidan-Roumdji, Maradi, Niger","address":{"town":"Sabon Machi","county":"Guidan-Roumdji","region":"Maradi","ISO3166-2-lvl4":"NE-4","country":"Niger","country_code":"ne"},"osm_type":"node","osm_id":5277977532,"type":"town","location":[6.979714,13.8761942],"bbox":[6.939714,13.8361942,7.019714,13.9161942]}
{"name":"Safo Nasserawa","display_name":"Safo Nasserawa, Madarounfa, Maradi, Niger","address":{"town":"Safo Nasserawa","county":"Madarounfa","region":"Maradi","ISO3166-2-lvl4":"NE-4","country":"Niger","country_code":"ne"},"osm_type":"node","osm_id":473852381,"type":"town","location":[7.1002256,13.4240392],"bbox":[7.0602256,13.3840392,7.1402256,13.4640392]}
{"name":"Safo","display_name":"Safo, Madarounfa, Maradi, Niger","address":{"town":"Safo","county":"Madarounfa","region":"Maradi","ISO3166-2-lvl4":"NE-4","country":"Niger","country_code":"ne"},"osm_type":"node","osm_id":473852313,"type":"town","location":[7.1214983,13.4082623],"bbox":[7.0814983,13.3682623,7.1614983,13.4482623]}
{"name":"Samia","display_name":"Samia, Tanout, Zinder, Niger","address":{"town":"Samia","county":"Tanout","region":"Zinder","ISO3166-2-lvl4":"NE-7","country":"Niger","country_code":"ne"},"osm_type":"node","osm_id":3894069083,"type":"town","location":[8.2356613,14.7077392],"bbox":[8.1956613,14.6677392,8.2756613,14.7477392]}
{"name":"Sanam","display_name":"Sanam, Filingué, Tillabéri, Niger","address":{"town":"Sanam","county":"Filingué","region":"Tillabéri","ISO3166-2-lvl4":"NE-6","country":"Niger","country_code":"ne"},"population":9391,"osm_type":"node","osm_id":2338701393,"type":"town","location":[3.9181117,14.8338514],"bbox":[3.8781117,14.7938514,3.9581117,14.8738514]}
{"name":"Sansané Haoussa","display_name":"Sansané Haoussa, Tillabéri, Niger","address":{"town":"Sansané Haoussa","county":"Tillabéri","region":"Tillabéri","ISO3166-2-lvl4":"NE-6","country":"Niger","country_code":"ne"},"osm_type":"node","osm_id":469242245,"type":"town","location":[1.6300422,13.8451372],"bbox":[1.5900422,13.8051372,1.6700422,13.8851372]}
{"name":"Sassoumbouroum","display_name":"Sassoumbouroum, Magaria, Zinder, Niger","address":{"town":"Sassoumbouroum","county":"Magaria","region":"Zinder","ISO3166-2-lvl4":"NE-7","country":"Niger","country_code":"ne"},"osm_type":"node","osm_id":2279599434,"type":"town","location":[8.4885827,13.1172892],"bbox":[8.4485827,13.0772892,8.5285827,13.1572892]}
{"name":"Séguédine","other_names":{"name:ar":"اسقدم","name:fr":"Séguédine"},"display_name":"Séguédine, Bilma, Agadez, Niger","address":{"town":"Séguédine","county":"Bilma","region":"Agadez","ISO3166-2-lvl4":"NE-1","country":"Niger","country_code":"ne"},"osm_type":"node","osm_id":419495633,"type":"town","location":[12.9665987,20.1962138],"bbox":[12.9265987,20.1562138,13.0065987,20.2362138]}
{"name":"Serkin Haoussa","display_name":"Serkin Haoussa, Mayahi, Maradi, Niger","address":{"town":"Serkin Haoussa","county":"Mayahi","region":"Maradi","ISO3166-2-lvl4":"NE-4","country":"Niger","country_code":"ne"},"osm_type":"node","osm_id":473854971,"type":"town","location":[7.5893734,13.8426931],"bbox":[7.5493734,13.8026931,7.6293734,13.8826931]}
{"name":"Simiri","display_name":"Simiri, Ouallam, Tillabéri, Niger","address":{"town":"Simiri","county":"Ouallam","region":"Tillabéri","ISO3166-2-lvl4":"NE-6","country":"Niger","country_code":"ne"},"osm_type":"node","osm_id":472989757,"type":"town","location":[2.1333854,14.1402577],"bbox":[2.0933854,14.1002577,2.1733854,14.1802577]}
{"name":"Soli","display_name":"Soli, Dakoro, Maradi, Niger","address":{"town":"Soli","county":"Dakoro","region":"Maradi","ISO3166-2-lvl4":"NE-4","country":"Niger","country_code":"ne"},"osm_type":"node","osm_id":469394535,"type":"town","location":[7.5195016,14.7165087],"bbox":[7.4795016,14.6765087,7.5595016,14.7565087]}
{"name":"Tagiris","display_name":"Tagiris, Dakoro, Maradi, Niger","address":{"town":"Tagiris","county":"Dakoro","region":"Maradi","ISO3166-2-lvl4":"NE-4","country":"Niger","country_code":"ne"},"osm_type":"node","osm_id":473847410,"type":"town","location":[7.6228432,14.5357445],"bbox":[7.5828432,14.4957445,7.6628432,14.5757445]}
{"name":"Takanamat","display_name":"Takanamat, Tahoua, Niger","address":{"town":"Takanamat","county":"Tahoua","state":"Tahoua","ISO3166-2-lvl4":"NE-5","country":"Niger","country_code":"ne"},"osm_type":"node","osm_id":5508345623,"type":"town","location":[4.7772617,15.1374084],"bbox":[4.7372617,15.0974084,4.8172617,15.1774084]}
{"name":"Takiéta","display_name":"Takiéta, Mirriah, Zinder, Niger","address":{"city":"Takiéta","county":"Mirriah","region":"Zinder","ISO3166-2-lvl4":"NE-7","country":"Niger","country_code":"ne"},"osm_type":"way","osm_id":301903695,"type":"town","location":[8.5307127,13.6810641],"bbox":[8.5214617,13.6747198,8.5412689,13.6859709]}
{"name":"Tassara","display_name":"Tassara, Tahoua, Niger","address":{"town":"Tassara","county":"Tassara","state":"Tahoua","ISO3166-2-lvl4":"NE-5","country":"Niger","country_code":"ne"},"osm_type":"node","osm_id":469235588,"type":"town","location":[5.6481871,16.8089516],"bbox":[5.6081871,16.7689516,5.6881871,16.8489516],"border":{"name":"Tassara","display_name":"Tassara, Tahoua, Niger","address":{"county":"Tassara","state":"Tahoua","ISO3166-2-lvl4":"NE-5","country":"Niger","country_code":"ne"},"osm_type":"way","osm_id":1333677384,"type":"administrative","location":[4.755675270004683,17.4874199],"bbox":[4.1019389,16.2921659,6.2583987,18.681543]}}
{"name":"Tchadoua","display_name":"Tchadoua, Aguié, Maradi, Niger","address":{"town":"Tchadoua","county":"Aguié","region":"Maradi","ISO3166-2-lvl4":"NE-4","country":"Niger","country_code":"ne"},"osm_type":"node","osm_id":6147013103,"type":"town","location":[7.4491469,13.5468248],"bbox":[7.4091469,13.5068248,7.4891469,13.5868248]}
{"name":"Tchakyé","display_name":"Tchakyé, Mayahi, Maradi, Niger","address":{"town":"Tchakyé","county":"Mayahi","region":"Maradi","ISO3166-2-lvl4":"NE-4","country":"Niger","country_code":"ne"},"osm_type":"node","osm_id":473077646,"type":"town","location":[7.6078564,14.1527725],"bbox":[7.5678564,14.1127725,7.6478564,14.1927725]}
{"name":"Tchirozérine","other_names":{"name:ar":"تشيرزيرين","name:fr":"Tchirozérine"},"display_name":"Tchirozérine, Tchirozerine, Agadez, Niger","address":{"town":"Tchirozérine","county":"Tchirozerine","region":"Agadez","ISO3166-2-lvl4":"NE-1","country":"Niger","country_code":"ne"},"population":67876,"osm_type":"node","osm_id":464615715,"type":"town","location":[7.832831,17.266115],"bbox":[7.792831,17.226115,7.872831,17.306115],"border":{"name":"Tchirozérine","other_names":{"name:ar":"تشيرزيرين","name:fr":"Tchirozérine"},"display_name":"Tchirozérine, Agadez, Niger","address":{"county":"Tchirozérine","region":"Agadez","ISO3166-2-lvl4":"NE-1","country":"Niger","country_code":"ne"},"population":328018,"osm_type":"relation","osm_id":3218843,"type":"administrative","location":[8.19792385256838,17.379305],"bbox":[4.2662888,15.3195,10.9874,19.443969]}}
{"name":"Tchito","display_name":"Tchito, Dogondoutchi, Dosso, Niger","address":{"town":"Tchito","county":"Dogondoutchi","region":"Dosso","ISO3166-2-lvl4":"NE-3","country":"Niger","country_code":"ne"},"osm_type":"node","osm_id":459967535,"type":"town","location":[4.1929255,13.8064683],"bbox":[4.1529255,13.7664683,4.2329255,13.8464683]}
{"name":"Tegueye","display_name":"Tegueye, Téra, Tillabéri, Niger","address":{"town":"Tegueye","county":"Téra","region":"Tillabéri","ISO3166-2-lvl4":"NE-6","country":"Niger","country_code":"ne"},"osm_type":"node","osm_id":7918446454,"type":"town","location":[0.5354395,14.6522368],"bbox":[0.4954395,14.6122368,0.5754395,14.6922368]}
{"name":"Tessaoua","display_name":"Tessaoua, Maradi, Niger","address":{"town":"Tessaoua","county":"Tessaoua","region":"Maradi","ISO3166-2-lvl4":"NE-4","country":"Niger","country_code":"ne"},"osm_type":"node","osm_id":4918725180,"type":"town","location":[7.9897649,13.75532],"bbox":[7.9497649,13.71532,8.0297649,13.79532]}
{"name":"Tibiri","display_name":"Tibiri, Dogondoutchi, Dosso, Niger","address":{"town":"Tibiri","county":"Dogondoutchi","region":"Dosso","ISO3166-2-lvl4":"NE-3","country":"Niger","country_code":"ne"},"osm_type":"node","osm_id":6517929706,"type":"town","location":[4.0001684,13.1112228],"bbox":[3.9601684,13.0712228,4.0401684,13.1512228],"border":{"name":"Tibiri","display_name":"Tibiri, Dosso, Niger","address":{"county":"Tibiri","region":"Dosso","ISO3166-2-lvl4":"NE-3","country":"Niger","country_code":"ne"},"osm_type":"way","osm_id":1333677353,"type":"administrative","location":[3.9163538218019966,13.063663550000001],"bbox":[3.637426,12.6750738,4.1341755,13.4882683]}}
{"name":"Tibiri","other_names":{"name:fr":"Tibiri","alt_name":"Tibiri Gobir"},"display_name":"Tibiri, Guidan Roumdji, Maradi, Niger","address":{"town":"Tibiri","county":"Guidan Roumdji","region":"Maradi","ISO3166-2-lvl4":"NE-4","country":"Niger","country_code":"ne"},"population":114424,"osm_type":"node","osm_id":4224605595,"type":"town","location":[7.0489171,13.5641272],"bbox":[7.0089171,13.5241272,7.0889171,13.6041272]}
{"name":"Tillia","display_name":"Tillia, Tchintabaradene, Tahoua, Niger","address":{"town":"Tillia","county":"Tchintabaradene","state":"Tahoua","ISO3166-2-lvl4":"NE-5","country":"Niger","country_code":"ne"},"osm_type":"node","osm_id":469235899,"type":"town","location":[4.792211,16.137927],"bbox":[4.752211,16.097927,4.832211,16.177927],"border":{"name":"Tillia","display_name":"Tillia, Tahoua, Niger","address":{"county":"Tillia","state":"Tahoua","ISO3166-2-lvl4":"NE-5","country":"Niger","country_code":"ne"},"osm_type":"way","osm_id":1333677393,"type":"administrative","location":[4.628963367860556,15.9010033],"bbox":[3.9027804,15.1767607,5.3893802,16.620165]}}
{"name":"Tirmini","display_name":"Tirmini, Mirriah, Zinder, Niger","address":{"town":"Tirmini","county":"Mirriah","region":"Zinder","ISO3166-2-lvl4":"NE-7","country":"Niger","country_code":"ne"},"osm_type":"node","osm_id":473431121,"type":"town","location":[8.7971255,13.7715218],"bbox":[8.7571255,13.7315218,8.8371255,13.8115218]}
{"name":"Toulou","display_name":"Toulou, Illéla, Tahoua, Niger","address":{"town":"Toulou","county":"Illéla","state":"Tahoua","ISO3166-2-lvl4":"NE-5","country":"Niger","country_code":"ne"},"osm_type":"node","osm_id":473077704,"type":"town","location":[5.1995921,14.1708584],"bbox":[5.1595921,14.1308584,5.2395921,14.2108584]}
{"name":"Tsaounaoua","display_name":"Tsaounaoua, Madarounfa, Maradi, Niger","address":{"town":"Tsaounaoua","county":"Madarounfa","region":"Maradi","ISO3166-2-lvl4":"NE-4","country":"Niger","country_code":"ne"},"osm_type":"node","osm_id":11647870969,"type":"town","location":[7.1233571,13.4062846],"bbox":[7.0833571,13.3662846,7.1633571,13.4462846]}
{"name":"Tsernaoua","display_name":"Tsernaoua, Birni N'Konni, Tahoua, Niger","address":{"town":"Tsernaoua","county":"Birni N'Konni","state":"Tahoua","ISO3166-2-lvl4":"NE-5","country":"Niger","country_code":"ne"},"osm_type":"node","osm_id":473690738,"type":"town","location":[5.3452476,13.8904671],"bbox":[5.3052476,13.8504671,5.3852476,13.9304671]}
{"name":"Wacha","display_name":"Wacha, Magaria, Zinder, Niger","address":{"town":"Wacha","county":"Magaria","region":"Zinder","ISO3166-2-lvl4":"NE-7","country":"Niger","country_code":"ne"},"osm_type":"node","osm_id":469366227,"type":"town","location":[9.295774,13.365284],"bbox":[9.255774,13.325284,9.335774,13.405284]}
{"name":"Wakou","display_name":"Wakou, Tahoua, Niger","address":{"town":"Wakou","county":"Tahoua","state":"Tahoua","ISO3166-2-lvl4":"NE-5","country":"Niger","country_code":"ne"},"osm_type":"node","osm_id":473674334,"type":"town","location":[5.2461513,15.1223502],"bbox":[5.2061513,15.0823502,5.2861513,15.1623502]}
{"name":"Wanzerbe","display_name":"Wanzerbe, Téra, Tillabéri, Niger","address":{"town":"Wanzerbe","county":"Téra","region":"Tillabéri","ISO3166-2-lvl4":"NE-6","country":"Niger","country_code":"ne"},"osm_type":"node","osm_id":7918446456,"type":"town","location":[0.3625933,14.7421707],"bbox":[0.3225933,14.7021707,0.4025933,14.7821707]}
{"name":"Yagagi","display_name":"Yagagi, Tanout, Zinder, Niger","address":{"town":"Yagagi","county":"Tanout","region":"Zinder","ISO3166-2-lvl4":"NE-7","country":"Niger","country_code":"ne"},"osm_type":"node","osm_id":8939451092,"type":"town","location":[8.3941996,14.3569799],"bbox":[8.3541996,14.3169799,8.4341996,14.3969799]}
{"name":"Yatakala","display_name":"Yatakala, Téra, Tillabéri, Niger","address":{"town":"Yatakala","county":"Téra","region":"Tillabéri","ISO3166-2-lvl4":"NE-6","country":"Niger","country_code":"ne"},"osm_type":"node","osm_id":7918446409,"type":"town","location":[0.3766538,14.7912566],"bbox":[0.3366538,14.7512566,0.4166538,14.8312566]}
{"name":"Yéni","display_name":"Yéni, Boboye, Dosso, Niger","address":{"town":"Yéni","county":"Boboye","region":"Dosso","ISO3166-2-lvl4":"NE-3","country":"Niger","country_code":"ne"},"osm_type":"node","osm_id":469100820,"type":"town","location":[2.9939356,13.428836],"bbox":[2.9539356,13.388836,3.0339356,13.468836]}
{"name":"Zama","display_name":"Zama, Filingué, Tillabéri, Niger","address":{"town":"Zama","county":"Filingué","region":"Tillabéri","ISO3166-2-lvl4":"NE-6","country":"Niger","country_code":"ne"},"osm_type":"node","osm_id":469269930,"type":"town","location":[2.8260611,14.3278854],"bbox":[2.7860611,14.2878854,2.8660611,14.3678854]}
{"name":"Zangarata","display_name":"Zangarata, Kéita, Tahoua, Niger","address":{"town":"Zangarata","county":"Kéita","state":"Tahoua","ISO3166-2-lvl4":"NE-5","country":"Niger","country_code":"ne"},"osm_type":"node","osm_id":462343124,"type":"town","location":[5.6603086,14.7960706],"bbox":[5.6203086,14.7560706,5.7003086,14.8360706]}
