{"name":"Balaka","display_name":"Balaka, Southern Region, Malawi","address":{"town":"Balaka","state":"Balaka","ISO3166-2-lvl4":"MW-BA","region":"Southern Region","ISO3166-2-lvl3":"MW-S","country":"Malawi","country_code":"mw"},"osm_type":"node","osm_id":264956932,"type":"town","location":[34.9602966,-14.9858678],"bbox":[34.9202966,-15.0258678,35.0002966,-14.9458678]}
{"name":"Bangula","display_name":"Bangula, Nsanje, Southern Region, Malawi","address":{"town":"Bangula","state":"Nsanje","ISO3166-2-lvl4":"MW-NS","region":"Southern Region","ISO3166-2-lvl3":"MW-S","country":"Malawi","country_code":"mw"},"osm_type":"node","osm_id":270503034,"type":"town","location":[35.1177792,-16.5751399],"bbox":[35.0777792,-16.6151399,35.1577792,-16.5351399]}
{"name":"Benga","display_name":"Benga, Nkhotakota, Central Region, Malawi","address":{"town":"Benga","state":"Nkhotakota","ISO3166-2-lvl4":"MW-NK","region":"Central Region","ISO3166-2-lvl3":"MW-C","country":"Malawi","country_code":"mw"},"osm_type":"node","osm_id":277223625,"type":"town","location":[34.2589241,-13.3750504],"bbox":[34.2189241,-13.4150504,34.2989241,-13.3350504]}
{"name":"Bua","display_name":"Bua, Kasungu, Central Region, Malawi","address":{"town":"Bua","state":"Kasungu","ISO3166-2-lvl4":"MW-KS","region":"Central Region","ISO3166-2-lvl3":"MW-C","country":"Malawi","country_code":"mw"},"osm_type":"way","osm_id":552586703,"type":"town","location":[33.53549072911974,-13.2916959],"bbox":[33.5317438,-13.2964687,33.5401981,-13.2881574]}
{"name":"Chatoloma","display_name":"Chatoloma, Kasungu, Central Region, Malawi","address":{"town":"Chatoloma","state":"Kasungu","ISO3166-2-lvl4":"MW-KS","region":"Central Region","ISO3166-2-lvl3":"MW-C","country":"Malawi","country_code":"mw"},"osm_type":"way","osm_id":1054642029,"type":"town","location":[33.48703039401323,-12.702570900000001],"bbox":[33.476248,-12.7138907,33.4977183,-12.6901027]}
{"name":"Chikumbeni","display_name":"Chikumbeni, Zomba, Southern Region, Malawi","address":{"town":"Chikumbeni","state":"Zomba","ISO3166-2-lvl4":"MW-ZO","region":"Southern Region","ISO3166-2-lvl3":"MW-S","country":"Malawi","country_code":"mw"},"osm_type":"node","osm_id":9697513406,"type":"town","location":[35.2998295,-15.4403735],"bbox":[35.2598295,-15.4803735,35.3398295,-15.4003735]}
{"name":"Chikwawa","other_names":{"alt_name":"Chikhwawa"},"display_name":"Chikwawa, Southern Region, Malawi","address":{"town":"Chikwawa","state":"Chikwawa","ISO3166-2-lvl4":"MW-CK","region":"Southern Region","ISO3166-2-lvl3":"MW-S","country":"Malawi","country_code":"mw"},"osm_type":"node","osm_id":270501556,"type":"town","location":[34.7912153,-16.0271313],"bbox":[34.7512153,-16.0671313,34.8312153,-15.9871313]}
{"name":"Chilumba","display_name":"Chilumba, Karonga, Northern Region, Malawi","address":{"town":"Chilumba","state":"Karonga","ISO3166-2-lvl4":"MW-KR","region":"Northern Region","ISO3166-2-lvl3":"MW-N","country":"Malawi","country_code":"mw"},"osm_type":"node","osm_id":258849558,"type":"town","location":[34.2556,-10.4339594],"bbox":[34.2156,-10.4739594,34.2956,-10.3939594]}
{"display_name":"Chimwala, Mangochi, Southern Region, Malawi","address":{"state_district":"Chimwala","state":"Mangochi","ISO3166-2-lvl4":"MW-MG","region":"Southern Region","ISO3166-2-lvl3":"MW-S","country":"Malawi","country_code":"mw"},"osm_type":"way","osm_id":371162176,"type":"town","location":[35.193841387808874,-14.7365089],"bbox":[35.1857652,-14.7449081,35.2011932,-14.7310874]}
{"name":"Chintheche","display_name":"Chintheche, Nkhata Bay, Northern Region, Malawi","address":{"town":"Chintheche","state":"Nkhata Bay","ISO3166-2-lvl4":"MW-NB","region":"Northern Region","ISO3166-2-lvl3":"MW-N","country":"Malawi","country_code":"mw"},"osm_type":"node","osm_id":274686807,"type":"town","location":[34.1693013,-11.8313824],"bbox":[34.1293013,-11.8713824,34.2093013,-11.7913824]}
{"name":"Chipoka","display_name":"Chipoka, Salima, Central Region, Malawi","address":{"town":"Chipoka","state":"Salima","ISO3166-2-lvl4":"MW-SA","region":"Central Region","ISO3166-2-lvl3":"MW-C","country":"Malawi","country_code":"mw"},"osm_type":"node","osm_id":276402634,"type":"town","location":[34.5153346,-13.990296],"bbox":[34.4753346,-14.030296,34.5553346,-13.950296]}
{"name":"Chiponde","other_names":{"name:es":"Chiponde"},"display_name":"Chiponde, Ilha Likoma, Likoma, Northern Region, Malawi","address":{"town":"Chiponde","state_district":"Ilha Likoma","state":"Likoma","ISO3166-2-lvl4":"MW-LK","region":"Northern Region","ISO3166-2-lvl3":"MW-N","country":"Malawi","country_code":"mw"},"osm_type":"node","osm_id":3101660120,"type":"town","location":[34.7423733,-12.0900592],"bbox":[34.7023733,-12.1300592,34.7823733,-12.0500592]}
{"name":"Chipyela","other_names":{"name:es":"Chipyela"},"display_name":"Chipyela, Ilha Likoma, Likoma, Northern Region, Malawi","address":{"town":"Chipyela","state_district":"Ilha Likoma","state":"Likoma","ISO3166-2-lvl4":"MW-LK","region":"Northern Region","ISO3166-2-lvl3":"MW-N","country":"Malawi","country_code":"mw"},"osm_type":"node","osm_id":5593287517,"type":"town","location":[34.7357847,-12.0683987],"bbox":[34.6957847,-12.1083987,34.7757847,-12.0283987]}
{"name":"Chisenga","display_name":"Chisenga, Chitipa, Northern Region, Malawi","address":{"town":"Chisenga","state":"Chitipa","ISO3166-2-lvl4":"MW-CT","region":"Northern Region","ISO3166-2-lvl3":"MW-N","country":"Malawi","country_code":"mw"},"osm_type":"node","osm_id":2701529304,"type":"town","location":[33.3960766,-9.9810018],"bbox":[33.3560766,-10.0210018,33.4360766,-9.9410018]}
{"name":"Chitipa","other_names":{"name:ru":"Читипа"},"display_name":"Chitipa, Northern Region, Malawi","address":{"town":"Chitipa","state":"Chitipa","ISO3166-2-lvl4":"MW-CT","region":"Northern Region","ISO3166-2-lvl3":"MW-N","country":"Malawi","country_code":"mw"},"osm_type":"node","osm_id":262307441,"type":"town","location":[33.274819,-9.7026075],"bbox":[33.234819,-9.7426075,33.314819,-9.6626075]}
{"name":"Chobo","display_name":"Chobo, Chikwawa, Southern Region, Malawi","address":{"town":"Chobo","state":"Chikwawa","ISO3166-2-lvl4":"MW-CK","region":"Southern Region","ISO3166-2-lvl3":"MW-S","country":"Malawi","country_code":"mw"},"osm_type":"node","osm_id":3046800538,"type":"town","location":[34.8628617,-16.0528115],"bbox":[34.8228617,-16.0928115,34.9028617,-16.0128115]}
{"name":"Dedza","other_names":{"name:ru":"Дедза"},"display_name":"Dedza, Central Region, Malawi","address":{"town":"Dedza","state":"Dedza","ISO3166-2-lvl4":"MW-DE","region":"Central Region","ISO3166-2-lvl3":"MW-C","country":"Malawi","country_code":"mw"},"osm_type":"node","osm_id":265120340,"type":"town","location":[34.3282385,-14.3807275],"bbox":[34.2882385,-14.4207275,34.3682385,-14.3407275]}
{"name":"Domasi","display_name":"Domasi, Zomba, Southern Region, Malawi","address":{"town":"Domasi","state":"Zomba","ISO3166-2-lvl4":"MW-ZO","region":"Southern Region","ISO3166-2-lvl3":"MW-S","country":"Malawi","country_code":"mw"},"osm_type":"node","osm_id":269579681,"type":"town","location":[35.3992023,-15.2827052],"bbox":[35.3592023,-15.3227052,35.4392023,-15.2427052]}
{"display_name":"Dowa, Central Region, Malawi","address":{"state":"Dowa","ISO3166-2-lvl4":"MW-DO","region":"Central Region","ISO3166-2-lvl3":"MW-C","country":"Malawi","country_code":"mw"},"osm_type":"node","osm_id":3909034369,"type":"town","location":[33.8860583,-13.5165336],"bbox":[33.8460583,-13.5565336,33.9260583,-13.4765336]}
{"name":"Dowa","display_name":"Dowa, Central Region, Malawi","address":{"town":"Dowa","state":"Dowa","ISO3166-2-lvl4":"MW-DO","region":"Central Region","ISO3166-2-lvl3":"MW-C","country":"Malawi","country_code":"mw"},"osm_type":"node","osm_id":277269400,"type":"town","location":[33.9302091,-13.6576733],"bbox":[33.8902091,-13.6976733,33.9702091,-13.6176733]}
{"display_name":"Dowa, Central Region, Malawi","address":{"state":"Dowa","ISO3166-2-lvl4":"MW-DO","region":"Central Region","ISO3166-2-lvl3":"MW-C","country":"Malawi","country_code":"mw"},"osm_type":"way","osm_id":244355603,"type":"town","location":[33.936868963201576,-13.65142495],"bbox":[33.922835,-13.663152,33.9432987,-13.6390936]}
{"name":"Dyeratu","display_name":"Dyeratu, Chikwawa, Southern Region, Malawi","address":{"town":"Dyeratu","state":"Chikwawa","ISO3166-2-lvl4":"MW-CK","region":"Southern Region","ISO3166-2-lvl3":"MW-S","country":"Malawi","country_code":"mw"},"osm_type":"node","osm_id":3048648840,"type":"town","location":[34.7990447,-16.0406376],"bbox":[34.7590447,-16.0806376,34.8390447,-16.0006376]}
{"name":"Edingeni","display_name":"Edingeni, Mzimba, Northern Region, Malawi","address":{"town":"Edingeni","state":"Mzimba","ISO3166-2-lvl4":"MW-MZ","region":"Northern Region","ISO3166-2-lvl3":"MW-N","country":"Malawi","country_code":"mw"},"osm_type":"node","osm_id":277231411,"type":"town","location":[33.3118602,-12.0452993],"bbox":[33.2718602,-12.0852993,33.3518602,-12.0052993]}
{"name":"Ekwendeni","display_name":"Ekwendeni, Mzimba, Northern Region, Malawi","address":{"town":"Ekwendeni","state":"Mzimba","ISO3166-2-lvl4":"MW-MZ","region":"Northern Region","ISO3166-2-lvl3":"MW-N","country":"Malawi","country_code":"mw"},"osm_type":"node","osm_id":262287368,"type":"town","location":[33.8818408,-11.3723169],"bbox":[33.8418408,-11.4123169,33.9218408,-11.3323169]}
{"name":"Kameme","display_name":"Kameme, Chitipa, Northern Region, Malawi","address":{"town":"Kameme","state":"Chitipa","ISO3166-2-lvl4":"MW-CT","region":"Northern Region","ISO3166-2-lvl3":"MW-N","country":"Malawi","country_code":"mw"},"osm_type":"node","osm_id":270054509,"type":"town","location":[33.092603,-9.5692058],"bbox":[33.052603,-9.6092058,33.132603,-9.5292058]}
{"name":"Kampini Trading Center","display_name":"Kampini Trading Center, Lilongwe, Central Region, Malawi","address":{"town":"Kampini Trading Center","state":"Lilongwe","ISO3166-2-lvl4":"MW-LI","region":"Central Region","ISO3166-2-lvl3":"MW-C","country":"Malawi","country_code":"mw"},"osm_type":"way","osm_id":410275626,"type":"town","location":[33.784448939648,-14.294559849999999],"bbox":[33.7794561,-14.3003293,33.7881532,-14.2899116]}
{"name":"Kamuzu Academy","display_name":"Kamuzu Academy, M18, MTUNTHAMA, Kasungu, Central Region, Malawi","address":{"amenity":"Kamuzu Academy","road":"M18","town":"MTUNTHAMA","state":"Kasungu","ISO3166-2-lvl4":"MW-KS","region":"Central Region","ISO3166-2-lvl3":"MW-C","country":"Malawi","country_code":"mw"},"osm_type":"node","osm_id":316182865,"type":"school","location":[33.6873554,-13.0300072],"bbox":[33.6873054,-13.0300572,33.6874054,-13.0299572]}
{"name":"Kapichira","display_name":"Kapichira, Chikwawa, Southern Region, Malawi","address":{"town":"Kapichira","state":"Chikwawa","ISO3166-2-lvl4":"MW-CK","region":"Southern Region","ISO3166-2-lvl3":"MW-S","country":"Malawi","country_code":"mw"},"osm_type":"node","osm_id":3065359086,"type":"town","location":[34.792896,-16.0153808],"bbox":[34.752896,-16.0553808,34.832896,-15.9753808]}
{"name":"Kapoka","display_name":"Kapoka, Chitipa, Northern Region, Malawi","address":{"town":"Kapoka","state":"Chitipa","ISO3166-2-lvl4":"MW-CT","region":"Northern Region","ISO3166-2-lvl3":"MW-N","country":"Malawi","country_code":"mw"},"osm_type":"node","osm_id":6132716603,"type":"town","location":[33.4455524,-9.7892646],"bbox":[33.4055524,-9.8292646,33.4855524,-9.7492646]}
{"name":"Kaporo","display_name":"Kaporo, Karonga, Northern Region, Malawi","address":{"town":"Kaporo","state":"Karonga","ISO3166-2-lvl4":"MW-KR","region":"Northern Region","ISO3166-2-lvl3":"MW-N","country":"Malawi","country_code":"mw"},"osm_type":"node","osm_id":270053320,"type":"town","location":[33.8758364,-9.764549],"bbox":[33.8358364,-9.804549,33.9158364,-9.724549]}
{"name":"Karonga","other_names":{"name:ru":"Каронга","name:uk":"Каронга"},"display_name":"Karonga, Northern Region, Malawi","address":{"town":"Karonga","state":"Karonga","ISO3166-2-lvl4":"MW-KR","region":"Northern Region","ISO3166-2-lvl3":"MW-N","country":"Malawi","country_code":"mw"},"population":42555,"osm_type":"node","osm_id":258849781,"type":"town","location":[33.9271368,-9.9393499],"bbox":[33.8871368,-9.9793499,33.9671368,-9.8993499]}
{"name":"Kasungu","display_name":"Kasungu, Central Region, Malawi","address":{"town":"Kasungu","state":"Kasungu","ISO3166-2-lvl4":"MW-KS","region":"Central Region","ISO3166-2-lvl3":"MW-C","country":"Malawi","country_code":"mw"},"population":58653,"osm_type":"node","osm_id":262760716,"type":"town","location":[33.4784085,-13.0395452],"bbox":[33.4384085,-13.0795452,33.5184085,-12.9995452]}
{"name":"Katumbi","display_name":"Katumbi, Rumphi, Northern Region, Malawi","address":{"town":"Katumbi","state":"Rumphi","ISO3166-2-lvl4":"MW-RU","region":"Northern Region","ISO3166-2-lvl3":"MW-N","country":"Malawi","country_code":"mw"},"osm_type":"node","osm_id":277233596,"type":"town","location":[33.5221881,-10.813366],"bbox":[33.4821881,-10.853366,33.5621881,-10.773366]}
{"name":"Lirangwe","display_name":"Lirangwe, Blantyre, Southern Region, Malawi","address":{"town":"Lirangwe","state":"Blantyre","ISO3166-2-lvl4":"MW-BL","region":"Southern Region","ISO3166-2-lvl3":"MW-S","country":"Malawi","country_code":"mw"},"osm_type":"node","osm_id":269731944,"type":"town","location":[35.0256193,-15.5287305],"bbox":[34.9856193,-15.5687305,35.0656193,-15.4887305]}
{"name":"Livingstonia","display_name":"Livingstonia, Rumphi, Northern Region, Malawi","address":{"town":"Livingstonia","state":"Rumphi","ISO3166-2-lvl4":"MW-RU","region":"Northern Region","ISO3166-2-lvl3":"MW-N","country":"Malawi","country_code":"mw"},"osm_type":"node","osm_id":4012775744,"type":"town","location":[34.1073478,-10.6099146],"bbox":[34.0673478,-10.6499146,34.1473478,-10.5699146]}
{"name":"Liwonde","display_name":"Liwonde, Machinga, Southern Region, Malawi","address":{"town":"Liwonde","state":"Machinga","ISO3166-2-lvl4":"MW-MH","region":"Southern Region","ISO3166-2-lvl3":"MW-S","country":"Malawi","country_code":"mw"},"osm_type":"node","osm_id":10968757540,"type":"town","location":[35.2268224,-15.0702198],"bbox":[35.1868224,-15.1102198,35.2668224,-15.0302198]}
{"name":"Lobi","display_name":"Lobi, Dedza, Central Region, Malawi","address":{"town":"Lobi","state":"Dedza","ISO3166-2-lvl4":"MW-DE","region":"Central Region","ISO3166-2-lvl3":"MW-C","country":"Malawi","country_code":"mw"},"osm_type":"node","osm_id":286021589,"type":"town","location":[34.0759732,-14.3824528],"bbox":[34.0359732,-14.4224528,34.1159732,-14.3424528]}
{"name":"Luchenza","display_name":"Luchenza, Thyolo, Southern Region, Malawi","address":{"town":"Luchenza","state":"Thyolo","ISO3166-2-lvl4":"MW-TH","region":"Southern Region","ISO3166-2-lvl3":"MW-S","country":"Malawi","country_code":"mw"},"osm_type":"node","osm_id":274681182,"type":"town","location":[35.3089264,-16.0051495],"bbox":[35.2689264,-16.0451495,35.3489264,-15.9651495]}
{"name":"Lufita","display_name":"Lufita, Chitipa, Northern Region, Malawi","address":{"town":"Lufita","state":"Chitipa","ISO3166-2-lvl4":"MW-CT","region":"Northern Region","ISO3166-2-lvl3":"MW-N","country":"Malawi","country_code":"mw"},"osm_type":"node","osm_id":6132723138,"type":"town","location":[33.3550167,-9.712207],"bbox":[33.3150167,-9.752207,33.3950167,-9.672207]}
{"name":"Machinga","other_names":{"name:ru":"Мачинга"},"display_name":"Machinga, Southern Region, Malawi","address":{"town":"Machinga","state":"Machinga","ISO3166-2-lvl4":"MW-MH","region":"Southern Region","ISO3166-2-lvl3":"MW-S","country":"Malawi","country_code":"mw"},"osm_type":"node","osm_id":285997286,"type":"town","location":[35.2982098,-15.1766425],"bbox":[35.2582098,-15.2166425,35.3382098,-15.1366425],"border":{"name":"Machinga","other_names":{"name:ru":"Мачинга"},"display_name":"Machinga, Southern Region, Malawi","address":{"town":"Machinga","state":"Machinga","ISO3166-2-lvl4":"MW-MH","region":"Southern Region","ISO3166-2-lvl3":"MW-S","country":"Malawi","country_code":"mw"},"osm_type":"relation","osm_id":19344353,"type":"administrative","location":[35.2982098,-15.1766425],"bbox":[35.2886845,-15.1832726,35.3091726,-15.1687263]}}
{"name":"Mangochi","display_name":"Mangochi, Southern Region, Malawi","address":{"town":"Mangochi","state":"Mangochi","ISO3166-2-lvl4":"MW-MG","region":"Southern Region","ISO3166-2-lvl3":"MW-S","country":"Malawi","country_code":"mw"},"population":51429,"osm_type":"node","osm_id":264185575,"type":"town","location":[35.2606129,-14.4805084],"bbox":[35.2206129,-14.5205084,35.3006129,-14.4405084]}
{"name":"Mapalera","display_name":"Mapalera, Chikwawa, Southern Region, Malawi","address":{"town":"Mapalera","state":"Chikwawa","ISO3166-2-lvl4":"MW-CK","region":"Southern Region","ISO3166-2-lvl3":"MW-S","country":"Malawi","country_code":"mw"},"osm_type":"node","osm_id":3046800537,"type":"town","location":[34.9171082,-16.103078],"bbox":[34.8771082,-16.143078,34.9571082,-16.063078]}
{"name":"Mchinji","other_names":{"name:ru":"Мчинджи"},"display_name":"Mchinji, Central Region, Malawi","address":{"town":"Mchinji","state":"Mchinji","ISO3166-2-lvl4":"MW-MC","region":"Central Region","ISO3166-2-lvl3":"MW-C","country":"Malawi","country_code":"mw"},"population":28011,"osm_type":"node","osm_id":265543837,"type":"town","location":[32.8874963,-13.7971726],"bbox":[32.8474963,-13.8371726,32.9274963,-13.7571726]}
{"name":"Misuku","display_name":"Misuku, Chitipa, Northern Region, Malawi","address":{"town":"Misuku","state":"Chitipa","ISO3166-2-lvl4":"MW-CT","region":"Northern Region","ISO3166-2-lvl3":"MW-N","country":"Malawi","country_code":"mw"},"osm_type":"node","osm_id":5628152209,"type":"town","location":[33.5244859,-9.6816717],"bbox":[33.4844859,-9.7216717,33.5644859,-9.6416717]}
{"name":"Mitundu","display_name":"Mitundu, Lilongwe, Central Region, Malawi","address":{"town":"Mitundu","state":"Lilongwe","ISO3166-2-lvl4":"MW-LI","region":"Central Region","ISO3166-2-lvl3":"MW-C","country":"Malawi","country_code":"mw"},"osm_type":"node","osm_id":391844069,"type":"town","location":[33.7787688,-14.248669],"bbox":[33.7387688,-14.288669,33.8187688,-14.208669]}
{"name":"Monkey Bay","display_name":"Monkey Bay, Mangochi, Southern Region, Malawi","address":{"town":"Monkey Bay","state":"Mangochi","ISO3166-2-lvl4":"MW-MG","region":"Southern Region","ISO3166-2-lvl3":"MW-S","country":"Malawi","country_code":"mw"},"osm_type":"node","osm_id":265361856,"type":"town","location":[34.9145436,-14.0831457],"bbox":[34.8745436,-14.1231457,34.9545436,-14.0431457]}
{"name":"Mponela","display_name":"Mponela, Dowa, Central Region, Malawi","address":{"town":"Mponela","state":"Dowa","ISO3166-2-lvl4":"MW-DO","region":"Central Region","ISO3166-2-lvl3":"MW-C","country":"Malawi","country_code":"mw"},"osm_type":"node","osm_id":276402493,"type":"town","location":[33.7371277,-13.5297184],"bbox":[33.6971277,-13.5697184,33.7771277,-13.4897184]}
{"name":"Msitu","display_name":"Msitu, Mchinji, Central Region, Malawi","address":{"town":"Msitu","state":"Mchinji","ISO3166-2-lvl4":"MW-MC","region":"Central Region","ISO3166-2-lvl3":"MW-C","country":"Malawi","country_code":"mw"},"osm_type":"node","osm_id":7841814348,"type":"town","location":[33.2733058,-13.9763596],"bbox":[33.2333058,-14.0163596,33.3133058,-13.9363596]}
{"name":"Msundwe","other_names":{"alt_name":"Nsundwe"},"display_name":"Msundwe, Lilongwe, Central Region, Malawi","address":{"town":"Msundwe","state":"Lilongwe","ISO3166-2-lvl4":"MW-LI","region":"Central Region","ISO3166-2-lvl3":"MW-C","country":"Malawi","country_code":"mw"},"osm_type":"node","osm_id":6111027713,"type":"town","location":[33.4811245,-14.0251427],"bbox":[33.4411245,-14.0651427,33.5211245,-13.9851427]}
{"name":"MTUNTHAMA","display_name":"MTUNTHAMA, Kasungu, Central Region, Malawi","address":{"town":"MTUNTHAMA","state":"Kasungu","ISO3166-2-lvl4":"MW-KS","region":"Central Region","ISO3166-2-lvl3":"MW-C","country":"Malawi","country_code":"mw"},"osm_type":"node","osm_id":10168883529,"type":"town","location":[33.6797583,-13.0364812],"bbox":[33.6397583,-13.0764812,33.7197583,-12.9964812]}
{"name":"Mulanje","other_names":{"name:ru":"Миланже"},"display_name":"Mulanje, Southern Region, Malawi","address":{"town":"Mulanje","state":"Mulanje","ISO3166-2-lvl4":"MW-MU","region":"Southern Region","ISO3166-2-lvl3":"MW-S","country":"Malawi","country_code":"mw"},"osm_type":"relation","osm_id":5645592,"type":"town","location":[35.509645064028284,-16.0261834],"bbox":[35.4968836,-16.0330264,35.5196543,-16.0194686]}
{"name":"Mwanza","display_name":"Mwanza, Southern Region, Malawi","address":{"town":"Mwanza","state":"Mwanza","ISO3166-2-lvl4":"MW-MW","region":"Southern Region","ISO3166-2-lvl3":"MW-S","country":"Malawi","country_code":"mw"},"osm_type":"node","osm_id":270500661,"type":"town","location":[34.5234238,-15.6092182],"bbox":[34.4834238,-15.6492182,34.5634238,-15.5692182]}
{"name":"Mzimba","display_name":"Mzimba, Northern Region, Malawi","address":{"town":"Mzimba","state":"Mzimba","ISO3166-2-lvl4":"MW-MZ","region":"Northern Region","ISO3166-2-lvl3":"MW-N","country":"Malawi","country_code":"mw"},"population":26224,"osm_type":"node","osm_id":262432645,"type":"town","location":[33.5951593,-11.8989563],"bbox":[33.5551593,-11.9389563,33.6351593,-11.8589563]}
{"name":"Nambuma","display_name":"Nambuma, Dowa, Central Region, Malawi","address":{"village":"Nambuma","state":"Dowa","ISO3166-2-lvl4":"MW-DO","region":"Central Region","ISO3166-2-lvl3":"MW-C","country":"Malawi","country_code":"mw"},"osm_type":"way","osm_id":244357283,"type":"town","location":[33.6014591,-13.704086],"bbox":[33.5987222,-13.7130928,33.6112866,-13.7000266]}
{"name":"Namitambo","display_name":"Namitambo, Chiradzulu, Southern Region, Malawi","address":{"town":"Namitambo","state":"Chiradzulu","ISO3166-2-lvl4":"MW-CR","region":"Southern Region","ISO3166-2-lvl3":"MW-S","country":"Malawi","country_code":"mw"},"osm_type":"node","osm_id":5903308659,"type":"town","location":[35.2696929,-15.8403909],"bbox":[35.2296929,-15.8803909,35.3096929,-15.8003909]}
{"name":"Namitete","display_name":"Namitete, Lilongwe, Central Region, Malawi","address":{"town":"Namitete","state":"Lilongwe","ISO3166-2-lvl4":"MW-LI","region":"Central Region","ISO3166-2-lvl3":"MW-C","country":"Malawi","country_code":"mw"},"osm_type":"node","osm_id":563872537,"type":"town","location":[33.3607953,-14.0228755],"bbox":[33.3207953,-14.0628755,33.4007953,-13.9828755]}
{"name":"Nchalo","display_name":"Nchalo, Chikwawa, Southern Region, Malawi","address":{"town":"Nchalo","state":"Chikwawa","ISO3166-2-lvl4":"MW-CK","region":"Southern Region","ISO3166-2-lvl3":"MW-S","country":"Malawi","country_code":"mw"},"osm_type":"node","osm_id":3026989921,"type":"town","location":[34.8708606,-16.2696581],"bbox":[34.8308606,-16.3096581,34.9108606,-16.2296581]}
{"name":"Neno","display_name":"Neno, Nneno, Southern Region, Malawi","address":{"town":"Neno","state":"Nneno","ISO3166-2-lvl4":"MW-NE","region":"Southern Region","ISO3166-2-lvl3":"MW-S","country":"Malawi","country_code":"mw"},"osm_type":"way","osm_id":396408917,"type":"town","location":[34.6520992004797,-15.386571100000001],"bbox":[34.6381327,-15.4040043,34.6658745,-15.3691512]}
{"name":"Ngabu","display_name":"Ngabu, Chikwawa, Southern Region, Malawi","address":{"town":"Ngabu","state":"Chikwawa","ISO3166-2-lvl4":"MW-CK","region":"Southern Region","ISO3166-2-lvl3":"MW-S","country":"Malawi","country_code":"mw"},"osm_type":"node","osm_id":286030007,"type":"town","location":[34.8866104,-16.4584355],"bbox":[34.8466104,-16.4984355,34.9266104,-16.4184355]}
{"display_name":"Nkhata Bay, Northern Region, Malawi","address":{"state":"Nkhata Bay","ISO3166-2-lvl4":"MW-NB","region":"Northern Region","ISO3166-2-lvl3":"MW-N","country":"Malawi","country_code":"mw"},"osm_type":"node","osm_id":3372139760,"type":"town","location":[34.2991064,-11.6076891],"bbox":[34.2591064,-11.6476891,34.3391064,-11.5676891]}
{"name":"Nkhata Bay","other_names":{"name:ru":"Нката-Бей"},"display_name":"Nkhata Bay, Northern Region, Malawi","address":{"town":"Nkhata Bay","state":"Nkhata Bay","ISO3166-2-lvl4":"MW-NB","region":"Northern Region","ISO3166-2-lvl3":"MW-N","country":"Malawi","country_code":"mw"},"population":14274,"osm_type":"node","osm_id":312956900,"type":"town","location":[34.2983907,-11.606995],"bbox":[34.2583907,-11.646995,34.3383907,-11.566995]}
{"name":"Nkhotakota","other_names":{"name:ru":"Нкота-Кота"},"display_name":"Nkhotakota, Central Region, Malawi","address":{"town":"Nkhotakota","state":"Nkhotakota","ISO3166-2-lvl4":"MW-NK","region":"Central Region","ISO3166-2-lvl3":"MW-C","country":"Malawi","country_code":"mw"},"osm_type":"node","osm_id":261051594,"type":"town","location":[34.2967127,-12.9269733],"bbox":[34.2567127,-12.9669733,34.3367127,-12.8869733]}
{"name":"Nsanje","other_names":{"name:ru":"Нсандже","old_name":"Port Herald"},"display_name":"Nsanje, Southern Region, Malawi","address":{"town":"Nsanje","state":"Nsanje","ISO3166-2-lvl4":"MW-NS","region":"Southern Region","ISO3166-2-lvl3":"MW-S","country":"Malawi","country_code":"mw"},"osm_type":"node","osm_id":276404163,"type":"town","location":[35.261946,-16.9232359],"bbox":[35.221946,-16.9632359,35.301946,-16.8832359]}
{"name":"Nsaru","display_name":"Nsaru, Lilongwe, Central Region, Malawi","address":{"town":"Nsaru","state":"Lilongwe","ISO3166-2-lvl4":"MW-LI","region":"Central Region","ISO3166-2-lvl3":"MW-C","country":"Malawi","country_code":"mw"},"osm_type":"node","osm_id":7848737690,"type":"town","location":[33.5051695,-13.8855662],"bbox":[33.4651695,-13.9255662,33.5451695,-13.8455662]}
{"name":"Ntaja","display_name":"Ntaja, Kawinga, Machinga, Southern Region, Malawi","address":{"village":"Ntaja","state_district":"Kawinga","state":"Machinga","ISO3166-2-lvl4":"MW-MH","region":"Southern Region","ISO3166-2-lvl3":"MW-S","country":"Malawi","country_code":"mw"},"osm_type":"way","osm_id":528772808,"type":"town","location":[35.5278216,-14.8719847],"bbox":[35.5101332,-14.8837576,35.5392111,-14.8417955]}
{"name":"Ntcheu","other_names":{"name:ru":"Нчеу"},"display_name":"Ntcheu, Central Region, Malawi","address":{"town":"Ntcheu","state":"Ntcheu","ISO3166-2-lvl4":"MW-NU","region":"Central Region","ISO3166-2-lvl3":"MW-C","country":"Malawi","country_code":"mw"},"osm_type":"node","osm_id":276403856,"type":"town","location":[34.6384332,-14.8178745],"bbox":[34.5984332,-14.8578745,34.6784332,-14.7778745]}
{"display_name":"Ntchisi, Central Region, Malawi","address":{"state":"Ntchisi","ISO3166-2-lvl4":"MW-NI","region":"Central Region","ISO3166-2-lvl3":"MW-C","country":"Malawi","country_code":"mw"},"osm_type":"node","osm_id":3908983202,"type":"town","location":[34.0276888,-13.2539192],"bbox":[33.9876888,-13.2939192,34.0676888,-13.2139192]}
{"display_name":"Ntchisi, Central Region, Malawi","address":{"state":"Ntchisi","ISO3166-2-lvl4":"MW-NI","region":"Central Region","ISO3166-2-lvl3":"MW-C","country":"Malawi","country_code":"mw"},"osm_type":"node","osm_id":3910436574,"type":"town","location":[33.8225058,-13.1915608],"bbox":[33.7825058,-13.2315608,33.8625058,-13.1515608]}
{"name":"Ntchisi","display_name":"Ntchisi, Central Region, Malawi","address":{"town":"Ntchisi","state":"Ntchisi","ISO3166-2-lvl4":"MW-NI","region":"Central Region","ISO3166-2-lvl3":"MW-C","country":"Malawi","country_code":"mw"},"population":9357,"osm_type":"node","osm_id":3913191673,"type":"town","location":[33.9193063,-13.3576182],"bbox":[33.8793063,-13.3976182,33.9593063,-13.3176182]}
{"name":"Phalombe","display_name":"Phalombe, Southern Region, Malawi","address":{"town":"Phalombe","state":"Phalombe","ISO3166-2-lvl4":"MW-PH","region":"Southern Region","ISO3166-2-lvl3":"MW-S","country":"Malawi","country_code":"mw"},"osm_type":"node","osm_id":269730874,"type":"town","location":[35.6480673,-15.806557],"bbox":[35.6080673,-15.846557,35.6880673,-15.766557]}
{"name":"Rumphi","display_name":"Rumphi, Northern Region, Malawi","address":{"town":"Rumphi","state":"Rumphi","ISO3166-2-lvl4":"MW-RU","region":"Northern Region","ISO3166-2-lvl3":"MW-N","country":"Malawi","country_code":"mw"},"population":22358,"osm_type":"node","osm_id":269870596,"type":"town","location":[33.8587703,-11.0159927],"bbox":[33.8187703,-11.0559927,33.8987703,-10.9759927]}
{"name":"Salima","display_name":"Salima, Central Region, Malawi","address":{"town":"Salima","state":"Salima","ISO3166-2-lvl4":"MW-SA","region":"Central Region","ISO3166-2-lvl3":"MW-C","country":"Malawi","country_code":"mw"},"osm_type":"node","osm_id":262678951,"type":"town","location":[34.4482507,-13.7766347],"bbox":[34.4082507,-13.8166347,34.4882507,-13.7366347]}
{"name":"Thyolo","display_name":"Thyolo, Southern Region, Malawi","address":{"town":"Thyolo","state":"Thyolo","ISO3166-2-lvl4":"MW-TH","region":"Southern Region","ISO3166-2-lvl3":"MW-S","country":"Malawi","country_code":"mw"},"osm_type":"node","osm_id":317931061,"type":"town","location":[35.1485842,-16.0668788],"bbox":[35.1085842,-16.1068788,35.1885842,-16.0268788]}
{"name":"Tsangano","display_name":"Tsangano, Ntcheu, Central Region, Malawi","address":{"town":"Tsangano","state":"Ntcheu","ISO3166-2-lvl4":"MW-NU","region":"Central Region","ISO3166-2-lvl3":"MW-C","country":"Malawi","country_code":"mw"},"osm_type":"node","osm_id":3075055062,"type":"town","location":[34.5680166,-14.7751705],"bbox":[34.5280166,-14.8151705,34.6080166,-14.7351705]}
{"name":"Uliwa","display_name":"Uliwa, Karonga, Northern Region, Malawi","address":{"town":"Uliwa","state":"Karonga","ISO3166-2-lvl4":"MW-KR","region":"Northern Region","ISO3166-2-lvl3":"MW-N","country":"Malawi","country_code":"mw"},"osm_type":"node","osm_id":373327781,"type":"town","location":[34.2106778,-10.4524968],"bbox":[34.1706778,-10.4924968,34.2506778,-10.4124968]}
