{"name":"Álftanes","display_name":"Álftanes, Garðabær, Höfuðborgarsvæðið, Ísland","address":{"village":"Álftanes","town":"Garðabær","state_district":"Höfuðborgarsvæðið","ISO3166-2-lvl5":"IS-1","country":"Ísland","country_code":"is"},"population":2487,"osm_type":"node","osm_id":2918048188,"type":"village","location":[-22.020192,64.1055951],"bbox":[-22.040192,64.0855951,-22.000192,64.1255951],"border":{"name":"Álftanes","display_name":"Álftanes, Garðabær, Höfuðborgarsvæðið, 225, Ísland","address":{"village":"Álftanes","town":"Garðabær","state_district":"Höfuðborgarsvæðið","ISO3166-2-lvl5":"IS-1","postcode":"225","country":"Ísland","country_code":"is"},"population":2487,"osm_type":"relation","osm_id":3881540,"type":"administrative","location":[-22.020192,64.1055951],"bbox":[-22.0440885,64.0900928,-21.9575656,64.1197509]}}
{"name":"Bifröst","display_name":"Bifröst, Borgarbyggð, Vesturland, Ísland","address":{"village":"Bifröst","county":"Borgarbyggð","state_district":"Vesturland","ISO3166-2-lvl5":"IS-3","country":"Ísland","country_code":"is"},"population":309,"osm_type":"node","osm_id":1250153275,"type":"village","location":[-21.5525505,64.7665836],"bbox":[-21.5725505,64.7465836,-21.5325505,64.7865836]}
{"name":"Bíldudalur","display_name":"Bíldudalur, Vesturbyggð, Vestfirðir, 465, Ísland","address":{"village":"Bíldudalur","county":"Vesturbyggð","state_district":"Vestfirðir","ISO3166-2-lvl5":"IS-4","postcode":"465","country":"Ísland","country_code":"is"},"population":256,"osm_type":"node","osm_id":457115537,"type":"village","location":[-23.5988643,65.6859045],"bbox":[-23.6188643,65.6659045,-23.5788643,65.7059045]}
{"name":"Breiðdalsvík","display_name":"Breiðdalsvík, Fjarðabyggð, Austurland, 760, Ísland","address":{"village":"Breiðdalsvík","county":"Fjarðabyggð","state_district":"Austurland","ISO3166-2-lvl5":"IS-7","postcode":"760","country":"Ísland","country_code":"is"},"population":147,"osm_type":"node","osm_id":451838673,"type":"village","location":[-14.0063726,64.792906],"bbox":[-14.0263726,64.772906,-13.9863726,64.812906]}
{"name":"Búðardalur","display_name":"Búðardalur, Dalabyggð, Vesturland, 370, Ísland","address":{"village":"Búðardalur","county":"Dalabyggð","state_district":"Vesturland","ISO3166-2-lvl5":"IS-3","postcode":"370","country":"Ísland","country_code":"is"},"population":247,"osm_type":"node","osm_id":368219018,"type":"village","location":[-21.7667615,65.1098437],"bbox":[-21.7867615,65.0898437,-21.7467615,65.1298437]}
{"name":"Djúpivogur","other_names":{"name:is":"Djúpivogur","name:zh":"动物骨架"},"display_name":"Djúpivogur, Múlaþing, Austurland, 765, Ísland","address":{"village":"Djúpivogur","county":"Múlaþing","state_district":"Austurland","ISO3166-2-lvl5":"IS-7","postcode":"765","country":"Ísland","country_code":"is"},"population":412,"osm_type":"node","osm_id":59861224,"type":"village","location":[-14.2820953,64.655775],"bbox":[-14.3020953,64.635775,-14.2620953,64.675775]}
{"name":"Drangsnes","display_name":"Drangsnes, Kaldrananeshreppur, Vestfirðir, 520, Ísland","address":{"village":"Drangsnes","county":"Kaldrananeshreppur","state_district":"Vestfirðir","ISO3166-2-lvl5":"IS-4","postcode":"520","country":"Ísland","country_code":"is"},"population":64,"osm_type":"node","osm_id":618009032,"type":"village","location":[-21.4429421,65.6886335],"bbox":[-21.4629421,65.6686335,-21.4229421,65.7086335]}
{"name":"Eyrarbakki","other_names":{"name:is":"Eyrarbakki","name:ru":"Эйрарбакки"},"display_name":"Eyrarbakki, Sveitarfélagið Árborg, Suðurland, 820, Ísland","address":{"village":"Eyrarbakki","county":"Sveitarfélagið Árborg","state_district":"Suðurland","ISO3166-2-lvl5":"IS-8","postcode":"820","country":"Ísland","country_code":"is"},"population":604,"osm_type":"node","osm_id":192291473,"type":"village","location":[-21.1481411,63.8630116],"bbox":[-21.1681411,63.8430116,-21.1281411,63.8830116]}
{"name":"Fellabær","display_name":"Fellabær, Múlaþing, Austurland, 700, Ísland","address":{"village":"Fellabær","county":"Múlaþing","state_district":"Austurland","ISO3166-2-lvl5":"IS-7","postcode":"700","country":"Ísland","country_code":"is"},"population":415,"osm_type":"node","osm_id":289059088,"type":"village","location":[-14.4245062,65.2823124],"bbox":[-14.4445062,65.2623124,-14.4045062,65.3023124]}
{"name":"Flateyri","other_names":{"name:is":"Flateyri","name:ru":"Флатейри"},"display_name":"Flateyri, Ísafjarðarbær, Vestfirðir, 425, Ísland","address":{"village":"Flateyri","county":"Ísafjarðarbær","state_district":"Vestfirðir","ISO3166-2-lvl5":"IS-4","postcode":"425","country":"Ísland","country_code":"is"},"population":189,"osm_type":"node","osm_id":617530549,"type":"village","location":[-23.5129609,66.0488058],"bbox":[-23.5329609,66.0288058,-23.4929609,66.0688058]}
{"name":"Flúðir","other_names":{"name:en":"Fludir","name:is":"Flúðir","name:ru":"Флудир"},"display_name":"Flúðir, Hrunamannahreppur, Suðurland, 845, Ísland","address":{"village":"Flúðir","county":"Hrunamannahreppur","state_district":"Suðurland","ISO3166-2-lvl5":"IS-8","postcode":"845","country":"Ísland","country_code":"is"},"population":499,"osm_type":"node","osm_id":189500859,"type":"village","location":[-20.3209294,64.1306381],"bbox":[-20.3409294,64.1106381,-20.3009294,64.1506381]}
{"name":"Grenivík","display_name":"Grenivík, Grýtubakkahreppur, Norðurland eystra, 610, Ísland","address":{"village":"Grenivík","county":"Grýtubakkahreppur","state_district":"Norðurland eystra","ISO3166-2-lvl5":"IS-6","postcode":"610","country":"Ísland","country_code":"is"},"population":318,"osm_type":"node","osm_id":244150283,"type":"village","location":[-18.1801377,65.9475088],"bbox":[-18.2001377,65.9275088,-18.1601377,65.9675088]}
{"name":"Grundarhverfi","other_names":{"alt_name":"Kjalarnes","alt_name_1":"Grundir"},"display_name":"Grundarhverfi, Grundir, Kjalarnes, Reykjavíkurborg, Höfuðborgarsvæðið, Ísland","address":{"village":"Grundarhverfi","suburb":"Grundir","city":"Reykjavíkurborg","state_district":"Höfuðborgarsvæðið","ISO3166-2-lvl5":"IS-1","country":"Ísland","country_code":"is"},"population":614,"osm_type":"node","osm_id":378506691,"type":"village","location":[-21.8321626,64.2401735],"bbox":[-21.8521626,64.2201735,-21.8121626,64.2601735],"border":[{"name":"Kjalarnes","display_name":"Kjalarnes, Reykjavíkurborg, Höfuðborgarsvæðið, Ísland","address":{"suburb":"Kjalarnes","city":"Reykjavíkurborg","state_district":"Höfuðborgarsvæðið","ISO3166-2-lvl5":"IS-1","country":"Ísland","country_code":"is"},"population":1031,"osm_type":"relation","osm_id":10327006,"type":"administrative","location":[-21.8315022,64.2421793],"bbox":[-21.9094141,64.1736438,-21.4019991,64.3153711]},{"name":"Grundir","other_names":{"name:is":"Grundir","alt_name":"Kjalarnes","alt_name_1":"Grundir","alt":"Grundarhverfi"},"display_name":"Grundir, Kjalarnes, Reykjavíkurborg, Höfuðborgarsvæðið, 116, Ísland","address":{"suburb":"Grundir","city":"Reykjavíkurborg","state_district":"Höfuðborgarsvæðið","ISO3166-2-lvl5":"IS-1","postcode":"116","country":"Ísland","country_code":"is"},"population":614,"osm_type":"relation","osm_id":2582508,"type":"administrative","location":[-21.8321626,64.2401735],"bbox":[-21.8419793,64.2353856,-21.8214294,64.2431227]}]}
{"name":"Hellissandur","display_name":"Hellissandur, Snæfellsbær, Vesturland, 360, Ísland","address":{"village":"Hellissandur","county":"Snæfellsbær","state_district":"Vesturland","ISO3166-2-lvl5":"IS-3","postcode":"360","country":"Ísland","country_code":"is"},"population":346,"osm_type":"node","osm_id":126053571,"type":"village","location":[-23.882463,64.9171582],"bbox":[-23.902463,64.8971582,-23.862463,64.9371582]}
{"name":"Hnífsdalur","display_name":"Hnífsdalur, Ísafjarðarbær, Vestfirðir, 410, Ísland","address":{"village":"Hnífsdalur","county":"Ísafjarðarbær","state_district":"Vestfirðir","ISO3166-2-lvl5":"IS-4","postcode":"410","country":"Ísland","country_code":"is"},"population":210,"osm_type":"node","osm_id":256613236,"type":"village","location":[-23.1202012,66.1096624],"bbox":[-23.1402012,66.0896624,-23.1002012,66.1296624]}
{"name":"Hofsós","display_name":"Hofsós, Skagafjörður, Norðurland vestra, 565, Ísland","address":{"village":"Hofsós","county":"Skagafjörður","state_district":"Norðurland vestra","ISO3166-2-lvl5":"IS-5","postcode":"565","country":"Ísland","country_code":"is"},"population":156,"osm_type":"node","osm_id":257374461,"type":"village","location":[-19.4110152,65.8974591],"bbox":[-19.4310152,65.8774591,-19.3910152,65.9174591]}
{"name":"Hólmavík","other_names":{"name:is":"Hólmavík","name:ru":"Хоульмавик"},"display_name":"Hólmavík, Strandabyggð, Vestfirðir, 510, Ísland","address":{"village":"Hólmavík","county":"Strandabyggð","state_district":"Vestfirðir","ISO3166-2-lvl5":"IS-4","postcode":"510","country":"Ísland","country_code":"is"},"population":292,"osm_type":"node","osm_id":60741640,"type":"village","location":[-21.6691959,65.706497],"bbox":[-21.6891959,65.686497,-21.6491959,65.726497]}
{"name":"Hrafnagil","other_names":{"name:is":"Hrafnagil","alt_name":"Hrafnagilshverfi","old_name":"Reykárhverfi"},"display_name":"Hrafnagil, Eyjafjarðarsveit, Norðurland eystra, 605, Ísland","address":{"village":"Hrafnagil","county":"Eyjafjarðarsveit","state_district":"Norðurland eystra","ISO3166-2-lvl5":"IS-6","postcode":"605","country":"Ísland","country_code":"is"},"population":379,"osm_type":"node","osm_id":267587731,"type":"village","location":[-18.0945302,65.5735473],"bbox":[-18.1145302,65.5535473,-18.0745302,65.5935473]}
{"name":"Hrísey","display_name":"Hrísey, Akureyrarbær, Norðurland eystra, 630, Ísland","address":{"village":"Hrísey","town":"Akureyrarbær","state_district":"Norðurland eystra","ISO3166-2-lvl5":"IS-6","postcode":"630","country":"Ísland","country_code":"is"},"population":164,"osm_type":"node","osm_id":244149870,"type":"village","location":[-18.3772049,65.9796723],"bbox":[-18.3972049,65.9596723,-18.3572049,65.9996723]}
{"name":"Hvammstangi","other_names":{"name:is":"Hvammstangi"},"display_name":"Hvammstangi, Húnaþing vestra, Norðurland vestra, 530, Ísland","address":{"village":"Hvammstangi","county":"Húnaþing vestra","state_district":"Norðurland vestra","ISO3166-2-lvl5":"IS-5","postcode":"530","country":"Ísland","country_code":"is"},"population":607,"osm_type":"node","osm_id":262198016,"type":"village","location":[-20.9440293,65.3969593],"bbox":[-20.9640293,65.3769593,-20.9240293,65.4169593]}
{"name":"Hvanneyri","display_name":"Hvanneyri, Borgarbyggð, Vesturland, Ísland","address":{"village":"Hvanneyri","county":"Borgarbyggð","state_district":"Vesturland","ISO3166-2-lvl5":"IS-3","country":"Ísland","country_code":"is"},"population":293,"osm_type":"node","osm_id":279526499,"type":"village","location":[-21.7664648,64.563341],"bbox":[-21.7864648,64.543341,-21.7464648,64.583341]}
{"display_name":"Ísafjarðarbær, Vestfirðir, Ísland","address":{"county":"Ísafjarðarbær","state_district":"Vestfirðir","ISO3166-2-lvl5":"IS-4","country":"Ísland","country_code":"is"},"osm_type":"way","osm_id":515352487,"type":"village","location":[-23.75091750692428,65.90706945],"bbox":[-23.7542439,65.9062176,-23.7474203,65.9081885]}
{"name":"Kirkjubæjarklaustur","other_names":{"name:is":"Kirkjubæjarklaustur","name:ru":"Киркьюбайярклёйстюр","name:zh":"教堂镇"},"display_name":"Kirkjubæjarklaustur, Skaftárhreppur, Suðurland, 880, Ísland","address":{"village":"Kirkjubæjarklaustur","county":"Skaftárhreppur","state_district":"Suðurland","ISO3166-2-lvl5":"IS-8","postcode":"880","country":"Ísland","country_code":"is"},"population":183,"osm_type":"node","osm_id":60472743,"type":"village","location":[-18.0418591,63.793065],"bbox":[-18.0618591,63.773065,-18.0218591,63.813065]}
{"name":"Kópasker","display_name":"Kópasker, Norðurþing, Norðurland eystra, 670, Ísland","address":{"village":"Kópasker","county":"Norðurþing","state_district":"Norðurland eystra","ISO3166-2-lvl5":"IS-6","postcode":"670","country":"Ísland","country_code":"is"},"population":117,"osm_type":"node","osm_id":52991187,"type":"village","location":[-16.4466147,66.3009478],"bbox":[-16.4666147,66.2809478,-16.4266147,66.3209478]}
{"name":"Laugarvatn","other_names":{"name:is":"Laugarvatn","name:ru":"Лейгарватн"},"display_name":"Laugarvatn, Bláskógabyggð, Suðurland, 840, Ísland","address":{"village":"Laugarvatn","county":"Bláskógabyggð","state_district":"Suðurland","ISO3166-2-lvl5":"IS-8","postcode":"840","country":"Ísland","country_code":"is"},"population":260,"osm_type":"node","osm_id":448187145,"type":"village","location":[-20.7334229,64.217171],"bbox":[-20.7534229,64.197171,-20.7134229,64.237171]}
{"name":"Raufarhöfn","other_names":{"name:is":"Raufarhöfn","name:ru":"Рёйвархёбн"},"display_name":"Raufarhöfn, Norðurþing, Norðurland eystra, 675, Ísland","address":{"village":"Raufarhöfn","county":"Norðurþing","state_district":"Norðurland eystra","ISO3166-2-lvl5":"IS-6","postcode":"675","country":"Ísland","country_code":"is"},"population":183,"osm_type":"node","osm_id":52140910,"type":"village","location":[-15.9509426,66.4529957],"bbox":[-15.9709426,66.4329957,-15.9309426,66.4729957]}
{"name":"Reykhólar","display_name":"Reykhólar, Reykhólahreppur, Vestfirðir, 380, Ísland","address":{"village":"Reykhólar","county":"Reykhólahreppur","state_district":"Vestfirðir","ISO3166-2-lvl5":"IS-4","postcode":"380","country":"Ísland","country_code":"is"},"population":108,"osm_type":"node","osm_id":1967301181,"type":"village","location":[-22.2014777,65.4485927],"bbox":[-22.2214777,65.4285927,-22.1814777,65.4685927],"border":{"name":"Reykhólahreppur","other_names":{"name:is":"Reykhólahreppur","alt_name":"Reykhólar"},"display_name":"Reykhólahreppur, Vestfirðir, 380, Ísland","address":{"county":"Reykhólahreppur","state_district":"Vestfirðir","ISO3166-2-lvl5":"IS-4","postcode":"380","country":"Ísland","country_code":"is"},"osm_type":"relation","osm_id":56188,"type":"administrative","location":[-22.31652621144889,65.59709885000001],"bbox":[-22.970899,65.4241041,-21.6213005,65.7700858]}}
{"name":"Reykholt","other_names":{"name:is":"Reykholt","alt_name":"Reykholt í Biskupstungum"},"display_name":"Reykholt, Bláskógabyggð, Suðurland, Ísland","address":{"village":"Reykholt","county":"Bláskógabyggð","state_district":"Suðurland","ISO3166-2-lvl5":"IS-8","country":"Ísland","country_code":"is"},"population":368,"osm_type":"node","osm_id":449230556,"type":"village","location":[-20.446134,64.1783412],"bbox":[-20.466134,64.1583412,-20.426134,64.1983412]}
{"name":"Reykjahlíð","other_names":{"name:is":"Reykjahlíð","name:ru":"Рейкьяхлид","name:zh":"雷恰利兹"},"display_name":"Reykjahlíð, Þingeyjarsveit, Norðurland eystra, Ísland","address":{"village":"Reykjahlíð","county":"Þingeyjarsveit","state_district":"Norðurland eystra","ISO3166-2-lvl5":"IS-6","country":"Ísland","country_code":"is"},"population":251,"osm_type":"node","osm_id":270961115,"type":"village","location":[-16.9100073,65.6415611],"bbox":[-16.9300073,65.6215611,-16.8900073,65.6615611]}
{"name":"Rif","display_name":"Rif, Snæfellsbær, Vesturland, 360, Ísland","address":{"village":"Rif","county":"Snæfellsbær","state_district":"Vesturland","ISO3166-2-lvl5":"IS-3","postcode":"360","country":"Ísland","country_code":"is"},"population":128,"osm_type":"node","osm_id":126054405,"type":"village","location":[-23.8223236,64.9219261],"bbox":[-23.8423236,64.9019261,-23.8023236,64.9419261]}
{"name":"Skagaströnd","display_name":"Skagaströnd, Sveitarfélagið Skagaströnd, Norðurland vestra, 545, Ísland","address":{"village":"Skagaströnd","county":"Sveitarfélagið Skagaströnd","state_district":"Norðurland vestra","ISO3166-2-lvl5":"IS-5","postcode":"545","country":"Ísland","country_code":"is"},"population":447,"osm_type":"node","osm_id":257374289,"type":"village","location":[-20.3005642,65.8233244],"bbox":[-20.3205642,65.8033244,-20.2805642,65.8433244],"border":{"name":"Sveitarfélagið Skagaströnd","other_names":{"ref":"5609","name:is":"Sveitarfélagið Skagaströnd","alt_name":"Skagaströnd","old_name":"Höfðahreppur"},"display_name":"Sveitarfélagið Skagaströnd, Norðurland vestra, 545, Ísland","address":{"county":"Sveitarfélagið Skagaströnd","state_district":"Norðurland vestra","ISO3166-2-lvl5":"IS-5","postcode":"545","country":"Ísland","country_code":"is"},"osm_type":"relation","osm_id":56105,"type":"administrative","location":[-20.15543609390342,65.86398735],"bbox":[-20.3260481,65.8170051,-20.0389213,65.9114223]}}
{"name":"Stöðvarfjörður","other_names":{"name:is":"Stöðvarfjörður","name:ru":"Стёдварфьордюр","old_name":"Kirkjuból"},"display_name":"Stöðvarfjörður, Fjarðabyggð, Austurland, 755, Ísland","address":{"village":"Stöðvarfjörður","county":"Fjarðabyggð","state_district":"Austurland","ISO3166-2-lvl5":"IS-7","postcode":"755","country":"Ísland","country_code":"is"},"population":182,"osm_type":"node","osm_id":580229721,"type":"village","location":[-13.873733,64.8338027],"bbox":[-13.893733,64.8138027,-13.853733,64.8538027]}
{"name":"Stokkseyri","other_names":{"name:is":"Stokkseyri","name:ru":"Стокксейри"},"display_name":"Stokkseyri, Sveitarfélagið Árborg, Suðurland, 825, Ísland","address":{"village":"Stokkseyri","county":"Sveitarfélagið Árborg","state_district":"Suðurland","ISO3166-2-lvl5":"IS-8","postcode":"825","country":"Ísland","country_code":"is"},"population":535,"osm_type":"node","osm_id":321680260,"type":"village","location":[-21.0611516,63.8369673],"bbox":[-21.0811516,63.8169673,-21.0411516,63.8569673]}
{"name":"Súðavík","other_names":{"name:is":"Súðavík","name:ru":"Судавик"},"display_name":"Súðavík, Súðavíkurhreppur, Vestfirðir, 420, Ísland","address":{"village":"Súðavík","county":"Súðavíkurhreppur","state_district":"Vestfirðir","ISO3166-2-lvl5":"IS-4","postcode":"420","country":"Ísland","country_code":"is"},"population":168,"osm_type":"node","osm_id":242771371,"type":"village","location":[-22.9914923,66.0260071],"bbox":[-23.0114923,66.0060071,-22.9714923,66.0460071],"border":{"name":"Súðavíkurhreppur","other_names":{"name:is":"Súðavíkurhreppur","alt_name":"Súðavík"},"display_name":"Súðavíkurhreppur, Vestfirðir, 420, Ísland","address":{"county":"Súðavíkurhreppur","state_district":"Vestfirðir","ISO3166-2-lvl5":"IS-4","postcode":"420","country":"Ísland","country_code":"is"},"osm_type":"relation","osm_id":56184,"type":"administrative","location":[-22.99555774659092,65.90361475],"bbox":[-23.1876647,65.7265956,-22.4153656,66.080631]}}
{"name":"Suðureyri","other_names":{"name:is":"Suðureyri","name:ru":"Сюдюрейри"},"display_name":"Suðureyri, Ísafjarðarbær, Vestfirðir, 430, Ísland","address":{"village":"Suðureyri","county":"Ísafjarðarbær","state_district":"Vestfirðir","ISO3166-2-lvl5":"IS-4","postcode":"430","country":"Ísland","country_code":"is"},"population":296,"osm_type":"node","osm_id":253976420,"type":"village","location":[-23.52678,66.1295693],"bbox":[-23.54678,66.1095693,-23.50678,66.1495693]}
{"name":"Svalbarðseyri","other_names":{"name:is":"Svalbarðseyri","name:ru":"Свальбард"},"display_name":"Svalbarðseyri, Svalbarðsstrandarhreppur, Norðurland eystra, 606, Ísland","address":{"village":"Svalbarðseyri","county":"Svalbarðsstrandarhreppur","state_district":"Norðurland eystra","ISO3166-2-lvl5":"IS-6","postcode":"606","country":"Ísland","country_code":"is"},"population":265,"osm_type":"node","osm_id":5813568201,"type":"village","location":[-18.082973,65.7458544],"bbox":[-18.102973,65.7258544,-18.062973,65.7658544]}
{"name":"Tálknafjörður","display_name":"Tálknafjörður, Vesturbyggð, Vestfirðir, 460, Ísland","address":{"village":"Tálknafjörður","county":"Vesturbyggð","state_district":"Vestfirðir","ISO3166-2-lvl5":"IS-4","postcode":"460","country":"Ísland","country_code":"is"},"population":234,"osm_type":"node","osm_id":456385194,"type":"village","location":[-23.8249036,65.6274231],"bbox":[-23.8449036,65.6074231,-23.8049036,65.6474231]}
{"name":"Varmahlíð","display_name":"Varmahlíð, Skagafjörður, Norðurland vestra, 560, Ísland","address":{"village":"Varmahlíð","county":"Skagafjörður","state_district":"Norðurland vestra","ISO3166-2-lvl5":"IS-5","postcode":"560","country":"Ísland","country_code":"is"},"population":147,"osm_type":"node","osm_id":244149690,"type":"village","location":[-19.4474848,65.5532363],"bbox":[-19.4674848,65.5332363,-19.4274848,65.5732363]}
{"name":"Vík","other_names":{"name:be":"Вік","name:en":"Vik","name:is":"Vík","name:ru":"Вик","name:zh":"维克","alt_name":"Vík í Mýrdal"},"display_name":"Vík, Mýrdalshreppur, Suðurland, 870, Ísland","address":{"village":"Vík","county":"Mýrdalshreppur","state_district":"Suðurland","ISO3166-2-lvl5":"IS-8","postcode":"870","country":"Ísland","country_code":"is"},"population":639,"osm_type":"node","osm_id":59861511,"type":"village","location":[-19.0054737,63.4188166],"bbox":[-19.0254737,63.3988166,-18.9854737,63.4388166]}
{"name":"Þingeyri","display_name":"Þingeyri, Ísafjarðarbær, Vestfirðir, 470, Ísland","address":{"village":"Þingeyri","county":"Ísafjarðarbær","state_district":"Vestfirðir","ISO3166-2-lvl5":"IS-4","postcode":"470","country":"Ísland","country_code":"is"},"population":261,"osm_type":"node","osm_id":483694915,"type":"village","location":[-23.4924457,65.8791205],"bbox":[-23.5124457,65.8591205,-23.4724457,65.8991205]}
{"name":"Þórshöfn","other_names":{"name:is":"Þórshöfn","name:ru":"Тоурсхёбн"},"display_name":"Þórshöfn, Langanesbyggð, Norðurland eystra, 680, Ísland","address":{"village":"Þórshöfn","county":"Langanesbyggð","state_district":"Norðurland eystra","ISO3166-2-lvl5":"IS-6","postcode":"680","country":"Ísland","country_code":"is"},"population":345,"osm_type":"node","osm_id":52099005,"type":"village","location":[-15.3359357,66.1981395],"bbox":[-15.3559357,66.1781395,-15.3159357,66.2181395]}
