{"name":"Arnarstapi","other_names":{"name:is":"Arnarstapi","name:zh":"村落"},"display_name":"Arnarstapi, Snæfellsbær, Vesturland, Ísland","address":{"hamlet":"Arnarstapi","county":"Snæfellsbær","state_district":"Vesturland","ISO3166-2-lvl5":"IS-3","country":"Ísland","country_code":"is"},"osm_type":"node","osm_id":477367274,"type":"hamlet","location":[-23.628085,64.766727],"bbox":[-23.648085,64.746727,-23.608085,64.786727]}
{"name":"Árnes","display_name":"Árnes, Skeiða- og Gnúpverjahreppur, Suðurland, Ísland","address":{"hamlet":"Árnes","county":"Skeiða- og Gnúpverjahreppur","state_district":"Suðurland","ISO3166-2-lvl5":"IS-8","country":"Ísland","country_code":"is"},"population":60,"osm_type":"node","osm_id":1389249079,"type":"hamlet","location":[-20.2509462,64.0416695],"bbox":[-20.2709462,64.0216695,-20.2309462,64.0616695]}
{"name":"Árskógssandur","other_names":{"name:is":"Árskógssandur","alt_name":"Litli-Árskógssandur"},"display_name":"Árskógssandur, Dalvíkurbyggð, Norðurland eystra, 630, Ísland","address":{"hamlet":"Árskógssandur","county":"Dalvíkurbyggð","state_district":"Norðurland eystra","ISO3166-2-lvl5":"IS-6","postcode":"630","country":"Ísland","country_code":"is"},"population":114,"osm_type":"node","osm_id":137809877,"type":"hamlet","location":[-18.353875,65.944437],"bbox":[-18.373875,65.924437,-18.333875,65.964437]}
{"name":"Bakkafjörður","display_name":"Bakkafjörður, Langanesbyggð, Norðurland eystra, 685, Ísland","address":{"hamlet":"Bakkafjörður","county":"Langanesbyggð","state_district":"Norðurland eystra","ISO3166-2-lvl5":"IS-6","postcode":"685","country":"Ísland","country_code":"is"},"population":55,"osm_type":"node","osm_id":580229725,"type":"hamlet","location":[-14.8041376,66.0365438],"bbox":[-14.8241376,66.0165438,-14.7841376,66.0565438]}
{"name":"Bakkagerði","other_names":{"name:is":"Bakkagerði","alt_name":"Borgarfjörður eystri"},"display_name":"Bakkagerði, Múlaþing, Austurland, 720, Ísland","address":{"hamlet":"Bakkagerði","county":"Múlaþing","state_district":"Austurland","ISO3166-2-lvl5":"IS-7","postcode":"720","country":"Ísland","country_code":"is"},"population":91,"osm_type":"node","osm_id":294967211,"type":"hamlet","location":[-13.8161009,65.5269612],"bbox":[-13.8361009,65.5069612,-13.7961009,65.5469612]}
{"name":"Borðeyri","display_name":"Borðeyri, Húnaþing vestra, Norðurland vestra, Ísland","address":{"hamlet":"Borðeyri","county":"Húnaþing vestra","state_district":"Norðurland vestra","ISO3166-2-lvl5":"IS-5","country":"Ísland","country_code":"is"},"population":16,"osm_type":"node","osm_id":2094641026,"type":"hamlet","location":[-21.0987679,65.2074843],"bbox":[-21.1187679,65.1874843,-21.0787679,65.2274843]}
{"name":"Borg í Grímsnesi","other_names":{"name:is":"Borg í Grímsnesi","alt_name":"Borg"},"display_name":"Borg í Grímsnesi, Grímsnes- og Grafningshreppur, Suðurland, Ísland","address":{"hamlet":"Borg í Grímsnesi","county":"Grímsnes- og Grafningshreppur","state_district":"Suðurland","ISO3166-2-lvl5":"IS-8","country":"Ísland","country_code":"is"},"population":184,"osm_type":"node","osm_id":1326810298,"type":"hamlet","location":[-20.7656595,64.0751849],"bbox":[-20.7856595,64.0551849,-20.7456595,64.0951849]}
{"name":"Brautarholt","other_names":{"name:is":"Brautarholt","alt_name":"Brautarholt á Skeiðum"},"display_name":"Brautarholt, Skeiða- og Gnúpverjahreppur, Suðurland, Ísland","address":{"hamlet":"Brautarholt","county":"Skeiða- og Gnúpverjahreppur","state_district":"Suðurland","ISO3166-2-lvl5":"IS-8","country":"Ísland","country_code":"is"},"population":77,"osm_type":"node","osm_id":1953299292,"type":"hamlet","location":[-20.518627,64.0220804],"bbox":[-20.538627,64.0020804,-20.498627,64.0420804]}
{"name":"Brautarholt","display_name":"Brautarholt, Vesturbyggð, Vestfirðir, Ísland","address":{"hamlet":"Brautarholt","county":"Vesturbyggð","state_district":"Vestfirðir","ISO3166-2-lvl5":"IS-4","country":"Ísland","country_code":"is"},"osm_type":"way","osm_id":512108731,"type":"hamlet","location":[-23.990517683962555,65.78691955],"bbox":[-23.9914101,65.786606,-23.9896426,65.7872408]}
{"name":"Brekka","other_names":{"name:is":"Brekka","alt_name":"Brekkuþorp"},"display_name":"Brekka, Fjarðabyggð, Austurland, 715, Ísland","address":{"hamlet":"Brekka","county":"Fjarðabyggð","state_district":"Austurland","ISO3166-2-lvl5":"IS-7","postcode":"715","country":"Ísland","country_code":"is"},"osm_type":"node","osm_id":4379510862,"type":"hamlet","location":[-13.7958665,65.203805],"bbox":[-13.8158665,65.183805,-13.7758665,65.223805]}
{"name":"Brúnahlíð","display_name":"Brúnahlíð, Eyjafjarðarsveit, Norðurland eystra, Ísland","address":{"hamlet":"Brúnahlíð","county":"Eyjafjarðarsveit","state_district":"Norðurland eystra","ISO3166-2-lvl5":"IS-6","country":"Ísland","country_code":"is"},"population":66,"osm_type":"node","osm_id":6262655361,"type":"hamlet","location":[-18.0258443,65.6546863],"bbox":[-18.0458443,65.6346863,-18.0058443,65.6746863]}
{"name":"Eiðar","display_name":"Eiðar, Múlaþing, Austurland, Ísland","address":{"hamlet":"Eiðar","county":"Múlaþing","state_district":"Austurland","ISO3166-2-lvl5":"IS-7","country":"Ísland","country_code":"is"},"osm_type":"node","osm_id":656120091,"type":"hamlet","location":[-14.3504526,65.3722842],"bbox":[-14.3704526,65.3522842,-14.3304526,65.3922842]}
{"name":"Flatey","other_names":{"name:is":"Flatey","name:ru":"Флатей","alt_name":"Flatey í Breiðafirði"},"display_name":"Flatey, Vestfirðir, 345, Ísland","address":{"hamlet":"Flatey","state_district":"Vestfirðir","ISO3166-2-lvl5":"IS-4","postcode":"345","country":"Ísland","country_code":"is"},"population":8,"osm_type":"node","osm_id":1871986559,"type":"hamlet","location":[-22.9168068,65.3756662],"bbox":[-22.9368068,65.3556662,-22.8968068,65.3956662]}
{"name":"Gljúfurárholt","display_name":"Gljúfurárholt, Sveitarfélagið Ölfus, Suðurland, Ísland","address":{"hamlet":"Gljúfurárholt","county":"Sveitarfélagið Ölfus","state_district":"Suðurland","ISO3166-2-lvl5":"IS-8","country":"Ísland","country_code":"is"},"osm_type":"relation","osm_id":19108834,"type":"hamlet","location":[-21.142628095847545,63.983712499999996],"bbox":[-21.1482965,63.9770487,-21.1251947,63.9885936]}
{"name":"Grímsey","other_names":{"name:is":"Grímsey","name:tr":"Grimsey","name:zh":"格里姆塞岛"},"display_name":"Grímsey, Akureyrarbær, Norðurland eystra, 611, Ísland","address":{"hamlet":"Grímsey","town":"Akureyrarbær","state_district":"Norðurland eystra","ISO3166-2-lvl5":"IS-6","postcode":"611","country":"Ísland","country_code":"is"},"population":57,"osm_type":"node","osm_id":2916736315,"type":"hamlet","location":[-18.0153284,66.5396041],"bbox":[-18.0353284,66.5196041,-17.9953284,66.5596041]}
{"name":"Gufuskálar","display_name":"Gufuskálar, Snæfellsbær, Vesturland, Ísland","address":{"hamlet":"Gufuskálar","county":"Snæfellsbær","state_district":"Vesturland","ISO3166-2-lvl5":"IS-3","country":"Ísland","country_code":"is"},"osm_type":"node","osm_id":6446286779,"type":"hamlet","location":[-23.9301251,64.9031804],"bbox":[-23.9501251,64.8831804,-23.9101251,64.9231804]}
{"name":"Hafnir","other_names":{"name:is":"Hafnir","name:ru":"Хабнир"},"display_name":"Hafnir, Reykjanesbær, Suðurnes, 233, Ísland","address":{"hamlet":"Hafnir","town":"Reykjanesbær","state_district":"Suðurnes","ISO3166-2-lvl5":"IS-2","postcode":"233","country":"Ísland","country_code":"is"},"population":107,"osm_type":"node","osm_id":372918152,"type":"hamlet","location":[-22.6840813,63.9339669],"bbox":[-22.7040813,63.9139669,-22.6640813,63.9539669]}
{"name":"Hallormsstaður","display_name":"Hallormsstaður, Múlaþing, Austurland, Ísland","address":{"hamlet":"Hallormsstaður","county":"Múlaþing","state_district":"Austurland","ISO3166-2-lvl5":"IS-7","country":"Ísland","country_code":"is"},"osm_type":"node","osm_id":286169132,"type":"hamlet","location":[-14.7437562,65.0932297],"bbox":[-14.7637562,65.0732297,-14.7237562,65.1132297]}
{"name":"Hauganes","display_name":"Hauganes, Dalvíkurbyggð, Norðurland eystra, Ísland","address":{"hamlet":"Hauganes","county":"Dalvíkurbyggð","state_district":"Norðurland eystra","ISO3166-2-lvl5":"IS-6","country":"Ísland","country_code":"is"},"population":102,"osm_type":"node","osm_id":267723350,"type":"hamlet","location":[-18.305486,65.9248793],"bbox":[-18.325486,65.9048793,-18.285486,65.9448793]}
{"name":"Hellnar","other_names":{"name:is":"Hellnar","name:ru":"Хедльнар"},"display_name":"Hellnar, Snæfellsbær, Vesturland, Ísland","address":{"hamlet":"Hellnar","county":"Snæfellsbær","state_district":"Vesturland","ISO3166-2-lvl5":"IS-3","country":"Ísland","country_code":"is"},"population":9,"osm_type":"node","osm_id":477368836,"type":"hamlet","location":[-23.6469183,64.7509083],"bbox":[-23.6669183,64.7309083,-23.6269183,64.7709083]}
{"name":"Hjalteyri","display_name":"Hjalteyri, Hörgársveit, Norðurland eystra, Ísland","address":{"hamlet":"Hjalteyri","county":"Hörgársveit","state_district":"Norðurland eystra","ISO3166-2-lvl5":"IS-6","country":"Ísland","country_code":"is"},"population":37,"osm_type":"node","osm_id":267726700,"type":"hamlet","location":[-18.1989082,65.849561],"bbox":[-18.2189082,65.829561,-18.1789082,65.869561]}
{"name":"Hólar","other_names":{"name:is":"Hólar","alt_name":"Hólar í Hjaltadal"},"display_name":"Hólar, Skagafjörður, Norðurland vestra, Ísland","address":{"hamlet":"Hólar","county":"Skagafjörður","state_district":"Norðurland vestra","ISO3166-2-lvl5":"IS-5","country":"Ísland","country_code":"is"},"population":85,"osm_type":"node","osm_id":2574401364,"type":"hamlet","location":[-19.1111225,65.7320315],"bbox":[-19.1311225,65.7120315,-19.0911225,65.7520315]}
{"name":"Kleppjárnsreykir","display_name":"Kleppjárnsreykir, Borgarbyggð, Vesturland, Ísland","address":{"hamlet":"Kleppjárnsreykir","county":"Borgarbyggð","state_district":"Vesturland","ISO3166-2-lvl5":"IS-3","country":"Ísland","country_code":"is"},"population":41,"osm_type":"node","osm_id":224491072,"type":"hamlet","location":[-21.3993134,64.6568102],"bbox":[-21.4193134,64.6368102,-21.3793134,64.6768102]}
{"name":"Kristnes","display_name":"Kristnes, Eyjafjarðarsveit, Norðurland eystra, 605, Ísland","address":{"hamlet":"Kristnes","county":"Eyjafjarðarsveit","state_district":"Norðurland eystra","ISO3166-2-lvl5":"IS-6","postcode":"605","country":"Ísland","country_code":"is"},"population":32,"osm_type":"node","osm_id":2918050432,"type":"hamlet","location":[-18.0871127,65.5965165],"bbox":[-18.1071127,65.5765165,-18.0671127,65.6165165]}
{"name":"Króksfjarðarnes","display_name":"Króksfjarðarnes, Reykhólahreppur, Vestfirðir, Ísland","address":{"hamlet":"Króksfjarðarnes","county":"Reykhólahreppur","state_district":"Vestfirðir","ISO3166-2-lvl5":"IS-4","country":"Ísland","country_code":"is"},"osm_type":"node","osm_id":2005461406,"type":"hamlet","location":[-21.9234986,65.4542506],"bbox":[-21.9434986,65.4342506,-21.9034986,65.4742506]}
{"name":"Laugar","display_name":"Laugar, Þingeyjarsveit, Norðurland eystra, 650, Ísland","address":{"hamlet":"Laugar","town":"Laugar","county":"Þingeyjarsveit","state_district":"Norðurland eystra","ISO3166-2-lvl5":"IS-6","postcode":"650","country":"Ísland","country_code":"is"},"population":114,"osm_type":"node","osm_id":280101400,"type":"hamlet","location":[-17.3727523,65.7216499],"bbox":[-17.3927523,65.7016499,-17.3527523,65.7416499]}
{"name":"Laugarás","display_name":"Laugarás, Bláskógabyggð, Suðurland, Ísland","address":{"hamlet":"Laugarás","county":"Bláskógabyggð","state_district":"Suðurland","ISO3166-2-lvl5":"IS-8","country":"Ísland","country_code":"is"},"population":112,"osm_type":"node","osm_id":370816158,"type":"hamlet","location":[-20.5022458,64.1156706],"bbox":[-20.5222458,64.0956706,-20.4822458,64.1356706]}
{"name":"Laugarbakki","display_name":"Laugarbakki, Húnaþing vestra, Norðurland vestra, Ísland","address":{"hamlet":"Laugarbakki","county":"Húnaþing vestra","state_district":"Norðurland vestra","ISO3166-2-lvl5":"IS-5","country":"Ísland","country_code":"is"},"population":55,"osm_type":"node","osm_id":287458396,"type":"hamlet","location":[-20.8921344,65.327492],"bbox":[-20.9121344,65.307492,-20.8721344,65.347492]}
{"name":"Lónsbakki","display_name":"Lónsbakki, Hörgársveit, Norðurland eystra, 603, Ísland","address":{"hamlet":"Lónsbakki","county":"Hörgársveit","state_district":"Norðurland eystra","ISO3166-2-lvl5":"IS-6","postcode":"603","country":"Ísland","country_code":"is"},"population":305,"osm_type":"node","osm_id":6323868579,"type":"hamlet","location":[-18.1559477,65.7027414],"bbox":[-18.1759477,65.6827414,-18.1359477,65.7227414]}
{"name":"Melahverfi","display_name":"Melahverfi, Hvalfjarðarsveit, Vesturland, Ísland","address":{"hamlet":"Melahverfi","county":"Hvalfjarðarsveit","state_district":"Vesturland","ISO3166-2-lvl5":"IS-3","country":"Ísland","country_code":"is"},"population":150,"osm_type":"node","osm_id":444054370,"type":"hamlet","location":[-21.8411151,64.3815178],"bbox":[-21.8611151,64.3615178,-21.8211151,64.4015178]}
{"name":"Nesjahverfi","display_name":"Nesjahverfi, Sveitarfélagið Hornafjörður, Suðurland, 781, Ísland","address":{"hamlet":"Nesjahverfi","county":"Sveitarfélagið Hornafjörður","state_district":"Suðurland","ISO3166-2-lvl5":"IS-8","postcode":"781","country":"Ísland","country_code":"is"},"population":102,"osm_type":"node","osm_id":5866061069,"type":"hamlet","location":[-15.2252056,64.3143854],"bbox":[-15.2452056,64.2943854,-15.2052056,64.3343854]}
{"name":"Norðurfjörður","display_name":"Norðurfjörður, Árneshreppur, Vestfirðir, 524, Ísland","address":{"hamlet":"Norðurfjörður","county":"Árneshreppur","state_district":"Vestfirðir","ISO3166-2-lvl5":"IS-4","postcode":"524","country":"Ísland","country_code":"is"},"osm_type":"node","osm_id":5229789491,"type":"hamlet","location":[-21.5481068,66.0511816],"bbox":[-21.5681068,66.0311816,-21.5281068,66.0711816]}
{"name":"Rauðalækur","display_name":"Rauðalækur, Hella, Rangárþing ytra, Suðurland, Ísland","address":{"hamlet":"Rauðalækur","town":"Hella","county":"Rangárþing ytra","state_district":"Suðurland","ISO3166-2-lvl5":"IS-8","country":"Ísland","country_code":"is"},"population":60,"osm_type":"node","osm_id":2297612728,"type":"hamlet","location":[-20.4439481,63.8644812],"bbox":[-20.4639481,63.8444812,-20.4239481,63.8844812]}
{"name":"Reykholt","display_name":"Reykholt, Borgarbyggð, Vesturland, Ísland","address":{"hamlet":"Reykholt","county":"Borgarbyggð","state_district":"Vesturland","ISO3166-2-lvl5":"IS-3","country":"Ísland","country_code":"is"},"population":84,"osm_type":"node","osm_id":451727211,"type":"hamlet","location":[-21.2920094,64.6647555],"bbox":[-21.3120094,64.6447555,-21.2720094,64.6847555]}
{"name":"Skógar","other_names":{"name:is":"Skógar","name:ru":"Скоугар"},"display_name":"Skógar, Rangárþing eystra, Suðurland, Ísland","address":{"hamlet":"Skógar","county":"Rangárþing eystra","state_district":"Suðurland","ISO3166-2-lvl5":"IS-8","country":"Ísland","country_code":"is"},"osm_type":"node","osm_id":1385855484,"type":"hamlet","location":[-19.4944304,63.5269509],"bbox":[-19.5144304,63.5069509,-19.4744304,63.5469509]}
{"name":"Sólheimar","other_names":{"name:is":"Sólheimar","alt_name":"Sólheimar í Grímsnesi"},"display_name":"Sólheimar, Grímsnes- og Grafningshreppur, Suðurland, Ísland","address":{"hamlet":"Sólheimar","county":"Grímsnes- og Grafningshreppur","state_district":"Suðurland","ISO3166-2-lvl5":"IS-8","country":"Ísland","country_code":"is"},"population":96,"osm_type":"node","osm_id":1326806388,"type":"hamlet","location":[-20.6432534,64.0667596],"bbox":[-20.6632534,64.0467596,-20.6232534,64.0867596]}
{"name":"Tjarnabyggð","display_name":"Tjarnabyggð, Sveitarfélagið Árborg, Suðurland, Ísland","address":{"hamlet":"Tjarnabyggð","county":"Sveitarfélagið Árborg","state_district":"Suðurland","ISO3166-2-lvl5":"IS-8","country":"Ísland","country_code":"is"},"population":191,"osm_type":"node","osm_id":1955176772,"type":"hamlet","location":[-21.0952385,63.8953371],"bbox":[-21.1152385,63.8753371,-21.0752385,63.9153371]}
{"name":"Varmaland","display_name":"Varmaland, Borgarbyggð, Vesturland, Ísland","address":{"hamlet":"Varmaland","county":"Borgarbyggð","state_district":"Vesturland","ISO3166-2-lvl5":"IS-3","country":"Ísland","country_code":"is"},"osm_type":"node","osm_id":2018464359,"type":"hamlet","location":[-21.5940026,64.688466],"bbox":[-21.6140026,64.668466,-21.5740026,64.708466]}
{"name":"Þykkvibær","display_name":"Þykkvibær, Rangárþing ytra, Suðurland, Ísland","address":{"hamlet":"Þykkvibær","county":"Rangárþing ytra","state_district":"Suðurland","ISO3166-2-lvl5":"IS-8","country":"Ísland","country_code":"is"},"population":77,"osm_type":"node","osm_id":1883634064,"type":"hamlet","location":[-20.609932,63.7466006],"bbox":[-20.629932,63.7266006,-20.589932,63.7666006]}
