{"name":"Aguadulce","other_names":{"name:es":"Aguadulce","name:zh":"阿瓜杜尔塞","name:zh-Hans":"阿瓜杜尔塞","name:zh-Hant":"阿瓜杜爾塞"},"display_name":"Aguadulce, Coclé, Panamá","address":{"town":"Aguadulce","county":"Aguadulce","state":"Coclé","ISO3166-2-lvl4":"PA-2","country":"Panamá","country_code":"pa"},"osm_type":"node","osm_id":976337944,"type":"town","location":[-80.5390601,8.2420503],"bbox":[-80.5790601,8.2020503,-80.4990601,8.2820503],"border":{"name":"Aguadulce","other_names":{"name:es":"Aguadulce","alt_name":"Distrito de Aguadulce"},"display_name":"Aguadulce, Coclé, Panamá","address":{"county":"Aguadulce","state":"Coclé","ISO3166-2-lvl4":"PA-2","country":"Panamá","country_code":"pa"},"osm_type":"relation","osm_id":8434677,"type":"administrative","location":[-80.60333320420929,8.20938495],"bbox":[-80.7464626,8.0913071,-80.4710538,8.3275424]}}
{"name":"Alanje","other_names":{"name:zh":"阿兰赫","alt_name":"Alanje (Cabecera)","name:zh-Hans":"阿兰赫","name:zh-Hant":"阿蘭赫"},"display_name":"Alanje, Chiriquí, Panamá","address":{"town":"Alanje","village":"Alanje","county":"Alanje","state":"Chiriquí","ISO3166-2-lvl4":"PA-4","country":"Panamá","country_code":"pa"},"population":1373,"osm_type":"node","osm_id":2514384837,"type":"town","location":[-82.5592327,8.4001217],"bbox":[-82.5992327,8.3601217,-82.5192327,8.4401217],"border":[{"name":"Alanje","other_names":{"name:es":"Alanje","alt_name":"Distrito de Alanje"},"display_name":"Alanje, Chiriquí, Panamá","address":{"county":"Alanje","state":"Chiriquí","ISO3166-2-lvl4":"PA-4","country":"Panamá","country_code":"pa"},"population":16508,"osm_type":"relation","osm_id":8389576,"type":"administrative","location":[-82.62756834351,8.368306350000001],"bbox":[-82.7995147,8.2698472,-82.4432213,8.4668649]},{"name":"Alanje","other_names":{"name:es":"Alanje","alt_name":"Alanje (cabecera)","name:zh":"阿兰赫","_place_alt_name":"Alanje (Cabecera)","name:zh-Hans":"阿兰赫","name:zh-Hant":"阿蘭赫"},"display_name":"Alanje, Chiriquí, Panamá","address":{"village":"Alanje","county":"Alanje","state":"Chiriquí","ISO3166-2-lvl4":"PA-4","country":"Panamá","country_code":"pa"},"population":2406,"osm_type":"relation","osm_id":8416910,"type":"administrative","location":[-82.5592327,8.4001217],"bbox":[-82.5932316,8.3753156,-82.5208103,8.4322971]}]}
{"name":"Almirante","other_names":{"name:zh":"阿尔米兰特","name:zh-Hans":"阿尔米兰特","name:zh-Hant":"阿爾米蘭特"},"display_name":"Almirante, Bocas del Toro, Panamá","address":{"town":"Almirante","county":"Almirante","state":"Bocas del Toro","ISO3166-2-lvl4":"PA-1","country":"Panamá","country_code":"pa"},"population":8608,"osm_type":"node","osm_id":2415959712,"type":"town","location":[-82.4036682,9.294131],"bbox":[-82.4436682,9.254131,-82.3636682,9.334131],"border":[{"name":"Almirante","other_names":{"name:es":"Almirante","alt_name":"Distrito de Almirante"},"display_name":"Almirante, Bocas del Toro, Panamá","address":{"county":"Almirante","state":"Bocas del Toro","ISO3166-2-lvl4":"PA-1","country":"Panamá","country_code":"pa"},"population":28368,"osm_type":"relation","osm_id":8394712,"type":"administrative","location":[-82.51700226717989,9.0883614],"bbox":[-82.765696,8.8159395,-82.2506124,9.3607655]},{"name":"Almirante","other_names":{"name:es":"Almirante","name:zh":"阿尔米兰特","name:zh-Hans":"阿尔米兰特","name:zh-Hant":"阿爾米蘭特"},"display_name":"Almirante, Bocas del Toro, Panamá","address":{"town":"Almirante","county":"Almirante","state":"Bocas del Toro","ISO3166-2-lvl4":"PA-1","country":"Panamá","country_code":"pa"},"population":4886,"osm_type":"relation","osm_id":10583895,"type":"administrative","location":[-82.4036682,9.294131],"bbox":[-82.423888,9.2879232,-82.3792353,9.3506377]}]}
{"name":"Alto Boquete","display_name":"Alto Boquete, Boquete, Chiriquí, Panamá","address":{"town":"Alto Boquete","county":"Boquete","state":"Chiriquí","ISO3166-2-lvl4":"PA-4","country":"Panamá","country_code":"pa"},"population":6290,"osm_type":"node","osm_id":2417387056,"type":"town","location":[-82.4294739,8.7380282],"bbox":[-82.4694739,8.6980282,-82.3894739,8.7780282],"border":{"name":"Alto Boquete","display_name":"Alto Boquete, Boquete, Chiriquí, Panamá","address":{"town":"Alto Boquete","county":"Boquete","state":"Chiriquí","ISO3166-2-lvl4":"PA-4","country":"Panamá","country_code":"pa"},"population":6290,"osm_type":"relation","osm_id":8928046,"type":"administrative","location":[-82.4294739,8.7380282],"bbox":[-82.4625288,8.5949507,-82.379775,8.7612835]}}
{"name":"Antón","other_names":{"name:es":"Antón","name:zh":"安东","name:zh-Hans":"安东","name:zh-Hant":"安東"},"display_name":"Antón, Coclé, Panamá","address":{"town":"Antón","county":"Antón","state":"Coclé","ISO3166-2-lvl4":"PA-2","country":"Panamá","country_code":"pa"},"osm_type":"node","osm_id":1600688722,"type":"town","location":[-80.266347,8.394482],"bbox":[-80.306347,8.354482,-80.226347,8.434482],"border":{"name":"Antón","other_names":{"name:es":"Antón","alt_name":"Distrito de Antón"},"display_name":"Antón, Coclé, 0212, Panamá","address":{"county":"Antón","state":"Coclé","ISO3166-2-lvl4":"PA-2","postcode":"0212","country":"Panamá","country_code":"pa"},"osm_type":"relation","osm_id":8433063,"type":"administrative","location":[-80.1990243839517,8.473513],"bbox":[-80.3902674,8.2896797,-80.0430474,8.6573825]}}
{"name":"Arraiján","other_names":{"name:zh":"阿赖汉","name:zh-Hans":"阿赖汉","name:zh-Hant":"阿賴漢"},"display_name":"Arraiján, Panamá Oeste, Panamá","address":{"town":"Arraiján","county":"Arraiján","state":"Panamá Oeste","ISO3166-2-lvl4":"PA-10","country":"Panamá","country_code":"pa"},"population":41041,"osm_type":"node","osm_id":4410707963,"type":"town","location":[-79.6422757,8.9453238],"bbox":[-79.6822757,8.9053238,-79.6022757,8.9853238],"border":[{"name":"Arraiján","other_names":{"name:es":"Arraiján","alt_name":"Distrito de Arraiján"},"display_name":"Arraiján, Panamá Oeste, 1001, Panamá","address":{"county":"Arraiján","state":"Panamá Oeste","ISO3166-2-lvl4":"PA-10","postcode":"1001","country":"Panamá","country_code":"pa"},"osm_type":"relation","osm_id":8421612,"type":"administrative","location":[-79.6793266702984,8.98985635],"bbox":[-79.8166075,8.8590873,-79.5490475,9.1214079]},{"name":"Arraiján","other_names":{"name:es":"Arraiján","official_name":"Corregimiento Arraiján","name:zh":"阿赖汉","name:zh-Hans":"阿赖汉","name:zh-Hant":"阿賴漢"},"display_name":"Arraiján, Panamá Oeste, 1001, Panamá","address":{"town":"Arraiján","county":"Arraiján","state":"Panamá Oeste","ISO3166-2-lvl4":"PA-10","postcode":"1001","country":"Panamá","country_code":"pa"},"population":41041,"osm_type":"relation","osm_id":11491018,"type":"administrative","location":[-79.6422757,8.9453238],"bbox":[-79.6775456,8.902499,-79.5646956,9.0174375]}]}
{"name":"Atalaya","display_name":"Atalaya, Veraguas, Panamá","address":{"town":"Atalaya","county":"Atalaya","state":"Veraguas","ISO3166-2-lvl4":"PA-9","country":"Panamá","country_code":"pa"},"osm_type":"node","osm_id":4923023744,"type":"town","location":[-80.9248664,8.0417054],"bbox":[-80.9648664,8.0017054,-80.8848664,8.0817054],"border":{"name":"Atalaya","other_names":{"name:es":"Atalaya","alt_name":"Distrito de Atalaya"},"display_name":"Atalaya, Veraguas, Panamá","address":{"county":"Atalaya","state":"Veraguas","ISO3166-2-lvl4":"PA-9","country":"Panamá","country_code":"pa"},"osm_type":"relation","osm_id":8450549,"type":"administrative","location":[-80.9087970995583,8.019231399999999],"bbox":[-80.9739238,7.9441011,-80.8398568,8.0941554]}}
{"name":"Baco","display_name":"Baco, Barú, Chiriquí, Panamá","address":{"town":"Baco","county":"Barú","state":"Chiriquí","ISO3166-2-lvl4":"PA-4","country":"Panamá","country_code":"pa"},"population":7334,"osm_type":"node","osm_id":2326379345,"type":"town","location":[-82.7542493,8.3593797],"bbox":[-82.7942493,8.3193797,-82.7142493,8.3993797],"border":{"name":"Baco","display_name":"Baco, Barú, Chiriquí, Panamá","address":{"town":"Baco","county":"Barú","state":"Chiriquí","ISO3166-2-lvl4":"PA-4","country":"Panamá","country_code":"pa"},"population":7334,"osm_type":"relation","osm_id":7306868,"type":"administrative","location":[-82.7542493,8.3593797],"bbox":[-82.8260697,8.3120873,-82.7020352,8.4391457]}}
{"name":"Bajo Boquete","display_name":"Bajo Boquete, Boquete, Chiriquí, Panamá","address":{"town":"Bajo Boquete","county":"Boquete","state":"Chiriquí","ISO3166-2-lvl4":"PA-4","country":"Panamá","country_code":"pa"},"population":4493,"osm_type":"node","osm_id":683810085,"type":"town","location":[-82.4348179,8.7763672],"bbox":[-82.4748179,8.7363672,-82.3948179,8.8163672],"border":{"name":"Bajo Boquete","display_name":"Bajo Boquete, Boquete, Chiriquí, 0413, Panamá","address":{"town":"Bajo Boquete","county":"Boquete","state":"Chiriquí","ISO3166-2-lvl4":"PA-4","postcode":"0413","country":"Panamá","country_code":"pa"},"population":4493,"osm_type":"relation","osm_id":9065620,"type":"administrative","location":[-82.4348179,8.7763672],"bbox":[-82.5062585,8.7386144,-82.4294512,8.7995996]}}
{"name":"Boquerón","display_name":"Boquerón, Chiriquí, Panamá","address":{"town":"Boquerón","county":"Boquerón","state":"Chiriquí","ISO3166-2-lvl4":"PA-4","country":"Panamá","country_code":"pa"},"population":3881,"osm_type":"node","osm_id":5435382139,"type":"town","location":[-82.5727493,8.5096158],"bbox":[-82.6127493,8.4696158,-82.5327493,8.5496158],"border":[{"name":"Boquerón","other_names":{"name:es":"Boquerón","alt_name":"Distrito de Boquerón"},"display_name":"Boquerón, Chiriquí, Panamá","address":{"county":"Boquerón","state":"Chiriquí","ISO3166-2-lvl4":"PA-4","country":"Panamá","country_code":"pa"},"osm_type":"relation","osm_id":8395537,"type":"administrative","location":[-82.56469187547756,8.628846],"bbox":[-82.6230334,8.4488883,-82.5189748,8.8089322]},{"name":"Boquerón","display_name":"Boquerón, Chiriquí, Panamá","address":{"town":"Boquerón","county":"Boquerón","state":"Chiriquí","ISO3166-2-lvl4":"PA-4","country":"Panamá","country_code":"pa"},"population":3881,"osm_type":"relation","osm_id":8657821,"type":"administrative","location":[-82.5727493,8.5096158],"bbox":[-82.6100636,8.4717446,-82.5415373,8.5983902]}]}
{"name":"Buenos Aires","display_name":"Buenos Aires, Ñürüm, Ngäbe-Buglé, Panamá","address":{"town":"Buenos Aires","county":"Ñürüm","state":"Ngäbe-Buglé","ISO3166-2-lvl4":"PA-NB","country":"Panamá","country_code":"pa"},"osm_type":"node","osm_id":7610945366,"type":"town","location":[-81.479153,8.4141306],"bbox":[-81.519153,8.3741306,-81.439153,8.4541306],"border":{"name":"Buenos Aires","other_names":{"name:es":"Buenos Aires","official_name":"Corregimiento de Buenos Aires","official_name:es":"Corregimiento de Buenos Aires"},"display_name":"Buenos Aires, Ñürüm, Ngäbe-Buglé, Panamá","address":{"town":"Buenos Aires","county":"Ñürüm","state":"Ngäbe-Buglé","ISO3166-2-lvl4":"PA-NB","country":"Panamá","country_code":"pa"},"osm_type":"relation","osm_id":18140587,"type":"administrative","location":[-81.479153,8.4141306],"bbox":[-81.5003323,8.3956561,-81.4689321,8.4994764]}}
{"name":"Burunga","display_name":"Burunga, Arraiján, Panamá Oeste, 1001, Panamá","address":{"town":"Burunga","county":"Arraiján","state":"Panamá Oeste","ISO3166-2-lvl4":"PA-10","postcode":"1001","country":"Panamá","country_code":"pa"},"population":39102,"osm_type":"node","osm_id":4412467275,"type":"town","location":[-79.6657715,8.9670808],"bbox":[-79.7057715,8.9270808,-79.6257715,9.0070808]}
{"name":"Caimitillo","display_name":"Caimitillo, Distrito de Panamá, Provincia de Panamá, Panamá","address":{"town":"Caimitillo","county":"Distrito de Panamá","state":"Provincia de Panamá","ISO3166-2-lvl4":"PA-8","country":"Panamá","country_code":"pa"},"osm_type":"node","osm_id":6281079600,"type":"town","location":[-79.5419184,9.161041],"bbox":[-79.5819184,9.121041,-79.5019184,9.201041],"border":{"name":"Caimitillo","other_names":{"name:es":"Caimitillo","official_name":"Corregimiento Caimitillo"},"display_name":"Caimitillo, Distrito de Panamá, Provincia de Panamá, Panamá","address":{"town":"Caimitillo","county":"Distrito de Panamá","state":"Provincia de Panamá","ISO3166-2-lvl4":"PA-8","country":"Panamá","country_code":"pa"},"osm_type":"relation","osm_id":11479836,"type":"administrative","location":[-79.5419184,9.161041],"bbox":[-79.6169504,9.1250142,-79.2395192,9.5012171]}}
{"name":"Caledonia","display_name":"Caledonia, Guna Yala, Panamá","address":{"town":"Caledonia","state":"Guna Yala","ISO3166-2-lvl4":"PA-KY","country":"Panamá","country_code":"pa"},"osm_type":"node","osm_id":7797231844,"type":"town","location":[-77.695736,8.9032547],"bbox":[-77.735736,8.8632547,-77.655736,8.9432547]}
{"name":"Calobre","display_name":"Calobre, Veraguas, Panamá","address":{"town":"Calobre","county":"Calobre","state":"Veraguas","ISO3166-2-lvl4":"PA-9","country":"Panamá","country_code":"pa"},"osm_type":"node","osm_id":5759451638,"type":"town","location":[-80.8413945,8.3217086],"bbox":[-80.8813945,8.2817086,-80.8013945,8.3617086],"border":[{"name":"Calobre","other_names":{"name:es":"Calobre","alt_name":"Distrito de Calobre"},"display_name":"Calobre, Veraguas, Panamá","address":{"county":"Calobre","state":"Veraguas","ISO3166-2-lvl4":"PA-9","country":"Panamá","country_code":"pa"},"osm_type":"relation","osm_id":8466104,"type":"administrative","location":[-80.83486304345188,8.3874348],"bbox":[-80.9519845,8.1762395,-80.701605,8.5943287]},{"name":"Calobre","display_name":"Calobre, Veraguas, Panamá","address":{"town":"Calobre","county":"Calobre","state":"Veraguas","ISO3166-2-lvl4":"PA-9","country":"Panamá","country_code":"pa"},"osm_type":"relation","osm_id":10742970,"type":"administrative","location":[-80.8413945,8.3217086],"bbox":[-80.8688128,8.2406405,-80.7719994,8.3579185]}]}
{"name":"Cañazas","display_name":"Cañazas, Veraguas, Panamá","address":{"town":"Cañazas","county":"Cañazas","state":"Veraguas","ISO3166-2-lvl4":"PA-9","country":"Panamá","country_code":"pa"},"osm_type":"node","osm_id":5768273403,"type":"town","location":[-81.211537,8.3202738],"bbox":[-81.251537,8.2802738,-81.171537,8.3602738],"border":{"name":"Cañazas","other_names":{"name:es":"Cañazas","alt_name":"Distrito de Cañazas"},"display_name":"Cañazas, Veraguas, Panamá","address":{"county":"Cañazas","state":"Veraguas","ISO3166-2-lvl4":"PA-9","country":"Panamá","country_code":"pa"},"osm_type":"relation","osm_id":8466271,"type":"administrative","location":[-81.24993241920342,8.38226395],"bbox":[-81.486891,8.2430142,-81.0893099,8.5214915]}}
{"name":"Capira","other_names":{"name:es":"Capira","name:zh":"卡皮拉","name:zh-Hans":"卡皮拉","name:zh-Hant":"卡皮拉"},"display_name":"Capira, Panamá Oeste, Panamá","address":{"town":"Capira","county":"Capira","state":"Panamá Oeste","ISO3166-2-lvl4":"PA-10","country":"Panamá","country_code":"pa"},"osm_type":"node","osm_id":4410692212,"type":"town","location":[-79.8773151,8.7576302],"bbox":[-79.9173151,8.7176302,-79.8373151,8.7976302],"border":{"name":"Capira","other_names":{"name:es":"Capira","alt_name":"Distrito de Capira"},"display_name":"Capira, Panamá Oeste, Panamá","address":{"county":"Capira","state":"Panamá Oeste","ISO3166-2-lvl4":"PA-10","country":"Panamá","country_code":"pa"},"osm_type":"relation","osm_id":8421491,"type":"administrative","location":[-80.04259589714216,8.816466949999999],"bbox":[-80.1754851,8.6353061,-79.7390378,8.9975237]}}
{"name":"Cativá","other_names":{"name:ru":"Катива"},"display_name":"Cativá, Colón, Panamá","address":{"town":"Cativá","county":"Colón","state":"Colón","ISO3166-2-lvl4":"PA-3","country":"Panamá","country_code":"pa"},"population":34282,"osm_type":"node","osm_id":343043185,"type":"town","location":[-79.8349538,9.3634008],"bbox":[-79.8749538,9.3234008,-79.7949538,9.4034008],"border":{"name":"Cativá","other_names":{"name:es":"Cativá","official_name":"Corregimiento Cativá","name:ru":"Катива"},"display_name":"Cativá, Colón, Panamá","address":{"town":"Cativá","county":"Colón","state":"Colón","ISO3166-2-lvl4":"PA-3","country":"Panamá","country_code":"pa"},"population":34282,"osm_type":"relation","osm_id":11833372,"type":"administrative","location":[-79.8349538,9.3634008],"bbox":[-79.8563795,9.3205791,-79.8055396,9.3990438]}}
{"name":"Cerro Iglesias","other_names":{"name:es":"Cerro Iglesias"},"display_name":"Cerro Iglesias, Nole Duima, Ngäbe-Buglé, Panamá","address":{"town":"Cerro Iglesias","county":"Nole Duima","state":"Ngäbe-Buglé","ISO3166-2-lvl4":"PA-NB","country":"Panamá","country_code":"pa"},"osm_type":"node","osm_id":2482799394,"type":"town","location":[-81.7967002,8.3066081],"bbox":[-81.8367002,8.2666081,-81.7567002,8.3466081],"border":{"name":"Cerro Iglesias","other_names":{"name:es":"Cerro Iglesias","official_name":"Corregimiento de Cerro Iglesias","official_name:es":"Corregimiento de Cerro Iglesias"},"display_name":"Cerro Iglesias, Nole Duima, Ngäbe-Buglé, Panamá","address":{"town":"Cerro Iglesias","county":"Nole Duima","state":"Ngäbe-Buglé","ISO3166-2-lvl4":"PA-NB","country":"Panamá","country_code":"pa"},"osm_type":"relation","osm_id":11359952,"type":"administrative","location":[-81.7967002,8.3066081],"bbox":[-81.8416149,8.276595,-81.7644281,8.3420592]}}
{"name":"Chame","other_names":{"name:es":"Chame","name:zh":"查梅","name:zh-Hans":"查梅","name:zh-Hant":"查梅"},"display_name":"Chame, Panamá Oeste, Panamá","address":{"town":"Chame","county":"Chame","state":"Panamá Oeste","ISO3166-2-lvl4":"PA-10","country":"Panamá","country_code":"pa"},"osm_type":"node","osm_id":5732866543,"type":"town","location":[-79.8803852,8.5776215],"bbox":[-79.9203852,8.5376215,-79.8403852,8.6176215],"border":{"name":"Chame","other_names":{"name:es":"Chame","alt_name":"Distrito de Chame"},"display_name":"Chame, Panamá Oeste, Panamá","address":{"county":"Chame","state":"Panamá Oeste","ISO3166-2-lvl4":"PA-10","country":"Panamá","country_code":"pa"},"osm_type":"relation","osm_id":8421374,"type":"administrative","location":[-79.90244934572908,8.61414375],"bbox":[-80.0772782,8.5209127,-79.6968555,8.707342]}}
{"name":"Chepo","display_name":"Chepo, Provincia de Panamá, Panamá","address":{"town":"Chepo","county":"Chepo","state":"Provincia de Panamá","ISO3166-2-lvl4":"PA-8","country":"Panamá","country_code":"pa"},"osm_type":"node","osm_id":931383182,"type":"town","location":[-79.0900045,9.1741164],"bbox":[-79.1300045,9.1341164,-79.0500045,9.2141164],"border":{"name":"Chepo","other_names":{"name:es":"Chepo","alt_name":"Distrito de Chepo"},"display_name":"Chepo, Provincia de Panamá, Panamá","address":{"county":"Chepo","state":"Provincia de Panamá","ISO3166-2-lvl4":"PA-8","country":"Panamá","country_code":"pa"},"osm_type":"relation","osm_id":8419314,"type":"administrative","location":[-78.97455457359388,9.1023629],"bbox":[-79.2801259,8.8063848,-78.1191779,9.3983057]}}
{"name":"Chichica","other_names":{"name:es":"Chichica","name:gym":"Munängätäte"},"display_name":"Chichica, Munängätäte, Munä, Ngäbe-Buglé, Panamá","address":{"town":"Chichica","city":"Munängätäte","county":"Munä","state":"Ngäbe-Buglé","ISO3166-2-lvl4":"PA-NB","country":"Panamá","country_code":"pa"},"population":1212,"osm_type":"node","osm_id":2482799679,"type":"town","location":[-81.667641,8.3654058],"bbox":[-81.707641,8.3254058,-81.627641,8.4054058],"border":{"name":"Munängätäte","other_names":{"name:es":"Chichica","name:gym":"Munängätäte","official_name:es":"Corregimiento de Chichica"},"display_name":"Munängätäte, Munä, Ngäbe-Buglé, Panamá","address":{"city":"Munängätäte","county":"Munä","state":"Ngäbe-Buglé","ISO3166-2-lvl4":"PA-NB","country":"Panamá","country_code":"pa"},"population":3470,"osm_type":"relation","osm_id":10625146,"type":"administrative","location":[-81.67372263036185,8.37231705],"bbox":[-81.7220914,8.310575,-81.6426444,8.4339144]}}
{"name":"Chilibre","other_names":{"name:ru":"Чилибре"},"display_name":"Chilibre, Distrito de Panamá, Provincia de Panamá, Panamá","address":{"town":"Chilibre","county":"Distrito de Panamá","state":"Provincia de Panamá","ISO3166-2-lvl4":"PA-8","country":"Panamá","country_code":"pa"},"osm_type":"node","osm_id":3422725351,"type":"town","location":[-79.6196239,9.1475286],"bbox":[-79.6596239,9.1075286,-79.5796239,9.1875286],"border":{"name":"Chilibre","other_names":{"name:es":"Chilibre","name:ru":"Чилибре","official_name":"Corregimiento Chilibre"},"display_name":"Chilibre, Distrito de Panamá, Provincia de Panamá, Panamá","address":{"town":"Chilibre","county":"Distrito de Panamá","state":"Provincia de Panamá","ISO3166-2-lvl4":"PA-8","country":"Panamá","country_code":"pa"},"osm_type":"relation","osm_id":11480533,"type":"administrative","location":[-79.6196239,9.1475286],"bbox":[-79.6561803,9.0847566,-79.5529156,9.2106389]}}
{"name":"Chiriquí Grande","display_name":"Chiriquí Grande, Bocas del Toro, Panamá","address":{"town":"Chiriquí Grande","county":"Chiriquí Grande","state":"Bocas del Toro","ISO3166-2-lvl4":"PA-1","country":"Panamá","country_code":"pa"},"population":1606,"osm_type":"node","osm_id":5555033801,"type":"town","location":[-82.1180774,8.9482907],"bbox":[-82.1580774,8.9082907,-82.0780774,8.9882907],"border":[{"name":"Chiriquí Grande","other_names":{"name:es":"Chiriquí Grande","alt_name":"Distrito de Chiriquí Grande"},"display_name":"Chiriquí Grande, Bocas del Toro, Panamá","address":{"county":"Chiriquí Grande","state":"Bocas del Toro","ISO3166-2-lvl4":"PA-1","country":"Panamá","country_code":"pa"},"population":12495,"osm_type":"relation","osm_id":8394839,"type":"administrative","location":[-82.2601789182363,9.00369545],"bbox":[-82.3492395,8.8527557,-82.0046398,9.1545977]},{"name":"Chiriquí Grande","other_names":{"name:es":"Chiriquí Grande","alt_name":"Corregimiento Chiriquí Grande"},"display_name":"Chiriquí Grande, Bocas del Toro, Panamá","address":{"town":"Chiriquí Grande","county":"Chiriquí Grande","state":"Bocas del Toro","ISO3166-2-lvl4":"PA-1","country":"Panamá","country_code":"pa"},"population":3891,"osm_type":"relation","osm_id":9131570,"type":"administrative","location":[-82.1180774,8.9482907],"bbox":[-82.1744731,8.8919648,-82.0046398,8.9877296]}]}
{"name":"Chiriquí","display_name":"Chiriquí, David, Chiriquí, Panamá","address":{"town":"Chiriquí","county":"David","state":"Chiriquí","ISO3166-2-lvl4":"PA-4","country":"Panamá","country_code":"pa"},"population":2429,"osm_type":"node","osm_id":2417423533,"type":"town","location":[-82.3223443,8.3971129],"bbox":[-82.3623443,8.3571129,-82.2823443,8.4371129],"border":{"name":"Chiriquí","other_names":{"name:es":"Chiriquí","alt_name":"Corregimiento de Chiriquí"},"display_name":"Chiriquí, David, Chiriquí, Panamá","address":{"town":"Chiriquí","county":"David","state":"Chiriquí","ISO3166-2-lvl4":"PA-4","country":"Panamá","country_code":"pa"},"population":4269,"osm_type":"relation","osm_id":8406812,"type":"administrative","location":[-82.3223443,8.3971129],"bbox":[-82.3977456,8.2679427,-82.2053827,8.4417402]}}
{"name":"ciudad pequeña","display_name":"ciudad pequeña, La Chorrera, Panamá Oeste, Panamá","address":{"town":"ciudad pequeña","county":"La Chorrera","state":"Panamá Oeste","ISO3166-2-lvl4":"PA-10","country":"Panamá","country_code":"pa"},"osm_type":"way","osm_id":412554028,"type":"town","location":[-79.76321957279737,8.86898325],"bbox":[-79.7635149,8.8687136,-79.7628993,8.8692529]}
{"name":"Coclesito","display_name":"Coclesito, Omar Torrijos Herrera, Colón, Panamá","address":{"town":"Coclesito","county":"Omar Torrijos Herrera","state":"Colón","ISO3166-2-lvl4":"PA-3","country":"Panamá","country_code":"pa"},"population":863,"osm_type":"node","osm_id":5732585703,"type":"town","location":[-80.5556804,8.8098818],"bbox":[-80.5956804,8.7698818,-80.5156804,8.8498818]}
{"name":"Comunidad Caledonia-Goedup","display_name":"Comunidad Caledonia-Goedup, Guna Yala, Panamá","address":{"town":"Comunidad Caledonia-Goedup","state":"Guna Yala","ISO3166-2-lvl4":"PA-KY","country":"Panamá","country_code":"pa"},"osm_type":"way","osm_id":928975523,"type":"town","location":[-77.6955024791223,8.9021529],"bbox":[-77.6980206,8.9009498,-77.6941046,8.9052533]}
{"name":"Coronado","display_name":"Coronado, Chame, Panamá Oeste, Panamá","address":{"town":"Coronado","county":"Chame","state":"Panamá Oeste","ISO3166-2-lvl4":"PA-10","country":"Panamá","country_code":"pa"},"osm_type":"node","osm_id":1600688717,"type":"town","location":[-79.8952709,8.5338496],"bbox":[-79.9352709,8.4938496,-79.8552709,8.5738496]}
{"name":"Dolega","display_name":"Dolega, Chiriquí, Panamá","address":{"town":"Dolega","county":"Dolega","state":"Chiriquí","ISO3166-2-lvl4":"PA-4","country":"Panamá","country_code":"pa"},"population":2425,"osm_type":"node","osm_id":5706150348,"type":"town","location":[-82.4131131,8.5648028],"bbox":[-82.4531131,8.5248028,-82.3731131,8.6048028],"border":[{"name":"Dolega","other_names":{"name:es":"Dolega","alt_name":"Distrito de Dolega"},"display_name":"Dolega, Chiriquí, Panamá","address":{"county":"Dolega","state":"Chiriquí","ISO3166-2-lvl4":"PA-4","country":"Panamá","country_code":"pa"},"osm_type":"relation","osm_id":8398180,"type":"administrative","location":[-82.47485247515922,8.62547315],"bbox":[-82.5595862,8.4735881,-82.3652972,8.7773665]},{"name":"Dolega","display_name":"Dolega, Chiriquí, Panamá","address":{"town":"Dolega","county":"Dolega","state":"Chiriquí","ISO3166-2-lvl4":"PA-4","country":"Panamá","country_code":"pa"},"population":4074,"osm_type":"relation","osm_id":10919733,"type":"administrative","location":[-82.4131131,8.5648028],"bbox":[-82.4732357,8.5141531,-82.3903518,8.6176249]}]}
{"name":"El Palmar","display_name":"El Palmar, Barú, Chiriquí, Panamá","address":{"town":"El Palmar","county":"Barú","state":"Chiriquí","ISO3166-2-lvl4":"PA-4","country":"Panamá","country_code":"pa"},"population":4536,"osm_type":"node","osm_id":2324564899,"type":"town","location":[-82.8380678,8.3044401],"bbox":[-82.8780678,8.2644401,-82.7980678,8.3444401],"border":{"name":"El Palmar","display_name":"El Palmar, Barú, Chiriquí, Panamá","address":{"town":"El Palmar","county":"Barú","state":"Chiriquí","ISO3166-2-lvl4":"PA-4","country":"Panamá","country_code":"pa"},"population":4536,"osm_type":"relation","osm_id":17026980,"type":"administrative","location":[-82.8380678,8.3044401],"bbox":[-83.0518594,8.2835114,-82.8090635,8.359374]}}
{"name":"El Valle","other_names":{"official_name":"El Valle de Antón"},"display_name":"El Valle, Antón, Coclé, Panamá","address":{"town":"El Valle","county":"Antón","state":"Coclé","ISO3166-2-lvl4":"PA-2","country":"Panamá","country_code":"pa"},"osm_type":"node","osm_id":8112758966,"type":"town","location":[-80.1216077,8.6025106],"bbox":[-80.1616077,8.5625106,-80.0816077,8.6425106],"border":{"name":"El Valle","other_names":{"name:es":"El Valle","official_name":"El Valle de Antón"},"display_name":"El Valle, Antón, Coclé, 0212, Panamá","address":{"town":"El Valle","county":"Antón","state":"Coclé","ISO3166-2-lvl4":"PA-2","postcode":"0212","country":"Panamá","country_code":"pa"},"osm_type":"relation","osm_id":9360209,"type":"administrative","location":[-80.1216077,8.6025106],"bbox":[-80.1636315,8.5813608,-80.1015878,8.6573825]}}
{"name":"Finca Blanco","display_name":"Finca Blanco, Rodolfo Aguilar Delgado, Barú, Chiriquí, Panamá","address":{"village":"Finca Blanco","city":"Rodolfo Aguilar Delgado","county":"Barú","state":"Chiriquí","ISO3166-2-lvl4":"PA-4","country":"Panamá","country_code":"pa"},"population":1063,"osm_type":"way","osm_id":121042035,"type":"town","location":[-82.8723514,8.3821824],"bbox":[-82.8791903,8.3799862,-82.8719287,8.3875136]}
{"name":"Garachiné","display_name":"Garachiné, Chepigana, Darién, Panamá","address":{"town":"Garachiné","county":"Chepigana","state":"Darién","ISO3166-2-lvl4":"PA-5","country":"Panamá","country_code":"pa"},"osm_type":"node","osm_id":893151995,"type":"town","location":[-78.3654038,8.0656535],"bbox":[-78.4054038,8.0256535,-78.3254038,8.1056535],"border":{"name":"Garachiné","other_names":{"name:es":"Garachiné","official_name":"Corregimiento Garachiné"},"display_name":"Garachiné, Chepigana, Darién, Panamá","address":{"town":"Garachiné","county":"Chepigana","state":"Darién","ISO3166-2-lvl4":"PA-5","country":"Panamá","country_code":"pa"},"osm_type":"relation","osm_id":11303522,"type":"administrative","location":[-78.3654038,8.0656535],"bbox":[-78.4372707,7.9353266,-78.2389219,8.107991]}}
{"name":"Gardi Dubbir","other_names":{"name:es":"Gardi Dubbir","alt_name":"Cartí Dubbir"},"display_name":"Gardi Dubbir, Narganá, Guna Yala, Panamá","address":{"town":"Gardi Dubbir","village":"Narganá","state":"Guna Yala","ISO3166-2-lvl4":"PA-KY","country":"Panamá","country_code":"pa"},"osm_type":"relation","osm_id":11485643,"type":"town","location":[-78.96059377071666,9.4765333],"bbox":[-78.9615928,9.4758015,-78.9593718,9.477267]}
{"name":"Gardi Muladub","display_name":"Gardi Muladub, Narganá, Guna Yala, Panamá","address":{"town":"Gardi Muladub","village":"Narganá","state":"Guna Yala","ISO3166-2-lvl4":"PA-KY","country":"Panamá","country_code":"pa"},"population":500,"osm_type":"relation","osm_id":11485639,"type":"town","location":[-78.94946079901558,9.46769775],"bbox":[-78.9500847,9.4667616,-78.9485829,9.4686912]}
{"name":"Gardi Sugdub","other_names":{"name:es":"Gardi Sugdub","alt_name":"Cartí Sugdub"},"display_name":"Gardi Sugdub, Narganá, Guna Yala, Panamá","address":{"town":"Gardi Sugdub","village":"Narganá","state":"Guna Yala","ISO3166-2-lvl4":"PA-KY","country":"Panamá","country_code":"pa"},"osm_type":"relation","osm_id":11485640,"type":"town","location":[-78.96102331091069,9.470658149999998],"bbox":[-78.9622663,9.4698569,-78.9597237,9.4716008]}
{"name":"Gardi Yandub","other_names":{"name:es":"Gardi Yandub","alt_name":"Cartí Yandub"},"display_name":"Gardi Yandub, Narganá, Guna Yala, Panamá","address":{"town":"Gardi Yandub","village":"Narganá","state":"Guna Yala","ISO3166-2-lvl4":"PA-KY","country":"Panamá","country_code":"pa"},"osm_type":"relation","osm_id":11485642,"type":"town","location":[-78.96251168256097,9.474692399999999],"bbox":[-78.9633659,9.4739074,-78.9618924,9.475481]}
{"name":"Gualaca","display_name":"Gualaca, Chiriquí, Panamá","address":{"town":"Gualaca","county":"Gualaca","state":"Chiriquí","ISO3166-2-lvl4":"PA-4","country":"Panamá","country_code":"pa"},"population":3453,"osm_type":"node","osm_id":1068268546,"type":"town","location":[-82.299376,8.5314057],"bbox":[-82.339376,8.4914057,-82.259376,8.5714057],"border":[{"name":"Gualaca","other_names":{"name:es":"Gualaca","alt_name":"Distrito de Gualaca"},"display_name":"Gualaca, Chiriquí, Panamá","address":{"county":"Gualaca","state":"Chiriquí","ISO3166-2-lvl4":"PA-4","country":"Panamá","country_code":"pa"},"population":9750,"osm_type":"relation","osm_id":8403218,"type":"administrative","location":[-82.24925357961848,8.606721799999999],"bbox":[-82.3605344,8.4262514,-82.1248326,8.78718]},{"name":"Gualaca","other_names":{"name:es":"Gualaca","alt_name":"Gualaca (cabecera)"},"display_name":"Gualaca, Chiriquí, Panamá","address":{"town":"Gualaca","county":"Gualaca","state":"Chiriquí","ISO3166-2-lvl4":"PA-4","country":"Panamá","country_code":"pa"},"population":5605,"osm_type":"relation","osm_id":8488609,"type":"administrative","location":[-82.299376,8.5314057],"bbox":[-82.3417675,8.4588937,-82.1490253,8.6551533]}]}
{"name":"Guararé","display_name":"Guararé, Los Santos, Panamá","address":{"town":"Guararé","county":"Guararé","state":"Los Santos","ISO3166-2-lvl4":"PA-7","country":"Panamá","country_code":"pa"},"osm_type":"node","osm_id":3165595961,"type":"town","location":[-80.2813414,7.8206627],"bbox":[-80.3213414,7.7806627,-80.2413414,7.8606627],"border":{"name":"Guararé","other_names":{"name:es":"Guararé","alt_name":"Distrito de Guararé"},"display_name":"Guararé, Los Santos, Panamá","address":{"county":"Guararé","state":"Los Santos","ISO3166-2-lvl4":"PA-7","country":"Panamá","country_code":"pa"},"osm_type":"relation","osm_id":8434804,"type":"administrative","location":[-80.37123898629419,7.77626295],"bbox":[-80.4385491,7.648191,-80.2433119,7.9043346]}}
{"name":"Guarumal","display_name":"Guarumal, Soná, Veraguas, Panamá","address":{"town":"Guarumal","county":"Soná","state":"Veraguas","ISO3166-2-lvl4":"PA-9","country":"Panamá","country_code":"pa"},"osm_type":"node","osm_id":7657081764,"type":"town","location":[-81.257844,7.7979935],"bbox":[-81.297844,7.7579935,-81.217844,7.8379935],"border":{"name":"Guarumal","display_name":"Guarumal, Soná, Veraguas, Panamá","address":{"town":"Guarumal","county":"Soná","state":"Veraguas","ISO3166-2-lvl4":"PA-9","country":"Panamá","country_code":"pa"},"osm_type":"relation","osm_id":14451134,"type":"administrative","location":[-81.257844,7.7979935],"bbox":[-81.4332819,7.7082026,-81.1622393,7.8852323]}}
{"name":"Hato Pilón","other_names":{"alt_name":"Hato Pilón (p)","name:gym":"Kaninbotdä"},"display_name":"Hato Pilón, Kaninbotdä, Mironó, Ngäbe-Buglé, Panamá","address":{"town":"Hato Pilón","county":"Mironó","state":"Ngäbe-Buglé","ISO3166-2-lvl4":"PA-NB","country":"Panamá","country_code":"pa"},"population":693,"osm_type":"node","osm_id":2482799854,"type":"town","location":[-81.8716444,8.4027588],"bbox":[-81.9116444,8.3627588,-81.8316444,8.4427588],"border":{"name":"Kaninbotdä","other_names":{"name:es":"Hato Pilón","name:gym":"Kaninbotdä","official_name":"Corregimiento de Hato Pilón","alt_name":"Hato Pilón (p)","official_name:es":"Corregimiento de Hato Pilón","alt":"Hato Pilón"},"display_name":"Kaninbotdä, Mironó, Ngäbe-Buglé, Panamá","address":{"town":"Kaninbotdä","county":"Mironó","state":"Ngäbe-Buglé","ISO3166-2-lvl4":"PA-NB","country":"Panamá","country_code":"pa"},"population":3794,"osm_type":"relation","osm_id":11313176,"type":"administrative","location":[-81.8716444,8.4027588],"bbox":[-81.8737328,8.3452313,-81.8024061,8.4276518]}}
{"name":"Horconcitos","display_name":"Horconcitos, San Lorenzo, Chiriquí, Panamá","address":{"town":"Horconcitos","county":"San Lorenzo","state":"Chiriquí","ISO3166-2-lvl4":"PA-4","country":"Panamá","country_code":"pa"},"population":996,"osm_type":"node","osm_id":2482799867,"type":"town","location":[-82.1575274,8.3142926],"bbox":[-82.1975274,8.2742926,-82.1175274,8.3542926],"border":{"name":"Horconcitos","display_name":"Horconcitos, San Lorenzo, Chiriquí, Panamá","address":{"town":"Horconcitos","county":"San Lorenzo","state":"Chiriquí","ISO3166-2-lvl4":"PA-4","country":"Panamá","country_code":"pa"},"population":996,"osm_type":"relation","osm_id":8779328,"type":"administrative","location":[-82.1575274,8.3142926],"bbox":[-82.26473,8.2297437,-82.1061425,8.3449572]}}
{"name":"Jaramillo","display_name":"Jaramillo, Boquete, Chiriquí, Panamá","address":{"town":"Jaramillo","county":"Boquete","state":"Chiriquí","ISO3166-2-lvl4":"PA-4","country":"Panamá","country_code":"pa"},"osm_type":"node","osm_id":6131216751,"type":"town","location":[-82.4177585,8.7667426],"bbox":[-82.4577585,8.7267426,-82.3777585,8.8067426],"border":{"name":"Jaramillo","display_name":"Jaramillo, Boquete, Chiriquí, Panamá","address":{"town":"Jaramillo","county":"Boquete","state":"Chiriquí","ISO3166-2-lvl4":"PA-4","country":"Panamá","country_code":"pa"},"osm_type":"relation","osm_id":9065550,"type":"administrative","location":[-82.4177585,8.7667426],"bbox":[-82.4319051,8.7113791,-82.3193258,8.8237388]}}
{"name":"kangandí","display_name":"kangandí, Narganá, Gaigirgordub, Guna Yala, Panamá","address":{"town":"kangandí","village":"Narganá","state":"Guna Yala","ISO3166-2-lvl4":"PA-KY","country":"Panamá","country_code":"pa"},"osm_type":"way","osm_id":932103565,"type":"town","location":[-79.11034301695392,9.436067699999999],"bbox":[-79.1127813,9.4352426,-79.1082654,9.4377442]}
{"name":"Kusapín","other_names":{"name:gym":"Saborikäte","old_name":"Cusapín"},"display_name":"Kusapín, Saborikäte, Kusapín, Ngäbe-Buglé, Panamá","address":{"town":"Kusapín","county":"Kusapín","state":"Ngäbe-Buglé","ISO3166-2-lvl4":"PA-NB","country":"Panamá","country_code":"pa"},"population":3638,"osm_type":"node","osm_id":5769010883,"type":"town","location":[-81.8868018,9.1808396],"bbox":[-81.9268018,9.1408396,-81.8468018,9.2208396],"border":[{"name":"Kusapín","other_names":{"name:en":"Kusapín District","name:es":"Kusapín","alt_name":"Distrito de Kusapín","name:gym":"Saborikäte"},"display_name":"Kusapín, Ngäbe-Buglé, Panamá","address":{"county":"Kusapín","state":"Ngäbe-Buglé","ISO3166-2-lvl4":"PA-NB","country":"Panamá","country_code":"pa"},"population":17047,"osm_type":"relation","osm_id":8467991,"type":"administrative","location":[-81.68457121225939,8.88959165],"bbox":[-81.9474265,8.5886932,-81.4995857,9.1861958]},{"name":"Saborikäte","other_names":{"name:es":"Kusapín","name:gym":"Saborikäte","official_name":"Corregimiento de Kusapín / Saborikäte","old_name":"Cusapín","official_name:es":"Corregimiento de Kusapín","alt":"Kusapín"},"display_name":"Saborikäte, Kusapín, Ngäbe-Buglé, Panamá","address":{"town":"Saborikäte","county":"Kusapín","state":"Ngäbe-Buglé","ISO3166-2-lvl4":"PA-NB","country":"Panamá","country_code":"pa"},"population":3631,"osm_type":"relation","osm_id":15716377,"type":"administrative","location":[-81.8868018,9.1808396],"bbox":[-81.9298142,9.1230929,-81.8005729,9.1940389]}]}
{"name":"La Concepción","display_name":"La Concepción, Bugaba, Chiriquí, Panamá","address":{"town":"La Concepción","county":"Bugaba","state":"Chiriquí","ISO3166-2-lvl4":"PA-4","country":"Panamá","country_code":"pa"},"population":17698,"osm_type":"node","osm_id":5698510429,"type":"town","location":[-82.623702,8.5189164],"bbox":[-82.663702,8.4789164,-82.583702,8.5589164],"border":{"name":"La Concepción","display_name":"La Concepción, Bugaba, Chiriquí, Panamá","address":{"town":"La Concepción","county":"Bugaba","state":"Chiriquí","ISO3166-2-lvl4":"PA-4","country":"Panamá","country_code":"pa"},"population":21356,"osm_type":"relation","osm_id":8453982,"type":"administrative","location":[-82.623702,8.5189164],"bbox":[-82.66387,8.4887461,-82.6127917,8.6684064]}}
{"name":"La Mesa","display_name":"La Mesa, Veraguas, Panamá","address":{"town":"La Mesa","county":"La Mesa","state":"Veraguas","ISO3166-2-lvl4":"PA-9","country":"Panamá","country_code":"pa"},"osm_type":"node","osm_id":1543284828,"type":"town","location":[-81.1827424,8.1481307],"bbox":[-81.2227424,8.1081307,-81.1427424,8.1881307],"border":{"name":"La Mesa","other_names":{"name:es":"La Mesa","alt_name":"Distrito de La Mesa"},"display_name":"La Mesa, Veraguas, Panamá","address":{"county":"La Mesa","state":"Veraguas","ISO3166-2-lvl4":"PA-9","country":"Panamá","country_code":"pa"},"osm_type":"relation","osm_id":8465805,"type":"administrative","location":[-81.23098060408148,8.15186445],"bbox":[-81.3911694,8.0408825,-81.0841098,8.2628793]}}
{"name":"La Palma","other_names":{"name:hu":"La Palma","name:ru":"Ла-Пальма"},"display_name":"La Palma, Chepigana, Darién, Panamá","address":{"town":"La Palma","county":"Chepigana","state":"Darién","ISO3166-2-lvl4":"PA-5","country":"Panamá","country_code":"pa"},"osm_type":"node","osm_id":465591876,"type":"town","location":[-78.141242,8.4038183],"bbox":[-78.181242,8.3638183,-78.101242,8.4438183],"border":{"name":"La Palma","other_names":{"name:es":"La Palma","official_name":"Corregimiento La Palma","name:hu":"La Palma","name:ru":"Ла-Пальма"},"display_name":"La Palma, Chepigana, Darién, Panamá","address":{"town":"La Palma","county":"Chepigana","state":"Darién","ISO3166-2-lvl4":"PA-5","country":"Panamá","country_code":"pa"},"osm_type":"relation","osm_id":11304732,"type":"administrative","location":[-78.141242,8.4038183],"bbox":[-78.3131138,7.9821382,-78.079432,8.5621832]}}
{"name":"La Pintada","display_name":"La Pintada, Coclé, Panamá","address":{"town":"La Pintada","county":"La Pintada","state":"Coclé","ISO3166-2-lvl4":"PA-2","country":"Panamá","country_code":"pa"},"osm_type":"node","osm_id":5421692144,"type":"town","location":[-80.4464658,8.5959659],"bbox":[-80.4864658,8.5559659,-80.4064658,8.6359659],"border":[{"name":"La Pintada","other_names":{"name:es":"La Pintada","alt_name":"Distrito de La Pintada"},"display_name":"La Pintada, Coclé, Panamá","address":{"county":"La Pintada","state":"Coclé","ISO3166-2-lvl4":"PA-2","country":"Panamá","country_code":"pa"},"osm_type":"relation","osm_id":8434415,"type":"administrative","location":[-80.56751178681893,8.7154629],"bbox":[-80.7528805,8.4876881,-80.3810627,8.9419242]},{"name":"La Pintada","display_name":"La Pintada, Coclé, Panamá","address":{"town":"La Pintada","county":"La Pintada","state":"Coclé","ISO3166-2-lvl4":"PA-2","country":"Panamá","country_code":"pa"},"osm_type":"relation","osm_id":9360208,"type":"administrative","location":[-80.4464658,8.5959659],"bbox":[-80.5134775,8.5129125,-80.4029955,8.6290547]}]}
{"name":"La Villa de Los Santos","other_names":{"name:es":"La Villa de Los Santos","name:zh":"拉维利亚德洛斯桑托斯","name:zh-Hans":"拉维利亚德洛斯桑托斯","name:zh-Hant":"拉維利亞德洛斯桑托斯"},"display_name":"La Villa de Los Santos, Los Santos, 6040, Panamá","address":{"town":"La Villa de Los Santos","county":"Los Santos","state":"Los Santos","ISO3166-2-lvl4":"PA-7","postcode":"6040","country":"Panamá","country_code":"pa"},"osm_type":"node","osm_id":3177891461,"type":"town","location":[-80.4150053,7.9378268],"bbox":[-80.4550053,7.8978268,-80.3750053,7.9778268]}
{"name":"Las Lajas","display_name":"Las Lajas, San Félix, Chiriquí, Panamá","address":{"town":"Las Lajas","county":"San Félix","state":"Chiriquí","ISO3166-2-lvl4":"PA-4","country":"Panamá","country_code":"pa"},"population":1012,"osm_type":"node","osm_id":2482799947,"type":"town","location":[-81.8703131,8.2448768],"bbox":[-81.9103131,8.2048768,-81.8303131,8.2848768],"border":{"name":"Las Lajas","other_names":{"name:es":"Las Lajas","alt_name":"Las Lajas Cabecera"},"display_name":"Las Lajas, San Félix, Chiriquí, Panamá","address":{"town":"Las Lajas","county":"San Félix","state":"Chiriquí","ISO3166-2-lvl4":"PA-4","country":"Panamá","country_code":"pa"},"population":1521,"osm_type":"relation","osm_id":8434080,"type":"administrative","location":[-81.8703131,8.2448768],"bbox":[-81.913659,8.1612588,-81.8239001,8.2559301]}}
{"name":"Las Lomas","other_names":{"alt_name":"Llano del Medio"},"display_name":"Las Lomas, David, Chiriquí, Panamá","address":{"town":"Las Lomas","county":"David","state":"Chiriquí","ISO3166-2-lvl4":"PA-4","country":"Panamá","country_code":"pa"},"population":14599,"osm_type":"node","osm_id":5834394575,"type":"town","location":[-82.3923526,8.4322112],"bbox":[-82.4323526,8.3922112,-82.3523526,8.4722112],"border":{"name":"Las Lomas","other_names":{"name:es":"Las Lomas","alt_name":"Llano del Medio"},"display_name":"Las Lomas, David, Chiriquí, Panamá","address":{"town":"Las Lomas","county":"David","state":"Chiriquí","ISO3166-2-lvl4":"PA-4","country":"Panamá","country_code":"pa"},"population":18769,"osm_type":"relation","osm_id":8406810,"type":"administrative","location":[-82.3923526,8.4322112],"bbox":[-82.4147802,8.3738913,-82.3134206,8.5095359]}}
{"name":"Las Minas","display_name":"Las Minas, Herrera, Panamá","address":{"town":"Las Minas","county":"Las Minas","state":"Herrera","ISO3166-2-lvl4":"PA-6","country":"Panamá","country_code":"pa"},"osm_type":"node","osm_id":2168161279,"type":"town","location":[-80.74523,7.8001003],"bbox":[-80.78523,7.7601003,-80.70523,7.8401003],"border":{"name":"Las Minas","other_names":{"name:es":"Las Minas","alt_name":"Distrito de Las Minas"},"display_name":"Las Minas, Herrera, Panamá","address":{"county":"Las Minas","state":"Herrera","ISO3166-2-lvl4":"PA-6","country":"Panamá","country_code":"pa"},"osm_type":"relation","osm_id":8450390,"type":"administrative","location":[-80.80660719473099,7.72585185],"bbox":[-80.9610985,7.5707099,-80.6866469,7.8664908]}}
{"name":"Los Algarrobos","other_names":{"name:es":"Los Algarrobos","loc_name":"Los Algarrobos Abajo"},"display_name":"Los Algarrobos, Los Agarrobos, Dolega, Chiriquí, Panamá","address":{"town":"Los Algarrobos","city":"Los Agarrobos","county":"Dolega","state":"Chiriquí","ISO3166-2-lvl4":"PA-4","country":"Panamá","country_code":"pa"},"population":4160,"osm_type":"node","osm_id":5893350722,"type":"town","location":[-82.4259455,8.495188],"bbox":[-82.4659455,8.455188,-82.3859455,8.535188]}
{"name":"Los Pozos","display_name":"Los Pozos, Herrera, Panamá","address":{"town":"Los Pozos","county":"Los Pozos","state":"Herrera","ISO3166-2-lvl4":"PA-6","country":"Panamá","country_code":"pa"},"osm_type":"node","osm_id":5759436180,"type":"town","location":[-80.6453795,7.7885566],"bbox":[-80.6853795,7.7485566,-80.6053795,7.8285566],"border":{"name":"Los Pozos","other_names":{"name:es":"Los Pozos","alt_name":"Distrito de Los Pozos"},"display_name":"Los Pozos, Herrera, Panamá","address":{"county":"Los Pozos","state":"Herrera","ISO3166-2-lvl4":"PA-6","country":"Panamá","country_code":"pa"},"osm_type":"relation","osm_id":8449954,"type":"administrative","location":[-80.64492688468123,7.6922734],"bbox":[-80.7810921,7.5402928,-80.5568158,7.8437019]}}
{"name":"Macaracas","display_name":"Macaracas, Los Santos, Panamá","address":{"town":"Macaracas","county":"Macaracas","state":"Los Santos","ISO3166-2-lvl4":"PA-7","country":"Panamá","country_code":"pa"},"osm_type":"node","osm_id":3168135067,"type":"town","location":[-80.5520517,7.7317577],"bbox":[-80.5920517,7.6917577,-80.5120517,7.7717577],"border":{"name":"Macaracas","other_names":{"name:es":"Macaracas","alt_name":"Distrito de Macaracas"},"display_name":"Macaracas, Los Santos, Panamá","address":{"county":"Macaracas","state":"Los Santos","ISO3166-2-lvl4":"PA-7","country":"Panamá","country_code":"pa"},"osm_type":"relation","osm_id":8435463,"type":"administrative","location":[-80.50934477977283,7.6784552],"bbox":[-80.7196473,7.5403027,-80.4141037,7.8165273]}}
{"name":"Mandi Yala","display_name":"Mandi Yala, Gaigirgordub, Guna Yala, Panamá","address":{"town":"Mandi Yala","state":"Guna Yala","ISO3166-2-lvl4":"PA-KY","country":"Panamá","country_code":"pa"},"osm_type":"node","osm_id":7797612480,"type":"town","location":[-79.1436351,9.4327298],"bbox":[-79.1836351,9.3927298,-79.1036351,9.4727298]}
{"name":"Mariato","other_names":{"name:es":"Mariato","loc_name":"Mariato","official_name":"Llano Catival"},"display_name":"Mariato, Veraguas, Panamá","address":{"town":"Mariato","county":"Mariato","state":"Veraguas","ISO3166-2-lvl4":"PA-9","country":"Panamá","country_code":"pa"},"osm_type":"node","osm_id":2216766383,"type":"town","location":[-80.9908756,7.6478561],"bbox":[-81.0308756,7.6078561,-80.9508756,7.6878561],"border":{"name":"Mariato","other_names":{"name:es":"Mariato","alt_name":"Distrito de Mariato"},"display_name":"Mariato, Veraguas, Panamá","address":{"county":"Mariato","state":"Veraguas","ISO3166-2-lvl4":"PA-9","country":"Panamá","country_code":"pa"},"osm_type":"relation","osm_id":8450641,"type":"administrative","location":[-80.83215042877369,7.479207000000001],"bbox":[-81.0518713,7.2035564,-80.611867,7.7547271]}}
{"name":"Montijo","display_name":"Montijo, Veraguas, Panamá","address":{"town":"Montijo","county":"Montijo","state":"Veraguas","ISO3166-2-lvl4":"PA-9","country":"Panamá","country_code":"pa"},"osm_type":"node","osm_id":5762580300,"type":"town","location":[-81.0545459,7.993222],"bbox":[-81.0945459,7.953222,-81.0145459,8.033222],"border":{"name":"Montijo","other_names":{"name:es":"Montijo","alt_name":"Distrito de Montijo"},"display_name":"Montijo, Veraguas, Panamá","address":{"county":"Montijo","state":"Veraguas","ISO3166-2-lvl4":"PA-9","country":"Panamá","country_code":"pa"},"osm_type":"relation","osm_id":8450653,"type":"administrative","location":[-81.7959155491838,7.4834265],"bbox":[-81.891827,7.203623,-81.0040389,8.0609293]}}
{"name":"Mormagedub (Isla Maquina)","display_name":"Mormagedub (Isla Maquina), Guna Yala, Panamá","address":{"town":"Mormagedub (Isla Maquina)","state":"Guna Yala","ISO3166-2-lvl4":"PA-KY","country":"Panamá","country_code":"pa"},"population":500,"osm_type":"node","osm_id":8640559867,"type":"town","location":[-78.8532148,9.4536596],"bbox":[-78.8932148,9.4136596,-78.8132148,9.4936596]}
{"name":"Nalunega","display_name":"Nalunega, Gaigirgordub, Guna Yala, Panamá","address":{"town":"Nalunega","state":"Guna Yala","ISO3166-2-lvl4":"PA-KY","country":"Panamá","country_code":"pa"},"population":800,"osm_type":"node","osm_id":4289547753,"type":"town","location":[-78.9551953,9.5502795],"bbox":[-78.9951953,9.5102795,-78.9151953,9.5902795],"border":{"name":"Gaigirgordub","other_names":{"name:es":"Gaigirgordub","alt_name":"Distrito de Gaigirgordub","short_name":"El Porvenir","alt":"Nalunega"},"display_name":"Gaigirgordub, Guna Yala, Panamá","address":{"town":"Gaigirgordub","state":"Guna Yala","ISO3166-2-lvl4":"PA-KY","country":"Panamá","country_code":"pa"},"population":800,"osm_type":"relation","osm_id":9341674,"type":"administrative","location":[-78.9551953,9.5502795],"bbox":[-79.2793561,8.5559419,-77.3640679,9.5673747]}}
{"name":"Natá","display_name":"Natá, Coclé, Panamá","address":{"town":"Natá","county":"Natá","state":"Coclé","ISO3166-2-lvl4":"PA-2","country":"Panamá","country_code":"pa"},"osm_type":"node","osm_id":5422413081,"type":"town","location":[-80.5177076,8.3369496],"bbox":[-80.5577076,8.2969496,-80.4777076,8.3769496],"border":[{"name":"Natá","display_name":"Natá, Coclé, Panamá","address":{"town":"Natá","county":"Natá","state":"Coclé","ISO3166-2-lvl4":"PA-2","country":"Panamá","country_code":"pa"},"osm_type":"way","osm_id":550168271,"type":"town","location":[-80.51917154696338,8.339701349999999],"bbox":[-80.5369271,8.3294093,-80.5109673,8.3496154]},{"name":"Natá","other_names":{"name:es":"Natá","alt_name":"Distrito de Natá"},"display_name":"Natá, Coclé, Panamá","address":{"county":"Natá","state":"Coclé","ISO3166-2-lvl4":"PA-2","country":"Panamá","country_code":"pa"},"osm_type":"relation","osm_id":8434006,"type":"administrative","location":[-80.54518401258701,8.40378645],"bbox":[-80.836086,8.2171183,-80.3860939,8.5904522]},{"name":"Natá","display_name":"Natá, Coclé, Panamá","address":{"town":"Natá","county":"Natá","state":"Coclé","ISO3166-2-lvl4":"PA-2","country":"Panamá","country_code":"pa"},"osm_type":"relation","osm_id":9364702,"type":"administrative","location":[-80.5177076,8.3369496],"bbox":[-80.5717622,8.2171183,-80.3860939,8.3946967]}]}
{"name":"Nueva California","display_name":"Nueva California, Tierras Altas, Chiriquí, Panamá","address":{"town":"Nueva California","county":"Tierras Altas","state":"Chiriquí","ISO3166-2-lvl4":"PA-4","country":"Panamá","country_code":"pa"},"osm_type":"node","osm_id":2417423659,"type":"town","location":[-82.6482015,8.7877094],"bbox":[-82.6882015,8.7477094,-82.6082015,8.8277094],"border":{"name":"Nueva California","display_name":"Nueva California, Tierras Altas, Chiriquí, Panamá","address":{"town":"Nueva California","county":"Tierras Altas","state":"Chiriquí","ISO3166-2-lvl4":"PA-4","country":"Panamá","country_code":"pa"},"osm_type":"relation","osm_id":8465735,"type":"administrative","location":[-82.6482015,8.7877094],"bbox":[-82.7416443,8.7763477,-82.6253095,8.9149276]}}
{"name":"Nuevo Arraiján","other_names":{"name:es":"Nuevo Arraiján","name:zh":"新阿赖汉","name:zh-Hans":"新阿赖汉","name:zh-Hant":"新阿賴漢"},"display_name":"Nuevo Arraiján, Arraiján, Panamá Oeste, Panamá","address":{"town":"Nuevo Arraiján","county":"Arraiján","state":"Panamá Oeste","ISO3166-2-lvl4":"PA-10","country":"Panamá","country_code":"pa"},"population":26298,"osm_type":"node","osm_id":4939108079,"type":"town","location":[-79.7211543,8.9260464],"bbox":[-79.7611543,8.8860464,-79.6811543,8.9660464]}
{"name":"Nuevo Sasardí-Mulatupu","display_name":"Nuevo Sasardí-Mulatupu, Guna Yala, Panamá","address":{"town":"Nuevo Sasardí-Mulatupu","state":"Guna Yala","ISO3166-2-lvl4":"PA-KY","country":"Panamá","country_code":"pa"},"osm_type":"node","osm_id":9067385866,"type":"town","location":[-77.7501959,8.947334],"bbox":[-77.7901959,8.907334,-77.7101959,8.987334]}
{"name":"Nusadub","display_name":"Nusadub, Guna Yala, Panamá","address":{"town":"Nusadub","state":"Guna Yala","ISO3166-2-lvl4":"PA-KY","country":"Panamá","country_code":"pa"},"osm_type":"node","osm_id":8640567228,"type":"town","location":[-78.8304753,9.4471292],"bbox":[-78.8704753,9.4071292,-78.7904753,9.4871292]}
{"name":"Ocú","other_names":{"name:es":"Ocú","name:zh":"奥库","name:zh-Hans":"奥库","name:zh-Hant":"奧庫"},"display_name":"Ocú, Herrera, Panamá","address":{"town":"Ocú","state":"Herrera","ISO3166-2-lvl4":"PA-6","country":"Panamá","country_code":"pa"},"osm_type":"node","osm_id":247101003,"type":"town","location":[-80.7762699,7.946295],"bbox":[-80.8162699,7.906295,-80.7362699,7.986295],"border":{"name":"Ocú","other_names":{"name:es":"Ocú","alt_name":"Distrito de Ocú","name:zh":"奥库","name:zh-Hans":"奥库","name:zh-Hant":"奧庫"},"display_name":"Ocú, Herrera, Panamá","address":{"town":"Ocú","state":"Herrera","ISO3166-2-lvl4":"PA-6","country":"Panamá","country_code":"pa"},"osm_type":"relation","osm_id":8450442,"type":"administrative","location":[-80.7762699,7.946295],"bbox":[-80.9636018,7.7661482,-80.6502943,8.0722119]}}
{"name":"Olá","display_name":"Olá, Coclé, Panamá","address":{"town":"Olá","county":"Olá","state":"Coclé","ISO3166-2-lvl4":"PA-2","country":"Panamá","country_code":"pa"},"osm_type":"node","osm_id":5421636177,"type":"town","location":[-80.65068,8.4205064],"bbox":[-80.69068,8.3805064,-80.61068,8.4605064],"border":[{"name":"Olá","other_names":{"name:es":"Olá","alt_name":"Distrito de Olá"},"display_name":"Olá, Coclé, Panamá","address":{"county":"Olá","state":"Coclé","ISO3166-2-lvl4":"PA-2","country":"Panamá","country_code":"pa"},"osm_type":"relation","osm_id":8434350,"type":"administrative","location":[-80.6642654092208,8.49838925],"bbox":[-80.7849247,8.367883,-80.562276,8.6289588]},{"name":"Olá","display_name":"Olá, Coclé, Panamá","address":{"town":"Olá","county":"Olá","state":"Coclé","ISO3166-2-lvl4":"PA-2","country":"Panamá","country_code":"pa"},"osm_type":"relation","osm_id":9363055,"type":"administrative","location":[-80.65068,8.4205064],"bbox":[-80.7059504,8.3885729,-80.6061746,8.5413004]}]}
{"name":"Pacora","display_name":"Pacora, Distrito de Panamá, Provincia de Panamá, Panamá","address":{"town":"Pacora","county":"Distrito de Panamá","state":"Provincia de Panamá","ISO3166-2-lvl4":"PA-8","country":"Panamá","country_code":"pa"},"population":52,"osm_type":"node","osm_id":931383178,"type":"town","location":[-79.2903667,9.0829832],"bbox":[-79.3303667,9.0429832,-79.2503667,9.1229832],"border":{"name":"Pacora","other_names":{"name:es":"Pacora","official_name":"Corregimiento Pacora"},"display_name":"Pacora, Distrito de Panamá, Provincia de Panamá, Panamá","address":{"town":"Pacora","county":"Distrito de Panamá","state":"Provincia de Panamá","ISO3166-2-lvl4":"PA-8","country":"Panamá","country_code":"pa"},"population":52,"osm_type":"relation","osm_id":11375677,"type":"administrative","location":[-79.2903667,9.0829832],"bbox":[-79.4008663,9.0187753,-79.2740575,9.2775382]}}
{"name":"Parita","other_names":{"name:es":"Parita","name:zh":"帕里塔","name:zh-Hans":"帕里塔","name:zh-Hant":"帕里塔"},"display_name":"Parita, Herrera, Panamá","address":{"town":"Parita","county":"Parita","state":"Herrera","ISO3166-2-lvl4":"PA-6","country":"Panamá","country_code":"pa"},"osm_type":"node","osm_id":5748054899,"type":"town","location":[-80.5200621,7.9971204],"bbox":[-80.5600621,7.9571204,-80.4800621,8.0371204],"border":{"name":"Parita","other_names":{"name:es":"Parita","alt_name":"Distrito de Parita"},"display_name":"Parita, Herrera, Panamá","address":{"county":"Parita","state":"Herrera","ISO3166-2-lvl4":"PA-6","country":"Panamá","country_code":"pa"},"osm_type":"relation","osm_id":8436377,"type":"administrative","location":[-80.57251383686634,8.03577855],"bbox":[-80.7191434,7.9474064,-80.4490984,8.1240259]}}
{"display_name":"Parita, Herrera, Panamá","address":{"county":"Parita","state":"Herrera","ISO3166-2-lvl4":"PA-6","country":"Panamá","country_code":"pa"},"osm_type":"way","osm_id":658764038,"type":"town","location":[-80.51884234701402,7.99804715],"bbox":[-80.5278921,7.9909751,-80.5138138,8.0053596]}
{"name":"Pedasí","display_name":"Pedasí, Los Santos, Panamá","address":{"town":"Pedasí","county":"Pedasí","state":"Los Santos","ISO3166-2-lvl4":"PA-7","country":"Panamá","country_code":"pa"},"osm_type":"node","osm_id":2371954175,"type":"town","location":[-80.0259726,7.5298888],"bbox":[-80.0659726,7.4898888,-79.9859726,7.5698888],"border":{"name":"Pedasí","other_names":{"name:es":"Pedasí","alt_name":"Distrito de Pedasí"},"display_name":"Pedasí, Los Santos, Panamá","address":{"county":"Pedasí","state":"Los Santos","ISO3166-2-lvl4":"PA-7","country":"Panamá","country_code":"pa"},"osm_type":"relation","osm_id":8435890,"type":"administrative","location":[-80.07009862075518,7.5314501499999995],"bbox":[-80.2598375,7.4113101,-79.9925612,7.651662]}}
{"name":"Pedregal","display_name":"Pedregal, Boquerón, Chiriquí, Panamá","address":{"town":"Pedregal","county":"Boquerón","state":"Chiriquí","ISO3166-2-lvl4":"PA-4","country":"Panamá","country_code":"pa"},"population":2134,"osm_type":"node","osm_id":2417387155,"type":"town","location":[-82.595806,8.4755395],"bbox":[-82.635806,8.4355395,-82.555806,8.5155395],"border":{"name":"Pedregal","display_name":"Pedregal, Boquerón, Chiriquí, Panamá","address":{"town":"Pedregal","county":"Boquerón","state":"Chiriquí","ISO3166-2-lvl4":"PA-4","country":"Panamá","country_code":"pa"},"population":2134,"osm_type":"relation","osm_id":8453992,"type":"administrative","location":[-82.595806,8.4755395],"bbox":[-82.62025,8.4488883,-82.5761787,8.5212921]}}
{"name":"Pedregal","display_name":"Pedregal, David, Chiriquí, Panamá","address":{"town":"Pedregal","county":"David","state":"Chiriquí","ISO3166-2-lvl4":"PA-4","country":"Panamá","country_code":"pa"},"population":17427,"osm_type":"node","osm_id":2417423678,"type":"town","location":[-82.4347489,8.3678082],"bbox":[-82.4747489,8.3278082,-82.3947489,8.4078082],"border":{"name":"Pedregal","display_name":"Pedregal, David, Chiriquí, Panamá","address":{"town":"Pedregal","county":"David","state":"Chiriquí","ISO3166-2-lvl4":"PA-4","country":"Panamá","country_code":"pa"},"population":17516,"osm_type":"relation","osm_id":8345159,"type":"administrative","location":[-82.4347489,8.3678082],"bbox":[-82.4653675,7.8605916,-82.2392294,8.3936134]}}
{"name":"Pesé","display_name":"Pesé, Herrera, Panamá","address":{"town":"Pesé","county":"Pesé","state":"Herrera","ISO3166-2-lvl4":"PA-6","country":"Panamá","country_code":"pa"},"population":2771,"osm_type":"node","osm_id":2060392048,"type":"town","location":[-80.614903,7.907781],"bbox":[-80.654903,7.867781,-80.574903,7.947781],"border":{"name":"Pesé","other_names":{"name:es":"Pesé","alt_name":"Distrito de Pesé"},"display_name":"Pesé, Herrera, Panamá","address":{"county":"Pesé","state":"Herrera","ISO3166-2-lvl4":"PA-6","country":"Panamá","country_code":"pa"},"osm_type":"relation","osm_id":8450026,"type":"administrative","location":[-80.62355319860691,7.892701],"bbox":[-80.7298305,7.8049315,-80.5000086,7.9807691]}}
{"name":"Pocrí","display_name":"Pocrí, Los Santos, Panamá","address":{"town":"Pocrí","county":"Pocrí","state":"Los Santos","ISO3166-2-lvl4":"PA-7","country":"Panamá","country_code":"pa"},"osm_type":"node","osm_id":2530911816,"type":"town","location":[-80.1186685,7.6605853],"bbox":[-80.1586685,7.6205853,-80.0786685,7.7005853],"border":{"name":"Pocrí","other_names":{"name:es":"Pocrí","alt_name":"Distrito de Pocrí"},"display_name":"Pocrí, Los Santos, Panamá","address":{"county":"Pocrí","state":"Los Santos","ISO3166-2-lvl4":"PA-7","country":"Panamá","country_code":"pa"},"osm_type":"relation","osm_id":8435754,"type":"administrative","location":[-80.14664878634369,7.639097],"bbox":[-80.2425827,7.5194909,-80.0678525,7.7587418]}}
{"name":"Portobelo","other_names":{"name:es":"Portobelo","name:lt":"Portobelas","name:ru":"Портобело","name:uk":"Портобело"},"display_name":"Portobelo, Colón, Panamá","address":{"town":"Portobelo","county":"Portobelo","state":"Colón","ISO3166-2-lvl4":"PA-3","country":"Panamá","country_code":"pa"},"osm_type":"node","osm_id":1291220309,"type":"town","location":[-79.6549259,9.5538162],"bbox":[-79.6949259,9.5138162,-79.6149259,9.5938162],"border":{"name":"Portobelo","other_names":{"name:es":"Portobelo","alt_name":"Distrito de Portobelo"},"display_name":"Portobelo, Colón, Panamá","address":{"county":"Portobelo","state":"Colón","ISO3166-2-lvl4":"PA-3","country":"Panamá","country_code":"pa"},"osm_type":"relation","osm_id":8420745,"type":"administrative","location":[-79.61041157871679,9.50043205],"bbox":[-79.8060823,9.3667043,-79.4991797,9.641172]}}
{"name":"Puerto Armuelles","other_names":{"name:en":"Puerto Armuelles","name:ru":"Пуэрто-Армуэльес","name:zh":"阿穆埃勒港"},"display_name":"Puerto Armuelles, Barú, Chiriquí, Panamá","address":{"town":"Puerto Armuelles","county":"Barú","state":"Chiriquí","ISO3166-2-lvl4":"PA-4","country":"Panamá","country_code":"pa"},"population":11743,"osm_type":"node","osm_id":2242402436,"type":"town","location":[-82.8604458,8.2725603],"bbox":[-82.9004458,8.2325603,-82.8204458,8.3125603],"border":{"name":"Puerto Armuelles","other_names":{"name:es":"Puerto Armuelles","name:en":"Puerto Armuelles","name:ru":"Пуэрто-Армуэльес","name:zh":"阿穆埃勒港"},"display_name":"Puerto Armuelles, Barú, Chiriquí, Panamá","address":{"town":"Puerto Armuelles","county":"Barú","state":"Chiriquí","ISO3166-2-lvl4":"PA-4","country":"Panamá","country_code":"pa"},"population":20455,"osm_type":"relation","osm_id":8416934,"type":"administrative","location":[-82.8604458,8.2725603],"bbox":[-82.9975677,8.1683482,-82.8459715,8.326964]}}
{"name":"Querque","display_name":"Querque, Quebrada de Oro, Soná, Veraguas, Panamá","address":{"town":"Querque","city":"Quebrada de Oro","county":"Soná","state":"Veraguas","ISO3166-2-lvl4":"PA-9","country":"Panamá","country_code":"pa"},"osm_type":"node","osm_id":10108133361,"type":"town","location":[-81.3897568,8.0223511],"bbox":[-81.4297568,7.9823511,-81.3497568,8.0623511]}
{"name":"Remedios","other_names":{"alt_name":"Pueblo Nuevo","official_name":"Nuestra Señora de los Remedios"},"display_name":"Remedios, Chiriquí, Panamá","address":{"town":"Remedios","county":"Remedios","state":"Chiriquí","ISO3166-2-lvl4":"PA-4","country":"Panamá","country_code":"pa"},"population":829,"osm_type":"node","osm_id":2482800588,"type":"town","location":[-81.828751,8.2241136],"bbox":[-81.868751,8.1841136,-81.788751,8.2641136],"border":[{"name":"Remedios","other_names":{"name:es":"Remedios","alt_name":"Distrito de Remedios"},"display_name":"Remedios, Chiriquí, Panamá","address":{"county":"Remedios","state":"Chiriquí","ISO3166-2-lvl4":"PA-4","country":"Panamá","country_code":"pa"},"population":4052,"osm_type":"relation","osm_id":8402973,"type":"administrative","location":[-81.77859763439523,8.2220158],"bbox":[-81.866758,8.1279326,-81.7130643,8.3161272]},{"name":"Remedios","other_names":{"name:es":"Remedios","alt_name":"Pueblo Nuevo","official_name":"Nuestra Señora de los Remedios"},"display_name":"Remedios, Chiriquí, Panamá","address":{"town":"Remedios","county":"Remedios","state":"Chiriquí","ISO3166-2-lvl4":"PA-4","country":"Panamá","country_code":"pa"},"population":908,"osm_type":"relation","osm_id":8463994,"type":"administrative","location":[-81.828751,8.2241136],"bbox":[-81.866758,8.1279326,-81.7519245,8.2736561]}]}
{"name":"Río de Jesús","display_name":"Río de Jesús, Veraguas, Panamá","address":{"town":"Río de Jesús","county":"Río de Jesús","state":"Veraguas","ISO3166-2-lvl4":"PA-9","country":"Panamá","country_code":"pa"},"osm_type":"node","osm_id":5762684675,"type":"town","location":[-81.1609197,7.984139],"bbox":[-81.2009197,7.944139,-81.1209197,8.024139],"border":{"name":"Río de Jesús","other_names":{"name:es":"Río de Jesús","alt_name":"Distrito de Río de Jesús"},"display_name":"Río de Jesús, Veraguas, Panamá","address":{"county":"Río de Jesús","state":"Veraguas","ISO3166-2-lvl4":"PA-9","country":"Panamá","country_code":"pa"},"osm_type":"relation","osm_id":8450750,"type":"administrative","location":[-81.17418432419548,7.9602877],"bbox":[-81.2475354,7.8435761,-81.0649361,8.077149]}}
{"name":"Río Sereno","display_name":"Río Sereno, Renacimiento, Chiriquí, Panamá","address":{"town":"Río Sereno","county":"Renacimiento","state":"Chiriquí","ISO3166-2-lvl4":"PA-4","country":"Panamá","country_code":"pa"},"population":1368,"osm_type":"node","osm_id":2417467415,"type":"town","location":[-82.8592069,8.8188157],"bbox":[-82.8992069,8.7788157,-82.8192069,8.8588157],"border":{"name":"Río Sereno","display_name":"Río Sereno, Renacimiento, Chiriquí, 60802, Panamá","address":{"town":"Río Sereno","county":"Renacimiento","state":"Chiriquí","ISO3166-2-lvl4":"PA-4","postcode":"60802","country":"Panamá","country_code":"pa"},"population":5463,"osm_type":"relation","osm_id":8483543,"type":"administrative","location":[-82.8592069,8.8188157],"bbox":[-82.8949047,8.732205,-82.7090805,8.9222792]}}
{"name":"Sabanitas","display_name":"Sabanitas, Colón, Panamá","address":{"town":"Sabanitas","county":"Colón","state":"Colón","ISO3166-2-lvl4":"PA-3","country":"Panamá","country_code":"pa"},"population":19052,"osm_type":"node","osm_id":5935289100,"type":"town","location":[-79.8033588,9.3468997],"bbox":[-79.8433588,9.3068997,-79.7633588,9.3868997],"border":{"name":"Sabanitas","other_names":{"name:es":"Sabanitas","official_name":"Corregimiento Sabanitas"},"display_name":"Sabanitas, Colón, Panamá","address":{"town":"Sabanitas","county":"Colón","state":"Colón","ISO3166-2-lvl4":"PA-3","country":"Panamá","country_code":"pa"},"population":19052,"osm_type":"relation","osm_id":11833469,"type":"administrative","location":[-79.8033588,9.3468997],"bbox":[-79.8329611,9.315535,-79.7814778,9.3619289]}}
{"name":"San Carlos","display_name":"San Carlos, Panamá Oeste, Panamá","address":{"town":"San Carlos","state":"Panamá Oeste","ISO3166-2-lvl4":"PA-10","country":"Panamá","country_code":"pa"},"population":15541,"osm_type":"node","osm_id":1126761918,"type":"town","location":[-79.9561983,8.472706],"bbox":[-79.9961983,8.432706,-79.9161983,8.512706],"border":{"name":"San Carlos","other_names":{"name:es":"San Carlos","alt_name":"Distrito de San Carlos"},"display_name":"San Carlos, Panamá Oeste, Panamá","address":{"town":"San Carlos","state":"Panamá Oeste","ISO3166-2-lvl4":"PA-10","country":"Panamá","country_code":"pa"},"population":15541,"osm_type":"relation","osm_id":8421297,"type":"administrative","location":[-79.9561983,8.472706],"bbox":[-80.1210258,8.4079121,-79.9004826,8.6491718]}}
{"name":"San Francisco","display_name":"San Francisco, Veraguas, Panamá","address":{"town":"San Francisco","county":"San Francisco","state":"Veraguas","ISO3166-2-lvl4":"PA-9","country":"Panamá","country_code":"pa"},"osm_type":"node","osm_id":693249547,"type":"town","location":[-80.9721357,8.2467485],"bbox":[-81.0121357,8.2067485,-80.9321357,8.2867485],"border":[{"name":"San Francisco","other_names":{"name:es":"San Francisco","alt_name":"Distrito de San Francisco"},"display_name":"San Francisco, Veraguas, Panamá","address":{"county":"San Francisco","state":"Veraguas","ISO3166-2-lvl4":"PA-9","country":"Panamá","country_code":"pa"},"osm_type":"relation","osm_id":8466018,"type":"administrative","location":[-81.01066403679657,8.2999481],"bbox":[-81.1259434,8.1773735,-80.8226072,8.4226871]},{"name":"San Francisco","display_name":"San Francisco, Veraguas, Panamá","address":{"town":"San Francisco","county":"San Francisco","state":"Veraguas","ISO3166-2-lvl4":"PA-9","country":"Panamá","country_code":"pa"},"osm_type":"relation","osm_id":9374500,"type":"administrative","location":[-80.9721357,8.2467485],"bbox":[-81.0425266,8.2016579,-80.9207271,8.2902266]}]}
{"name":"San Miguel","display_name":"San Miguel, Balboa, Provincia de Panamá, Panamá","address":{"town":"San Miguel","county":"Balboa","state":"Provincia de Panamá","ISO3166-2-lvl4":"PA-8","country":"Panamá","country_code":"pa"},"osm_type":"node","osm_id":5698168038,"type":"town","location":[-78.9370531,8.4568617],"bbox":[-78.9770531,8.4168617,-78.8970531,8.4968617],"border":{"name":"San Miguel","other_names":{"name:es":"San Miguel","official_name":"Corregimiento San Miguel"},"display_name":"San Miguel, Balboa, Provincia de Panamá, Panamá","address":{"town":"San Miguel","county":"Balboa","state":"Provincia de Panamá","ISO3166-2-lvl4":"PA-8","country":"Panamá","country_code":"pa"},"osm_type":"relation","osm_id":11308843,"type":"administrative","location":[-78.9370531,8.4568617],"bbox":[-79.0689383,8.3431768,-78.8037568,8.5549427]}}
{"name":"San Pablo Nuevo","display_name":"San Pablo Nuevo, David, Chiriquí, Panamá","address":{"town":"San Pablo Nuevo","county":"David","state":"Chiriquí","ISO3166-2-lvl4":"PA-4","country":"Panamá","country_code":"pa"},"osm_type":"node","osm_id":5703079025,"type":"town","location":[-82.4938534,8.397575],"bbox":[-82.5338534,8.357575,-82.4538534,8.437575],"border":{"name":"San Pablo Nuevo","display_name":"San Pablo Nuevo, David, Chiriquí, Panamá","address":{"town":"San Pablo Nuevo","county":"David","state":"Chiriquí","ISO3166-2-lvl4":"PA-4","country":"Panamá","country_code":"pa"},"population":1752,"osm_type":"relation","osm_id":8406806,"type":"administrative","location":[-82.4938534,8.397575],"bbox":[-82.5357065,8.3170876,-82.4352419,8.4636485]}}
{"name":"San Pablo Viejo Abajo","display_name":"San Pablo Viejo Abajo, San Pablo Viejo, David, Chiriquí, Panamá","address":{"town":"San Pablo Viejo Abajo","county":"David","state":"Chiriquí","ISO3166-2-lvl4":"PA-4","country":"Panamá","country_code":"pa"},"population":5992,"osm_type":"node","osm_id":2417423714,"type":"town","location":[-82.4992776,8.4489411],"bbox":[-82.5392776,8.4089411,-82.4592776,8.4889411]}
{"name":"San Pablo Viejo","display_name":"San Pablo Viejo, David, Chiriquí, Panamá","address":{"town":"San Pablo Viejo","county":"David","state":"Chiriquí","ISO3166-2-lvl4":"PA-4","country":"Panamá","country_code":"pa"},"population":10088,"osm_type":"node","osm_id":5546889145,"type":"town","location":[-82.4785889,8.4433659],"bbox":[-82.5185889,8.4033659,-82.4385889,8.4833659],"border":{"name":"San Pablo Viejo","display_name":"San Pablo Viejo, David, Chiriquí, Panamá","address":{"town":"San Pablo Viejo","county":"David","state":"Chiriquí","ISO3166-2-lvl4":"PA-4","country":"Panamá","country_code":"pa"},"population":10088,"osm_type":"relation","osm_id":8406752,"type":"administrative","location":[-82.4785889,8.4433659],"bbox":[-82.5318474,8.3985362,-82.4468019,8.512318]}}
{"name":"Santa Fe","display_name":"Santa Fe, Darién, Panamá","address":{"town":"Santa Fe","county":"Santa Fe","state":"Darién","ISO3166-2-lvl4":"PA-5","country":"Panamá","country_code":"pa"},"osm_type":"node","osm_id":4327110799,"type":"town","location":[-78.1560113,8.6569607],"bbox":[-78.1960113,8.6169607,-78.1160113,8.6969607],"border":[{"name":"Santa Fe","other_names":{"name:es":"Santa Fe","alt_name":"Distrito de Santa Fe"},"display_name":"Santa Fe, Darién, Panamá","address":{"county":"Santa Fe","state":"Darién","ISO3166-2-lvl4":"PA-5","country":"Panamá","country_code":"pa"},"osm_type":"relation","osm_id":8419717,"type":"administrative","location":[-78.27207664079197,8.56685035],"bbox":[-78.5101625,8.1405844,-77.82968,8.9930536]},{"name":"Santa Fe","other_names":{"name:es":"Santa Fe","official_name":"Corregimiento Santa Fe"},"display_name":"Santa Fe, Darién, Panamá","address":{"town":"Santa Fe","county":"Santa Fe","state":"Darién","ISO3166-2-lvl4":"PA-5","country":"Panamá","country_code":"pa"},"osm_type":"relation","osm_id":11316660,"type":"administrative","location":[-78.1560113,8.6569607],"bbox":[-78.3167141,8.5112571,-77.9621604,8.8041994]}]}
{"name":"Santa Fe","display_name":"Santa Fe, Santa Fé, Santa Fe, Veraguas, 8047, Panamá","address":{"town":"Santa Fe","city":"Santa Fé","county":"Santa Fe","state":"Veraguas","ISO3166-2-lvl4":"PA-9","postcode":"8047","country":"Panamá","country_code":"pa"},"osm_type":"node","osm_id":360731443,"type":"town","location":[-81.078929,8.5124439],"bbox":[-81.118929,8.4724439,-81.038929,8.5524439],"border":{"name":"Santa Fe","other_names":{"name:es":"Santa Fe","alt_name":"Distrito de Santa Fe"},"display_name":"Santa Fe, Veraguas, 8047, Panamá","address":{"county":"Santa Fe","state":"Veraguas","ISO3166-2-lvl4":"PA-9","postcode":"8047","country":"Panamá","country_code":"pa"},"osm_type":"relation","osm_id":8466174,"type":"administrative","location":[-80.9794820108934,8.6374933],"bbox":[-81.2335865,8.3869535,-80.725342,8.8880318]}}
{"name":"Santa María","display_name":"Santa María, Herrera, Panamá","address":{"town":"Santa María","county":"Santa María","state":"Herrera","ISO3166-2-lvl4":"PA-6","country":"Panamá","country_code":"pa"},"osm_type":"node","osm_id":5747998997,"type":"town","location":[-80.6647243,8.1141547],"bbox":[-80.7047243,8.0741547,-80.6247243,8.1541547],"border":{"name":"Santa María","other_names":{"name:es":"Santa María","alt_name":"Distrito de Santa María"},"display_name":"Santa María, Herrera, Panamá","address":{"county":"Santa María","state":"Herrera","ISO3166-2-lvl4":"PA-6","country":"Panamá","country_code":"pa"},"osm_type":"relation","osm_id":8436357,"type":"administrative","location":[-80.73117359488755,8.09407315],"bbox":[-80.8205523,8.0417841,-80.5559145,8.1463871]}}
{"name":"Santa Marta (p)","display_name":"Santa Marta (p), Santa Marta, Bugaba, Chiriquí, Panamá","address":{"town":"Santa Marta (p)","city":"Santa Marta","county":"Bugaba","state":"Chiriquí","ISO3166-2-lvl4":"PA-4","country":"Panamá","country_code":"pa"},"population":2103,"osm_type":"node","osm_id":2417423719,"type":"town","location":[-82.704461,8.5182023],"bbox":[-82.744461,8.4782023,-82.664461,8.5582023]}
{"name":"Siogui Abajo (p)","display_name":"Siogui Abajo (p), La Estrella, Bugaba, Chiriquí, Panamá","address":{"town":"Siogui Abajo (p)","village":"La Estrella","county":"Bugaba","state":"Chiriquí","ISO3166-2-lvl4":"PA-4","country":"Panamá","country_code":"pa"},"population":2796,"osm_type":"node","osm_id":2515983968,"type":"town","location":[-82.6766514,8.4674498],"bbox":[-82.7166514,8.4274498,-82.6366514,8.5074498]}
{"name":"Solano","display_name":"Solano, Bugaba, Chiriquí, Panamá","address":{"town":"Solano","county":"Bugaba","state":"Chiriquí","ISO3166-2-lvl4":"PA-4","country":"Panamá","country_code":"pa"},"osm_type":"node","osm_id":5657050681,"type":"town","location":[-82.6081813,8.5174974],"bbox":[-82.6481813,8.4774974,-82.5681813,8.5574974],"border":{"name":"Solano","display_name":"Solano, Bugaba, Chiriquí, Panamá","address":{"town":"Solano","county":"Bugaba","state":"Chiriquí","ISO3166-2-lvl4":"PA-4","country":"Panamá","country_code":"pa"},"population":4698,"osm_type":"relation","osm_id":8453989,"type":"administrative","location":[-82.6081813,8.5174974],"bbox":[-82.616599,8.5041231,-82.6037224,8.5358365]}}
{"name":"Soná","display_name":"Soná, Veraguas, Panamá","address":{"town":"Soná","county":"Soná","state":"Veraguas","ISO3166-2-lvl4":"PA-9","country":"Panamá","country_code":"pa"},"population":10802,"osm_type":"node","osm_id":1289592582,"type":"town","location":[-81.3149695,8.0090033],"bbox":[-81.3549695,7.9690033,-81.2749695,8.0490033],"border":[{"name":"Soná","other_names":{"name:es":"Soná","alt_name":"Distrito de Soná"},"display_name":"Soná, Veraguas, Panamá","address":{"county":"Soná","state":"Veraguas","ISO3166-2-lvl4":"PA-9","country":"Panamá","country_code":"pa"},"osm_type":"relation","osm_id":8465742,"type":"administrative","location":[-81.35616118795309,7.87767615],"bbox":[-81.6401661,7.6080951,-81.1622393,8.1471891]},{"name":"Soná","display_name":"Soná, Veraguas, Panamá","address":{"town":"Soná","county":"Soná","state":"Veraguas","ISO3166-2-lvl4":"PA-9","country":"Panamá","country_code":"pa"},"population":10802,"osm_type":"relation","osm_id":14171278,"type":"administrative","location":[-81.3149695,8.0090033],"bbox":[-81.3695794,7.92028,-81.2796967,8.0254847]}]}
{"name":"Taboga","display_name":"Taboga, Provincia de Panamá, Panamá","address":{"town":"Taboga","county":"Taboga","state":"Provincia de Panamá","ISO3166-2-lvl4":"PA-8","country":"Panamá","country_code":"pa"},"osm_type":"node","osm_id":5720396546,"type":"town","location":[-79.5548189,8.7942398],"bbox":[-79.5948189,8.7542398,-79.5148189,8.8342398],"border":{"name":"Taboga","other_names":{"name:es":"Taboga","alt_name":"Distrito de Taboga"},"display_name":"Taboga, Provincia de Panamá, Panamá","address":{"county":"Taboga","state":"Provincia de Panamá","ISO3166-2-lvl4":"PA-8","country":"Panamá","country_code":"pa"},"osm_type":"relation","osm_id":8410053,"type":"administrative","location":[-79.56073999876523,8.7895216],"bbox":[-79.6130705,8.5682753,-79.5092692,8.8176913]}}
{"name":"Tolé","display_name":"Tolé, Chiriquí, Panamá","address":{"town":"Tolé","county":"Tolé","state":"Chiriquí","ISO3166-2-lvl4":"PA-4","country":"Panamá","country_code":"pa"},"population":3240,"osm_type":"node","osm_id":5711957492,"type":"town","location":[-81.6719312,8.243367],"bbox":[-81.7119312,8.203367,-81.6319312,8.283367],"border":[{"name":"Tolé","other_names":{"name:es":"Tolé","alt_name":"Distrito de Tolé"},"display_name":"Tolé, Chiriquí, Panamá","address":{"county":"Tolé","state":"Chiriquí","ISO3166-2-lvl4":"PA-4","country":"Panamá","country_code":"pa"},"osm_type":"relation","osm_id":8403130,"type":"administrative","location":[-81.66695483440297,8.18580045],"bbox":[-81.817783,8.0008814,-81.5115013,8.3703251]},{"name":"Tolé","display_name":"Tolé, Chiriquí, Panamá","address":{"town":"Tolé","county":"Tolé","state":"Chiriquí","ISO3166-2-lvl4":"PA-4","country":"Panamá","country_code":"pa"},"population":3240,"osm_type":"relation","osm_id":8411367,"type":"administrative","location":[-81.6719312,8.243367],"bbox":[-81.7643738,8.1616212,-81.6560689,8.2778298]}]}
{"name":"Tonosí","display_name":"Tonosí, Los Santos, Panamá","address":{"town":"Tonosí","county":"Tonosí","state":"Los Santos","ISO3166-2-lvl4":"PA-7","country":"Panamá","country_code":"pa"},"osm_type":"node","osm_id":1286093281,"type":"town","location":[-80.4377007,7.4086861],"bbox":[-80.4777007,7.3686861,-80.3977007,7.4486861],"border":{"name":"Tonosí","other_names":{"name:es":"Tonosí","alt_name":"Distrito de Tonosí"},"display_name":"Tonosí, Los Santos, Panamá","address":{"county":"Tonosí","state":"Los Santos","ISO3166-2-lvl4":"PA-7","country":"Panamá","country_code":"pa"},"osm_type":"relation","osm_id":8436142,"type":"administrative","location":[-80.50888751156438,7.3953912],"bbox":[-80.7359745,7.22859,-80.20746,7.5619261]}}
{"name":"Trinchera","display_name":"Trinchera, Guarumal, Soná, Veraguas, Panamá","address":{"town":"Trinchera","county":"Soná","state":"Veraguas","ISO3166-2-lvl4":"PA-9","country":"Panamá","country_code":"pa"},"osm_type":"node","osm_id":7657081765,"type":"town","location":[-81.2770915,7.799184],"bbox":[-81.3170915,7.759184,-81.2370915,7.839184]}
{"name":"Unión Chocó","display_name":"Unión Chocó, Cirilo Guainora, Cémaco, Emberá-Wounaan, Panamá","address":{"town":"Unión Chocó","city":"Cirilo Guainora","county":"Cémaco","state":"Emberá-Wounaan","ISO3166-2-lvl4":"PA-EM","country":"Panamá","country_code":"pa"},"osm_type":"node","osm_id":2611993741,"type":"town","location":[-77.6051708,8.1017501],"bbox":[-77.6451708,8.0617501,-77.5651708,8.1417501]}
{"name":"Veracruz","display_name":"Veracruz, Arraiján, Panamá Oeste, Panamá","address":{"town":"Veracruz","county":"Arraiján","state":"Panamá Oeste","ISO3166-2-lvl4":"PA-10","country":"Panamá","country_code":"pa"},"population":18589,"osm_type":"node","osm_id":4413934109,"type":"town","location":[-79.6255991,8.8913829],"bbox":[-79.6655991,8.8513829,-79.5855991,8.9313829],"border":{"name":"Veracruz","other_names":{"name:es":"Veracruz","official_name":"Corregimieto Veracruz"},"display_name":"Veracruz, Arraiján, Panamá Oeste, Panamá","address":{"town":"Veracruz","county":"Arraiján","state":"Panamá Oeste","ISO3166-2-lvl4":"PA-10","country":"Panamá","country_code":"pa"},"population":18589,"osm_type":"relation","osm_id":11364567,"type":"administrative","location":[-79.6255991,8.8913829],"bbox":[-79.6546367,8.8790252,-79.5598312,8.9567793]}}
{"name":"Villa Unida","display_name":"Villa Unida, Chilibre, Distrito de Panamá, Provincia de Panamá, Panamá","address":{"town":"Villa Unida","county":"Distrito de Panamá","state":"Provincia de Panamá","ISO3166-2-lvl4":"PA-8","country":"Panamá","country_code":"pa"},"osm_type":"node","osm_id":7792737206,"type":"town","location":[-79.6159201,9.1813654],"bbox":[-79.6559201,9.1413654,-79.5759201,9.2213654]}
{"name":"Volcán","display_name":"Volcán, Tierras Altas, Chiriquí, Panamá","address":{"town":"Volcán","county":"Tierras Altas","state":"Chiriquí","ISO3166-2-lvl4":"PA-4","country":"Panamá","country_code":"pa"},"population":10286,"osm_type":"node","osm_id":5700069281,"type":"town","location":[-82.6371606,8.7735312],"bbox":[-82.6771606,8.7335312,-82.5971606,8.8135312],"border":{"name":"Volcán","other_names":{"name:es":"Volcán","alt_name":"Volcán (Cabecera)"},"display_name":"Volcán, Tierras Altas, Chiriquí, Panamá","address":{"town":"Volcán","county":"Tierras Altas","state":"Chiriquí","ISO3166-2-lvl4":"PA-4","country":"Panamá","country_code":"pa"},"population":10286,"osm_type":"relation","osm_id":8465732,"type":"administrative","location":[-82.6371606,8.7735312],"bbox":[-82.7058297,8.6445643,-82.6215094,8.7984851]}}
{"name":"Yaviza","other_names":{"name:zh":"亚维萨","name:zh-Hans":"亚维萨","name:zh-Hant":"亞維薩"},"display_name":"Yaviza, Pinogana, Darién, Panamá","address":{"town":"Yaviza","county":"Pinogana","state":"Darién","ISO3166-2-lvl4":"PA-5","country":"Panamá","country_code":"pa"},"population":1800,"osm_type":"node","osm_id":469759001,"type":"town","location":[-77.6920371,8.1566735],"bbox":[-77.7320371,8.1166735,-77.6520371,8.1966735],"border":[{"name":"Yaviza","other_names":{"name:es":"Yaviza","official_name":"Corregimiento de Yaviza","name:zh":"亚维萨","name:zh-Hans":"亚维萨","name:zh-Hant":"亞維薩"},"display_name":"Yaviza, Pinogana, Darién, Panamá","address":{"town":"Yaviza","county":"Pinogana","state":"Darién","ISO3166-2-lvl4":"PA-5","country":"Panamá","country_code":"pa"},"population":1800,"osm_type":"relation","osm_id":11312176,"type":"administrative","location":[-77.6920371,8.1566735],"bbox":[-77.8754072,8.0810356,-77.6222691,8.3379451]},{"name":"Yaviza","display_name":"Yaviza, Pinogana, Darién, Panamá","address":{"city_district":"Yaviza","town":"Yaviza","county":"Pinogana","state":"Darién","ISO3166-2-lvl4":"PA-5","country":"Panamá","country_code":"pa"},"population":1800,"osm_type":"relation","osm_id":5820466,"type":"administrative","location":[-77.69246138845224,8.1560518],"bbox":[-77.6969567,8.1483926,-77.6882009,8.1637567]}]}
