{"name":"24 de Diciembre","other_names":{"name:es":"24 de Diciembre","official_name":"Corregimiento 24 de Diciembre"},"display_name":"24 de Diciembre, Distrito de Panamá, Provincia de Panamá, Panamá","address":{"city":"24 de Diciembre","county":"Distrito de Panamá","state":"Provincia de Panamá","ISO3166-2-lvl4":"PA-8","country":"Panamá","country_code":"pa"},"osm_type":"relation","osm_id":11377429,"type":"administrative","location":[-79.39634880681035,9.139574549999999],"bbox":[-79.4486785,9.0457441,-79.311326,9.2339447],"inferred_type":"city"}
{"name":"Ancón","other_names":{"name:es":"Ancón","official_name":"Corregimiento Ancón"},"display_name":"Ancón, Distrito de Panamá, Provincia de Panamá, 0843, Panamá","address":{"city":"Ancón","county":"Distrito de Panamá","state":"Provincia de Panamá","ISO3166-2-lvl4":"PA-8","postcode":"0843","country":"Panamá","country_code":"pa"},"osm_type":"relation","osm_id":11382233,"type":"administrative","location":[-79.58642252174529,9.039752100000001],"bbox":[-79.6976957,8.9067796,-79.518191,9.1724446],"inferred_type":"city"}
{"name":"Aserrío de Gariché","display_name":"Aserrío de Gariché, Bugaba, Chiriquí, Panamá","address":{"city":"Aserrío de Gariché","county":"Bugaba","state":"Chiriquí","ISO3166-2-lvl4":"PA-4","country":"Panamá","country_code":"pa"},"population":11072,"osm_type":"relation","osm_id":11061477,"type":"administrative","location":[-82.79207906573569,8.5056042],"bbox":[-82.8367477,8.4356934,-82.7332091,8.5756161],"inferred_type":"city"}
{"name":"Bajo Cedro","other_names":{"name:es":"Bajo Cedro","alt_name":"Corregimiento Bajo Cedro"},"display_name":"Bajo Cedro, Chiriquí Grande, Bocas del Toro, Panamá","address":{"city":"Bajo Cedro","county":"Chiriquí Grande","state":"Bocas del Toro","ISO3166-2-lvl4":"PA-1","country":"Panamá","country_code":"pa"},"osm_type":"relation","osm_id":9128914,"type":"administrative","location":[-82.28990824746919,9.119798],"bbox":[-82.3492395,9.0851819,-82.2501433,9.1545977],"inferred_type":"city"}
{"name":"Bajo Culubre","display_name":"Bajo Culubre, Almirante, Bocas del Toro, Panamá","address":{"city":"Bajo Culubre","county":"Almirante","state":"Bocas del Toro","ISO3166-2-lvl4":"PA-1","country":"Panamá","country_code":"pa"},"population":963,"osm_type":"relation","osm_id":19202296,"type":"administrative","location":[-82.63525112351311,9.0418946],"bbox":[-82.765696,8.8979517,-82.4994693,9.1860086],"inferred_type":"city"}
{"name":"Barriada 4 de Abril","display_name":"Barriada 4 de Abril, Changuinola, Bocas del Toro, Panamá","address":{"city":"Barriada 4 de Abril","county":"Changuinola","state":"Bocas del Toro","ISO3166-2-lvl4":"PA-1","country":"Panamá","country_code":"pa"},"population":10557,"osm_type":"relation","osm_id":17554283,"type":"administrative","location":[-82.5308846541123,9.46937145],"bbox":[-82.5612984,9.4474902,-82.5111142,9.4912441],"inferred_type":"city"}
{"name":"Barriada Guaymí","display_name":"Barriada Guaymí, Almirante, Bocas del Toro, Panamá","address":{"city":"Barriada Guaymí","county":"Almirante","state":"Bocas del Toro","ISO3166-2-lvl4":"PA-1","country":"Panamá","country_code":"pa"},"population":4754,"osm_type":"relation","osm_id":19204098,"type":"administrative","location":[-82.43226139431926,9.30236785],"bbox":[-82.4534869,9.2545597,-82.3912296,9.3503037],"inferred_type":"city"}
{"name":"Barrio Francés","display_name":"Barrio Francés, Almirante, Bocas del Toro, Panamá","address":{"city":"Barrio Francés","county":"Almirante","state":"Bocas del Toro","ISO3166-2-lvl4":"PA-1","country":"Panamá","country_code":"pa"},"population":2192,"osm_type":"relation","osm_id":19204803,"type":"administrative","location":[-82.37134468472965,9.30381835],"bbox":[-82.3973466,9.2672757,-82.3438707,9.3280951],"inferred_type":"city"}
{"name":"Barrio Norte","other_names":{"name:es":"Barrio Norte","official_name":"Corregimiento Barrio Norte"},"display_name":"Barrio Norte, Colón, 9851, Panamá","address":{"city":"Barrio Norte","county":"Colón","state":"Colón","ISO3166-2-lvl4":"PA-3","postcode":"9851","country":"Panamá","country_code":"pa"},"osm_type":"relation","osm_id":11777523,"type":"administrative","location":[-79.89987429981319,9.361907],"bbox":[-79.908354,9.3567962,-79.8921507,9.3670755],"inferred_type":"city"}
{"name":"Barrio Sur","other_names":{"name:es":"Barrio Sur","official_name":"Corregimiento Barrio Sur"},"display_name":"Barrio Sur, Colón, 0301, Panamá","address":{"city":"Barrio Sur","county":"Colón","state":"Colón","ISO3166-2-lvl4":"PA-3","postcode":"0301","country":"Panamá","country_code":"pa"},"osm_type":"relation","osm_id":11777524,"type":"administrative","location":[-79.89550241930797,9.3530093],"bbox":[-79.9054899,9.3455431,-79.8882393,9.360568],"inferred_type":"city"}
{"name":"Bella Vista","other_names":{"name:es":"Bella Vista","official_name":"Corregimiento Bella Vista"},"display_name":"Bella Vista, Distrito de Panamá, Provincia de Panamá, Panamá","address":{"city":"Bella Vista","county":"Distrito de Panamá","state":"Provincia de Panamá","ISO3166-2-lvl4":"PA-8","country":"Panamá","country_code":"pa"},"osm_type":"relation","osm_id":11381324,"type":"administrative","location":[-79.52401866659781,8.985295050000001],"bbox":[-79.5372314,8.9711276,-79.5127808,8.9994352],"inferred_type":"city"}
{"name":"Bethania","other_names":{"name:es":"Bethania","alt_name":"Betania","official_name":"Corregimiento Bethania"},"display_name":"Bethania, Distrito de Panamá, Provincia de Panamá, Panamá","address":{"city":"Bethania","county":"Distrito de Panamá","state":"Provincia de Panamá","ISO3166-2-lvl4":"PA-8","country":"Panamá","country_code":"pa"},"osm_type":"relation","osm_id":11385188,"type":"administrative","location":[-79.52920651978945,9.012685000000001],"bbox":[-79.5418181,8.9886275,-79.509566,9.0364299],"inferred_type":"city"}
{"name":"Bledeshia","other_names":{"name:es":"Santa Catalina o Calovébora","name:gym":"Bledeshia","official_name":"Corregimiento de Santa Catalina o Calovébora / Bledeshia","official_name:es":"Corregimiento de Santa Catalina o Calovébora"},"display_name":"Bledeshia, Santa Catalina o Calovébora, Ngäbe-Buglé, Panamá","address":{"city":"Bledeshia","county":"Santa Catalina o Calovébora","state":"Ngäbe-Buglé","ISO3166-2-lvl4":"PA-NB","country":"Panamá","country_code":"pa"},"population":3083,"osm_type":"relation","osm_id":18147862,"type":"administrative","location":[-81.30963808867551,8.73807575],"bbox":[-81.4013529,8.6760052,-81.2062316,8.8002629],"inferred_type":"city"}
{"name":"Boca de Cupe","other_names":{"name:es":"Boca de Cupe","official_name":"Corregimiento Boca de Cupe"},"display_name":"Boca de Cupe, Pinogana, Darién, Panamá","address":{"city":"Boca de Cupe","county":"Pinogana","state":"Darién","ISO3166-2-lvl4":"PA-5","country":"Panamá","country_code":"pa"},"osm_type":"relation","osm_id":11309290,"type":"administrative","location":[-77.67481674873606,7.7935506],"bbox":[-77.7456769,7.5076451,-77.4760964,8.0802981],"inferred_type":"city"}
{"name":"Bocas del Toro","other_names":{"name:zh":"博卡斯德尔托罗","name:zh-Hans":"博卡斯德尔托罗","name:zh-Hant":"博卡斯德爾托羅"},"display_name":"Bocas del Toro, Panamá","address":{"city":"Bocas del Toro","county":"Bocas del Toro","state":"Bocas del Toro","ISO3166-2-lvl4":"PA-1","country":"Panamá","country_code":"pa"},"population":6708,"osm_type":"node","osm_id":203998280,"type":"city","location":[-82.2418169,9.3402964],"bbox":[-82.4018169,9.1802964,-82.0818169,9.5002964],"border":[{"name":"Bocas del Toro","other_names":{"name:es":"Bocas del Toro","alt_name":"Distrito de Bocas del Toro"},"display_name":"Bocas del Toro, 0101, Panamá","address":{"county":"Bocas del Toro","state":"Bocas del Toro","ISO3166-2-lvl4":"PA-1","postcode":"0101","country":"Panamá","country_code":"pa"},"population":17274,"osm_type":"relation","osm_id":8394593,"type":"administrative","location":[-82.12848154978464,9.3040623],"bbox":[-82.3321652,9.0888901,-81.5402484,9.4410833]},{"name":"Bocas del Toro","other_names":{"name:es":"Bocas del Toro","alt_name":"Corregimiento Bocas del Toro","name:zh":"博卡斯德尔托罗","name:zh-Hans":"博卡斯德尔托罗","name:zh-Hant":"博卡斯德爾托羅"},"display_name":"Bocas del Toro, 0101, Panamá","address":{"city":"Bocas del Toro","county":"Bocas del Toro","state":"Bocas del Toro","ISO3166-2-lvl4":"PA-1","postcode":"0101","country":"Panamá","country_code":"pa"},"population":6708,"osm_type":"relation","osm_id":9123030,"type":"administrative","location":[-82.2418169,9.3402964],"bbox":[-82.3321652,9.3296223,-82.2271673,9.4410833]}]}
{"name":"Burí / Büri","other_names":{"name:es":"Burí","name:gym":"Büri","official_name":"Corregimiento de Burí / Büri","official_name:es":"Corregimiento de Burí"},"display_name":"Burí / Büri, Jirondai, Ngäbe-Buglé, Panamá","address":{"city":"Burí / Büri","county":"Jirondai","state":"Ngäbe-Buglé","ISO3166-2-lvl4":"PA-NB","country":"Panamá","country_code":"pa"},"population":4129,"osm_type":"relation","osm_id":13101984,"type":"administrative","location":[-82.27009248946959,8.866690649999999],"bbox":[-82.3594249,8.7659192,-82.1051002,8.9674968],"inferred_type":"city"}
{"name":"Calidonia","other_names":{"name:es":"Calidonia","official_name":"Corregimiento Calidonia"},"display_name":"Calidonia, Distrito de Panamá, Provincia de Panamá, Panamá","address":{"city":"Calidonia","county":"Distrito de Panamá","state":"Provincia de Panamá","ISO3166-2-lvl4":"PA-8","country":"Panamá","country_code":"pa"},"osm_type":"relation","osm_id":11381614,"type":"administrative","location":[-79.53571975566209,8.968529499999999],"bbox":[-79.5440095,8.9590757,-79.5251393,8.9785317],"inferred_type":"city"}
{"name":"Carlos Santana Ávila","display_name":"Carlos Santana Ávila, Santiago, Veraguas, Panamá","address":{"city":"Carlos Santana Ávila","county":"Santiago","state":"Veraguas","ISO3166-2-lvl4":"PA-9","country":"Panamá","country_code":"pa"},"population":4059,"osm_type":"relation","osm_id":12433182,"type":"administrative","location":[-80.82473625223311,8.1042005],"bbox":[-80.9156344,8.0641189,-80.761833,8.1442674],"inferred_type":"city"}
{"name":"Ceiba","display_name":"Ceiba, Almirante, Bocas del Toro, Panamá","address":{"city":"Ceiba","county":"Almirante","state":"Bocas del Toro","ISO3166-2-lvl4":"PA-1","country":"Panamá","country_code":"pa"},"population":1361,"osm_type":"relation","osm_id":19201592,"type":"administrative","location":[-82.49043058580543,8.97721535],"bbox":[-82.5796151,8.8159395,-82.3583272,9.1412418],"inferred_type":"city"}
{"name":"Cerro de Casa","display_name":"Cerro de Casa, Las Palmas, Veraguas, Panamá","address":{"city":"Cerro de Casa","county":"Las Palmas","state":"Veraguas","ISO3166-2-lvl4":"PA-9","country":"Panamá","country_code":"pa"},"population":2343,"osm_type":"relation","osm_id":14026717,"type":"administrative","location":[-81.57691835928142,8.126870400000001],"bbox":[-81.636327,8.0697568,-81.5038133,8.1839282],"inferred_type":"city"}
{"name":"Changuinola","other_names":{"alt_name":"Changuinola (P)"},"display_name":"Changuinola, Bocas del Toro, Panamá","address":{"city":"Changuinola","county":"Changuinola","state":"Bocas del Toro","ISO3166-2-lvl4":"PA-1","country":"Panamá","country_code":"pa"},"population":28588,"osm_type":"node","osm_id":2415959730,"type":"city","location":[-82.5180737,9.452538],"bbox":[-82.6780737,9.292538,-82.3580737,9.612538],"border":[{"name":"Changuinola","other_names":{"name:es":"Changuinola","alt_name":"Distrito de Changuinola"},"display_name":"Changuinola, Bocas del Toro, Panamá","address":{"county":"Changuinola","state":"Bocas del Toro","ISO3166-2-lvl4":"PA-1","country":"Panamá","country_code":"pa"},"osm_type":"relation","osm_id":8392157,"type":"administrative","location":[-82.49361851828186,9.399272],"bbox":[-82.8850516,9.1762036,-82.3414381,9.6220898]},{"name":"Changuinola","other_names":{"name:es":"Changuinola","alt_name":"Corregimiento Changuinola","_place_alt_name":"Changuinola (P)"},"display_name":"Changuinola, Bocas del Toro, Panamá","address":{"city":"Changuinola","county":"Changuinola","state":"Bocas del Toro","ISO3166-2-lvl4":"PA-1","country":"Panamá","country_code":"pa"},"population":28588,"osm_type":"relation","osm_id":9126983,"type":"administrative","location":[-82.5180737,9.452538],"bbox":[-82.540251,9.4437225,-82.5054252,9.4669277]}]}
{"name":"Chitré","other_names":{"name:es":"Chitré","name:ru":"Читре","name:zh":"奇特雷","name:zh-Hans":"奇特雷","name:zh-Hant":"奇特雷"},"display_name":"Chitré, Herrera, 6040, Panamá","address":{"city":"Chitré","county":"Chitré","state":"Herrera","ISO3166-2-lvl4":"PA-6","postcode":"6040","country":"Panamá","country_code":"pa"},"population":46191,"osm_type":"node","osm_id":247030264,"type":"city","location":[-80.4283492,7.9633096],"bbox":[-80.5883492,7.8033096,-80.2683492,8.1233096],"border":{"name":"Chitré","other_names":{"name:es":"Chitré","alt_name":"Distrito de Chitré"},"display_name":"Chitré, Herrera, Panamá","address":{"county":"Chitré","state":"Herrera","ISO3166-2-lvl4":"PA-6","country":"Panamá","country_code":"pa"},"osm_type":"relation","osm_id":8436344,"type":"administrative","location":[-80.4489823725464,7.98012775],"bbox":[-80.5119797,7.9324077,-80.3867523,8.0277938]}}
{"display_name":"Chitré, Herrera, Panamá","address":{"county":"Chitré","state":"Herrera","ISO3166-2-lvl4":"PA-6","country":"Panamá","country_code":"pa"},"osm_type":"way","osm_id":22931248,"type":"city","location":[-80.44345548540078,7.9702496],"bbox":[-80.4741168,7.9438908,-80.4040865,7.9964472]}
{"name":"Cirilo Guainora","other_names":{"name:es":"Cirilo Guainora","official_name":"Corregimiento Cirilo Guainora"},"display_name":"Cirilo Guainora, Cémaco, Emberá-Wounaan, Panamá","address":{"city":"Cirilo Guainora","county":"Cémaco","state":"Emberá-Wounaan","ISO3166-2-lvl4":"PA-EM","country":"Panamá","country_code":"pa"},"osm_type":"relation","osm_id":11312992,"type":"administrative","location":[-77.47623088464984,8.1632225],"bbox":[-77.6325235,8.0501948,-77.2846724,8.2395347],"inferred_type":"city"}
{"name":"Colón","other_names":{"name:es":"Colón","name:hu":"Colón","name:ko":"콜론","name:lt":"Kolonas","name:mk":"Колон","name:ru":"Колон (Панама)","name:zh":"科隆","name:zh-Hans":"科隆","name:zh-Hant":"科隆"},"display_name":"Colón, Barrio Sur, Colón, 9851, Panamá","address":{"city":"Colón","county":"Colón","state":"Colón","ISO3166-2-lvl4":"PA-3","postcode":"9851","country":"Panamá","country_code":"pa"},"population":280777,"osm_type":"node","osm_id":339209702,"type":"city","location":[-79.8974085,9.3553005],"bbox":[-80.0574085,9.1953005,-79.7374085,9.5153005],"border":{"name":"Colón","other_names":{"name:es":"Colón","alt_name":"Distrito de Colón"},"display_name":"Colón, Panamá","address":{"county":"Colón","state":"Colón","ISO3166-2-lvl4":"PA-3","country":"Panamá","country_code":"pa"},"osm_type":"relation","osm_id":8421155,"type":"administrative","location":[-79.8064479257155,9.2194598],"bbox":[-80.1093805,8.9623638,-79.5355071,9.4766678]}}
{"name":"Cristóbal","other_names":{"name:es":"Cristóbal","official_name":"Corregimiento Cristóbal"},"display_name":"Cristóbal, Colón, Panamá","address":{"city":"Cristóbal","county":"Colón","state":"Colón","ISO3166-2-lvl4":"PA-3","country":"Panamá","country_code":"pa"},"osm_type":"relation","osm_id":11842011,"type":"administrative","location":[-79.90718718702487,9.25787575],"bbox":[-80.0449303,9.1111862,-79.6561803,9.4056512],"inferred_type":"city"}
{"name":"Curundú","other_names":{"name:es":"Curundú","official_name":"Corregimiento Curundú"},"display_name":"Curundú, Distrito de Panamá, Provincia de Panamá, Panamá","address":{"city":"Curundú","county":"Distrito de Panamá","state":"Provincia de Panamá","ISO3166-2-lvl4":"PA-8","country":"Panamá","country_code":"pa"},"osm_type":"relation","osm_id":11382004,"type":"administrative","location":[-79.53767981960621,8.979600699999999],"bbox":[-79.5472927,8.9657088,-79.5327242,8.9933249],"inferred_type":"city"}
{"name":"David","other_names":{"name:en":"David","name:ru":"Давид","name:uk":"Давид","name:zh":"戴维","alt_name":"David (Cabecera)","name:zh-Hans":"戴维","name:zh-Hant":"戴維"},"display_name":"David, Chiriquí, Panamá","address":{"city":"David","county":"David","state":"Chiriquí","ISO3166-2-lvl4":"PA-4","country":"Panamá","country_code":"pa"},"population":82907,"osm_type":"node","osm_id":245482378,"type":"city","location":[-82.4286281,8.4371469],"bbox":[-82.5886281,8.2771469,-82.2686281,8.5971469],"border":[{"name":"David","other_names":{"name:es":"David","alt_name":"Distrito de David"},"display_name":"David, Chiriquí, Panamá","address":{"county":"David","state":"Chiriquí","ISO3166-2-lvl4":"PA-4","country":"Panamá","country_code":"pa"},"population":144858,"osm_type":"relation","osm_id":8398055,"type":"administrative","location":[-82.48176201002482,8.49443135],"bbox":[-82.5595862,7.8605916,-82.2053827,8.7702663]},{"name":"David","other_names":{"name:es":"David","alt_name":"David (Cabecera)","name:en":"David","name:ru":"Давид","name:uk":"Давид","name:zh":"戴维","name:zh-Hans":"戴维","name:zh-Hant":"戴維"},"display_name":"David, Chiriquí, Panamá","address":{"city":"David","county":"David","state":"Chiriquí","ISO3166-2-lvl4":"PA-4","country":"Panamá","country_code":"pa"},"population":82907,"osm_type":"relation","osm_id":8406747,"type":"administrative","location":[-82.4286281,8.4371469],"bbox":[-82.4514281,8.4229845,-82.4072383,8.4825721]}]}
{"name":"Dikeri","other_names":{"name:es":"Dikeri","name:gym":"Dikeri","official_name":"Corregimiento de Díkeri","official_name:es":"Corregimiento de Díkeri"},"display_name":"Dikeri, Munä, Ngäbe-Buglé, Panamá","address":{"city":"Dikeri","county":"Munä","state":"Ngäbe-Buglé","ISO3166-2-lvl4":"PA-NB","country":"Panamá","country_code":"pa"},"population":2521,"osm_type":"relation","osm_id":11228404,"type":"administrative","location":[-81.63899542620214,8.3897487],"bbox":[-81.6697809,8.3367834,-81.6212699,8.4425256],"inferred_type":"city"}
{"name":"Diko","other_names":{"name:es":"Diko","name:gym":"Dikö","official_name":"Corregimiento de Diko","official_name:es":"Corregimiento de Diko"},"display_name":"Diko, Munä, Ngäbe-Buglé, Panamá","address":{"city":"Diko","county":"Munä","state":"Ngäbe-Buglé","ISO3166-2-lvl4":"PA-NB","country":"Panamá","country_code":"pa"},"osm_type":"relation","osm_id":10625141,"type":"administrative","location":[-81.7322533103071,8.45478765],"bbox":[-81.762406,8.4020948,-81.6944205,8.507705],"inferred_type":"city"}
{"name":"Edwin Fabrega","display_name":"Edwin Fabrega, Santiago, Veraguas, Panamá","address":{"city":"Edwin Fabrega","county":"Santiago","state":"Veraguas","ISO3166-2-lvl4":"PA-9","country":"Panamá","country_code":"pa"},"population":3434,"osm_type":"relation","osm_id":11818796,"type":"administrative","location":[-81.0180755212215,8.05289985],"bbox":[-81.0505275,8.0167253,-80.9851207,8.0889407],"inferred_type":"city"}
{"name":"El Bongo","display_name":"El Bongo, Bugaba, Chiriquí, Panamá","address":{"city":"El Bongo","county":"Bugaba","state":"Chiriquí","ISO3166-2-lvl4":"PA-4","country":"Panamá","country_code":"pa"},"population":1448,"osm_type":"relation","osm_id":8456921,"type":"administrative","location":[-82.61186296146536,8.60201875],"bbox":[-82.6357078,8.5356935,-82.5914986,8.6684064],"inferred_type":"city"}
{"name":"El Chorrillo","other_names":{"name:es":"El Chorrillo","official_name":"Corregimiento El Chorrillo"},"display_name":"El Chorrillo, Distrito de Panamá, Provincia de Panamá, Panamá","address":{"city":"El Chorrillo","county":"Distrito de Panamá","state":"Provincia de Panamá","ISO3166-2-lvl4":"PA-8","country":"Panamá","country_code":"pa"},"osm_type":"relation","osm_id":11381891,"type":"administrative","location":[-79.54396958494354,8.94907645],"bbox":[-79.5503011,8.9445282,-79.5368437,8.9529605],"inferred_type":"city"}
{"name":"El Puerto","display_name":"El Puerto, Remedios, Chiriquí, Panamá","address":{"city":"El Puerto","county":"Remedios","state":"Chiriquí","ISO3166-2-lvl4":"PA-4","country":"Panamá","country_code":"pa"},"population":720,"osm_type":"relation","osm_id":8463996,"type":"administrative","location":[-81.78157881934561,8.1926164],"bbox":[-81.8197411,8.1461624,-81.7441178,8.2391359],"inferred_type":"city"}
{"name":"Ernesto Córdoba Campos","other_names":{"name:es":"Ernesto Córdoba Campos","official_name":"Corregimiento Ernesto Córdoba Campos"},"display_name":"Ernesto Córdoba Campos, Distrito de Panamá, Provincia de Panamá, Panamá","address":{"city":"Ernesto Córdoba Campos","county":"Distrito de Panamá","state":"Provincia de Panamá","ISO3166-2-lvl4":"PA-8","country":"Panamá","country_code":"pa"},"osm_type":"relation","osm_id":11403433,"type":"administrative","location":[-79.49321483019312,9.1046565],"bbox":[-79.5328061,9.0724173,-79.4518355,9.1379004],"inferred_type":"city"}
{"name":"Finca 12","display_name":"Finca 12, Changuinola, Bocas del Toro, Panamá","address":{"city":"Finca 12","county":"Changuinola","state":"Bocas del Toro","ISO3166-2-lvl4":"PA-1","country":"Panamá","country_code":"pa"},"population":3264,"osm_type":"relation","osm_id":17554142,"type":"administrative","location":[-82.53008008925013,9.439022000000001],"bbox":[-82.5395376,9.4309239,-82.5191966,9.4471939],"inferred_type":"city"}
{"name":"Finca 60","display_name":"Finca 60, Changuinola, Bocas del Toro, Panamá","address":{"city":"Finca 60","county":"Changuinola","state":"Bocas del Toro","ISO3166-2-lvl4":"PA-1","country":"Panamá","country_code":"pa"},"population":5329,"osm_type":"relation","osm_id":17543254,"type":"administrative","location":[-82.47634251517296,9.444852350000001],"bbox":[-82.5188723,9.4129075,-82.444238,9.4772333],"inferred_type":"city"}
{"name":"Finca 66","display_name":"Finca 66, Changuinola, Bocas del Toro, Panamá","address":{"city":"Finca 66","county":"Changuinola","state":"Bocas del Toro","ISO3166-2-lvl4":"PA-1","country":"Panamá","country_code":"pa"},"population":2184,"osm_type":"relation","osm_id":17543250,"type":"administrative","location":[-82.51697202433533,9.44231935],"bbox":[-82.5214025,9.429297,-82.4958873,9.4553271],"inferred_type":"city"}
{"name":"Gdogüeshia","other_names":{"name:es":"Alto Bilingüe","name:gym":"Gdogüeshia","official_name":"Corregimiento de Alto Bilingüe / Gdogüeshia","official_name:es":"Corregimiento de Alto Bilingüe"},"display_name":"Gdogüeshia, Santa Catalina o Calovébora, Ngäbe-Buglé, Panamá","address":{"city":"Gdogüeshia","county":"Santa Catalina o Calovébora","state":"Ngäbe-Buglé","ISO3166-2-lvl4":"PA-NB","country":"Panamá","country_code":"pa"},"population":1352,"osm_type":"relation","osm_id":18147864,"type":"administrative","location":[-81.2700720032971,8.6580031],"bbox":[-81.3269729,8.6197624,-81.2140732,8.6964311],"inferred_type":"city"}
{"name":"Guariviara / Gwaribiara","other_names":{"name:es":"Guariviara","alt_name":"Guariviara","name:gym":"Gwaribiara","official_name":"Corregimiento de Guariviara / Gwaribiara","official_name:es":"Corregimiento de Guariviara"},"display_name":"Guariviara / Gwaribiara, Jirondai, Ngäbe-Buglé, Panamá","address":{"city":"Guariviara / Gwaribiara","county":"Jirondai","state":"Ngäbe-Buglé","ISO3166-2-lvl4":"PA-NB","country":"Panamá","country_code":"pa"},"population":4036,"osm_type":"relation","osm_id":17410991,"type":"administrative","location":[-81.95382347413644,8.789863],"bbox":[-82.0728815,8.6350591,-81.8593286,8.9450806],"inferred_type":"city"}
{"name":"Guoroní / Gworoni","other_names":{"name:es":"Guoroní","loc_name":"Guoroní","name:gym":"Gworoni","official_name":"Corregimiento de Guoroní","official_name:es":"Corregimiento de Guoroní"},"display_name":"Guoroní / Gworoni, Kankintú, Ngäbe-Buglé, Panamá","address":{"city":"Guoroní / Gworoni","county":"Kankintú","state":"Ngäbe-Buglé","ISO3166-2-lvl4":"PA-NB","country":"Panamá","country_code":"pa"},"population":2647,"osm_type":"relation","osm_id":15790460,"type":"administrative","location":[-81.76179823025049,8.70100395],"bbox":[-81.8597614,8.5602712,-81.6159763,8.8411698],"inferred_type":"city"}
{"name":"Háto Jóbo","other_names":{"name:es":"Háto Jóbo","name:gym":"Bluäte","official_name":"Corregimiento de Hato Jobo"},"display_name":"Háto Jóbo, Mironó, Ngäbe-Buglé, Panamá","address":{"city":"Háto Jóbo","county":"Mironó","state":"Ngäbe-Buglé","ISO3166-2-lvl4":"PA-NB","country":"Panamá","country_code":"pa"},"population":2326,"osm_type":"relation","osm_id":11313192,"type":"administrative","location":[-81.89741226865651,8.39754595],"bbox":[-81.9518088,8.3684693,-81.8508777,8.4265321],"inferred_type":"city"}
{"name":"Hornito","display_name":"Hornito, Gualaca, Chiriquí, Panamá","address":{"city":"Hornito","county":"Gualaca","state":"Chiriquí","ISO3166-2-lvl4":"PA-4","country":"Panamá","country_code":"pa"},"population":1230,"osm_type":"relation","osm_id":11026476,"type":"administrative","location":[-82.22416618056715,8.7154725],"bbox":[-82.2920137,8.6435546,-82.1585248,8.78718],"inferred_type":"city"}
{"name":"Jädeberí","other_names":{"name:es":"Jädeberi","name:gym":"Jädeberi","official_name":"Corregimiento de Jädeberi","official_name:es":"Corregimiento de Jädeberi"},"display_name":"Jädeberí, Nole Duima, Ngäbe-Buglé, Panamá","address":{"city":"Jädeberí","county":"Nole Duima","state":"Ngäbe-Buglé","ISO3166-2-lvl4":"PA-NB","country":"Panamá","country_code":"pa"},"osm_type":"relation","osm_id":11359935,"type":"administrative","location":[-81.80279920299432,8.50454585],"bbox":[-81.8416783,8.4313663,-81.7441309,8.5776811],"inferred_type":"city"}
{"name":"Kikari","other_names":{"name:es":"Kikari","name:gym":"Kikari","official_name":"Corregimiento de Kikari","official_name:es":"Corregimiento de Kikarí"},"display_name":"Kikari, Munä, Ngäbe-Buglé, Panamá","address":{"city":"Kikari","county":"Munä","state":"Ngäbe-Buglé","ISO3166-2-lvl4":"PA-NB","country":"Panamá","country_code":"pa"},"population":1995,"osm_type":"relation","osm_id":18140848,"type":"administrative","location":[-81.68572373820268,8.34177265],"bbox":[-81.7146234,8.3163965,-81.6721282,8.3671409],"inferred_type":"city"}
{"name":"La Chorrera","other_names":{"name:es":"La Chorrera","name:ru":"Ла-Чоррера","name:zh":"拉乔雷拉","name:zh-Hans":"拉乔雷拉","name:zh-Hant":"拉喬雷拉"},"display_name":"La Chorrera, Panamá Oeste, 1015, Panamá","address":{"city":"La Chorrera","county":"La Chorrera","state":"Panamá Oeste","ISO3166-2-lvl4":"PA-10","postcode":"1015","country":"Panamá","country_code":"pa"},"population":258221,"osm_type":"node","osm_id":3422725352,"type":"city","location":[-79.7799498,8.883567],"bbox":[-79.9399498,8.723567,-79.6199498,9.043567],"border":{"name":"La Chorrera","other_names":{"name:es":"La Chorrera","alt_name":"Distrito de La Chorrera"},"display_name":"La Chorrera, Panamá Oeste, 1015, Panamá","address":{"county":"La Chorrera","state":"Panamá Oeste","ISO3166-2-lvl4":"PA-10","postcode":"1015","country":"Panamá","country_code":"pa"},"osm_type":"relation","osm_id":8421533,"type":"administrative","location":[-79.87408971509626,8.98018465],"bbox":[-79.9910366,8.7742708,-79.7040296,9.1860007]}}
{"name":"Las Garzas","other_names":{"name:es":"Las Garzas","official_name":"Corregimiento Las Garzas"},"display_name":"Las Garzas, Distrito de Panamá, Provincia de Panamá, Panamá","address":{"city":"Las Garzas","county":"Distrito de Panamá","state":"Provincia de Panamá","ISO3166-2-lvl4":"PA-8","country":"Panamá","country_code":"pa"},"osm_type":"relation","osm_id":11378525,"type":"administrative","location":[-79.22328913275848,9.09728795],"bbox":[-79.2974393,9.0133738,-79.1249462,9.1812692],"inferred_type":"city"}
{"name":"Las Tablas","other_names":{"name:es":"Las Tablas","name:ru":"Лас-Таблас","name:zh":"拉斯塔布拉斯","name:zh-Hans":"拉斯塔布拉斯","name:zh-Hant":"拉斯塔布拉斯"},"display_name":"Las Tablas, Los Santos, Panamá","address":{"city":"Las Tablas","county":"Las Tablas","state":"Los Santos","ISO3166-2-lvl4":"PA-7","country":"Panamá","country_code":"pa"},"osm_type":"node","osm_id":3165861873,"type":"city","location":[-80.2764151,7.7677917],"bbox":[-80.4364151,7.6077917,-80.1164151,7.9277917],"border":{"name":"Las Tablas","other_names":{"name:es":"Las Tablas","alt_name":"Distrito de Las Tablas"},"display_name":"Las Tablas, Los Santos, Panamá","address":{"county":"Las Tablas","state":"Los Santos","ISO3166-2-lvl4":"PA-7","country":"Panamá","country_code":"pa"},"osm_type":"relation","osm_id":8435498,"type":"administrative","location":[-80.31489041885015,7.65163785],"bbox":[-80.5134024,7.4674461,-80.1656684,7.8356965]}}
{"name":"Limón","other_names":{"name:es":"Limón","official_name":"Corregimiento Limón"},"display_name":"Limón, Colón, Panamá","address":{"city":"Limón","county":"Colón","state":"Colón","ISO3166-2-lvl4":"PA-3","country":"Panamá","country_code":"pa"},"osm_type":"relation","osm_id":11848363,"type":"administrative","location":[-79.7649494779273,9.2645293],"bbox":[-79.8184047,9.1940349,-79.7110165,9.3353291],"inferred_type":"city"}
{"name":"Llano Tugrí","other_names":{"name:es":"Llano Tugrí","loc_name":"Llano Grande","name:gym":"Buäbti"},"display_name":"Llano Tugrí, Diko, Munä, Ngäbe-Buglé, Panamá","address":{"city":"Llano Tugrí","county":"Munä","state":"Ngäbe-Buglé","ISO3166-2-lvl4":"PA-NB","country":"Panamá","country_code":"pa"},"population":237,"osm_type":"node","osm_id":12236443794,"type":"city","location":[-81.711408,8.4783564],"bbox":[-81.871408,8.3183564,-81.551408,8.6383564]}
{"name":"Lola","display_name":"Lola, Las Palmas, Veraguas, Panamá","address":{"city":"Lola","county":"Las Palmas","state":"Veraguas","ISO3166-2-lvl4":"PA-9","country":"Panamá","country_code":"pa"},"population":942,"osm_type":"relation","osm_id":12852888,"type":"administrative","location":[-81.48741778611293,8.087320850000001],"bbox":[-81.5508914,8.0476505,-81.433872,8.1269766],"inferred_type":"city"}
{"name":"Los Agarrobos","display_name":"Los Agarrobos, Dolega, Chiriquí, Panamá","address":{"city":"Los Agarrobos","county":"Dolega","state":"Chiriquí","ISO3166-2-lvl4":"PA-4","country":"Panamá","country_code":"pa"},"population":9326,"osm_type":"relation","osm_id":8420744,"type":"administrative","location":[-82.43708888363355,8.54199175],"bbox":[-82.4753523,8.4735881,-82.4060816,8.6108654],"inferred_type":"city"}
{"name":"Los Angeles","display_name":"Los Angeles, Gualaca, Chiriquí, Panamá","address":{"city":"Los Angeles","county":"Gualaca","state":"Chiriquí","ISO3166-2-lvl4":"PA-4","country":"Panamá","country_code":"pa"},"population":715,"osm_type":"relation","osm_id":11025613,"type":"administrative","location":[-82.19418575966449,8.524167250000001],"bbox":[-82.2441543,8.4737289,-82.1248326,8.5744293],"inferred_type":"city"}
{"name":"Manuel Ortega","other_names":{"name:es":"Manuel Ortega","official_name":"Corregimiento Manuel Ortega"},"display_name":"Manuel Ortega, Cémaco, Emberá-Wounaan, Panamá","address":{"city":"Manuel Ortega","county":"Cémaco","state":"Emberá-Wounaan","ISO3166-2-lvl4":"PA-EM","country":"Panamá","country_code":"pa"},"osm_type":"relation","osm_id":11312747,"type":"administrative","location":[-77.50293481852722,8.3198003],"bbox":[-77.7124235,8.1381037,-77.2839729,8.5012988],"inferred_type":"city"}
{"name":"Mününi","other_names":{"name:es":"Mününí","loc_name":"Mununi","name:gym":"Mününi","official_name":"Corregimiento de Mününí","official_name:es":"Corregimiento de Mününí"},"display_name":"Mününi, Kankintú, Ngäbe-Buglé, Panamá","address":{"city":"Mününi","county":"Kankintú","state":"Ngäbe-Buglé","ISO3166-2-lvl4":"PA-NB","country":"Panamá","country_code":"pa"},"population":2742,"osm_type":"relation","osm_id":15790386,"type":"administrative","location":[-81.71231540014321,8.5655334],"bbox":[-81.7674825,8.4956595,-81.6750544,8.6423162],"inferred_type":"city"}
{"name":"Nämnoní","other_names":{"name:es":"Nämnoní","name:gym":"Nämnoní","official_name":"Corregimiento de Nämnoní","official_name:es":"Corregimiento de Nämnoní"},"display_name":"Nämnoní, Besikó, Ngäbe-Buglé, Panamá","address":{"city":"Nämnoní","county":"Besikó","state":"Ngäbe-Buglé","ISO3166-2-lvl4":"PA-NB","country":"Panamá","country_code":"pa"},"population":1867,"osm_type":"relation","osm_id":8523726,"type":"administrative","location":[-81.9665593605468,8.3717916],"bbox":[-82.0087459,8.3284697,-81.9313937,8.4152277],"inferred_type":"city"}
{"name":"Niba","other_names":{"name:es":"Niba","official_name":"Corregimiento de Niba","official_name:es":"Corregimiento de Niba"},"display_name":"Niba, Besikó, Ngäbe-Buglé, Panamá","address":{"city":"Niba","county":"Besikó","state":"Ngäbe-Buglé","ISO3166-2-lvl4":"PA-NB","country":"Panamá","country_code":"pa"},"population":3491,"osm_type":"relation","osm_id":9196609,"type":"administrative","location":[-81.95256604011598,8.567191000000001],"bbox":[-82.0230428,8.4868715,-81.9149339,8.6474412],"inferred_type":"city"}
{"name":"Nibra","other_names":{"name:es":"Nibra","name:gym":"Nibra","official_name":"Corregimiento de Nibra","official_name:es":"Corregimiento de Nibra"},"display_name":"Nibra, Munä, Ngäbe-Buglé, Panamá","address":{"city":"Nibra","county":"Munä","state":"Ngäbe-Buglé","ISO3166-2-lvl4":"PA-NB","country":"Panamá","country_code":"pa"},"population":2091,"osm_type":"relation","osm_id":9855029,"type":"administrative","location":[-81.59323904266577,8.300429000000001],"bbox":[-81.611206,8.251272,-81.5150345,8.3494441],"inferred_type":"city"}
{"name":"Nuevo Mexico","display_name":"Nuevo Mexico, Alanje, Chiriquí, Panamá","address":{"city":"Nuevo Mexico","county":"Alanje","state":"Chiriquí","ISO3166-2-lvl4":"PA-4","country":"Panamá","country_code":"pa"},"population":2101,"osm_type":"relation","osm_id":8448455,"type":"administrative","location":[-82.74759033300181,8.40148435],"bbox":[-82.7995147,8.3444128,-82.6919563,8.4585538],"inferred_type":"city"}
{"name":"Panamá","other_names":{"name:af":"Panama","name:am":"ፓናማ ከተማ","name:an":"Panamá","name:ar":"مدينة بنما","name:az":"Panama","name:be":"Панама","name:bg":"Панама","name:bn":"পানামা সিটি","name:bo":"པ་ན་མ།","name:br":"Panamá","name:bs":"Panama","name:ca":"Panamà","name:cs":"Panamá","name:cy":"Panama","name:da":"Panama","name:de":"Panama","name:el":"Παναμά","name:en":"Panama City","name:eo":"Panama","name:es":"Panamá","name:et":"Panamá","name:eu":"Panama","name:fa":"پاناماسیتی","name:fi":"Panamá","name:fr":"Panama","name:fy":"Panama","name:gd":"Panama","name:gl":"Panamá","name:gv":"Panamaa","name:he":"פנמה סיטי","name:hr":"Panamá","name:ht":"Panama","name:hu":"Panama","name:id":"Panama","name:ie":"Panamá","name:io":"Panama","name:is":"Panama","name:it":"Panamà","name:ja":"パナマ市","name:ka":"პანამა","name:ko":"파나마시티","name:ku":"Panama","name:la":"Panamensis","name:lt":"Panama","name:lv":"Panama","name:mk":"Панама","name:mr":"पनामा सिटी","name:nl":"Panama","name:nn":"Panama","name:no":"Panama","name:oc":"Panamà","name:pl":"Panama","name:pt":"Panamá","name:qu":"Panama","name:ro":"Panamá","name:ru":"Панама","name:sh":"Panamá","name:sk":"Panama","name:sr":"Панама","name:sv":"Panama","name:sw":"Panama","name:ta":"பனாமா நகரம்","name:th":"ปานามาซิตี","name:tl":"Panama","name:tr":"Panama","name:uk":"Панама","name:ur":"پاناما شہر","name:vi":"Panama","name:yo":"Panamá","name:zh":"巴拿馬城","alt_name":"Ciudad de Panamá","name:ace":"Banda Panama","name:ckb":"پەنەما","name:hif":"Panama","name:kab":"Panama","name:lij":"Panamá","name:lmo":"Panama","name:nah":"Panama","name:nan":"Panamá","name:nov":"Panama","name:pms":"Panamà","name:sah":"Панама","name:sco":"Panama","name:war":"Panamá","alt_name:ca":"Ciutat de Panamà","alt_name:en":"Panama","name:zh-Hans":"巴拿马城","name:zh-Hant":"巴拿馬城","name:be-tarask":"Панама"},"display_name":"Panamá, Calidonia, Distrito de Panamá, Provincia de Panamá, 0843, Panamá","address":{"city":"Panamá","county":"Distrito de Panamá","state":"Provincia de Panamá","ISO3166-2-lvl4":"PA-8","postcode":"0843","country":"Panamá","country_code":"pa"},"population":1086990,"osm_type":"node","osm_id":1242998122,"type":"city","location":[-79.5341802,8.9714493],"bbox":[-79.6941802,8.8114493,-79.3741802,9.1314493],"border":{"name":"Distrito de Panamá","other_names":{"name:es":"Distrito de Panamá","name:sk":"Panama","alt_name":"Panamá"},"display_name":"Distrito de Panamá, Provincia de Panamá, Panamá","address":{"county":"Distrito de Panamá","state":"Provincia de Panamá","ISO3166-2-lvl4":"PA-8","country":"Panamá","country_code":"pa"},"osm_type":"relation","osm_id":8415626,"type":"administrative","location":[-79.4050498113535,9.20409145],"bbox":[-79.6976957,8.902583,-79.1249462,9.5012171]}}
{"name":"Parque Lefevre","other_names":{"name:es":"Parque Lefevre","official_name":"Corregimiento Parque Lefevre"},"display_name":"Parque Lefevre, Distrito de Panamá, Provincia de Panamá, Panamá","address":{"city":"Parque Lefevre","county":"Distrito de Panamá","state":"Provincia de Panamá","ISO3166-2-lvl4":"PA-8","country":"Panamá","country_code":"pa"},"osm_type":"relation","osm_id":11380922,"type":"administrative","location":[-79.48271628359763,9.01658075],"bbox":[-79.5073118,9.0016229,-79.4691826,9.0312951],"inferred_type":"city"}
{"name":"Pedro González","other_names":{"name:es":"Pedro González","official_name":"Corregimiento Pedro González"},"display_name":"Pedro González, Balboa, Provincia de Panamá, Panamá","address":{"city":"Pedro González","county":"Balboa","state":"Provincia de Panamá","ISO3166-2-lvl4":"PA-8","country":"Panamá","country_code":"pa"},"osm_type":"relation","osm_id":11307686,"type":"administrative","location":[-79.09900811981525,8.262797249999998],"bbox":[-79.1443437,8.2053035,-79.066042,8.4473008],"inferred_type":"city"}
{"name":"Penonomé","other_names":{"name:ru":"Пенономе","name:zh":"佩诺诺梅","name:zh-Hans":"佩诺诺梅","name:zh-Hant":"佩諾諾梅"},"display_name":"Penonomé, Coclé, Panamá","address":{"city":"Penonomé","county":"Penonomé","state":"Coclé","ISO3166-2-lvl4":"PA-2","country":"Panamá","country_code":"pa"},"population":88143,"osm_type":"node","osm_id":331148078,"type":"city","location":[-80.359579,8.5204989],"bbox":[-80.519579,8.3604989,-80.199579,8.6804989],"border":[{"name":"Penonomé","other_names":{"name:es":"Penonomé","alt_name":"Distrito de Penonomé"},"display_name":"Penonomé, Coclé, Panamá","address":{"county":"Penonomé","state":"Coclé","ISO3166-2-lvl4":"PA-2","country":"Panamá","country_code":"pa"},"osm_type":"relation","osm_id":8434519,"type":"administrative","location":[-80.24893029160813,8.67920825],"bbox":[-80.5251652,8.3012306,-80.1100087,9.0571762]},{"name":"Penonomé","other_names":{"name:es":"Penonomé","name:ru":"Пенономе","name:zh":"佩诺诺梅","name:zh-Hans":"佩诺诺梅","name:zh-Hant":"佩諾諾梅"},"display_name":"Penonomé, Coclé, Panamá","address":{"city":"Penonomé","county":"Penonomé","state":"Coclé","ISO3166-2-lvl4":"PA-2","country":"Panamá","country_code":"pa"},"population":88143,"osm_type":"relation","osm_id":9357777,"type":"administrative","location":[-80.359579,8.5204989],"bbox":[-80.4020694,8.4657209,-80.3252078,8.5881503]}]}
{"name":"Plaza Caisán","display_name":"Plaza Caisán, Renacimiento, Chiriquí, Panamá","address":{"city":"Plaza Caisán","county":"Renacimiento","state":"Chiriquí","ISO3166-2-lvl4":"PA-4","country":"Panamá","country_code":"pa"},"population":2901,"osm_type":"relation","osm_id":11007214,"type":"administrative","location":[-82.79402496078811,8.7494728],"bbox":[-82.8425791,8.6805127,-82.6870533,8.8184188],"inferred_type":"city"}
{"name":"Potrerillos","display_name":"Potrerillos, Dolega, Chiriquí, Panamá","address":{"city":"Potrerillos","county":"Dolega","state":"Chiriquí","ISO3166-2-lvl4":"PA-4","country":"Panamá","country_code":"pa"},"population":1562,"osm_type":"relation","osm_id":10920455,"type":"administrative","location":[-82.49174751570226,8.71324045],"bbox":[-82.5293827,8.6491119,-82.449963,8.7773665],"inferred_type":"city"}
{"name":"Pueblo Nuevo","other_names":{"name:es":"Pueblo Nuevo","official_name":"Corregimiento Pueblo Nuevo"},"display_name":"Pueblo Nuevo, Distrito de Panamá, Provincia de Panamá, 0801, Panamá","address":{"city":"Pueblo Nuevo","county":"Distrito de Panamá","state":"Provincia de Panamá","ISO3166-2-lvl4":"PA-8","postcode":"0801","country":"Panamá","country_code":"pa"},"osm_type":"relation","osm_id":11385357,"type":"administrative","location":[-79.51194121530838,9.01173565],"bbox":[-79.5252906,8.9938805,-79.504584,9.0292775],"inferred_type":"city"}
{"name":"Punta Peña","other_names":{"name:es":"Punta Peña","alt_name":"Corregimiento Punta Peña"},"display_name":"Punta Peña, Chiriquí Grande, Bocas del Toro, Panamá","address":{"city":"Punta Peña","county":"Chiriquí Grande","state":"Bocas del Toro","ISO3166-2-lvl4":"PA-1","country":"Panamá","country_code":"pa"},"population":3060,"osm_type":"relation","osm_id":9129933,"type":"administrative","location":[-82.17392115197367,8.89142905],"bbox":[-82.1916121,8.8527557,-82.1452274,8.930226],"inferred_type":"city"}
{"name":"Quereválo","display_name":"Quereválo, Alanje, Chiriquí, Panamá","address":{"city":"Quereválo","county":"Alanje","state":"Chiriquí","ISO3166-2-lvl4":"PA-4","country":"Panamá","country_code":"pa"},"population":1751,"osm_type":"relation","osm_id":8420725,"type":"administrative","location":[-82.50094423406414,8.3498515],"bbox":[-82.5358063,8.2967674,-82.4525071,8.4019358],"inferred_type":"city"}
{"name":"Río Abajo","other_names":{"name:es":"Río Abajo","official_name":"Corregimiento Río Abajo"},"display_name":"Río Abajo, Distrito de Panamá, Provincia de Panamá, Panamá","address":{"city":"Río Abajo","county":"Distrito de Panamá","state":"Provincia de Panamá","ISO3166-2-lvl4":"PA-8","country":"Panamá","country_code":"pa"},"osm_type":"relation","osm_id":11385307,"type":"administrative","location":[-79.49652046693389,9.02344335],"bbox":[-79.510146,9.0105356,-79.4754499,9.0363368],"inferred_type":"city"}
{"name":"Río Congo Arriba","other_names":{"name:es":"Río Congo Arriba","official_name":"Corregimiento Río Congo Arriba"},"display_name":"Río Congo Arriba, Santa Fe, Darién, Panamá","address":{"city":"Río Congo Arriba","county":"Santa Fe","state":"Darién","ISO3166-2-lvl4":"PA-5","country":"Panamá","country_code":"pa"},"osm_type":"relation","osm_id":11322593,"type":"administrative","location":[-78.38983375220447,8.7597225],"bbox":[-78.5072745,8.6592882,-78.2870166,8.8601719],"inferred_type":"city"}
{"name":"Roka","other_names":{"name:es":"Roka","alt_name":"Rokari","official_name":"Corregimiento de Roka","official_name:es":"Corregimiento de Roka"},"display_name":"Roka, Munä, Ngäbe-Buglé, Panamá","address":{"city":"Roka","county":"Munä","state":"Ngäbe-Buglé","ISO3166-2-lvl4":"PA-NB","country":"Panamá","country_code":"pa"},"population":2697,"osm_type":"relation","osm_id":9855237,"type":"administrative","location":[-81.61172905444468,8.496176850000001],"bbox":[-81.6570532,8.4166223,-81.5793955,8.5757168],"inferred_type":"city"}
{"name":"Rovira","display_name":"Rovira, Dolega, Chiriquí, Panamá","address":{"city":"Rovira","county":"Dolega","state":"Chiriquí","ISO3166-2-lvl4":"PA-4","country":"Panamá","country_code":"pa"},"population":1925,"osm_type":"relation","osm_id":10920569,"type":"administrative","location":[-82.52348402327482,8.690040849999999],"bbox":[-82.5595862,8.6050068,-82.469945,8.7751959],"inferred_type":"city"}
{"name":"San Andres","display_name":"San Andres, Bugaba, Chiriquí, Panamá","address":{"city":"San Andres","county":"Bugaba","state":"Chiriquí","ISO3166-2-lvl4":"PA-4","country":"Panamá","country_code":"pa"},"population":2523,"osm_type":"relation","osm_id":11058239,"type":"administrative","location":[-82.71205266528717,8.6512362],"bbox":[-82.7507708,8.5751682,-82.6865424,8.727214],"inferred_type":"city"}
{"name":"San Francisco","other_names":{"name:es":"San Francisco","official_name":"Corregimiento San Francisco"},"display_name":"San Francisco, Distrito de Panamá, Provincia de Panamá, Panamá","address":{"city":"San Francisco","county":"Distrito de Panamá","state":"Provincia de Panamá","ISO3166-2-lvl4":"PA-8","country":"Panamá","country_code":"pa"},"osm_type":"relation","osm_id":11381034,"type":"administrative","location":[-79.5058730684766,8.98912025],"bbox":[-79.5195696,8.9657138,-79.493975,9.0085418],"inferred_type":"city"}
{"name":"San Juan","other_names":{"name:es":"San Juan","official_name":"Corregimiento San Juan"},"display_name":"San Juan, Colón, Panamá","address":{"city":"San Juan","county":"Colón","state":"Colón","ISO3166-2-lvl4":"PA-3","country":"Panamá","country_code":"pa"},"osm_type":"relation","osm_id":11851385,"type":"administrative","location":[-79.62199176532462,9.246644700000001],"bbox":[-79.6917112,9.2031256,-79.5798925,9.2857341],"inferred_type":"city"}
{"name":"San Martín de Porres","display_name":"San Martín de Porres, Santiago, Veraguas, Panamá","address":{"city":"San Martín de Porres","county":"Santiago","state":"Veraguas","ISO3166-2-lvl4":"PA-9","country":"Panamá","country_code":"pa"},"population":16406,"osm_type":"relation","osm_id":11210373,"type":"administrative","location":[-80.95158407296216,8.11680415],"bbox":[-80.9715776,8.1036653,-80.9393145,8.1299266],"inferred_type":"city"}
{"name":"San Martín","other_names":{"name:es":"San Martín","official_name":"Corregimiento San Martín"},"display_name":"San Martín, Distrito de Panamá, Provincia de Panamá, Panamá","address":{"city":"San Martín","county":"Distrito de Panamá","state":"Provincia de Panamá","ISO3166-2-lvl4":"PA-8","country":"Panamá","country_code":"pa"},"osm_type":"relation","osm_id":11375604,"type":"administrative","location":[-79.24000267467781,9.20218555],"bbox":[-79.3232595,9.1026031,-79.1580216,9.3009796],"inferred_type":"city"}
{"name":"Santa Cruz de Chinina","other_names":{"name:es":"Santa Cruz de Chinina","official_name":"Corregimiento Santa Cruz de Chinina"},"display_name":"Santa Cruz de Chinina, Chepo, Provincia de Panamá, Panamá","address":{"city":"Santa Cruz de Chinina","county":"Chepo","state":"Provincia de Panamá","ISO3166-2-lvl4":"PA-8","country":"Panamá","country_code":"pa"},"osm_type":"relation","osm_id":11335966,"type":"administrative","location":[-79.00910232313285,9.01246055],"bbox":[-79.1750802,8.9270271,-78.7892938,9.0978656],"inferred_type":"city"}
{"name":"Santa Lucía","display_name":"Santa Lucía, Remedios, Chiriquí, Panamá","address":{"city":"Santa Lucía","county":"Remedios","state":"Chiriquí","ISO3166-2-lvl4":"PA-4","country":"Panamá","country_code":"pa"},"population":492,"osm_type":"relation","osm_id":8464003,"type":"administrative","location":[-81.80308546461075,8.2519709],"bbox":[-81.82822,8.2227699,-81.7651955,8.2812524],"inferred_type":"city"}
{"name":"Santa Marta","display_name":"Santa Marta, Bugaba, Chiriquí, Panamá","address":{"city":"Santa Marta","county":"Bugaba","state":"Chiriquí","ISO3166-2-lvl4":"PA-4","country":"Panamá","country_code":"pa"},"population":3679,"osm_type":"relation","osm_id":11058078,"type":"administrative","location":[-82.69467852371534,8.5144509],"bbox":[-82.7177274,8.4478966,-82.6841866,8.5809727],"inferred_type":"city"}
{"name":"Santiago","other_names":{"name:hu":"Santiago de Veraguas","name:ru":"Сантьяго","name:zh":"圣地亚哥","name:zh-Hans":"圣地亚哥","name:zh-Hant":"聖地亞哥","official_name":"Santiago de Veraguas"},"display_name":"Santiago, Veraguas, Panamá","address":{"city":"Santiago","county":"Santiago","state":"Veraguas","ISO3166-2-lvl4":"PA-9","country":"Panamá","country_code":"pa"},"population":88997,"osm_type":"node","osm_id":247027425,"type":"city","location":[-80.9803978,8.0989867],"bbox":[-81.1403978,7.9389867,-80.8203978,8.2589867],"border":[{"name":"Santiago","other_names":{"name:es":"Santiago","alt_name":"Distrito de Santiago"},"display_name":"Santiago, Veraguas, 0924, Panamá","address":{"county":"Santiago","state":"Veraguas","ISO3166-2-lvl4":"PA-9","postcode":"0924","country":"Panamá","country_code":"pa"},"osm_type":"relation","osm_id":8465843,"type":"administrative","location":[-80.99488850614571,7.99021845],"bbox":[-81.1535083,7.7238262,-80.6849885,8.2565328]},{"name":"Santiago","other_names":{"name:es":"Santiago","name:hu":"Santiago de Veraguas","name:ru":"Сантьяго","name:zh":"圣地亚哥","name:zh-Hans":"圣地亚哥","name:zh-Hant":"聖地亞哥","official_name":"Santiago de Veraguas"},"display_name":"Santiago, Veraguas, 0924, Panamá","address":{"city":"Santiago","county":"Santiago","state":"Veraguas","ISO3166-2-lvl4":"PA-9","postcode":"0924","country":"Panamá","country_code":"pa"},"population":31065,"osm_type":"relation","osm_id":11195657,"type":"administrative","location":[-80.9803978,8.0989867],"bbox":[-81.0069743,8.0375473,-80.9458893,8.1138731]}]}
{"name":"Santo Tomas","display_name":"Santo Tomas, Alanje, Chiriquí, Panamá","address":{"city":"Santo Tomas","county":"Alanje","state":"Chiriquí","ISO3166-2-lvl4":"PA-4","country":"Panamá","country_code":"pa"},"population":1259,"osm_type":"relation","osm_id":8413406,"type":"administrative","location":[-82.63909495150969,8.39732875],"bbox":[-82.6938022,8.3295204,-82.6221069,8.4653987],"inferred_type":"city"}
{"name":"Sieyic","display_name":"Sieyic, Teribe, Naso Tjër Di, Panamá","address":{"city":"Sieyic","state":"Naso Tjër Di","ISO3166-2-lvl4":"PA-NT","country":"Panamá","country_code":"pa"},"population":255,"osm_type":"node","osm_id":8481643062,"type":"city","location":[-82.6526356,9.3867208],"bbox":[-82.8126356,9.2267208,-82.4926356,9.5467208]}
{"name":"Tu Gwai","other_names":{"name:es":"Tu Gwai (Tuwai)","alt_name":"Tuwai","name:gym":"Tu Gwai (Tuwai)","alt_name:es":"Tuwai","alt_name:gym":"Tuwai","official_name":"Corregimiento de Tu Gwai","official_name:es":"Corregimiento de Tu Gwai"},"display_name":"Tu Gwai, Jirondai, Ngäbe-Buglé, Panamá","address":{"city":"Tu Gwai","county":"Jirondai","state":"Ngäbe-Buglé","ISO3166-2-lvl4":"PA-NB","country":"Panamá","country_code":"pa"},"population":5601,"osm_type":"relation","osm_id":18154015,"type":"administrative","location":[-82.35277688826537,9.0173017],"bbox":[-82.4234885,8.8869373,-82.2072215,9.1478307],"inferred_type":"city"}
{"name":"Ümani","other_names":{"name:es":"Umaní","name:gym":"Ümani","official_name":"Corregimiento de Umaní","official_name:es":"Corregimiento de Umaní"},"display_name":"Ümani, Munä, Ngäbe-Buglé, Panamá","address":{"city":"Ümani","county":"Munä","state":"Ngäbe-Buglé","ISO3166-2-lvl4":"PA-NB","country":"Panamá","country_code":"pa"},"population":2497,"osm_type":"relation","osm_id":10406098,"type":"administrative","location":[-81.72037663997928,8.3056022],"bbox":[-81.7516983,8.2618506,-81.7005445,8.3498144],"inferred_type":"city"}
{"name":"Viguí","display_name":"Viguí, Las Palmas, Veraguas, Panamá","address":{"city":"Viguí","county":"Las Palmas","state":"Veraguas","ISO3166-2-lvl4":"PA-9","country":"Panamá","country_code":"pa"},"population":964,"osm_type":"relation","osm_id":14170615,"type":"administrative","location":[-81.49299470433414,8.3300789],"bbox":[-81.5322558,8.2619054,-81.4680923,8.3987024],"inferred_type":"city"}
{"name":"Yape","other_names":{"name:es":"Yape","official_name":"Corregimiento Yape"},"display_name":"Yape, Pinogana, Darién, Panamá","address":{"city":"Yape","county":"Pinogana","state":"Darién","ISO3166-2-lvl4":"PA-5","country":"Panamá","country_code":"pa"},"osm_type":"relation","osm_id":11309312,"type":"administrative","location":[-77.34378618316961,8.102968449999999],"bbox":[-77.7086215,7.9431241,-77.1705269,8.2334801],"inferred_type":"city"}
