{"name":"Burmarrad","other_names":{"name:en":"Burmarrad","name:mt":"Burmarrad"},"display_name":"Burmarrad, San Pawl il-Baħar, Tramuntana, SPB 6101, Malta","address":{"hamlet":"Burmarrad","town":"San Pawl il-Baħar","ISO3166-2-lvl8":"MT-51","state":"Tramuntana","postcode":"SPB 6101","country":"Malta","country_code":"mt"},"osm_type":"node","osm_id":130921179,"type":"hamlet","location":[14.4132571,35.9352218],"bbox":[14.3932571,35.9152218,14.4332571,35.9552218]}
{"name":"Daħlet Qorrot","display_name":"Daħlet Qorrot, In-Nadur, Għawdex, QLA 1930, Malta","address":{"hamlet":"Daħlet Qorrot","village":"In-Nadur","ISO3166-2-lvl8":"MT-37","state":"Għawdex","postcode":"QLA 1930","country":"Malta","country_code":"mt"},"osm_type":"node","osm_id":156270985,"type":"hamlet","location":[14.3166335,36.0487838],"bbox":[14.2966335,36.0287838,14.3366335,36.0687838]}
{"name":"Fleur-de-Lys","display_name":"Fleur-de-Lys, Birkirkara, Ċentrali, BKR 9077, Malta","address":{"hamlet":"Fleur-de-Lys","town":"Birkirkara","ISO3166-2-lvl8":"MT-04","state":"Ċentrali","postcode":"BKR 9077","country":"Malta","country_code":"mt"},"osm_type":"node","osm_id":130879557,"type":"hamlet","location":[14.4716185,35.892982],"bbox":[14.4516185,35.872982,14.4916185,35.912982]}
{"name":"Għar Lapsi","other_names":{"name:ar":"غار لابسي"},"display_name":"Għar Lapsi, Is-Siġġiewi, Nofsinhar, QRD 3043, Malta","address":{"hamlet":"Għar Lapsi","village":"Is-Siġġiewi","ISO3166-2-lvl8":"MT-55","state":"Nofsinhar","postcode":"QRD 3043","country":"Malta","country_code":"mt"},"osm_type":"node","osm_id":149137491,"type":"hamlet","location":[14.4231859,35.8270964],"bbox":[14.4031859,35.8070964,14.4431859,35.8470964]}
{"display_name":"Il-Baħrija, Ir-Rabat, Tramuntana, MGR 1502, Malta","address":{"village":"Il-Baħrija","town":"Ir-Rabat","ISO3166-2-lvl8":"MT-46","state":"Tramuntana","postcode":"MGR 1502","country":"Malta","country_code":"mt"},"osm_type":"node","osm_id":1276538951,"type":"hamlet","location":[14.3629783,35.8925246],"bbox":[14.3429783,35.8725246,14.3829783,35.9125246]}
{"name":"Il-Qbajjar","display_name":"Il-Qbajjar, Marsalforn, Iż-Żebbuġ, Għawdex, MFN 1211, Malta","address":{"hamlet":"Il-Qbajjar","village":"Marsalforn","ISO3166-2-lvl8":"MT-65","state":"Għawdex","postcode":"MFN 1211","country":"Malta","country_code":"mt"},"osm_type":"node","osm_id":131742941,"type":"hamlet","location":[14.2555954,36.0761164],"bbox":[14.2355954,36.0561164,14.2755954,36.0961164]}
{"name":"Il-Wardija","other_names":{"name:en":"Wardija","name:mt":"Il-Wardija"},"display_name":"Il-Wardija, Ix-Xemxija, San Pawl il-Baħar, Tramuntana, SPB 3418, Malta","address":{"hamlet":"Il-Wardija","village":"Ix-Xemxija","town":"San Pawl il-Baħar","ISO3166-2-lvl8":"MT-51","state":"Tramuntana","postcode":"SPB 3418","country":"Malta","country_code":"mt"},"osm_type":"node","osm_id":4615889140,"type":"hamlet","location":[14.3929768,35.9374111],"bbox":[14.3729768,35.9174111,14.4129768,35.9574111]}
{"display_name":"Ir-Rabat, Tramuntana, RBT 4017, Malta","address":{"town":"Ir-Rabat","ISO3166-2-lvl8":"MT-46","state":"Tramuntana","postcode":"RBT 4017","country":"Malta","country_code":"mt"},"osm_type":"node","osm_id":1276539095,"type":"hamlet","location":[14.3683771,35.8891859],"bbox":[14.3483771,35.8691859,14.3883771,35.9091859]}
{"name":"Iż-Żebbiegħ","other_names":{"int_name":"Zebbiegh"},"display_name":"Iż-Żebbiegħ, L-Imġarr, Tramuntana, MGR 1502, Malta","address":{"hamlet":"Iż-Żebbiegħ","village":"L-Imġarr","ISO3166-2-lvl8":"MT-31","state":"Tramuntana","postcode":"MGR 1502","country":"Malta","country_code":"mt"},"osm_type":"node","osm_id":130925344,"type":"hamlet","location":[14.3763807,35.919825],"bbox":[14.3563807,35.899825,14.3963807,35.939825]}
{"name":"Landrijiet","display_name":"Landrijiet, Ir-Rabat, Tramuntana, RBT 4017, Malta","address":{"hamlet":"Landrijiet","town":"Ir-Rabat","ISO3166-2-lvl8":"MT-46","state":"Tramuntana","postcode":"RBT 4017","country":"Malta","country_code":"mt"},"osm_type":"node","osm_id":1421803481,"type":"hamlet","location":[14.3648857,35.8862454],"bbox":[14.3448857,35.8662454,14.3848857,35.9062454]}
{"name":"Santa Luċija","display_name":"Santa Luċija, Ta' Kerċem, Għawdex, SLZ 1040, Malta","address":{"hamlet":"Santa Luċija","village":"Ta' Kerċem","ISO3166-2-lvl8":"MT-22","state":"Għawdex","postcode":"SLZ 1040","country":"Malta","country_code":"mt"},"osm_type":"node","osm_id":131787043,"type":"hamlet","location":[14.217684,36.0432761],"bbox":[14.197684,36.0232761,14.237684,36.0632761]}
{"name":"Ta' Għammar","display_name":"Ta' Għammar, L-Għasri, Għawdex, GSR 1250, Malta","address":{"hamlet":"Ta' Għammar","village":"L-Għasri","ISO3166-2-lvl8":"MT-16","state":"Għawdex","postcode":"GSR 1250","country":"Malta","country_code":"mt"},"osm_type":"node","osm_id":3956325372,"type":"hamlet","location":[14.2183259,36.0660159],"bbox":[14.1983259,36.0460159,14.2383259,36.0860159]}
{"name":"Ta' Qali","display_name":"Ta' Qali, Ħ'Attard, Ċentrali, ATD 4000, Malta","address":{"hamlet":"Ta' Qali","town":"Ħ'Attard","ISO3166-2-lvl8":"MT-01","state":"Ċentrali","postcode":"ATD 4000","country":"Malta","country_code":"mt"},"osm_type":"node","osm_id":130910013,"type":"hamlet","location":[14.4196785,35.8923492],"bbox":[14.3996785,35.8723492,14.4396785,35.9123492]}
{"name":"Wied iż-Żurrieq","other_names":{"name:ar":"وادي الزرياق"},"display_name":"Wied iż-Żurrieq, Il-Qrendi, Nofsinhar, QRD 3043, Malta","address":{"hamlet":"Wied iż-Żurrieq","village":"Il-Qrendi","ISO3166-2-lvl8":"MT-44","state":"Nofsinhar","postcode":"QRD 3043","country":"Malta","country_code":"mt"},"osm_type":"node","osm_id":146670300,"type":"hamlet","location":[14.4529936,35.819672],"bbox":[14.4329936,35.799672,14.4729936,35.839672]}
