{"name":"Ana","display_name":"Ana, Alofi, Niuē","address":{"hamlet":"Ana","town":"Alofi","country":"Niuē","country_code":"nu"},"osm_type":"node","osm_id":8637066223,"type":"hamlet","location":[-169.9216273,-19.0218811],"bbox":[-169.9416273,-19.0418811,-169.9016273,-19.0018811]}
{"name":"Atafu","display_name":"Atafu, Tamakautoga, Niuē","address":{"hamlet":"Atafu","village":"Tamakautoga","country":"Niuē","country_code":"nu"},"osm_type":"node","osm_id":8637065992,"type":"hamlet","location":[-169.8925267,-19.0837775],"bbox":[-169.9125267,-19.1037775,-169.8725267,-19.0637775]}
{"name":"Falehavaiki","display_name":"Falehavaiki, Hakupu, Niuē","address":{"hamlet":"Falehavaiki","village":"Hakupu","country":"Niuē","country_code":"nu"},"osm_type":"node","osm_id":9140808451,"type":"hamlet","location":[-169.8731093,-19.1310119],"bbox":[-169.8931093,-19.1510119,-169.8531093,-19.1110119]}
{"name":"Fatamanu","display_name":"Fatamanu, Makefu, Niuē","address":{"hamlet":"Fatamanu","village":"Makefu","country":"Niuē","country_code":"nu"},"osm_type":"node","osm_id":8637066310,"type":"hamlet","location":[-169.8969949,-19.0237624],"bbox":[-169.9169949,-19.0437624,-169.8769949,-19.0037624]}
{"name":"Fatiau Tuai","display_name":"Fatiau Tuai, Vaiea, Niuē","address":{"hamlet":"Fatiau Tuai","village":"Vaiea","country":"Niuē","country_code":"nu"},"osm_type":"node","osm_id":9140808455,"type":"hamlet","location":[-169.8922357,-19.1384695],"bbox":[-169.9122357,-19.1584695,-169.8722357,-19.1184695]}
{"name":"Fetiki","display_name":"Fetiki, Liku, Niuē","address":{"hamlet":"Fetiki","village":"Liku","country":"Niuē","country_code":"nu"},"osm_type":"node","osm_id":8637066363,"type":"hamlet","location":[-169.815208,-19.0508005],"bbox":[-169.835208,-19.0708005,-169.795208,-19.0308005]}
{"name":"Foa","display_name":"Foa, Hakupu, Niuē","address":{"hamlet":"Foa","village":"Hakupu","country":"Niuē","country_code":"nu"},"osm_type":"node","osm_id":8637065959,"type":"hamlet","location":[-169.8740814,-19.0901191],"bbox":[-169.8940814,-19.1101191,-169.8540814,-19.0701191]}
{"name":"Fou","display_name":"Fou, Mutalau, Niuē","address":{"hamlet":"Fou","village":"Mutalau","country":"Niuē","country_code":"nu"},"osm_type":"node","osm_id":8637114913,"type":"hamlet","location":[-169.8400097,-18.97827],"bbox":[-169.8600097,-18.99827,-169.8200097,-18.95827]}
{"name":"Fuala;Fulala","display_name":"Fuala;Fulala, Lakepa, Niuē","address":{"hamlet":"Fuala;Fulala","village":"Lakepa","country":"Niuē","country_code":"nu"},"osm_type":"node","osm_id":8637115066,"type":"hamlet","location":[-169.8128113,-18.9892255],"bbox":[-169.8328113,-19.0092255,-169.7928113,-18.9692255]}
{"name":"Fualahi","display_name":"Fualahi, Alofi, Niuē","address":{"hamlet":"Fualahi","town":"Alofi","country":"Niuē","country_code":"nu"},"osm_type":"node","osm_id":8637066116,"type":"hamlet","location":[-169.9307437,-19.075226],"bbox":[-169.9507437,-19.095226,-169.9107437,-19.055226]}
{"name":"Fuata","display_name":"Fuata, Tamakautoga, Niuē","address":{"hamlet":"Fuata","village":"Tamakautoga","country":"Niuē","country_code":"nu"},"osm_type":"node","osm_id":8637066055,"type":"hamlet","location":[-169.909461,-19.0953785],"bbox":[-169.929461,-19.1153785,-169.889461,-19.0753785]}
{"name":"Fue","display_name":"Fue, Liku, Niuē","address":{"hamlet":"Fue","village":"Liku","country":"Niuē","country_code":"nu"},"osm_type":"node","osm_id":8637066362,"type":"hamlet","location":[-169.819117,-19.0516904],"bbox":[-169.839117,-19.0716904,-169.799117,-19.0316904]}
{"name":"Fukau","display_name":"Fukau, Mutalau, Niuē","address":{"hamlet":"Fukau","village":"Mutalau","country":"Niuē","country_code":"nu"},"osm_type":"node","osm_id":8637115107,"type":"hamlet","location":[-169.8214551,-18.9696435],"bbox":[-169.8414551,-18.9896435,-169.8014551,-18.9496435]}
{"name":"Fukava","display_name":"Fukava, Hikutavake, Niuē","address":{"hamlet":"Fukava","village":"Hikutavake","country":"Niuē","country_code":"nu"},"osm_type":"node","osm_id":8637114877,"type":"hamlet","location":[-169.8700772,-18.990244],"bbox":[-169.8900772,-19.010244,-169.8500772,-18.970244]}
{"name":"Fulalatea","display_name":"Fulalatea, Avatele, Niuē","address":{"hamlet":"Fulalatea","village":"Avatele","country":"Niuē","country_code":"nu"},"osm_type":"node","osm_id":9140808456,"type":"hamlet","location":[-169.9103038,-19.1278886],"bbox":[-169.9303038,-19.1478886,-169.8903038,-19.1078886]}
{"name":"Fumati","display_name":"Fumati, Makefu, Niuē","address":{"hamlet":"Fumati","village":"Makefu","country":"Niuē","country_code":"nu"},"osm_type":"node","osm_id":8637066206,"type":"hamlet","location":[-169.8877577,-19.0362085],"bbox":[-169.9077577,-19.0562085,-169.8677577,-19.0162085]}
{"name":"Fupao","display_name":"Fupao, Mutalau, Niuē","address":{"hamlet":"Fupao","village":"Mutalau","country":"Niuē","country_code":"nu"},"osm_type":"node","osm_id":8637114797,"type":"hamlet","location":[-169.8424884,-18.9996865],"bbox":[-169.8624884,-19.0196865,-169.8224884,-18.9796865]}
{"name":"Gaga","display_name":"Gaga, Mutalau, Niuē","address":{"hamlet":"Gaga","village":"Mutalau","country":"Niuē","country_code":"nu"},"osm_type":"node","osm_id":8637114912,"type":"hamlet","location":[-169.843341,-18.9897819],"bbox":[-169.863341,-19.0097819,-169.823341,-18.9697819]}
{"name":"Hafata","display_name":"Hafata, Liku, Niuē","address":{"hamlet":"Hafata","village":"Liku","country":"Niuē","country_code":"nu"},"osm_type":"node","osm_id":8637066334,"type":"hamlet","location":[-169.8423652,-19.0593722],"bbox":[-169.8623652,-19.0793722,-169.8223652,-19.0393722]}
{"name":"Hago","display_name":"Hago, Hakupu, Niuē","address":{"hamlet":"Hago","village":"Hakupu","country":"Niuē","country_code":"nu"},"osm_type":"node","osm_id":8637066333,"type":"hamlet","location":[-169.8474721,-19.0588402],"bbox":[-169.8674721,-19.0788402,-169.8274721,-19.0388402]}
{"name":"Halakuma","display_name":"Halakuma, Hakupu, Niuē","address":{"hamlet":"Halakuma","village":"Hakupu","country":"Niuē","country_code":"nu"},"osm_type":"node","osm_id":9140808459,"type":"hamlet","location":[-169.8641115,-19.1014723],"bbox":[-169.8841115,-19.1214723,-169.8441115,-19.0814723]}
{"name":"Hatea","display_name":"Hatea, Mutalau, Niuē","address":{"hamlet":"Hatea","village":"Mutalau","country":"Niuē","country_code":"nu"},"osm_type":"node","osm_id":8637115067,"type":"hamlet","location":[-169.8169368,-18.976289],"bbox":[-169.8369368,-18.996289,-169.7969368,-18.956289]}
{"name":"Haupo","display_name":"Haupo, Tuapa, Niuē","address":{"hamlet":"Haupo","village":"Tuapa","country":"Niuē","country_code":"nu"},"osm_type":"node","osm_id":8637066282,"type":"hamlet","location":[-169.8821696,-19.0063968],"bbox":[-169.9021696,-19.0263968,-169.8621696,-18.9863968]}
{"name":"Havaka","display_name":"Havaka, Hakupu, Niuē","address":{"hamlet":"Havaka","village":"Hakupu","country":"Niuē","country_code":"nu"},"osm_type":"node","osm_id":9140808460,"type":"hamlet","location":[-169.8627418,-19.1034738],"bbox":[-169.8827418,-19.1234738,-169.8427418,-19.0834738]}
{"name":"Hikulagi","display_name":"Hikulagi, Liku, Niuē","address":{"hamlet":"Hikulagi","village":"Liku","country":"Niuē","country_code":"nu"},"osm_type":"node","osm_id":8637066360,"type":"hamlet","location":[-169.8297779,-19.0647438],"bbox":[-169.8497779,-19.0847438,-169.8097779,-19.0447438]}
{"name":"Huimau;Huimaui","display_name":"Huimau;Huimaui, Tuapa, Niuē","address":{"hamlet":"Huimau;Huimaui","village":"Tuapa","country":"Niuē","country_code":"nu"},"osm_type":"node","osm_id":8637066281,"type":"hamlet","location":[-169.8859237,-19.0058826],"bbox":[-169.9059237,-19.0258826,-169.8659237,-18.9858826]}
{"name":"Kaho","display_name":"Kaho, Avatele, Niuē","address":{"hamlet":"Kaho","village":"Avatele","country":"Niuē","country_code":"nu"},"osm_type":"node","osm_id":8636983995,"type":"hamlet","location":[-169.909504,-19.1322916],"bbox":[-169.929504,-19.1522916,-169.889504,-19.1122916]}
{"name":"Kalaone","display_name":"Kalaone, Alofi, Niuē","address":{"hamlet":"Kalaone","town":"Alofi","country":"Niuē","country_code":"nu"},"osm_type":"node","osm_id":8637066147,"type":"hamlet","location":[-169.9236446,-19.0575368],"bbox":[-169.9436446,-19.0775368,-169.9036446,-19.0375368]}
{"name":"Kapihi","display_name":"Kapihi, Mutalau, Niuē","address":{"hamlet":"Kapihi","village":"Mutalau","country":"Niuē","country_code":"nu"},"osm_type":"node","osm_id":8637114914,"type":"hamlet","location":[-169.8390959,-18.973602],"bbox":[-169.8590959,-18.993602,-169.8190959,-18.953602]}
{"name":"Kapika","display_name":"Kapika, Hakupu, Niuē","address":{"hamlet":"Kapika","village":"Hakupu","country":"Niuē","country_code":"nu"},"osm_type":"node","osm_id":8637065903,"type":"hamlet","location":[-169.8682796,-19.0957663],"bbox":[-169.8882796,-19.1157663,-169.8482796,-19.0757663]}
{"name":"Kaupa","display_name":"Kaupa, Liku, Niuē","address":{"hamlet":"Kaupa","village":"Liku","country":"Niuē","country_code":"nu"},"osm_type":"node","osm_id":8637114581,"type":"hamlet","location":[-169.7928827,-19.0412416],"bbox":[-169.8128827,-19.0612416,-169.7728827,-19.0212416]}
{"name":"Kavata","display_name":"Kavata, Hikutavake, Niuē","address":{"hamlet":"Kavata","village":"Hikutavake","country":"Niuē","country_code":"nu"},"osm_type":"node","osm_id":8637114600,"type":"hamlet","location":[-169.8717327,-18.9585632],"bbox":[-169.8917327,-18.9785632,-169.8517327,-18.9385632]}
{"name":"Keleola","display_name":"Keleola, Alofi, Niuē","address":{"hamlet":"Keleola","town":"Alofi","country":"Niuē","country_code":"nu"},"osm_type":"node","osm_id":8637066207,"type":"hamlet","location":[-169.8864436,-19.051667],"bbox":[-169.9064436,-19.071667,-169.8664436,-19.031667]}
{"name":"Lalokafika","display_name":"Lalokafika, Alofi, Niuē","address":{"hamlet":"Lalokafika","town":"Alofi","country":"Niuē","country_code":"nu"},"osm_type":"node","osm_id":9140808474,"type":"hamlet","location":[-169.8977334,-19.0735131],"bbox":[-169.9177334,-19.0935131,-169.8777334,-19.0535131]}
{"name":"Lalole","display_name":"Lalole, Lakepa, Niuē","address":{"hamlet":"Lalole","village":"Lakepa","country":"Niuē","country_code":"nu"},"osm_type":"node","osm_id":8637114762,"type":"hamlet","location":[-169.8120519,-18.9941568],"bbox":[-169.8320519,-19.0141568,-169.7920519,-18.9741568]}
{"name":"Lefuka","display_name":"Lefuka, Alofi, Niuē","address":{"hamlet":"Lefuka","town":"Alofi","country":"Niuē","country_code":"nu"},"osm_type":"node","osm_id":9140808438,"type":"hamlet","location":[-169.8555204,-19.0367576],"bbox":[-169.8755204,-19.0567576,-169.8355204,-19.0167576]}
{"name":"Logovao","display_name":"Logovao, Tuapa, Niuē","address":{"hamlet":"Logovao","village":"Tuapa","country":"Niuē","country_code":"nu"},"osm_type":"node","osm_id":8637114813,"type":"hamlet","location":[-169.8661559,-19.009323],"bbox":[-169.8861559,-19.029323,-169.8461559,-18.989323]}
{"name":"Maila","display_name":"Maila, Lakepa, Niuē","address":{"hamlet":"Maila","village":"Lakepa","country":"Niuē","country_code":"nu"},"osm_type":"node","osm_id":8637114646,"type":"hamlet","location":[-169.8182749,-19.0144404],"bbox":[-169.8382749,-19.0344404,-169.7982749,-18.9944404]}
{"name":"Makamalu","display_name":"Makamalu, Lakepa, Niuē","address":{"hamlet":"Makamalu","village":"Lakepa","country":"Niuē","country_code":"nu"},"osm_type":"node","osm_id":8637114725,"type":"hamlet","location":[-169.8273185,-19.0118737],"bbox":[-169.8473185,-19.0318737,-169.8073185,-18.9918737]}
{"name":"Makapu","display_name":"Makapu, Makefu, Niuē","address":{"hamlet":"Makapu","village":"Makefu","country":"Niuē","country_code":"nu"},"osm_type":"node","osm_id":8637066250,"type":"hamlet","location":[-169.9219265,-19.0141259],"bbox":[-169.9419265,-19.0341259,-169.9019265,-18.9941259]}
{"name":"Makatu","display_name":"Makatu, Mutalau, Niuē","address":{"hamlet":"Makatu","village":"Mutalau","country":"Niuē","country_code":"nu"},"osm_type":"node","osm_id":8637114909,"type":"hamlet","location":[-169.8604971,-19.0022973],"bbox":[-169.8804971,-19.0222973,-169.8404971,-18.9822973]}
{"name":"Makatutaha","display_name":"Makatutaha, Hikutavake, Niuē","address":{"hamlet":"Makatutaha","village":"Hikutavake","country":"Niuē","country_code":"nu"},"osm_type":"node","osm_id":8637114602,"type":"hamlet","location":[-169.8885679,-18.9675606],"bbox":[-169.9085679,-18.9875606,-169.8685679,-18.9475606]}
{"name":"Makauga","display_name":"Makauga, Hikutavake, Niuē","address":{"hamlet":"Makauga","village":"Hikutavake","country":"Niuē","country_code":"nu"},"osm_type":"node","osm_id":8637114891,"type":"hamlet","location":[-169.8686459,-18.9731299],"bbox":[-169.8886459,-18.9931299,-169.8486459,-18.9531299]}
{"name":"Makauga","display_name":"Makauga, Liku, Niuē","address":{"hamlet":"Makauga","village":"Liku","country":"Niuē","country_code":"nu"},"osm_type":"node","osm_id":8637114582,"type":"hamlet","location":[-169.7955376,-19.0334616],"bbox":[-169.8155376,-19.0534616,-169.7755376,-19.0134616]}
{"name":"Makavilitoga","display_name":"Makavilitoga, Lakepa, Niuē","address":{"hamlet":"Makavilitoga","village":"Lakepa","country":"Niuē","country_code":"nu"},"osm_type":"node","osm_id":9140808439,"type":"hamlet","location":[-169.8372748,-19.035194],"bbox":[-169.8572748,-19.055194,-169.8172748,-19.015194]}
{"name":"Malafati","display_name":"Malafati, Liku, Niuē","address":{"hamlet":"Malafati","village":"Liku","country":"Niuē","country_code":"nu"},"osm_type":"node","osm_id":8637114707,"type":"hamlet","location":[-169.8230999,-19.0317251],"bbox":[-169.8430999,-19.0517251,-169.8030999,-19.0117251]}
{"name":"Malefisi","display_name":"Malefisi, Lakepa, Niuē","address":{"hamlet":"Malefisi","village":"Lakepa","country":"Niuē","country_code":"nu"},"osm_type":"node","osm_id":8637114763,"type":"hamlet","location":[-169.8201353,-18.9982512],"bbox":[-169.8401353,-19.0182512,-169.8001353,-18.9782512]}
{"name":"Mana","display_name":"Mana, Alofi, Niuē","address":{"hamlet":"Mana","town":"Alofi","country":"Niuē","country_code":"nu"},"osm_type":"node","osm_id":8637066312,"type":"hamlet","location":[-169.8783018,-19.0526012],"bbox":[-169.8983018,-19.0726012,-169.8583018,-19.0326012]}
{"name":"Matapa","display_name":"Matapa, Hikutavake, Niuē","address":{"hamlet":"Matapa","village":"Hikutavake","country":"Niuē","country_code":"nu"},"osm_type":"node","osm_id":8637114601,"type":"hamlet","location":[-169.8825166,-18.9628557],"bbox":[-169.9025166,-18.9828557,-169.8625166,-18.9428557]}
{"name":"Motutapu","display_name":"Motutapu, Liku, Niuē","address":{"hamlet":"Motutapu","village":"Liku","country":"Niuē","country_code":"nu"},"osm_type":"node","osm_id":9140808443,"type":"hamlet","location":[-169.8015098,-19.0256057],"bbox":[-169.8215098,-19.0456057,-169.7815098,-19.0056057]}
{"name":"Namoui","display_name":"Namoui, Alofi, Niuē","address":{"hamlet":"Namoui","town":"Alofi","country":"Niuē","country_code":"nu"},"osm_type":"node","osm_id":8637066224,"type":"hamlet","location":[-169.922387,-19.0192357],"bbox":[-169.942387,-19.0392357,-169.902387,-18.9992357]}
{"name":"Natuku","display_name":"Natuku, Liku, Niuē","address":{"hamlet":"Natuku","village":"Liku","country":"Niuē","country_code":"nu"},"osm_type":"node","osm_id":8637114566,"type":"hamlet","location":[-169.7928383,-19.0695925],"bbox":[-169.8128383,-19.0895925,-169.7728383,-19.0495925]}
{"name":"Niufela","display_name":"Niufela, Lakepa, Niuē","address":{"hamlet":"Niufela","village":"Lakepa","country":"Niuē","country_code":"nu"},"osm_type":"node","osm_id":9140808440,"type":"hamlet","location":[-169.8405528,-19.0246129],"bbox":[-169.8605528,-19.0446129,-169.8205528,-19.0046129]}
{"name":"Niumaga","display_name":"Niumaga, Vaiea, Niuē","address":{"hamlet":"Niumaga","village":"Vaiea","country":"Niuē","country_code":"nu"},"osm_type":"node","osm_id":9140808453,"type":"hamlet","location":[-169.8935904,-19.1304609],"bbox":[-169.9135904,-19.1504609,-169.8735904,-19.1104609]}
{"name":"Omea","display_name":"Omea, Tuapa, Niuē","address":{"hamlet":"Omea","village":"Tuapa","country":"Niuē","country_code":"nu"},"osm_type":"node","osm_id":8637066280,"type":"hamlet","location":[-169.8870997,-19.0014168],"bbox":[-169.9070997,-19.0214168,-169.8670997,-18.9814168]}
{"name":"Oneiki","display_name":"Oneiki, Tamakautoga, Niuē","address":{"hamlet":"Oneiki","village":"Tamakautoga","country":"Niuē","country_code":"nu"},"osm_type":"node","osm_id":8637066025,"type":"hamlet","location":[-169.9037396,-19.0947151],"bbox":[-169.9237396,-19.1147151,-169.8837396,-19.0747151]}
{"name":"Opaahi","display_name":"Opaahi, Alofi, Niuē","address":{"hamlet":"Opaahi","town":"Alofi","country":"Niuē","country_code":"nu"},"osm_type":"node","osm_id":8637066145,"type":"hamlet","location":[-169.9305816,-19.0613156],"bbox":[-169.9505816,-19.0813156,-169.9105816,-19.0413156]}
{"name":"Pagopago","display_name":"Pagopago, Hakupu, Niuē","address":{"hamlet":"Pagopago","village":"Hakupu","country":"Niuē","country_code":"nu"},"osm_type":"node","osm_id":8637065905,"type":"hamlet","location":[-169.8531321,-19.0852789],"bbox":[-169.8731321,-19.1052789,-169.8331321,-19.0652789]}
{"name":"Patuutu","display_name":"Patuutu, Mutalau, Niuē","address":{"hamlet":"Patuutu","village":"Mutalau","country":"Niuē","country_code":"nu"},"osm_type":"node","osm_id":8637114911,"type":"hamlet","location":[-169.8380525,-18.9933449],"bbox":[-169.8580525,-19.0133449,-169.8180525,-18.9733449]}
{"name":"Pofitu","display_name":"Pofitu, Avatele, Niuē","address":{"hamlet":"Pofitu","village":"Avatele","country":"Niuē","country_code":"nu"},"osm_type":"node","osm_id":8637115115,"type":"hamlet","location":[-169.9126462,-19.1138322],"bbox":[-169.9326462,-19.1338322,-169.8926462,-19.0938322]}
{"name":"Seikena","display_name":"Seikena, Makefu, Niuē","address":{"hamlet":"Seikena","village":"Makefu","country":"Niuē","country_code":"nu"},"osm_type":"node","osm_id":8637066249,"type":"hamlet","location":[-169.9177983,-19.0168579],"bbox":[-169.9377983,-19.0368579,-169.8977983,-18.9968579]}
{"name":"Tafalalo","display_name":"Tafalalo, Alofi, Niuē","address":{"hamlet":"Tafalalo","town":"Alofi","country":"Niuē","country_code":"nu"},"osm_type":"node","osm_id":8637066113,"type":"hamlet","location":[-169.9417143,-19.0678621],"bbox":[-169.9617143,-19.0878621,-169.9217143,-19.0478621]}
{"name":"Tafolomahina","display_name":"Tafolomahina, Alofi, Niuē","address":{"hamlet":"Tafolomahina","town":"Alofi","country":"Niuē","country_code":"nu"},"osm_type":"node","osm_id":9140808436,"type":"hamlet","location":[-169.8545028,-19.0469133],"bbox":[-169.8745028,-19.0669133,-169.8345028,-19.0269133]}
{"name":"Talamaitoga","display_name":"Talamaitoga, Avatele, Niuē","address":{"hamlet":"Talamaitoga","village":"Avatele","country":"Niuē","country_code":"nu"},"osm_type":"node","osm_id":9140808454,"type":"hamlet","location":[-169.8984774,-19.1256391],"bbox":[-169.9184774,-19.1456391,-169.8784774,-19.1056391]}
{"name":"Taloli","display_name":"Taloli, Vaiea, Niuē","address":{"hamlet":"Taloli","village":"Vaiea","country":"Niuē","country_code":"nu"},"osm_type":"node","osm_id":9140808452,"type":"hamlet","location":[-169.8782587,-19.131527],"bbox":[-169.8982587,-19.151527,-169.8582587,-19.111527]}
{"name":"Taputapu","display_name":"Taputapu, Alofi, Niuē","address":{"hamlet":"Taputapu","town":"Alofi","country":"Niuē","country_code":"nu"},"osm_type":"node","osm_id":9140808473,"type":"hamlet","location":[-169.8887352,-19.0623668],"bbox":[-169.9087352,-19.0823668,-169.8687352,-19.0423668]}
{"name":"Tauli","display_name":"Tauli, Lakepa, Niuē","address":{"hamlet":"Tauli","village":"Lakepa","country":"Niuē","country_code":"nu"},"osm_type":"node","osm_id":8637114723,"type":"hamlet","location":[-169.8313824,-19.0155441],"bbox":[-169.8513824,-19.0355441,-169.8113824,-18.9955441]}
{"name":"Tavahihi","display_name":"Tavahihi, Tuapa, Niuē","address":{"hamlet":"Tavahihi","village":"Tuapa","country":"Niuē","country_code":"nu"},"osm_type":"node","osm_id":8637066252,"type":"hamlet","location":[-169.9051603,-18.9916119],"bbox":[-169.9251603,-19.0116119,-169.8851603,-18.9716119]}
{"name":"Togakaho","display_name":"Togakaho, Alofi, Niuē","address":{"hamlet":"Togakaho","town":"Alofi","country":"Niuē","country_code":"nu"},"osm_type":"node","osm_id":9140808437,"type":"hamlet","location":[-169.8652055,-19.0440735],"bbox":[-169.8852055,-19.0640735,-169.8452055,-19.0240735]}
{"name":"Togalupo","display_name":"Togalupo, Alofi, Niuē","address":{"hamlet":"Togalupo","town":"Alofi","country":"Niuē","country_code":"nu"},"osm_type":"node","osm_id":8637066154,"type":"hamlet","location":[-169.9177615,-19.0475092],"bbox":[-169.9377615,-19.0675092,-169.8977615,-19.0275092]}
{"name":"Togatiti","display_name":"Togatiti, Alofi, Niuē","address":{"hamlet":"Togatiti","town":"Alofi","country":"Niuē","country_code":"nu"},"osm_type":"node","osm_id":8637066313,"type":"hamlet","location":[-169.8755149,-19.0565182],"bbox":[-169.8955149,-19.0765182,-169.8555149,-19.0365182]}
{"name":"Togo","display_name":"Togo, Hakupu, Niuē","address":{"hamlet":"Togo","village":"Hakupu","country":"Niuē","country_code":"nu"},"osm_type":"node","osm_id":8637114458,"type":"hamlet","location":[-169.812295,-19.1015102],"bbox":[-169.832295,-19.1215102,-169.792295,-19.0815102]}
{"name":"Tokamea","display_name":"Tokamea, Alofi, Niuē","address":{"hamlet":"Tokamea","town":"Alofi","country":"Niuē","country_code":"nu"},"osm_type":"node","osm_id":8637066311,"type":"hamlet","location":[-169.9075636,-19.0389008],"bbox":[-169.9275636,-19.0589008,-169.8875636,-19.0189008]}
{"name":"Tualihega","display_name":"Tualihega, Hakupu, Niuē","address":{"hamlet":"Tualihega","village":"Hakupu","country":"Niuē","country_code":"nu"},"osm_type":"node","osm_id":9140808462,"type":"hamlet","location":[-169.8614503,-19.0777389],"bbox":[-169.8814503,-19.0977389,-169.8414503,-19.0577389]}
{"name":"Tumufa","display_name":"Tumufa, Alofi, Niuē","address":{"hamlet":"Tumufa","town":"Alofi","country":"Niuē","country_code":"nu"},"osm_type":"node","osm_id":8637065960,"type":"hamlet","location":[-169.8783458,-19.083768],"bbox":[-169.8983458,-19.103768,-169.8583458,-19.063768]}
{"name":"Tumukanumea","display_name":"Tumukanumea, Mutalau, Niuē","address":{"hamlet":"Tumukanumea","village":"Mutalau","country":"Niuē","country_code":"nu"},"osm_type":"node","osm_id":8637114910,"type":"hamlet","location":[-169.8508401,-18.9953337],"bbox":[-169.8708401,-19.0153337,-169.8308401,-18.9753337]}
{"name":"Tumukieto","display_name":"Tumukieto, Hakupu, Niuē","address":{"hamlet":"Tumukieto","village":"Hakupu","country":"Niuē","country_code":"nu"},"osm_type":"node","osm_id":8637065789,"type":"hamlet","location":[-169.8644728,-19.1328837],"bbox":[-169.8844728,-19.1528837,-169.8444728,-19.1128837]}
{"name":"Tumulo","display_name":"Tumulo, Avatele, Niuē","address":{"hamlet":"Tumulo","village":"Avatele","country":"Niuē","country_code":"nu"},"osm_type":"node","osm_id":8637065958,"type":"hamlet","location":[-169.87862,-19.0914206],"bbox":[-169.89862,-19.1114206,-169.85862,-19.0714206]}
{"name":"Tusekolo","display_name":"Tusekolo, Alofi, Niuē","address":{"hamlet":"Tusekolo","town":"Alofi","country":"Niuē","country_code":"nu"},"osm_type":"node","osm_id":8637066208,"type":"hamlet","location":[-169.895574,-19.0514718],"bbox":[-169.915574,-19.0714718,-169.875574,-19.0314718]}
{"name":"Tutu","display_name":"Tutu, Hakupu, Niuē","address":{"hamlet":"Tutu","village":"Hakupu","country":"Niuē","country_code":"nu"},"osm_type":"node","osm_id":8637065880,"type":"hamlet","location":[-169.8557037,-19.1110633],"bbox":[-169.8757037,-19.1310633,-169.8357037,-19.0910633]}
{"name":"Uani","display_name":"Uani, Hakupu, Niuē","address":{"hamlet":"Uani","village":"Hakupu","country":"Niuē","country_code":"nu"},"osm_type":"node","osm_id":9140808444,"type":"hamlet","location":[-169.82527,-19.1222517],"bbox":[-169.84527,-19.1422517,-169.80527,-19.1022517]}
{"name":"Uani","display_name":"Uani, Hakupu, Niuē","address":{"hamlet":"Uani","village":"Hakupu","country":"Niuē","country_code":"nu"},"osm_type":"node","osm_id":8637114422,"type":"hamlet","location":[-169.8280757,-19.1136442],"bbox":[-169.8480757,-19.1336442,-169.8080757,-19.0936442]}
{"name":"Va","display_name":"Va, Hakupu, Niuē","address":{"hamlet":"Va","village":"Hakupu","country":"Niuē","country_code":"nu"},"osm_type":"node","osm_id":8637066323,"type":"hamlet","location":[-169.8599332,-19.0720882],"bbox":[-169.8799332,-19.0920882,-169.8399332,-19.0520882]}
{"name":"Vaha","display_name":"Vaha, Lakepa, Niuē","address":{"hamlet":"Vaha","village":"Lakepa","country":"Niuē","country_code":"nu"},"osm_type":"node","osm_id":8637114724,"type":"hamlet","location":[-169.8295549,-19.0261926],"bbox":[-169.8495549,-19.0461926,-169.8095549,-19.0061926]}
{"name":"Vaifulufulu","display_name":"Vaifulufulu, Liku, Niuē","address":{"hamlet":"Vaifulufulu","village":"Liku","country":"Niuē","country_code":"nu"},"osm_type":"node","osm_id":8637066364,"type":"hamlet","location":[-169.8038618,-19.0531059],"bbox":[-169.8238618,-19.0731059,-169.7838618,-19.0331059]}
{"name":"Vaila","display_name":"Vaila, Alofi, Niuē","address":{"hamlet":"Vaila","town":"Alofi","country":"Niuē","country_code":"nu"},"osm_type":"node","osm_id":8637066155,"type":"hamlet","location":[-169.9173735,-19.0439025],"bbox":[-169.9373735,-19.0639025,-169.8973735,-19.0239025]}
{"name":"Veli","display_name":"Veli, Liku, Niuē","address":{"hamlet":"Veli","village":"Liku","country":"Niuē","country_code":"nu"},"osm_type":"node","osm_id":8637114459,"type":"hamlet","location":[-169.7984105,-19.0847188],"bbox":[-169.8184105,-19.1047188,-169.7784105,-19.0647188]}
{"name":"Vinivini","display_name":"Vinivini, Liku, Niuē","address":{"hamlet":"Vinivini","village":"Liku","country":"Niuē","country_code":"nu"},"osm_type":"node","osm_id":8637066361,"type":"hamlet","location":[-169.8191991,-19.0618679],"bbox":[-169.8391991,-19.0818679,-169.7991991,-19.0418679]}
