{"name":"25 de Agosto","other_names":{"alt_name":"Veinticinco de Agosto"},"display_name":"25 de Agosto, Florida, Uruguay","address":{"town":"25 de Agosto","state":"Florida","ISO3166-2-lvl4":"UY-FD","country":"Uruguay","country_code":"uy"},"population":1849,"osm_type":"node","osm_id":471564639,"type":"town","location":[-56.4001637,-34.4123302],"bbox":[-56.4401637,-34.4523302,-56.3601637,-34.3723302],"border":{"name":"25 de Agosto","other_names":{"name:es":"25 de Agosto","alt_name":"Veinticinco de Agosto"},"display_name":"25 de Agosto, Florida, 94002, Uruguay","address":{"town":"25 de Agosto","state":"Florida","ISO3166-2-lvl4":"UY-FD","postcode":"94002","country":"Uruguay","country_code":"uy"},"population":1849,"osm_type":"relation","osm_id":2622616,"type":"administrative","location":[-56.4001637,-34.4123302],"bbox":[-56.4210981,-34.4202652,-56.3931039,-34.4053495]}}
{"name":"25 de Mayo","display_name":"25 de Mayo, Florida, Uruguay","address":{"town":"25 de Mayo","state":"Florida","ISO3166-2-lvl4":"UY-FD","country":"Uruguay","country_code":"uy"},"population":1852,"osm_type":"node","osm_id":1345247254,"type":"town","location":[-56.3426875,-34.1990928],"bbox":[-56.3826875,-34.2390928,-56.3026875,-34.1590928],"border":{"name":"25 de Mayo","display_name":"25 de Mayo, Florida, 94005, Uruguay","address":{"town":"25 de Mayo","state":"Florida","ISO3166-2-lvl4":"UY-FD","postcode":"94005","country":"Uruguay","country_code":"uy"},"population":1852,"osm_type":"relation","osm_id":3219221,"type":"administrative","location":[-56.3426875,-34.1990928],"bbox":[-56.3498074,-34.2069139,-56.3251174,-34.1845509]}}
{"name":"Aceguá","display_name":"Aceguá, Cerro Largo, Uruguay","address":{"town":"Aceguá","state":"Cerro Largo","ISO3166-2-lvl4":"UY-CL","country":"Uruguay","country_code":"uy"},"population":1511,"osm_type":"node","osm_id":2396838728,"type":"town","location":[-54.1627778,-31.8718318],"bbox":[-54.2027778,-31.9118318,-54.1227778,-31.8318318],"border":{"name":"Aceguá","display_name":"Aceguá, Cerro Largo, 37001, Uruguay","address":{"town":"Aceguá","state":"Cerro Largo","ISO3166-2-lvl4":"UY-CL","postcode":"37001","country":"Uruguay","country_code":"uy"},"population":1511,"osm_type":"relation","osm_id":3638334,"type":"administrative","location":[-54.1627778,-31.8718318],"bbox":[-54.1688239,-31.8788923,-54.1568778,-31.8675852]}}
{"name":"Aguas Corrientes","display_name":"Aguas Corrientes, Canelones, Uruguay","address":{"town":"Aguas Corrientes","state":"Canelones","ISO3166-2-lvl4":"UY-CA","country":"Uruguay","country_code":"uy"},"population":1047,"osm_type":"node","osm_id":445970574,"type":"town","location":[-56.3941179,-34.5227043],"bbox":[-56.4341179,-34.5627043,-56.3541179,-34.4827043],"border":{"name":"Aguas Corrientes","display_name":"Aguas Corrientes, Canelones, 90701, Uruguay","address":{"town":"Aguas Corrientes","state":"Canelones","ISO3166-2-lvl4":"UY-CA","postcode":"90701","country":"Uruguay","country_code":"uy"},"population":1047,"osm_type":"relation","osm_id":2524429,"type":"administrative","location":[-56.3941179,-34.5227043],"bbox":[-56.4045923,-34.527555,-56.3795239,-34.5138589]}}
{"name":"Aiguá","display_name":"Aiguá, Maldonado, Uruguay","address":{"town":"Aiguá","state":"Maldonado","ISO3166-2-lvl4":"UY-MA","country":"Uruguay","country_code":"uy"},"population":2465,"osm_type":"node","osm_id":703548126,"type":"town","location":[-54.7671567,-34.2019671],"bbox":[-54.8071567,-34.2419671,-54.7271567,-34.1619671],"border":{"name":"Aiguá","display_name":"Aiguá, Maldonado, 20500, Uruguay","address":{"town":"Aiguá","state":"Maldonado","ISO3166-2-lvl4":"UY-MA","postcode":"20500","country":"Uruguay","country_code":"uy"},"population":2465,"osm_type":"relation","osm_id":2512374,"type":"administrative","location":[-54.7671567,-34.2019671],"bbox":[-54.7791464,-34.2164378,-54.747462,-34.1950694]}}
{"name":"Alejandro Gallinal","other_names":{"old_name":"Cerro Colorado"},"display_name":"Alejandro Gallinal, Florida, Uruguay","address":{"town":"Alejandro Gallinal","state":"Florida","ISO3166-2-lvl4":"UY-FD","country":"Uruguay","country_code":"uy"},"population":1357,"osm_type":"node","osm_id":1341368850,"type":"town","location":[-55.5439733,-33.8617347],"bbox":[-55.5839733,-33.9017347,-55.5039733,-33.8217347],"border":{"name":"Alejandro Gallinal","other_names":{"name:es":"Alejandro Gallinal","old_name":"Cerro Colorado"},"display_name":"Alejandro Gallinal, Florida, 94101, Uruguay","address":{"town":"Alejandro Gallinal","state":"Florida","ISO3166-2-lvl4":"UY-FD","postcode":"94101","country":"Uruguay","country_code":"uy"},"population":1357,"osm_type":"relation","osm_id":3226713,"type":"administrative","location":[-55.5439733,-33.8617347],"bbox":[-55.5534793,-33.8700148,-55.5334693,-33.8546755]}}
{"name":"Ansina","display_name":"Ansina, Tacuarembó, Uruguay","address":{"town":"Ansina","state":"Tacuarembó","ISO3166-2-lvl4":"UY-TA","country":"Uruguay","country_code":"uy"},"population":2712,"osm_type":"node","osm_id":353721371,"type":"town","location":[-55.4625905,-31.878069],"bbox":[-55.5025905,-31.918069,-55.4225905,-31.838069],"border":{"name":"Ansina","display_name":"Ansina, Tacuarembó, 45006, Uruguay","address":{"town":"Ansina","state":"Tacuarembó","ISO3166-2-lvl4":"UY-TA","postcode":"45006","country":"Uruguay","country_code":"uy"},"population":2712,"osm_type":"relation","osm_id":3556771,"type":"administrative","location":[-55.4625905,-31.878069],"bbox":[-55.4727433,-31.8846281,-55.4518405,-31.8717986]}}
{"name":"Atlántida","display_name":"Atlántida, Canelones, Uruguay","address":{"town":"Atlántida","state":"Canelones","ISO3166-2-lvl4":"UY-CA","country":"Uruguay","country_code":"uy"},"population":5562,"osm_type":"node","osm_id":1983316578,"type":"town","location":[-55.7605883,-34.7743888],"bbox":[-55.8005883,-34.8143888,-55.7205883,-34.7343888],"border":{"name":"Atlántida","display_name":"Atlántida, Canelones, 16000, Uruguay","address":{"town":"Atlántida","state":"Canelones","ISO3166-2-lvl4":"UY-CA","postcode":"16000","country":"Uruguay","country_code":"uy"},"population":5562,"osm_type":"relation","osm_id":2527673,"type":"administrative","location":[-55.7605883,-34.7743888],"bbox":[-55.773174,-34.7819534,-55.7430253,-34.7440515]}}
{"name":"Baltasar Brum","display_name":"Baltasar Brum, Artigas, Uruguay","address":{"town":"Baltasar Brum","state":"Artigas","ISO3166-2-lvl4":"UY-AR","country":"Uruguay","country_code":"uy"},"population":2531,"osm_type":"node","osm_id":1365723914,"type":"town","location":[-57.3307941,-30.7201503],"bbox":[-57.3707941,-30.7601503,-57.2907941,-30.6801503],"border":{"name":"Baltasar Brum","display_name":"Baltasar Brum, Artigas, 55001, Uruguay","address":{"town":"Baltasar Brum","state":"Artigas","ISO3166-2-lvl4":"UY-AR","postcode":"55001","country":"Uruguay","country_code":"uy"},"population":2531,"osm_type":"relation","osm_id":3444523,"type":"administrative","location":[-57.3307941,-30.7201503],"bbox":[-57.3396032,-30.7305033,-57.3180762,-30.7072126]}}
{"name":"Barrio Hipódromo","display_name":"Barrio Hipódromo, Maldonado, Uruguay","address":{"town":"Barrio Hipódromo","state":"Maldonado","ISO3166-2-lvl4":"UY-MA","country":"Uruguay","country_code":"uy"},"population":1973,"osm_type":"node","osm_id":1306395706,"type":"town","location":[-54.9448254,-34.8615198],"bbox":[-54.9848254,-34.9015198,-54.9048254,-34.8215198],"border":{"name":"Barrio Hipódromo","display_name":"Barrio Hipódromo, Maldonado, 20000, Uruguay","address":{"town":"Barrio Hipódromo","state":"Maldonado","ISO3166-2-lvl4":"UY-MA","postcode":"20000","country":"Uruguay","country_code":"uy"},"population":1973,"osm_type":"relation","osm_id":2520519,"type":"administrative","location":[-54.9448254,-34.8615198],"bbox":[-54.948444,-34.866787,-54.9354793,-34.8574115]}}
{"name":"Belén","display_name":"Belén, Salto, Uruguay","address":{"town":"Belén","state":"Salto","ISO3166-2-lvl4":"UY-SA","country":"Uruguay","country_code":"uy"},"population":1926,"osm_type":"node","osm_id":1306015362,"type":"town","location":[-57.7790732,-30.789358],"bbox":[-57.8190732,-30.829358,-57.7390732,-30.749358],"border":{"name":"Belén","display_name":"Belén, Salto, 50001, Uruguay","address":{"town":"Belén","state":"Salto","ISO3166-2-lvl4":"UY-SA","postcode":"50001","country":"Uruguay","country_code":"uy"},"population":1926,"osm_type":"relation","osm_id":3368971,"type":"administrative","location":[-57.7790732,-30.789358],"bbox":[-57.7863586,-30.7950608,-57.766858,-30.7776742]}}
{"name":"Blanquillo","display_name":"Blanquillo, Durazno, Uruguay","address":{"town":"Blanquillo","state":"Durazno","ISO3166-2-lvl4":"UY-DU","country":"Uruguay","country_code":"uy"},"population":1084,"osm_type":"node","osm_id":1335909482,"type":"town","location":[-55.6153834,-32.8868081],"bbox":[-55.6553834,-32.9268081,-55.5753834,-32.8468081],"border":{"name":"Blanquillo","display_name":"Blanquillo, Durazno, 97002, Uruguay","address":{"town":"Blanquillo","state":"Durazno","ISO3166-2-lvl4":"UY-DU","postcode":"97002","country":"Uruguay","country_code":"uy"},"population":1084,"osm_type":"relation","osm_id":3243130,"type":"administrative","location":[-55.6153834,-32.8868081],"bbox":[-55.6239881,-32.8953762,-55.6096452,-32.8785066]}}
{"name":"Buenos Aires","display_name":"Buenos Aires, Maldonado, Uruguay","address":{"town":"Buenos Aires","state":"Maldonado","ISO3166-2-lvl4":"UY-MA","country":"Uruguay","country_code":"uy"},"population":1551,"osm_type":"node","osm_id":1307994987,"type":"town","location":[-54.7943708,-34.890092],"bbox":[-54.8343708,-34.930092,-54.7543708,-34.850092],"border":{"name":"Buenos Aires","display_name":"Buenos Aires, Maldonado, 20000, Uruguay","address":{"town":"Buenos Aires","state":"Maldonado","ISO3166-2-lvl4":"UY-MA","postcode":"20000","country":"Uruguay","country_code":"uy"},"population":1551,"osm_type":"relation","osm_id":2454538,"type":"administrative","location":[-54.7943708,-34.890092],"bbox":[-54.8113731,-34.9029222,-54.7767364,-34.8758776]}}
{"name":"Cardal","display_name":"Cardal, Florida, Uruguay","address":{"town":"Cardal","state":"Florida","ISO3166-2-lvl4":"UY-FD","country":"Uruguay","country_code":"uy"},"population":1202,"osm_type":"node","osm_id":1345247250,"type":"town","location":[-56.3916077,-34.2914025],"bbox":[-56.4316077,-34.3314025,-56.3516077,-34.2514025],"border":{"name":"Cardal","display_name":"Cardal, Florida, 94007, Uruguay","address":{"town":"Cardal","state":"Florida","ISO3166-2-lvl4":"UY-FD","postcode":"94007","country":"Uruguay","country_code":"uy"},"population":1202,"osm_type":"relation","osm_id":3224748,"type":"administrative","location":[-56.3916077,-34.2914025],"bbox":[-56.4027048,-34.2995618,-56.3859659,-34.2850342]}}
{"name":"Cardona","display_name":"Cardona, Soriano, Uruguay","address":{"town":"Cardona","state":"Soriano","ISO3166-2-lvl4":"UY-SO","country":"Uruguay","country_code":"uy"},"population":4600,"osm_type":"node","osm_id":1156306843,"type":"town","location":[-57.3671369,-33.8707543],"bbox":[-57.4071369,-33.9107543,-57.3271369,-33.8307543],"border":{"name":"Cardona","display_name":"Cardona, Soriano, 75200, Uruguay","address":{"town":"Cardona","state":"Soriano","ISO3166-2-lvl4":"UY-SO","postcode":"75200","country":"Uruguay","country_code":"uy"},"population":4600,"osm_type":"relation","osm_id":3287306,"type":"administrative","location":[-57.3671369,-33.8707543],"bbox":[-57.3817196,-33.8786789,-57.3547962,-33.859871]}}
{"name":"Carmen","other_names":{"alt_name":"Villa del Carmen"},"display_name":"Carmen, Durazno, Uruguay","address":{"town":"Carmen","state":"Durazno","ISO3166-2-lvl4":"UY-DU","country":"Uruguay","country_code":"uy"},"population":2692,"osm_type":"node","osm_id":1195770129,"type":"town","location":[-56.0131446,-33.2410373],"bbox":[-56.0531446,-33.2810373,-55.9731446,-33.2010373],"border":{"name":"Carmen","other_names":{"name:es":"Carmen","alt_name":"Villa del Carmen"},"display_name":"Carmen, Durazno, 97003, Uruguay","address":{"town":"Carmen","state":"Durazno","ISO3166-2-lvl4":"UY-DU","postcode":"97003","country":"Uruguay","country_code":"uy"},"population":2692,"osm_type":"relation","osm_id":3244998,"type":"administrative","location":[-56.0131446,-33.2410373],"bbox":[-56.0197102,-33.2500293,-55.9898124,-33.2234241]}}
{"name":"Castillos","display_name":"Castillos, Rocha, Uruguay","address":{"town":"Castillos","state":"Rocha","ISO3166-2-lvl4":"UY-RO","country":"Uruguay","country_code":"uy"},"population":7451,"osm_type":"node","osm_id":2550696128,"type":"town","location":[-53.8608364,-34.2003023],"bbox":[-53.9008364,-34.2403023,-53.8208364,-34.1603023],"border":{"name":"Castillos","display_name":"Castillos, Rocha, 27200, Uruguay","address":{"town":"Castillos","state":"Rocha","ISO3166-2-lvl4":"UY-RO","postcode":"27200","country":"Uruguay","country_code":"uy"},"population":7451,"osm_type":"relation","osm_id":2606961,"type":"administrative","location":[-53.8608364,-34.2003023],"bbox":[-53.8835031,-34.2069976,-53.836551,-34.1851514]}}
{"name":"Casupá","display_name":"Casupá, Florida, Uruguay","address":{"town":"Casupá","state":"Florida","ISO3166-2-lvl4":"UY-FD","country":"Uruguay","country_code":"uy"},"population":2402,"osm_type":"node","osm_id":433995990,"type":"town","location":[-55.6514175,-34.1005881],"bbox":[-55.6914175,-34.1405881,-55.6114175,-34.0605881],"border":{"name":"Casupá","display_name":"Casupá, Florida, 94100, Uruguay","address":{"town":"Casupá","state":"Florida","ISO3166-2-lvl4":"UY-FD","postcode":"94100","country":"Uruguay","country_code":"uy"},"population":2402,"osm_type":"relation","osm_id":3224864,"type":"administrative","location":[-55.6514175,-34.1005881],"bbox":[-55.6629275,-34.1102114,-55.6324566,-34.0908825]}}
{"name":"Cebollatí","display_name":"Cebollatí, Rocha, Uruguay","address":{"town":"Cebollatí","state":"Rocha","ISO3166-2-lvl4":"UY-RO","country":"Uruguay","country_code":"uy"},"population":1606,"osm_type":"node","osm_id":1323120066,"type":"town","location":[-53.7960583,-33.2682531],"bbox":[-53.8360583,-33.3082531,-53.7560583,-33.2282531],"border":{"name":"Cebollatí","display_name":"Cebollatí, Rocha, 27302, Uruguay","address":{"town":"Cebollatí","state":"Rocha","ISO3166-2-lvl4":"UY-RO","postcode":"27302","country":"Uruguay","country_code":"uy"},"population":1606,"osm_type":"relation","osm_id":2608334,"type":"administrative","location":[-53.7960583,-33.2682531],"bbox":[-53.8021061,-33.2762887,-53.7851618,-33.2604985]}}
{"name":"Centenario","display_name":"Centenario, Durazno, Uruguay","address":{"town":"Centenario","state":"Durazno","ISO3166-2-lvl4":"UY-DU","country":"Uruguay","country_code":"uy"},"population":1136,"osm_type":"node","osm_id":1335836152,"type":"town","location":[-56.4986474,-32.8283195],"bbox":[-56.5386474,-32.8683195,-56.4586474,-32.7883195],"border":{"name":"Centenario","display_name":"Centenario, Durazno, 97007, Uruguay","address":{"town":"Centenario","state":"Durazno","ISO3166-2-lvl4":"UY-DU","postcode":"97007","country":"Uruguay","country_code":"uy"},"population":1136,"osm_type":"relation","osm_id":3245228,"type":"administrative","location":[-56.4986474,-32.8283195],"bbox":[-56.5076217,-32.8391996,-56.4903124,-32.8206641]}}
{"name":"Cerro Pelado","display_name":"Cerro Pelado, Maldonado, Uruguay","address":{"town":"Cerro Pelado","state":"Maldonado","ISO3166-2-lvl4":"UY-MA","country":"Uruguay","country_code":"uy"},"population":8177,"osm_type":"node","osm_id":1307973233,"type":"town","location":[-54.9761183,-34.8815503],"bbox":[-55.0161183,-34.9215503,-54.9361183,-34.8415503],"border":{"name":"Cerro Pelado","display_name":"Cerro Pelado, Maldonado, 20000, Uruguay","address":{"town":"Cerro Pelado","state":"Maldonado","ISO3166-2-lvl4":"UY-MA","postcode":"20000","country":"Uruguay","country_code":"uy"},"population":8177,"osm_type":"relation","osm_id":2511932,"type":"administrative","location":[-54.9761183,-34.8815503],"bbox":[-54.9829727,-34.8890599,-54.9658929,-34.8719404]}}
{"name":"Chacras de Dolores","display_name":"Chacras de Dolores, Soriano, Uruguay","address":{"town":"Chacras de Dolores","state":"Soriano","ISO3166-2-lvl4":"UY-SO","country":"Uruguay","country_code":"uy"},"population":1961,"osm_type":"node","osm_id":1328856205,"type":"town","location":[-58.2152848,-33.5509052],"bbox":[-58.2552848,-33.5909052,-58.1752848,-33.5109052],"border":{"name":"Chacras de Dolores","display_name":"Chacras de Dolores, Soriano, 75100, Uruguay","address":{"town":"Chacras de Dolores","state":"Soriano","ISO3166-2-lvl4":"UY-SO","postcode":"75100","country":"Uruguay","country_code":"uy"},"population":1961,"osm_type":"relation","osm_id":3287660,"type":"administrative","location":[-58.2152848,-33.5509052],"bbox":[-58.2402639,-33.5938928,-58.1756255,-33.5143385]}}
{"name":"Chacras de Paysandú","display_name":"Chacras de Paysandú, Paysandú, Uruguay","address":{"town":"Chacras de Paysandú","state":"Paysandú","ISO3166-2-lvl4":"UY-PA","country":"Uruguay","country_code":"uy"},"population":3965,"osm_type":"node","osm_id":1376316097,"type":"town","location":[-58.0086687,-32.3438623],"bbox":[-58.0486687,-32.3838623,-57.9686687,-32.3038623],"border":{"name":"Chacras de Paysandú","display_name":"Chacras de Paysandú, Paysandú, 60000, Uruguay","address":{"town":"Chacras de Paysandú","state":"Paysandú","ISO3166-2-lvl4":"UY-PA","postcode":"60000","country":"Uruguay","country_code":"uy"},"population":3965,"osm_type":"relation","osm_id":3310118,"type":"administrative","location":[-58.0086687,-32.3438623],"bbox":[-58.0648373,-32.4278151,-57.9191989,-32.2698482]}}
{"name":"Chuy","display_name":"Chuy, Rocha, 27100, Uruguay","address":{"town":"Chuy","state":"Rocha","ISO3166-2-lvl4":"UY-RO","postcode":"27100","country":"Uruguay","country_code":"uy"},"population":9675,"osm_type":"node","osm_id":429433844,"type":"town","location":[-53.4561114,-33.6937948],"bbox":[-53.4961114,-33.7337948,-53.4161114,-33.6537948],"border":{"name":"Chuy","display_name":"Chuy, Rocha, 27100, Uruguay","address":{"town":"Chuy","state":"Rocha","ISO3166-2-lvl4":"UY-RO","postcode":"27100","country":"Uruguay","country_code":"uy"},"population":9675,"osm_type":"relation","osm_id":2608352,"type":"administrative","location":[-53.4561114,-33.6937948],"bbox":[-53.4799638,-33.7035343,-53.4393442,-33.6914472]}}
{"name":"City Golf","display_name":"City Golf, Canelones, Uruguay","address":{"town":"City Golf","state":"Canelones","ISO3166-2-lvl4":"UY-CA","country":"Uruguay","country_code":"uy"},"population":1104,"osm_type":"node","osm_id":1902763918,"type":"town","location":[-55.7735002,-34.7588209],"bbox":[-55.8135002,-34.7988209,-55.7335002,-34.7188209],"border":{"name":"City Golf","display_name":"City Golf, Canelones, 15200, Uruguay","address":{"town":"City Golf","state":"Canelones","ISO3166-2-lvl4":"UY-CA","postcode":"15200","country":"Uruguay","country_code":"uy"},"population":1104,"osm_type":"relation","osm_id":2576691,"type":"administrative","location":[-55.7735002,-34.7588209],"bbox":[-55.7800829,-34.7679079,-55.7655135,-34.752243]}}
{"name":"Colonia Valdense","display_name":"Colonia Valdense, Colonia, Uruguay","address":{"town":"Colonia Valdense","state":"Colonia","ISO3166-2-lvl4":"UY-CO","country":"Uruguay","country_code":"uy"},"population":3235,"osm_type":"node","osm_id":429019679,"type":"town","location":[-57.2628055,-34.3400221],"bbox":[-57.3028055,-34.3800221,-57.2228055,-34.3000221],"border":{"name":"Colonia Valdense","display_name":"Colonia Valdense, Colonia, 70202, Uruguay","address":{"town":"Colonia Valdense","state":"Colonia","ISO3166-2-lvl4":"UY-CO","postcode":"70202","country":"Uruguay","country_code":"uy"},"population":3235,"osm_type":"relation","osm_id":2868034,"type":"administrative","location":[-57.2628055,-34.3400221],"bbox":[-57.286303,-34.3601725,-57.2474116,-34.3280716]}}
{"name":"Constitución","display_name":"Constitución, Salto, Uruguay","address":{"town":"Constitución","state":"Salto","ISO3166-2-lvl4":"UY-SA","country":"Uruguay","country_code":"uy"},"population":2762,"osm_type":"node","osm_id":1366168572,"type":"town","location":[-57.8493627,-31.0671956],"bbox":[-57.8893627,-31.1071956,-57.8093627,-31.0271956],"border":{"name":"Constitución","display_name":"Constitución, Salto, 50002, Uruguay","address":{"town":"Constitución","state":"Salto","ISO3166-2-lvl4":"UY-SA","postcode":"50002","country":"Uruguay","country_code":"uy"},"population":2762,"osm_type":"relation","osm_id":3369155,"type":"administrative","location":[-57.8493627,-31.0671956],"bbox":[-57.862705,-31.0790113,-57.8393935,-31.0608313]}}
{"name":"Curtina","display_name":"Curtina, Tacuarembó, 45002, Uruguay","address":{"town":"Curtina","state":"Tacuarembó","ISO3166-2-lvl4":"UY-TA","postcode":"45002","country":"Uruguay","country_code":"uy"},"population":1037,"osm_type":"node","osm_id":1366919634,"type":"town","location":[-56.1171604,-32.1496109],"bbox":[-56.1571604,-32.1896109,-56.0771604,-32.1096109],"border":{"name":"Curtina","display_name":"Curtina, Tacuarembó, 45002, Uruguay","address":{"town":"Curtina","state":"Tacuarembó","ISO3166-2-lvl4":"UY-TA","postcode":"45002","country":"Uruguay","country_code":"uy"},"population":1037,"osm_type":"relation","osm_id":3568808,"type":"administrative","location":[-56.1171604,-32.1496109],"bbox":[-56.1208479,-32.155423,-56.1109261,-32.1372467]}}
{"name":"Ecilda Paullier","display_name":"Ecilda Paullier, San José, Uruguay","address":{"town":"Ecilda Paullier","state":"San José","ISO3166-2-lvl4":"UY-SJ","country":"Uruguay","country_code":"uy"},"population":2585,"osm_type":"node","osm_id":471550935,"type":"town","location":[-57.0501049,-34.3606955],"bbox":[-57.0901049,-34.4006955,-57.0101049,-34.3206955],"border":{"name":"Ecilda Paullier","display_name":"Ecilda Paullier, San José, 80002, Uruguay","address":{"town":"Ecilda Paullier","state":"San José","ISO3166-2-lvl4":"UY-SJ","postcode":"80002","country":"Uruguay","country_code":"uy"},"population":2585,"osm_type":"relation","osm_id":2621228,"type":"administrative","location":[-57.0501049,-34.3606955],"bbox":[-57.0646,-34.3681044,-57.0390893,-34.3455022]}}
{"name":"El Tesoro","display_name":"El Tesoro, Maldonado, Uruguay","address":{"town":"El Tesoro","state":"Maldonado","ISO3166-2-lvl4":"UY-MA","country":"Uruguay","country_code":"uy"},"population":1396,"osm_type":"node","osm_id":1307994905,"type":"town","location":[-54.8683906,-34.9010525],"bbox":[-54.9083906,-34.9410525,-54.8283906,-34.8610525],"border":{"name":"El Tesoro","display_name":"El Tesoro, Maldonado, 20000, Uruguay","address":{"town":"El Tesoro","state":"Maldonado","ISO3166-2-lvl4":"UY-MA","postcode":"20000","country":"Uruguay","country_code":"uy"},"population":1396,"osm_type":"relation","osm_id":2454689,"type":"administrative","location":[-54.8683906,-34.9010525],"bbox":[-54.8789299,-34.9112832,-54.8562545,-34.8870826]}}
{"name":"Empalme Olmos","display_name":"Empalme Olmos, Canelones, Uruguay","address":{"town":"Empalme Olmos","state":"Canelones","ISO3166-2-lvl4":"UY-CA","country":"Uruguay","country_code":"uy"},"population":4199,"osm_type":"node","osm_id":445006416,"type":"town","location":[-55.8948676,-34.6954579],"bbox":[-55.9348676,-34.7354579,-55.8548676,-34.6554579],"border":{"name":"Empalme Olmos","display_name":"Empalme Olmos, Canelones, 91002, Uruguay","address":{"town":"Empalme Olmos","state":"Canelones","ISO3166-2-lvl4":"UY-CA","postcode":"91002","country":"Uruguay","country_code":"uy"},"population":4199,"osm_type":"relation","osm_id":2577840,"type":"administrative","location":[-55.8948676,-34.6954579],"bbox":[-55.9133645,-34.7017757,-55.8827353,-34.682071]}}
{"name":"Estación Atlántida","display_name":"Estación Atlántida, Canelones, Uruguay","address":{"town":"Estación Atlántida","state":"Canelones","ISO3166-2-lvl4":"UY-CA","country":"Uruguay","country_code":"uy"},"population":2274,"osm_type":"node","osm_id":445148964,"type":"town","location":[-55.7629782,-34.7416189],"bbox":[-55.8029782,-34.7816189,-55.7229782,-34.7016189],"border":{"name":"Estación Atlántida","display_name":"Estación Atlántida, Canelones, 15200, Uruguay","address":{"town":"Estación Atlántida","state":"Canelones","ISO3166-2-lvl4":"UY-CA","postcode":"15200","country":"Uruguay","country_code":"uy"},"population":2274,"osm_type":"relation","osm_id":2577991,"type":"administrative","location":[-55.7629782,-34.7416189],"bbox":[-55.7714483,-34.7522904,-55.7530917,-34.7310522]}}
{"name":"Estación La Floresta","display_name":"Estación La Floresta, Canelones, Uruguay","address":{"town":"Estación La Floresta","state":"Canelones","ISO3166-2-lvl4":"UY-CA","country":"Uruguay","country_code":"uy"},"population":1313,"osm_type":"node","osm_id":1983452170,"type":"town","location":[-55.6838637,-34.7346878],"bbox":[-55.7238637,-34.7746878,-55.6438637,-34.6946878],"border":{"name":"Estación La Floresta","display_name":"Estación La Floresta, Canelones, 15300, Uruguay","address":{"town":"Estación La Floresta","state":"Canelones","ISO3166-2-lvl4":"UY-CA","postcode":"15300","country":"Uruguay","country_code":"uy"},"population":1313,"osm_type":"relation","osm_id":2527805,"type":"administrative","location":[-55.6838637,-34.7346878],"bbox":[-55.6915368,-34.7409824,-55.6750141,-34.7272278]}}
{"name":"Florencio Sánchez","display_name":"Florencio Sánchez, Colonia, Uruguay","address":{"town":"Florencio Sánchez","state":"Colonia","ISO3166-2-lvl4":"UY-CO","country":"Uruguay","country_code":"uy"},"population":3716,"osm_type":"node","osm_id":1156306882,"type":"town","location":[-57.3703478,-33.8763719],"bbox":[-57.4103478,-33.9163719,-57.3303478,-33.8363719],"border":{"name":"Florencio Sánchez","display_name":"Florencio Sánchez, Colonia, 75204, Uruguay","address":{"town":"Florencio Sánchez","state":"Colonia","ISO3166-2-lvl4":"UY-CO","postcode":"75204","country":"Uruguay","country_code":"uy"},"population":3716,"osm_type":"relation","osm_id":2887117,"type":"administrative","location":[-57.3703478,-33.8763719],"bbox":[-57.3821126,-33.8914039,-57.3555553,-33.8736316]}}
{"name":"Fraccionamiento Camino del Andaluz y Ruta 84","display_name":"Fraccionamiento Camino del Andaluz y Ruta 84, Canelones, Uruguay","address":{"town":"Fraccionamiento Camino del Andaluz y Ruta 84","state":"Canelones","ISO3166-2-lvl4":"UY-CA","country":"Uruguay","country_code":"uy"},"population":9295,"osm_type":"node","osm_id":432513934,"type":"town","location":[-56.0720945,-34.7572781],"bbox":[-56.1120945,-34.7972781,-56.0320945,-34.7172781],"border":{"name":"Fraccionamiento Camino del Andaluz y Ruta 84","display_name":"Fraccionamiento Camino del Andaluz y Ruta 84, Canelones, 15700, Uruguay","address":{"town":"Fraccionamiento Camino del Andaluz y Ruta 84","state":"Canelones","ISO3166-2-lvl4":"UY-CA","postcode":"15700","country":"Uruguay","country_code":"uy"},"population":9295,"osm_type":"relation","osm_id":2584353,"type":"administrative","location":[-56.0720945,-34.7572781],"bbox":[-56.0942401,-34.777816,-56.0528627,-34.7397718]}}
{"name":"Fraccionamiento Ruta 74","display_name":"Fraccionamiento Ruta 74, Canelones, Uruguay","address":{"town":"Fraccionamiento Ruta 74","state":"Canelones","ISO3166-2-lvl4":"UY-CA","country":"Uruguay","country_code":"uy"},"population":1513,"osm_type":"node","osm_id":1293353292,"type":"town","location":[-56.0489875,-34.7159331],"bbox":[-56.0889875,-34.7559331,-56.0089875,-34.6759331],"border":{"name":"Fraccionamiento Ruta 74","display_name":"Fraccionamiento Ruta 74, Canelones, 15500, Uruguay","address":{"town":"Fraccionamiento Ruta 74","state":"Canelones","ISO3166-2-lvl4":"UY-CA","postcode":"15500","country":"Uruguay","country_code":"uy"},"population":1513,"osm_type":"relation","osm_id":2584700,"type":"administrative","location":[-56.0489875,-34.7159331],"bbox":[-56.0568921,-34.7219125,-56.043494,-34.7092034]}}
{"name":"Fraile Muerto","display_name":"Fraile Muerto, Cerro Largo, Uruguay","address":{"town":"Fraile Muerto","state":"Cerro Largo","ISO3166-2-lvl4":"UY-CL","country":"Uruguay","country_code":"uy"},"population":3168,"osm_type":"node","osm_id":617894021,"type":"town","location":[-54.5234426,-32.5132703],"bbox":[-54.5634426,-32.5532703,-54.4834426,-32.4732703],"border":{"name":"Fraile Muerto","display_name":"Fraile Muerto, Cerro Largo, 37005, Uruguay","address":{"town":"Fraile Muerto","state":"Cerro Largo","ISO3166-2-lvl4":"UY-CL","postcode":"37005","country":"Uruguay","country_code":"uy"},"population":3168,"osm_type":"relation","osm_id":3678073,"type":"administrative","location":[-54.5234426,-32.5132703],"bbox":[-54.5438335,-32.5217988,-54.5101111,-32.5038755]}}
{"name":"Fray Marcos","display_name":"Fray Marcos, Florida, Uruguay","address":{"town":"Fray Marcos","state":"Florida","ISO3166-2-lvl4":"UY-FD","country":"Uruguay","country_code":"uy"},"population":2398,"osm_type":"node","osm_id":433995989,"type":"town","location":[-55.7395224,-34.1960802],"bbox":[-55.7795224,-34.2360802,-55.6995224,-34.1560802],"border":{"name":"Fray Marcos","display_name":"Fray Marcos, Florida, 90601, Uruguay","address":{"town":"Fray Marcos","state":"Florida","ISO3166-2-lvl4":"UY-FD","postcode":"90601","country":"Uruguay","country_code":"uy"},"population":2398,"osm_type":"relation","osm_id":3229151,"type":"administrative","location":[-55.7395224,-34.1960802],"bbox":[-55.7468442,-34.207275,-55.7276574,-34.1887278]}}
{"name":"Guichón","display_name":"Guichón, Paysandú, Uruguay","address":{"town":"Guichón","state":"Paysandú","ISO3166-2-lvl4":"UY-PA","country":"Uruguay","country_code":"uy"},"population":5039,"osm_type":"node","osm_id":1370545820,"type":"town","location":[-57.2002983,-32.3603815],"bbox":[-57.2402983,-32.4003815,-57.1602983,-32.3203815],"border":{"name":"Guichón","display_name":"Guichón, Paysandú, 60008, Uruguay","address":{"town":"Guichón","state":"Paysandú","ISO3166-2-lvl4":"UY-PA","postcode":"60008","country":"Uruguay","country_code":"uy"},"population":5039,"osm_type":"relation","osm_id":3313938,"type":"administrative","location":[-57.2002983,-32.3603815],"bbox":[-57.2114054,-32.3692307,-57.1857134,-32.348066]}}
{"name":"Isidoro Noblía","display_name":"Isidoro Noblía, Cerro Largo, Uruguay","address":{"town":"Isidoro Noblía","state":"Cerro Largo","ISO3166-2-lvl4":"UY-CL","country":"Uruguay","country_code":"uy"},"population":2331,"osm_type":"node","osm_id":1377148463,"type":"town","location":[-54.1228939,-31.9606382],"bbox":[-54.1628939,-32.0006382,-54.0828939,-31.9206382],"border":{"name":"Isidoro Noblía","display_name":"Isidoro Noblía, Cerro Largo, 37002, Uruguay","address":{"town":"Isidoro Noblía","state":"Cerro Largo","ISO3166-2-lvl4":"UY-CL","postcode":"37002","country":"Uruguay","country_code":"uy"},"population":2331,"osm_type":"relation","osm_id":3708329,"type":"administrative","location":[-54.1228939,-31.9606382],"bbox":[-54.1358995,-31.9696263,-54.1140012,-31.9535891]}}
{"name":"Joaquín Suárez","display_name":"Joaquín Suárez, Canelones, Uruguay","address":{"town":"Joaquín Suárez","state":"Canelones","ISO3166-2-lvl4":"UY-CA","country":"Uruguay","country_code":"uy"},"population":6570,"osm_type":"node","osm_id":2022358004,"type":"town","location":[-56.0350642,-34.7355165],"bbox":[-56.0750642,-34.7755165,-55.9950642,-34.6955165],"border":{"name":"Joaquín Suárez","display_name":"Joaquín Suárez, Canelones, 15500, Uruguay","address":{"town":"Joaquín Suárez","state":"Canelones","ISO3166-2-lvl4":"UY-CA","postcode":"15500","country":"Uruguay","country_code":"uy"},"population":6570,"osm_type":"relation","osm_id":2584855,"type":"administrative","location":[-56.0350642,-34.7355165],"bbox":[-56.0511209,-34.7466905,-56.0149648,-34.7250893]}}
{"name":"José Batlle y Ordóñez","other_names":{"alt_name":"Batlle y Ordóñez"},"display_name":"José Batlle y Ordóñez, Lavalleja, Uruguay","address":{"town":"José Batlle y Ordóñez","state":"Lavalleja","ISO3166-2-lvl4":"UY-LA","country":"Uruguay","country_code":"uy"},"population":2203,"osm_type":"node","osm_id":433999769,"type":"town","location":[-55.1469361,-33.4733345],"bbox":[-55.1869361,-33.5133345,-55.1069361,-33.4333345],"border":{"name":"José Batlle y Ordóñez","other_names":{"name:es":"José Batlle y Ordóñez","alt_name":"Batlle y Ordóñez"},"display_name":"José Batlle y Ordóñez, Lavalleja, 30200, Uruguay","address":{"town":"José Batlle y Ordóñez","state":"Lavalleja","ISO3166-2-lvl4":"UY-LA","postcode":"30200","country":"Uruguay","country_code":"uy"},"population":2203,"osm_type":"relation","osm_id":2557212,"type":"administrative","location":[-55.1469361,-33.4733345],"bbox":[-55.1549441,-33.4870057,-55.1376935,-33.4619597]}}
{"name":"José Enrique Rodó","display_name":"José Enrique Rodó, Soriano, Uruguay","address":{"town":"José Enrique Rodó","state":"Soriano","ISO3166-2-lvl4":"UY-SO","country":"Uruguay","country_code":"uy"},"population":2120,"osm_type":"node","osm_id":415725946,"type":"town","location":[-57.5320234,-33.6980493],"bbox":[-57.5720234,-33.7380493,-57.4920234,-33.6580493],"border":{"name":"José Enrique Rodó","display_name":"José Enrique Rodó, Soriano, 75202, Uruguay","address":{"town":"José Enrique Rodó","state":"Soriano","ISO3166-2-lvl4":"UY-SO","postcode":"75202","country":"Uruguay","country_code":"uy"},"population":2120,"osm_type":"relation","osm_id":3289389,"type":"administrative","location":[-57.5320234,-33.6980493],"bbox":[-57.5456665,-33.7083999,-57.5152424,-33.6904208]}}
{"name":"José Pedro Varela","display_name":"José Pedro Varela, Lavalleja, Uruguay","address":{"town":"José Pedro Varela","state":"Lavalleja","ISO3166-2-lvl4":"UY-LA","country":"Uruguay","country_code":"uy"},"population":5118,"osm_type":"node","osm_id":618975428,"type":"town","location":[-54.5353454,-33.4564695],"bbox":[-54.5753454,-33.4964695,-54.4953454,-33.4164695],"border":{"name":"José Pedro Varela","display_name":"José Pedro Varela, Lavalleja, 30300, Uruguay","address":{"town":"José Pedro Varela","state":"Lavalleja","ISO3166-2-lvl4":"UY-LA","postcode":"30300","country":"Uruguay","country_code":"uy"},"population":5118,"osm_type":"relation","osm_id":2558886,"type":"administrative","location":[-54.5353454,-33.4564695],"bbox":[-54.5511756,-33.4694245,-54.5207853,-33.437749]}}
{"name":"Juanicó","display_name":"Juanicó, Canelones, Uruguay","address":{"town":"Juanicó","state":"Canelones","ISO3166-2-lvl4":"UY-CA","country":"Uruguay","country_code":"uy"},"population":1305,"osm_type":"node","osm_id":447148850,"type":"town","location":[-56.2552383,-34.5952681],"bbox":[-56.2952383,-34.6352681,-56.2152383,-34.5552681],"border":{"name":"Juanicó","display_name":"Juanicó, Canelones, 90400, Uruguay","address":{"town":"Juanicó","state":"Canelones","ISO3166-2-lvl4":"UY-CA","postcode":"90400","country":"Uruguay","country_code":"uy"},"population":1305,"osm_type":"relation","osm_id":2586113,"type":"administrative","location":[-56.2552383,-34.5952681],"bbox":[-56.258873,-34.5991975,-56.2479654,-34.5920008]}}
{"name":"La Aguada - Costa Azul","display_name":"La Aguada - Costa Azul, Rocha, Uruguay","address":{"town":"La Aguada - Costa Azul","state":"Rocha","ISO3166-2-lvl4":"UY-RO","country":"Uruguay","country_code":"uy"},"population":1190,"osm_type":"node","osm_id":1324050051,"type":"town","location":[-54.1573452,-34.6388641],"bbox":[-54.1973452,-34.6788641,-54.1173452,-34.5988641],"border":{"name":"La Aguada - Costa Azul","display_name":"La Aguada - Costa Azul, Rocha, 27002, Uruguay","address":{"town":"La Aguada - Costa Azul","state":"Rocha","ISO3166-2-lvl4":"UY-RO","postcode":"27002","country":"Uruguay","country_code":"uy"},"population":1190,"osm_type":"relation","osm_id":2573030,"type":"administrative","location":[-54.1573452,-34.6388641],"bbox":[-54.1656594,-34.6462281,-54.1494637,-34.6208585]}}
{"name":"La Capuera","display_name":"La Capuera, Maldonado, Uruguay","address":{"town":"La Capuera","state":"Maldonado","ISO3166-2-lvl4":"UY-MA","country":"Uruguay","country_code":"uy"},"population":2838,"osm_type":"node","osm_id":1307170596,"type":"town","location":[-55.1276144,-34.8525158],"bbox":[-55.1676144,-34.8925158,-55.0876144,-34.8125158],"border":{"name":"La Capuera","display_name":"La Capuera, Maldonado, 20000, Uruguay","address":{"town":"La Capuera","state":"Maldonado","ISO3166-2-lvl4":"UY-MA","postcode":"20000","country":"Uruguay","country_code":"uy"},"population":2838,"osm_type":"relation","osm_id":2455191,"type":"administrative","location":[-55.1276144,-34.8525158],"bbox":[-55.1443127,-34.8655315,-55.120067,-34.8418519]}}
{"name":"La Charqueada","other_names":{"official_name":"General Enrique Martínez"},"display_name":"La Charqueada, Treinta y Tres, Uruguay","address":{"town":"La Charqueada","state":"Treinta y Tres","ISO3166-2-lvl4":"UY-TT","country":"Uruguay","country_code":"uy"},"population":1430,"osm_type":"node","osm_id":1374865146,"type":"town","location":[-53.8059356,-33.2053846],"bbox":[-53.8459356,-33.2453846,-53.7659356,-33.1653846],"border":{"name":"La Charqueada","other_names":{"name:es":"La Charqueada","official_name":"General Enrique Martínez"},"display_name":"La Charqueada, Treinta y Tres, 33000, Uruguay","address":{"town":"La Charqueada","state":"Treinta y Tres","ISO3166-2-lvl4":"UY-TT","postcode":"33000","country":"Uruguay","country_code":"uy"},"population":1430,"osm_type":"relation","osm_id":3258866,"type":"administrative","location":[-53.8059356,-33.2053846],"bbox":[-53.8143289,-33.210551,-53.7976475,-33.1964602]}}
{"name":"La Floresta","display_name":"La Floresta, Canelones, Uruguay","address":{"town":"La Floresta","state":"Canelones","ISO3166-2-lvl4":"UY-CA","country":"Uruguay","country_code":"uy"},"population":1595,"osm_type":"node","osm_id":1901108317,"type":"town","location":[-55.675739,-34.7537689],"bbox":[-55.715739,-34.7937689,-55.635739,-34.7137689],"border":{"name":"La Floresta","display_name":"La Floresta, Canelones, 16200, Uruguay","address":{"town":"La Floresta","state":"Canelones","ISO3166-2-lvl4":"UY-CA","postcode":"16200","country":"Uruguay","country_code":"uy"},"population":1595,"osm_type":"relation","osm_id":2527806,"type":"administrative","location":[-55.675739,-34.7537689],"bbox":[-55.7115044,-34.767492,-55.6625616,-34.7314077]}}
{"name":"La Paloma","display_name":"La Paloma, Durazno, Uruguay","address":{"town":"La Paloma","state":"Durazno","ISO3166-2-lvl4":"UY-DU","country":"Uruguay","country_code":"uy"},"population":1443,"osm_type":"node","osm_id":1335909499,"type":"town","location":[-55.5796648,-32.727674],"bbox":[-55.6196648,-32.767674,-55.5396648,-32.687674],"border":{"name":"La Paloma","display_name":"La Paloma, Durazno, 97004, Uruguay","address":{"town":"La Paloma","state":"Durazno","ISO3166-2-lvl4":"UY-DU","postcode":"97004","country":"Uruguay","country_code":"uy"},"population":1443,"osm_type":"relation","osm_id":3251555,"type":"administrative","location":[-55.5796648,-32.727674],"bbox":[-55.5930379,-32.736756,-55.5709809,-32.7173505]}}
{"name":"La Paloma","other_names":{"name:ru":"Ла-Палома"},"display_name":"La Paloma, Rocha, Uruguay","address":{"town":"La Paloma","state":"Rocha","ISO3166-2-lvl4":"UY-RO","country":"Uruguay","country_code":"uy"},"population":3495,"osm_type":"node","osm_id":332286942,"type":"town","location":[-54.155092,-34.6631811],"bbox":[-54.195092,-34.7031811,-54.115092,-34.6231811],"border":{"name":"La Paloma","other_names":{"name:es":"La Paloma","name:ru":"Ла-Палома"},"display_name":"La Paloma, Rocha, 27001, Uruguay","address":{"town":"La Paloma","state":"Rocha","ISO3166-2-lvl4":"UY-RO","postcode":"27001","country":"Uruguay","country_code":"uy"},"population":3495,"osm_type":"relation","osm_id":2603661,"type":"administrative","location":[-54.155092,-34.6631811],"bbox":[-54.218326,-34.6693432,-54.1396308,-34.6321022]}}
{"name":"La Pedrera","display_name":"La Pedrera, Rivera, Uruguay","address":{"town":"La Pedrera","state":"Rivera","ISO3166-2-lvl4":"UY-RV","country":"Uruguay","country_code":"uy"},"population":3363,"osm_type":"node","osm_id":1326655074,"type":"town","location":[-55.5453979,-30.9338328],"bbox":[-55.5853979,-30.9738328,-55.5053979,-30.8938328],"border":{"name":"La Pedrera","display_name":"La Pedrera, Rivera, 40000, Uruguay","address":{"town":"La Pedrera","state":"Rivera","ISO3166-2-lvl4":"UY-RV","postcode":"40000","country":"Uruguay","country_code":"uy"},"population":3363,"osm_type":"relation","osm_id":4149456,"type":"administrative","location":[-55.5453979,-30.9338328],"bbox":[-55.5555873,-30.9445751,-55.5344755,-30.9239981]}}
{"name":"Lagunón","display_name":"Lagunón, Rivera, Uruguay","address":{"town":"Lagunón","state":"Rivera","ISO3166-2-lvl4":"UY-RV","country":"Uruguay","country_code":"uy"},"population":2376,"osm_type":"node","osm_id":1326653762,"type":"town","location":[-55.5794834,-30.88006],"bbox":[-55.6194834,-30.92006,-55.5394834,-30.84006],"border":{"name":"Lagunón","display_name":"Lagunón, Rivera, 40000, Uruguay","address":{"town":"Lagunón","state":"Rivera","ISO3166-2-lvl4":"UY-RV","postcode":"40000","country":"Uruguay","country_code":"uy"},"population":2376,"osm_type":"relation","osm_id":4162210,"type":"administrative","location":[-55.5794834,-30.88006],"bbox":[-55.5924507,-30.8892664,-55.5706755,-30.8705932]}}
{"name":"Las Piedras","display_name":"Las Piedras, Artigas, Uruguay","address":{"town":"Las Piedras","state":"Artigas","ISO3166-2-lvl4":"UY-AR","country":"Uruguay","country_code":"uy"},"population":2771,"osm_type":"node","osm_id":1364992658,"type":"town","location":[-57.5827753,-30.2452046],"bbox":[-57.6227753,-30.2852046,-57.5427753,-30.2052046],"border":{"name":"Las Piedras","display_name":"Las Piedras, Artigas, 55100, Uruguay","address":{"town":"Las Piedras","state":"Artigas","ISO3166-2-lvl4":"UY-AR","postcode":"55100","country":"Uruguay","country_code":"uy"},"population":2771,"osm_type":"relation","osm_id":3456709,"type":"administrative","location":[-57.5827753,-30.2452046],"bbox":[-57.5886757,-30.2520706,-57.5783334,-30.240296]}}
{"name":"Las Toscas","display_name":"Las Toscas, Canelones, Uruguay","address":{"town":"Las Toscas","state":"Canelones","ISO3166-2-lvl4":"UY-CA","country":"Uruguay","country_code":"uy"},"population":3146,"osm_type":"node","osm_id":1904628432,"type":"town","location":[-55.7387989,-34.7730052],"bbox":[-55.7787989,-34.8130052,-55.6987989,-34.7330052],"border":{"name":"Las Toscas","display_name":"Las Toscas, Canelones, 16002, Uruguay","address":{"town":"Las Toscas","state":"Canelones","ISO3166-2-lvl4":"UY-CA","postcode":"16002","country":"Uruguay","country_code":"uy"},"population":3146,"osm_type":"relation","osm_id":2527759,"type":"administrative","location":[-55.7387989,-34.7730052],"bbox":[-55.7540381,-34.7777971,-55.7281631,-34.7566428]}}
{"name":"Las Toscas","display_name":"Las Toscas, Tacuarembó, Uruguay","address":{"town":"Las Toscas","state":"Tacuarembó","ISO3166-2-lvl4":"UY-TA","country":"Uruguay","country_code":"uy"},"population":1142,"osm_type":"node","osm_id":1367166577,"type":"town","location":[-55.0089047,-32.1850464],"bbox":[-55.0489047,-32.2250464,-54.9689047,-32.1450464],"border":{"name":"Las Toscas","display_name":"Las Toscas, Tacuarembó, 45000, Uruguay","address":{"town":"Las Toscas","state":"Tacuarembó","ISO3166-2-lvl4":"UY-TA","postcode":"45000","country":"Uruguay","country_code":"uy"},"population":1142,"osm_type":"relation","osm_id":3568877,"type":"administrative","location":[-55.0089047,-32.1850464],"bbox":[-55.018316,-32.1899536,-55.0047537,-32.1679539]}}
{"name":"Lascano","display_name":"Lascano, Rocha, Uruguay","address":{"town":"Lascano","state":"Rocha","ISO3166-2-lvl4":"UY-RO","country":"Uruguay","country_code":"uy"},"population":7645,"osm_type":"node","osm_id":1323105786,"type":"town","location":[-54.2078542,-33.6738454],"bbox":[-54.2478542,-33.7138454,-54.1678542,-33.6338454],"border":{"name":"Lascano","display_name":"Lascano, Rocha, 27300, Uruguay","address":{"town":"Lascano","state":"Rocha","ISO3166-2-lvl4":"UY-RO","postcode":"27300","country":"Uruguay","country_code":"uy"},"population":7645,"osm_type":"relation","osm_id":2609816,"type":"administrative","location":[-54.2078542,-33.6738454],"bbox":[-54.2153934,-33.6904429,-54.195842,-33.6540588]}}
{"name":"Los Cerrillos","display_name":"Los Cerrillos, Canelones, Uruguay","address":{"town":"Los Cerrillos","state":"Canelones","ISO3166-2-lvl4":"UY-CA","country":"Uruguay","country_code":"uy"},"population":2508,"osm_type":"node","osm_id":445970575,"type":"town","location":[-56.3590339,-34.6071478],"bbox":[-56.3990339,-34.6471478,-56.3190339,-34.5671478],"border":{"name":"Los Cerrillos","display_name":"Los Cerrillos, Canelones, 90001, Uruguay","address":{"town":"Los Cerrillos","state":"Canelones","ISO3166-2-lvl4":"UY-CA","postcode":"90001","country":"Uruguay","country_code":"uy"},"population":2508,"osm_type":"relation","osm_id":2576537,"type":"administrative","location":[-56.3590339,-34.6071478],"bbox":[-56.3758419,-34.6141988,-56.3500473,-34.6014881]}}
{"name":"Mandubí","display_name":"Mandubí, Rivera, Uruguay","address":{"town":"Mandubí","state":"Rivera","ISO3166-2-lvl4":"UY-RV","country":"Uruguay","country_code":"uy"},"population":6109,"osm_type":"node","osm_id":1326653859,"type":"town","location":[-55.5545109,-30.9268544],"bbox":[-55.5945109,-30.9668544,-55.5145109,-30.8868544],"border":{"name":"Mandubí","display_name":"Mandubí, Rivera, 40000, Uruguay","address":{"town":"Mandubí","state":"Rivera","ISO3166-2-lvl4":"UY-RV","postcode":"40000","country":"Uruguay","country_code":"uy"},"population":6109,"osm_type":"relation","osm_id":4149669,"type":"administrative","location":[-55.5545109,-30.9268544],"bbox":[-55.5643945,-30.9391474,-55.5427168,-30.9144222]}}
{"name":"Marindia","display_name":"Marindia, Canelones, Uruguay","address":{"town":"Marindia","state":"Canelones","ISO3166-2-lvl4":"UY-CA","country":"Uruguay","country_code":"uy"},"population":3543,"osm_type":"node","osm_id":1585185996,"type":"town","location":[-55.8266887,-34.7742852],"bbox":[-55.8666887,-34.8142852,-55.7866887,-34.7342852],"border":{"name":"Marindia","display_name":"Marindia, Canelones, 15104, Uruguay","address":{"town":"Marindia","state":"Canelones","ISO3166-2-lvl4":"UY-CA","postcode":"15104","country":"Uruguay","country_code":"uy"},"population":3543,"osm_type":"relation","osm_id":2578278,"type":"administrative","location":[-55.8266887,-34.7742852],"bbox":[-55.83342,-34.7830059,-55.8101814,-34.7621969]}}
{"name":"Mariscala","display_name":"Mariscala, Lavalleja, Uruguay","address":{"town":"Mariscala","state":"Lavalleja","ISO3166-2-lvl4":"UY-LA","country":"Uruguay","country_code":"uy"},"population":1626,"osm_type":"node","osm_id":1309587789,"type":"town","location":[-54.7770375,-34.0418823],"bbox":[-54.8170375,-34.0818823,-54.7370375,-34.0018823],"border":{"name":"Mariscala","display_name":"Mariscala, Lavalleja, 30001, Uruguay","address":{"town":"Mariscala","state":"Lavalleja","ISO3166-2-lvl4":"UY-LA","postcode":"30001","country":"Uruguay","country_code":"uy"},"population":1626,"osm_type":"relation","osm_id":2559051,"type":"administrative","location":[-54.7770375,-34.0418823],"bbox":[-54.78237,-34.0531041,-54.7614918,-34.0327557]}}
{"name":"Migues","display_name":"Migues, Canelones, Uruguay","address":{"town":"Migues","state":"Canelones","ISO3166-2-lvl4":"UY-CA","country":"Uruguay","country_code":"uy"},"population":2109,"osm_type":"node","osm_id":445971728,"type":"town","location":[-55.630224,-34.4885052],"bbox":[-55.670224,-34.5285052,-55.590224,-34.4485052],"border":{"name":"Migues","display_name":"Migues, Canelones, 91004, Uruguay","address":{"town":"Migues","state":"Canelones","ISO3166-2-lvl4":"UY-CA","postcode":"91004","country":"Uruguay","country_code":"uy"},"population":2109,"osm_type":"relation","osm_id":2578624,"type":"administrative","location":[-55.630224,-34.4885052],"bbox":[-55.6373545,-34.4927499,-55.6179208,-34.4780189]}}
{"name":"Minas de Corrales","display_name":"Minas de Corrales, Rivera, Uruguay","address":{"town":"Minas de Corrales","state":"Rivera","ISO3166-2-lvl4":"UY-RV","country":"Uruguay","country_code":"uy"},"population":3788,"osm_type":"node","osm_id":1326660491,"type":"town","location":[-55.4730233,-31.5691608],"bbox":[-55.5130233,-31.6091608,-55.4330233,-31.5291608],"border":{"name":"Minas de Corrales","display_name":"Minas de Corrales, Rivera, 41100, Uruguay","address":{"town":"Minas de Corrales","state":"Rivera","ISO3166-2-lvl4":"UY-RV","postcode":"41100","country":"Uruguay","country_code":"uy"},"population":3788,"osm_type":"relation","osm_id":4169217,"type":"administrative","location":[-55.4730233,-31.5691608],"bbox":[-55.4858642,-31.5843237,-55.4617229,-31.5633935]}}
{"name":"Montes","display_name":"Montes, Canelones, Uruguay","address":{"town":"Montes","state":"Canelones","ISO3166-2-lvl4":"UY-CA","country":"Uruguay","country_code":"uy"},"population":1760,"osm_type":"node","osm_id":445971729,"type":"town","location":[-55.561799,-34.4927322],"bbox":[-55.601799,-34.5327322,-55.521799,-34.4527322],"border":{"name":"Montes","display_name":"Montes, Canelones, 91003, Uruguay","address":{"town":"Montes","state":"Canelones","ISO3166-2-lvl4":"UY-CA","postcode":"91003","country":"Uruguay","country_code":"uy"},"population":1760,"osm_type":"relation","osm_id":2578792,"type":"administrative","location":[-55.561799,-34.4927322],"bbox":[-55.5776539,-34.5082479,-55.5512547,-34.4850197]}}
{"name":"Neptunia","display_name":"Neptunia, Canelones, 15101, Uruguay","address":{"town":"Neptunia","state":"Canelones","ISO3166-2-lvl4":"UY-CA","postcode":"15101","country":"Uruguay","country_code":"uy"},"population":4774,"osm_type":"node","osm_id":2029243794,"type":"town","location":[-55.8718706,-34.788026],"bbox":[-55.9118706,-34.828026,-55.8318706,-34.748026],"border":{"name":"Neptunia","display_name":"Neptunia, Canelones, 15101, Uruguay","address":{"town":"Neptunia","state":"Canelones","ISO3166-2-lvl4":"UY-CA","postcode":"15101","country":"Uruguay","country_code":"uy"},"population":4774,"osm_type":"relation","osm_id":2559864,"type":"administrative","location":[-55.8718706,-34.788026],"bbox":[-55.9029969,-34.7964688,-55.858262,-34.7592068]}}
{"name":"Nico Pérez","display_name":"Nico Pérez, Florida, Uruguay","address":{"town":"Nico Pérez","state":"Florida","ISO3166-2-lvl4":"UY-FD","country":"Uruguay","country_code":"uy"},"population":1030,"osm_type":"node","osm_id":1341652585,"type":"town","location":[-55.1542503,-33.4815291],"bbox":[-55.1942503,-33.5215291,-55.1142503,-33.4415291],"border":{"name":"Nico Pérez","display_name":"Nico Pérez, Florida, 34200, Uruguay","address":{"town":"Nico Pérez","state":"Florida","ISO3166-2-lvl4":"UY-FD","postcode":"34200","country":"Uruguay","country_code":"uy"},"population":1030,"osm_type":"relation","osm_id":3231946,"type":"administrative","location":[-55.1542503,-33.4815291],"bbox":[-55.1620315,-33.4879298,-55.1420568,-33.4605421]}}
{"name":"Nueva Palmira","display_name":"Nueva Palmira, Colonia, Uruguay","address":{"town":"Nueva Palmira","state":"Colonia","ISO3166-2-lvl4":"UY-CO","country":"Uruguay","country_code":"uy"},"population":9857,"osm_type":"node","osm_id":332605307,"type":"town","location":[-58.4068884,-33.8710911],"bbox":[-58.4468884,-33.9110911,-58.3668884,-33.8310911],"border":{"name":"Nueva Palmira","display_name":"Nueva Palmira, Colonia, 70101, Uruguay","address":{"town":"Nueva Palmira","state":"Colonia","ISO3166-2-lvl4":"UY-CO","postcode":"70101","country":"Uruguay","country_code":"uy"},"population":9857,"osm_type":"relation","osm_id":2896584,"type":"administrative","location":[-58.4068884,-33.8710911],"bbox":[-58.4226349,-33.9249895,-58.3843954,-33.8400331]}}
{"name":"Nuevo Berlín","display_name":"Nuevo Berlín, Río Negro, Uruguay","address":{"town":"Nuevo Berlín","state":"Río Negro","ISO3166-2-lvl4":"UY-RN","country":"Uruguay","country_code":"uy"},"population":2450,"osm_type":"node","osm_id":332595126,"type":"town","location":[-58.0569456,-32.9803448],"bbox":[-58.0969456,-33.0203448,-58.0169456,-32.9403448],"border":{"name":"Nuevo Berlín","display_name":"Nuevo Berlín, Río Negro, 65002, Uruguay","address":{"town":"Nuevo Berlín","state":"Río Negro","ISO3166-2-lvl4":"UY-RN","postcode":"65002","country":"Uruguay","country_code":"uy"},"population":2450,"osm_type":"relation","osm_id":2743657,"type":"administrative","location":[-58.0569456,-32.9803448],"bbox":[-58.0660164,-32.994214,-58.0246958,-32.966864]}}
{"name":"Nuevo Paysandú","display_name":"Nuevo Paysandú, Paysandú, Uruguay","address":{"town":"Nuevo Paysandú","state":"Paysandú","ISO3166-2-lvl4":"UY-PA","country":"Uruguay","country_code":"uy"},"population":8578,"osm_type":"node","osm_id":1376334001,"type":"town","location":[-58.0837759,-32.2702086],"bbox":[-58.1237759,-32.3102086,-58.0437759,-32.2302086],"border":{"name":"Nuevo Paysandú","display_name":"Nuevo Paysandú, Paysandú, 60000, Uruguay","address":{"town":"Nuevo Paysandú","state":"Paysandú","ISO3166-2-lvl4":"UY-PA","postcode":"60000","country":"Uruguay","country_code":"uy"},"population":8578,"osm_type":"relation","osm_id":3333687,"type":"administrative","location":[-58.0837759,-32.2702086],"bbox":[-58.098854,-32.2948285,-58.0346438,-32.23225]}}
{"name":"Ombúes de Lavalle","display_name":"Ombúes de Lavalle, Colonia, Uruguay","address":{"town":"Ombúes de Lavalle","state":"Colonia","ISO3166-2-lvl4":"UY-CO","country":"Uruguay","country_code":"uy"},"population":3390,"osm_type":"node","osm_id":697315226,"type":"town","location":[-57.8083627,-33.940575],"bbox":[-57.8483627,-33.980575,-57.7683627,-33.900575],"border":{"name":"Ombúes de Lavalle","display_name":"Ombúes de Lavalle, Colonia, 70003, Uruguay","address":{"town":"Ombúes de Lavalle","state":"Colonia","ISO3166-2-lvl4":"UY-CO","postcode":"70003","country":"Uruguay","country_code":"uy"},"population":3390,"osm_type":"relation","osm_id":3105462,"type":"administrative","location":[-57.8083627,-33.940575],"bbox":[-57.8224639,-33.9457252,-57.7949283,-33.9283067]}}
{"name":"Palmitas","display_name":"Palmitas, Soriano, Uruguay","address":{"town":"Palmitas","state":"Soriano","ISO3166-2-lvl4":"UY-SO","country":"Uruguay","country_code":"uy"},"population":2123,"osm_type":"node","osm_id":750508811,"type":"town","location":[-57.8006663,-33.5091893],"bbox":[-57.8406663,-33.5491893,-57.7606663,-33.4691893],"border":{"name":"Palmitas","display_name":"Palmitas, Soriano, 75001, Uruguay","address":{"town":"Palmitas","state":"Soriano","ISO3166-2-lvl4":"UY-SO","postcode":"75001","country":"Uruguay","country_code":"uy"},"population":2123,"osm_type":"relation","osm_id":3291544,"type":"administrative","location":[-57.8006663,-33.5091893],"bbox":[-57.8130693,-33.5153014,-57.7901781,-33.500325]}}
{"name":"Pan de Azúcar","other_names":{"name:ru":"Пан-де-Асукар","name:zh":"潘德阿蘇卡爾"},"display_name":"Pan de Azúcar, Maldonado, Uruguay","address":{"town":"Pan de Azúcar","state":"Maldonado","ISO3166-2-lvl4":"UY-MA","country":"Uruguay","country_code":"uy"},"population":6597,"osm_type":"node","osm_id":1300100178,"type":"town","location":[-55.224032,-34.7755603],"bbox":[-55.264032,-34.8155603,-55.184032,-34.7355603],"border":{"name":"Pan de Azúcar","other_names":{"name:es":"Pan de Azúcar","name:ru":"Пан-де-Асукар","name:zh":"潘德阿蘇卡爾"},"display_name":"Pan de Azúcar, Maldonado, 20300, Uruguay","address":{"town":"Pan de Azúcar","state":"Maldonado","ISO3166-2-lvl4":"UY-MA","postcode":"20300","country":"Uruguay","country_code":"uy"},"population":6597,"osm_type":"relation","osm_id":2461334,"type":"administrative","location":[-55.224032,-34.7755603],"bbox":[-55.2439874,-34.783578,-55.212735,-34.7623544]}}
{"name":"Parque del Plata","other_names":{"name:es":"Parque del Plata"},"display_name":"Parque del Plata, Canelones, Uruguay","address":{"town":"Parque del Plata","state":"Canelones","ISO3166-2-lvl4":"UY-CA","country":"Uruguay","country_code":"uy"},"population":7896,"osm_type":"node","osm_id":447149962,"type":"town","location":[-55.7179432,-34.765726],"bbox":[-55.7579432,-34.805726,-55.6779432,-34.725726],"border":{"name":"Parque del Plata","other_names":{"name:es":"Parque del Plata"},"display_name":"Parque del Plata, Canelones, 16100, Uruguay","address":{"town":"Parque del Plata","state":"Canelones","ISO3166-2-lvl4":"UY-CA","postcode":"16100","country":"Uruguay","country_code":"uy"},"population":7896,"osm_type":"relation","osm_id":2527760,"type":"administrative","location":[-55.7179432,-34.765726],"bbox":[-55.7361383,-34.7724345,-55.6979675,-34.7377624]}}
{"name":"Piedras Coloradas","display_name":"Piedras Coloradas, Paysandú, Uruguay","address":{"town":"Piedras Coloradas","state":"Paysandú","ISO3166-2-lvl4":"UY-PA","country":"Uruguay","country_code":"uy"},"population":1094,"osm_type":"node","osm_id":1370545835,"type":"town","location":[-57.6087097,-32.3730042],"bbox":[-57.6487097,-32.4130042,-57.5687097,-32.3330042],"border":{"name":"Piedras Coloradas","display_name":"Piedras Coloradas, Paysandú, 60003, Uruguay","address":{"town":"Piedras Coloradas","state":"Paysandú","ISO3166-2-lvl4":"UY-PA","postcode":"60003","country":"Uruguay","country_code":"uy"},"population":1094,"osm_type":"relation","osm_id":3313845,"type":"administrative","location":[-57.6087097,-32.3730042],"bbox":[-57.6134646,-32.3781993,-57.6003313,-32.3684071]}}
{"name":"Pinamar","display_name":"Pinamar, Canelones, 15102, Uruguay","address":{"town":"Pinamar","state":"Canelones","ISO3166-2-lvl4":"UY-CA","postcode":"15102","country":"Uruguay","country_code":"uy"},"population":4724,"osm_type":"node","osm_id":1331515361,"type":"town","location":[-55.8515179,-34.7819527],"bbox":[-55.8915179,-34.8219527,-55.8115179,-34.7419527],"border":{"name":"Pinamar","display_name":"Pinamar, Canelones, 15102, Uruguay","address":{"town":"Pinamar","state":"Canelones","ISO3166-2-lvl4":"UY-CA","postcode":"15102","country":"Uruguay","country_code":"uy"},"population":4724,"osm_type":"relation","osm_id":2578279,"type":"administrative","location":[-55.8515179,-34.7819527],"bbox":[-55.8670582,-34.7959821,-55.845167,-34.7552322]}}
{"name":"Pintadito","display_name":"Pintadito, Artigas, Uruguay","address":{"town":"Pintadito","state":"Artigas","ISO3166-2-lvl4":"UY-AR","country":"Uruguay","country_code":"uy"},"population":1642,"osm_type":"node","osm_id":2632544951,"type":"town","location":[-56.457934,-30.4337339],"bbox":[-56.497934,-30.4737339,-56.417934,-30.3937339],"border":{"name":"Pintadito","display_name":"Pintadito, Artigas, 55000, Uruguay","address":{"town":"Pintadito","state":"Artigas","ISO3166-2-lvl4":"UY-AR","postcode":"55000","country":"Uruguay","country_code":"uy"},"population":1642,"osm_type":"relation","osm_id":3460556,"type":"administrative","location":[-56.457934,-30.4337339],"bbox":[-56.4660032,-30.4360348,-56.4536086,-30.4318891]}}
{"name":"Piriápolis","other_names":{"name:lt":"Piriapolis","name:ru":"Пириаполис","name:zh":"皮里亞波利斯"},"display_name":"Piriápolis, Maldonado, Uruguay","address":{"town":"Piriápolis","state":"Maldonado","ISO3166-2-lvl4":"UY-MA","country":"Uruguay","country_code":"uy"},"population":8830,"osm_type":"node","osm_id":730574254,"type":"town","location":[-55.2724472,-34.8689037],"bbox":[-55.3124472,-34.9089037,-55.2324472,-34.8289037],"border":{"name":"Piriápolis","other_names":{"name:es":"Piriápolis","name:lt":"Piriapolis","name:ru":"Пириаполис","name:zh":"皮里亞波利斯"},"display_name":"Piriápolis, Maldonado, 20200, Uruguay","address":{"town":"Piriápolis","state":"Maldonado","ISO3166-2-lvl4":"UY-MA","postcode":"20200","country":"Uruguay","country_code":"uy"},"population":8830,"osm_type":"relation","osm_id":2451543,"type":"administrative","location":[-55.2724472,-34.8689037],"bbox":[-55.2970642,-34.8932823,-55.2570766,-34.8345669]}}
{"name":"Playa Grande","display_name":"Playa Grande, Maldonado, Uruguay","address":{"town":"Playa Grande","state":"Maldonado","ISO3166-2-lvl4":"UY-MA","country":"Uruguay","country_code":"uy"},"population":1031,"osm_type":"node","osm_id":1306993743,"type":"town","location":[-55.2959105,-34.845655],"bbox":[-55.3359105,-34.885655,-55.2559105,-34.805655],"border":{"name":"Playa Grande","display_name":"Playa Grande, Maldonado, 20200, Uruguay","address":{"town":"Playa Grande","state":"Maldonado","ISO3166-2-lvl4":"UY-MA","postcode":"20200","country":"Uruguay","country_code":"uy"},"population":1031,"osm_type":"relation","osm_id":2451566,"type":"administrative","location":[-55.2959105,-34.845655],"bbox":[-55.3044296,-34.8557124,-55.2868025,-34.8317921]}}
{"name":"Porvenir","display_name":"Porvenir, Paysandú, Uruguay","address":{"town":"Porvenir","state":"Paysandú","ISO3166-2-lvl4":"UY-PA","country":"Uruguay","country_code":"uy"},"population":1159,"osm_type":"node","osm_id":1376316066,"type":"town","location":[-57.9678882,-32.3932041],"bbox":[-58.0078882,-32.4332041,-57.9278882,-32.3532041],"border":{"name":"Porvenir","display_name":"Porvenir, Paysandú, 60012, Uruguay","address":{"town":"Porvenir","state":"Paysandú","ISO3166-2-lvl4":"UY-PA","postcode":"60012","country":"Uruguay","country_code":"uy"},"population":1159,"osm_type":"relation","osm_id":3310119,"type":"administrative","location":[-57.9678882,-32.3932041],"bbox":[-57.9754664,-32.398211,-57.9641702,-32.3893232]}}
{"name":"Punta del Este","display_name":"Punta del Este, Punta Del Este, Maldonado, Uruguay","address":{"town":"Punta del Este","state":"Maldonado","ISO3166-2-lvl4":"UY-MA","country":"Uruguay","country_code":"uy"},"population":9277,"osm_type":"node","osm_id":302611023,"type":"town","location":[-54.9439981,-34.9632342],"bbox":[-54.9839981,-35.0032342,-54.9039981,-34.9232342],"border":{"name":"Punta Del Este","other_names":{"name:es":"Punta Del Este","alt":"Punta del Este"},"display_name":"Punta Del Este, Maldonado, 20100, Uruguay","address":{"town":"Punta Del Este","state":"Maldonado","ISO3166-2-lvl4":"UY-MA","postcode":"20100","country":"Uruguay","country_code":"uy"},"population":9277,"osm_type":"relation","osm_id":2470435,"type":"administrative","location":[-54.9439981,-34.9632342],"bbox":[-54.957097,-34.9739344,-54.9072488,-34.9128351]}}
{"name":"Puntas de Valdez","display_name":"Puntas de Valdez, San José, Uruguay","address":{"town":"Puntas de Valdez","state":"San José","ISO3166-2-lvl4":"UY-SJ","country":"Uruguay","country_code":"uy"},"population":1491,"osm_type":"node","osm_id":470781776,"type":"town","location":[-56.7006824,-34.5858403],"bbox":[-56.7406824,-34.6258403,-56.6606824,-34.5458403],"border":{"name":"Puntas de Valdez","display_name":"Puntas de Valdez, San José, 80100, Uruguay","address":{"town":"Puntas de Valdez","state":"San José","ISO3166-2-lvl4":"UY-SJ","postcode":"80100","country":"Uruguay","country_code":"uy"},"population":1491,"osm_type":"relation","osm_id":2620923,"type":"administrative","location":[-56.7006824,-34.5858403],"bbox":[-56.7105967,-34.5907957,-56.6918349,-34.5800138]}}
{"name":"Quebracho","display_name":"Quebracho, Paysandú, Uruguay","address":{"town":"Quebracho","state":"Paysandú","ISO3166-2-lvl4":"UY-PA","country":"Uruguay","country_code":"uy"},"population":2853,"osm_type":"node","osm_id":1376859169,"type":"town","location":[-57.9005404,-31.9355644],"bbox":[-57.9405404,-31.9755644,-57.8605404,-31.8955644],"border":{"name":"Quebracho","display_name":"Quebracho, Paysandú, 60001, Uruguay","address":{"town":"Quebracho","state":"Paysandú","ISO3166-2-lvl4":"UY-PA","postcode":"60001","country":"Uruguay","country_code":"uy"},"population":2853,"osm_type":"relation","osm_id":3310638,"type":"administrative","location":[-57.9005404,-31.9355644],"bbox":[-57.9085252,-31.943399,-57.8840661,-31.9283315]}}
{"name":"Rafael Perazza","display_name":"Rafael Perazza, San José, Uruguay","address":{"town":"Rafael Perazza","state":"San José","ISO3166-2-lvl4":"UY-SJ","country":"Uruguay","country_code":"uy"},"population":1277,"osm_type":"node","osm_id":470781778,"type":"town","location":[-56.7969845,-34.5238374],"bbox":[-56.8369845,-34.5638374,-56.7569845,-34.4838374],"border":{"name":"Rafael Perazza","display_name":"Rafael Perazza, San José, 80005, Uruguay","address":{"town":"Rafael Perazza","state":"San José","ISO3166-2-lvl4":"UY-SJ","postcode":"80005","country":"Uruguay","country_code":"uy"},"population":1277,"osm_type":"relation","osm_id":2646628,"type":"administrative","location":[-56.7969845,-34.5238374],"bbox":[-56.801951,-34.5283187,-56.7875522,-34.5186101]}}
{"name":"Rodríguez","display_name":"Rodríguez, San José, Uruguay","address":{"town":"Rodríguez","state":"San José","ISO3166-2-lvl4":"UY-SJ","country":"Uruguay","country_code":"uy"},"population":2604,"osm_type":"node","osm_id":471561334,"type":"town","location":[-56.539069,-34.3806737],"bbox":[-56.579069,-34.4206737,-56.499069,-34.3406737],"border":{"name":"Rodríguez","display_name":"Rodríguez, San José, 80001, Uruguay","address":{"town":"Rodríguez","state":"San José","ISO3166-2-lvl4":"UY-SJ","postcode":"80001","country":"Uruguay","country_code":"uy"},"population":2604,"osm_type":"relation","osm_id":2647330,"type":"administrative","location":[-56.539069,-34.3806737],"bbox":[-56.5474101,-34.3881308,-56.5282524,-34.3692037]}}
{"name":"Salinas","other_names":{"name:ru":"Салинас"},"display_name":"Salinas, Canelones, 15100, Uruguay","address":{"town":"Salinas","state":"Canelones","ISO3166-2-lvl4":"UY-CA","postcode":"15100","country":"Uruguay","country_code":"uy"},"population":8626,"osm_type":"node","osm_id":1585175688,"type":"town","location":[-55.8370115,-34.7818023],"bbox":[-55.8770115,-34.8218023,-55.7970115,-34.7418023],"border":{"name":"Salinas","other_names":{"name:es":"Salinas","name:ru":"Салинас"},"display_name":"Salinas, Canelones, 15100, Uruguay","address":{"town":"Salinas","state":"Canelones","ISO3166-2-lvl4":"UY-CA","postcode":"15100","country":"Uruguay","country_code":"uy"},"population":8626,"osm_type":"relation","osm_id":2578280,"type":"administrative","location":[-55.8370115,-34.7818023],"bbox":[-55.8524151,-34.7901847,-55.8270998,-34.7595976]}}
{"name":"San Antonio","display_name":"San Antonio, Canelones, Uruguay","address":{"town":"San Antonio","state":"Canelones","ISO3166-2-lvl4":"UY-CA","country":"Uruguay","country_code":"uy"},"population":1489,"osm_type":"node","osm_id":445970626,"type":"town","location":[-56.0802552,-34.4513014],"bbox":[-56.1202552,-34.4913014,-56.0402552,-34.4113014],"border":{"name":"San Antonio","display_name":"San Antonio, Canelones, 90002, Uruguay","address":{"town":"San Antonio","state":"Canelones","ISO3166-2-lvl4":"UY-CA","postcode":"90002","country":"Uruguay","country_code":"uy"},"population":1489,"osm_type":"relation","osm_id":3216391,"type":"administrative","location":[-56.0802552,-34.4513014],"bbox":[-56.0892794,-34.4607427,-56.0759957,-34.4385689]}}
{"name":"San Bautista","display_name":"San Bautista, Canelones, Uruguay","address":{"town":"San Bautista","state":"Canelones","ISO3166-2-lvl4":"UY-CA","country":"Uruguay","country_code":"uy"},"population":1973,"osm_type":"node","osm_id":445970625,"type":"town","location":[-55.9595114,-34.4410211],"bbox":[-55.9995114,-34.4810211,-55.9195114,-34.4010211],"border":{"name":"San Bautista","display_name":"San Bautista, Canelones, 90604, Uruguay","address":{"town":"San Bautista","state":"Canelones","ISO3166-2-lvl4":"UY-CA","postcode":"90604","country":"Uruguay","country_code":"uy"},"population":1973,"osm_type":"relation","osm_id":2591409,"type":"administrative","location":[-55.9595114,-34.4410211],"bbox":[-55.9741028,-34.4477772,-55.9499761,-34.4325648]}}
{"name":"San Félix","display_name":"San Félix, Paysandú, Uruguay","address":{"town":"San Félix","state":"Paysandú","ISO3166-2-lvl4":"UY-PA","country":"Uruguay","country_code":"uy"},"population":1718,"osm_type":"node","osm_id":1376293967,"type":"town","location":[-58.1016822,-32.3511177],"bbox":[-58.1416822,-32.3911177,-58.0616822,-32.3111177],"border":{"name":"San Félix","display_name":"San Félix, Paysandú, 60000, Uruguay","address":{"town":"San Félix","state":"Paysandú","ISO3166-2-lvl4":"UY-PA","postcode":"60000","country":"Uruguay","country_code":"uy"},"population":1718,"osm_type":"relation","osm_id":3332360,"type":"administrative","location":[-58.1016822,-32.3511177],"bbox":[-58.111481,-32.3552888,-58.0892487,-32.3356511]}}
{"name":"San Gregorio de Polanco","display_name":"San Gregorio de Polanco, Tacuarembó, Uruguay","address":{"town":"San Gregorio de Polanco","state":"Tacuarembó","ISO3166-2-lvl4":"UY-TA","country":"Uruguay","country_code":"uy"},"population":3415,"osm_type":"node","osm_id":1335909480,"type":"town","location":[-55.8345547,-32.6180516],"bbox":[-55.8745547,-32.6580516,-55.7945547,-32.5780516],"border":{"name":"San Gregorio de Polanco","display_name":"San Gregorio de Polanco, Tacuarembó, 45200, Uruguay","address":{"town":"San Gregorio de Polanco","state":"Tacuarembó","ISO3166-2-lvl4":"UY-TA","postcode":"45200","country":"Uruguay","country_code":"uy"},"population":3415,"osm_type":"relation","osm_id":3605805,"type":"administrative","location":[-55.8345547,-32.6180516],"bbox":[-55.8521006,-32.6242994,-55.8090878,-32.586673]}}
{"name":"San Jacinto","display_name":"San Jacinto, Canelones, Uruguay","address":{"town":"San Jacinto","state":"Canelones","ISO3166-2-lvl4":"UY-CA","country":"Uruguay","country_code":"uy"},"population":4510,"osm_type":"node","osm_id":2028668919,"type":"town","location":[-55.8710299,-34.5435855],"bbox":[-55.9110299,-34.5835855,-55.8310299,-34.5035855],"border":{"name":"San Jacinto","display_name":"San Jacinto, Canelones, 91300, Uruguay","address":{"town":"San Jacinto","state":"Canelones","ISO3166-2-lvl4":"UY-CA","postcode":"91300","country":"Uruguay","country_code":"uy"},"population":4510,"osm_type":"relation","osm_id":2541726,"type":"administrative","location":[-55.8710299,-34.5435855],"bbox":[-55.8857679,-34.5524915,-55.8576195,-34.5359411]}}
{"name":"San Javier","display_name":"San Javier, Río Negro, Uruguay","address":{"town":"San Javier","state":"Río Negro","ISO3166-2-lvl4":"UY-RN","country":"Uruguay","country_code":"uy"},"population":1781,"osm_type":"node","osm_id":1338520866,"type":"town","location":[-58.1330431,-32.6664272],"bbox":[-58.1730431,-32.7064272,-58.0930431,-32.6264272],"border":{"name":"San Javier","display_name":"San Javier, Río Negro, 65001, Uruguay","address":{"town":"San Javier","state":"Río Negro","ISO3166-2-lvl4":"UY-RN","postcode":"65001","country":"Uruguay","country_code":"uy"},"population":1781,"osm_type":"relation","osm_id":2745344,"type":"administrative","location":[-58.1330431,-32.6664272],"bbox":[-58.1402881,-32.6746393,-58.1237952,-32.6571659]}}
{"name":"San Luis","display_name":"San Luis, Canelones, Uruguay","address":{"town":"San Luis","state":"Canelones","ISO3166-2-lvl4":"UY-CA","country":"Uruguay","country_code":"uy"},"population":1878,"osm_type":"node","osm_id":884668294,"type":"town","location":[-55.5903314,-34.7677166],"bbox":[-55.6303314,-34.8077166,-55.5503314,-34.7277166],"border":{"name":"San Luis","display_name":"San Luis, Canelones, 16300, Uruguay","address":{"town":"San Luis","state":"Canelones","ISO3166-2-lvl4":"UY-CA","postcode":"16300","country":"Uruguay","country_code":"uy"},"population":1878,"osm_type":"relation","osm_id":2529600,"type":"administrative","location":[-55.5903314,-34.7677166],"bbox":[-55.6040131,-34.7839784,-55.5687944,-34.7581094]}}
{"name":"San Rafael - El Placer","display_name":"San Rafael - El Placer, Maldonado, Uruguay","address":{"town":"San Rafael - El Placer","state":"Maldonado","ISO3166-2-lvl4":"UY-MA","country":"Uruguay","country_code":"uy"},"population":3146,"osm_type":"node","osm_id":1307974056,"type":"town","location":[-54.8871007,-34.920136],"bbox":[-54.9271007,-34.960136,-54.8471007,-34.880136],"border":{"name":"San Rafael - El Placer","display_name":"San Rafael - El Placer, Maldonado, 20100, Uruguay","address":{"town":"San Rafael - El Placer","state":"Maldonado","ISO3166-2-lvl4":"UY-MA","postcode":"20100","country":"Uruguay","country_code":"uy"},"population":3146,"osm_type":"relation","osm_id":2473247,"type":"administrative","location":[-54.8871007,-34.920136],"bbox":[-54.9233185,-34.9397118,-54.8661433,-34.9049577]}}
{"name":"San Ramón","display_name":"San Ramón, Canelones, Uruguay","address":{"town":"San Ramón","state":"Canelones","ISO3166-2-lvl4":"UY-CA","country":"Uruguay","country_code":"uy"},"population":7133,"osm_type":"node","osm_id":1377191828,"type":"town","location":[-55.9574463,-34.2900689],"bbox":[-55.9974463,-34.3300689,-55.9174463,-34.2500689],"border":{"name":"San Ramón","display_name":"San Ramón, Canelones, 90600, Uruguay","address":{"town":"San Ramón","state":"Canelones","ISO3166-2-lvl4":"UY-CA","postcode":"90600","country":"Uruguay","country_code":"uy"},"population":7133,"osm_type":"relation","osm_id":1632970,"type":"administrative","location":[-55.9574463,-34.2900689],"bbox":[-55.9781108,-34.310959,-55.9362247,-34.2676308]}}
{"name":"Santa Bernardina","display_name":"Santa Bernardina, Durazno, Uruguay","address":{"town":"Santa Bernardina","state":"Durazno","ISO3166-2-lvl4":"UY-DU","country":"Uruguay","country_code":"uy"},"population":1094,"osm_type":"node","osm_id":1334817768,"type":"town","location":[-56.5158356,-33.3581694],"bbox":[-56.5558356,-33.3981694,-56.4758356,-33.3181694],"border":{"name":"Santa Bernardina","display_name":"Santa Bernardina, Durazno, 97006, Uruguay","address":{"town":"Santa Bernardina","state":"Durazno","ISO3166-2-lvl4":"UY-DU","postcode":"97006","country":"Uruguay","country_code":"uy"},"population":1094,"osm_type":"relation","osm_id":3253703,"type":"administrative","location":[-56.5158356,-33.3581694],"bbox":[-56.5329006,-33.3730373,-56.5077254,-33.3339749]}}
{"name":"Santa Catalina","display_name":"Santa Catalina, Soriano, Uruguay","address":{"town":"Santa Catalina","state":"Soriano","ISO3166-2-lvl4":"UY-SO","country":"Uruguay","country_code":"uy"},"population":998,"osm_type":"node","osm_id":415725702,"type":"town","location":[-57.4857037,-33.7924138],"bbox":[-57.5257037,-33.8324138,-57.4457037,-33.7524138],"border":{"name":"Santa Catalina","display_name":"Santa Catalina, Soriano, 75201, Uruguay","address":{"town":"Santa Catalina","state":"Soriano","ISO3166-2-lvl4":"UY-SO","postcode":"75201","country":"Uruguay","country_code":"uy"},"population":998,"osm_type":"relation","osm_id":3298445,"type":"administrative","location":[-57.4857037,-33.7924138],"bbox":[-57.4960041,-33.799254,-57.4792457,-33.7829854]}}
{"name":"Santa Clara de Olimar","display_name":"Santa Clara de Olimar, Treinta y Tres, Uruguay","address":{"town":"Santa Clara de Olimar","state":"Treinta y Tres","ISO3166-2-lvl4":"UY-TT","country":"Uruguay","country_code":"uy"},"population":2341,"osm_type":"node","osm_id":1354055747,"type":"town","location":[-54.9444982,-32.9235413],"bbox":[-54.9844982,-32.9635413,-54.9044982,-32.8835413],"border":{"name":"Santa Clara de Olimar","display_name":"Santa Clara de Olimar, Treinta y Tres, 35300, Uruguay","address":{"town":"Santa Clara de Olimar","state":"Treinta y Tres","ISO3166-2-lvl4":"UY-TT","postcode":"35300","country":"Uruguay","country_code":"uy"},"population":2341,"osm_type":"relation","osm_id":3271283,"type":"administrative","location":[-54.9444982,-32.9235413],"bbox":[-54.9646425,-32.9306832,-54.9164808,-32.9142383]}}
{"name":"Santa Rosa","display_name":"Santa Rosa, Canelones, Uruguay","address":{"town":"Santa Rosa","state":"Canelones","ISO3166-2-lvl4":"UY-CA","country":"Uruguay","country_code":"uy"},"population":3727,"osm_type":"node","osm_id":445970624,"type":"town","location":[-56.040947,-34.4982333],"bbox":[-56.080947,-34.5382333,-56.000947,-34.4582333],"border":{"name":"Santa Rosa","display_name":"Santa Rosa, Canelones, 90500, Uruguay","address":{"town":"Santa Rosa","state":"Canelones","ISO3166-2-lvl4":"UY-CA","postcode":"90500","country":"Uruguay","country_code":"uy"},"population":3727,"osm_type":"relation","osm_id":2593574,"type":"administrative","location":[-56.040947,-34.4982333],"bbox":[-56.0524391,-34.5073804,-56.0257551,-34.4860341]}}
{"name":"Santa Teresa","display_name":"Santa Teresa, Rivera, Uruguay","address":{"town":"Santa Teresa","state":"Rivera","ISO3166-2-lvl4":"UY-RV","country":"Uruguay","country_code":"uy"},"population":2567,"osm_type":"node","osm_id":1326653810,"type":"town","location":[-55.5745052,-30.9190091],"bbox":[-55.6145052,-30.9590091,-55.5345052,-30.8790091],"border":{"name":"Santa Teresa","display_name":"Santa Teresa, Rivera, 40000, Uruguay","address":{"town":"Santa Teresa","state":"Rivera","ISO3166-2-lvl4":"UY-RV","postcode":"40000","country":"Uruguay","country_code":"uy"},"population":2567,"osm_type":"relation","osm_id":4149870,"type":"administrative","location":[-55.5745052,-30.9190091],"bbox":[-55.5843791,-30.9315726,-55.5627711,-30.9046373]}}
{"name":"Sarandí del Yi","display_name":"Sarandí del Yi, Sarandí del Yí, Durazno, Uruguay","address":{"town":"Sarandí del Yi","state":"Durazno","ISO3166-2-lvl4":"UY-DU","country":"Uruguay","country_code":"uy"},"population":7176,"osm_type":"node","osm_id":1335909712,"type":"town","location":[-55.6313253,-33.3442144],"bbox":[-55.6713253,-33.3842144,-55.5913253,-33.3042144],"border":{"name":"Sarandí del Yí","other_names":{"name:es":"Sarandí del Yí","alt":"Sarandí del Yi"},"display_name":"Sarandí del Yí, Durazno, 97100, Uruguay","address":{"town":"Sarandí del Yí","state":"Durazno","ISO3166-2-lvl4":"UY-DU","postcode":"97100","country":"Uruguay","country_code":"uy"},"population":7176,"osm_type":"relation","osm_id":3254112,"type":"administrative","location":[-55.6313253,-33.3442144],"bbox":[-55.6468168,-33.3561651,-55.6134984,-33.3151256]}}
{"name":"Sarandí Grande","display_name":"Sarandí Grande, Florida, Uruguay","address":{"town":"Sarandí Grande","state":"Florida","ISO3166-2-lvl4":"UY-FD","country":"Uruguay","country_code":"uy"},"population":6130,"osm_type":"node","osm_id":1337575966,"type":"town","location":[-56.3273963,-33.7228206],"bbox":[-56.3673963,-33.7628206,-56.2873963,-33.6828206],"border":{"name":"Sarandí Grande","display_name":"Sarandí Grande, Florida, 94100, Uruguay","address":{"town":"Sarandí Grande","state":"Florida","ISO3166-2-lvl4":"UY-FD","postcode":"94100","country":"Uruguay","country_code":"uy"},"population":6130,"osm_type":"relation","osm_id":3239500,"type":"administrative","location":[-56.3273963,-33.7228206],"bbox":[-56.3407336,-33.7486686,-56.3159217,-33.6998012]}}
{"name":"Sauce","other_names":{"name:ru":"Саусе"},"display_name":"Sauce, Canelones, Uruguay","address":{"town":"Sauce","state":"Canelones","ISO3166-2-lvl4":"UY-CA","country":"Uruguay","country_code":"uy"},"population":6132,"osm_type":"node","osm_id":428444552,"type":"town","location":[-56.0649654,-34.6496661],"bbox":[-56.1049654,-34.6896661,-56.0249654,-34.6096661],"border":{"name":"Sauce","other_names":{"name:es":"Sauce","name:ru":"Саусе"},"display_name":"Sauce, Canelones, 90800, Uruguay","address":{"town":"Sauce","state":"Canelones","ISO3166-2-lvl4":"UY-CA","postcode":"90800","country":"Uruguay","country_code":"uy"},"population":6132,"osm_type":"relation","osm_id":2526360,"type":"administrative","location":[-56.0649654,-34.6496661],"bbox":[-56.0784003,-34.6659095,-56.0528668,-34.6361798]}}
{"name":"Sequeira","display_name":"Sequeira, Artigas, Uruguay","address":{"town":"Sequeira","state":"Artigas","ISO3166-2-lvl4":"UY-AR","country":"Uruguay","country_code":"uy"},"population":1149,"osm_type":"node","osm_id":1306015173,"type":"town","location":[-56.8771169,-31.0013384],"bbox":[-56.9171169,-31.0413384,-56.8371169,-30.9613384],"border":{"name":"Sequeira","other_names":{"name:es":"Sequeira","alt_name":"Pueblo Sequeira"},"display_name":"Sequeira, Artigas, 55007, Uruguay","address":{"town":"Sequeira","state":"Artigas","ISO3166-2-lvl4":"UY-AR","postcode":"55007","country":"Uruguay","country_code":"uy"},"population":1149,"osm_type":"relation","osm_id":3462426,"type":"administrative","location":[-56.8771169,-31.0013384],"bbox":[-56.8949349,-31.0097518,-56.8465931,-30.9827206]}}
{"name":"Soca","other_names":{"official_name":"Doctor Francisco Soca"},"display_name":"Soca, Canelones, Uruguay","address":{"town":"Soca","state":"Canelones","ISO3166-2-lvl4":"UY-CA","country":"Uruguay","country_code":"uy"},"population":1797,"osm_type":"node","osm_id":445965368,"type":"town","location":[-55.704475,-34.6834361],"bbox":[-55.744475,-34.7234361,-55.664475,-34.6434361],"border":{"name":"Soca","other_names":{"name:es":"Soca","official_name":"Doctor Francisco Soca"},"display_name":"Soca, Canelones, 91006, Uruguay","address":{"town":"Soca","state":"Canelones","ISO3166-2-lvl4":"UY-CA","postcode":"91006","country":"Uruguay","country_code":"uy"},"population":1797,"osm_type":"relation","osm_id":2529896,"type":"administrative","location":[-55.704475,-34.6834361],"bbox":[-55.7149984,-34.6891182,-55.688938,-34.6792012]}}
{"name":"Solís de Mataojo","display_name":"Solís de Mataojo, Lavalleja, Uruguay","address":{"town":"Solís de Mataojo","state":"Lavalleja","ISO3166-2-lvl4":"UY-LA","country":"Uruguay","country_code":"uy"},"population":2825,"osm_type":"node","osm_id":1309563669,"type":"town","location":[-55.4665676,-34.5991619],"bbox":[-55.5065676,-34.6391619,-55.4265676,-34.5591619],"border":{"name":"Solís de Mataojo","display_name":"Solís de Mataojo, Lavalleja, 30100, Uruguay","address":{"town":"Solís de Mataojo","state":"Lavalleja","ISO3166-2-lvl4":"UY-LA","postcode":"30100","country":"Uruguay","country_code":"uy"},"population":2825,"osm_type":"relation","osm_id":2545592,"type":"administrative","location":[-55.4665676,-34.5991619],"bbox":[-55.4733691,-34.6122301,-55.4445006,-34.5832454]}}
{"name":"Tala","display_name":"Tala, Canelones, Uruguay","address":{"town":"Tala","state":"Canelones","ISO3166-2-lvl4":"UY-CA","country":"Uruguay","country_code":"uy"},"population":5089,"osm_type":"node","osm_id":433995987,"type":"town","location":[-55.7617585,-34.3442958],"bbox":[-55.8017585,-34.3842958,-55.7217585,-34.3042958],"border":{"name":"Tala","display_name":"Tala, Canelones, 91400, Uruguay","address":{"town":"Tala","state":"Canelones","ISO3166-2-lvl4":"UY-CA","postcode":"91400","country":"Uruguay","country_code":"uy"},"population":5089,"osm_type":"relation","osm_id":2592621,"type":"administrative","location":[-55.7617585,-34.3442958],"bbox":[-55.7810448,-34.3582282,-55.7518209,-34.3281538]}}
{"name":"Tambores","display_name":"Tambores, Paysandú, Uruguay","address":{"town":"Tambores","state":"Paysandú","ISO3166-2-lvl4":"UY-PA","country":"Uruguay","country_code":"uy"},"population":1561,"osm_type":"node","osm_id":8295489019,"type":"town","location":[-56.2451372,-31.8728894],"bbox":[-56.2851372,-31.9128894,-56.2051372,-31.8328894],"border":[{"name":"Tambores","display_name":"Tambores, Tacuarembó, 45004, Uruguay","address":{"town":"Tambores","state":"Tacuarembó","ISO3166-2-lvl4":"UY-TA","postcode":"45004","country":"Uruguay","country_code":"uy"},"population":1561,"osm_type":"relation","osm_id":3327294,"type":"administrative","location":[-56.240708781620626,-31.8758949],"bbox":[-56.2491658,-31.8847338,-56.233262,-31.8669136]},{"name":"Tambores","display_name":"Tambores, Paysandú, 45004, Uruguay","address":{"town":"Tambores","state":"Paysandú","ISO3166-2-lvl4":"UY-PA","postcode":"45004","country":"Uruguay","country_code":"uy"},"population":1561,"osm_type":"relation","osm_id":3327293,"type":"administrative","location":[-56.242834079909315,-31.879425349999998],"bbox":[-56.2520571,-31.8892679,-56.2384323,-31.8694982]}]}
{"name":"Tarariras","display_name":"Tarariras, Colonia, Uruguay","address":{"town":"Tarariras","state":"Colonia","ISO3166-2-lvl4":"UY-CO","country":"Uruguay","country_code":"uy"},"population":6632,"osm_type":"node","osm_id":697315225,"type":"town","location":[-57.6143416,-34.2648285],"bbox":[-57.6543416,-34.3048285,-57.5743416,-34.2248285],"border":{"name":"Tarariras","display_name":"Tarariras, Colonia, 70002, Uruguay","address":{"town":"Tarariras","state":"Colonia","ISO3166-2-lvl4":"UY-CO","postcode":"70002","country":"Uruguay","country_code":"uy"},"population":6632,"osm_type":"relation","osm_id":2873829,"type":"administrative","location":[-57.6143416,-34.2648285],"bbox":[-57.6290974,-34.2785584,-57.6024076,-34.2556834]}}
{"name":"Toledo","display_name":"Toledo, Canelones, Uruguay","address":{"town":"Toledo","state":"Canelones","ISO3166-2-lvl4":"UY-CA","country":"Uruguay","country_code":"uy"},"population":4379,"osm_type":"node","osm_id":429655452,"type":"town","location":[-56.0892924,-34.7398043],"bbox":[-56.1292924,-34.7798043,-56.0492924,-34.6998043],"border":{"name":"Toledo","display_name":"Toledo, Canelones, 91100, Uruguay","address":{"town":"Toledo","state":"Canelones","ISO3166-2-lvl4":"UY-CA","postcode":"91100","country":"Uruguay","country_code":"uy"},"population":4379,"osm_type":"relation","osm_id":2548845,"type":"administrative","location":[-56.0892924,-34.7398043],"bbox":[-56.1040926,-34.7561327,-56.0766123,-34.7245536]}}
{"name":"Tomás Gomensoro","display_name":"Tomás Gomensoro, Artigas, Uruguay","address":{"town":"Tomás Gomensoro","state":"Artigas","ISO3166-2-lvl4":"UY-AR","country":"Uruguay","country_code":"uy"},"population":2659,"osm_type":"node","osm_id":1365629990,"type":"town","location":[-57.435025,-30.4304107],"bbox":[-57.475025,-30.4704107,-57.395025,-30.3904107],"border":{"name":"Tomás Gomensoro","display_name":"Tomás Gomensoro, Artigas, 55002, Uruguay","address":{"town":"Tomás Gomensoro","state":"Artigas","ISO3166-2-lvl4":"UY-AR","postcode":"55002","country":"Uruguay","country_code":"uy"},"population":2659,"osm_type":"relation","osm_id":3457022,"type":"administrative","location":[-57.435025,-30.4304107],"bbox":[-57.449019,-30.4397281,-57.427367,-30.4221292]}}
{"name":"Tranqueras","display_name":"Tranqueras, Rivera, Uruguay","address":{"town":"Tranqueras","state":"Rivera","ISO3166-2-lvl4":"UY-RV","country":"Uruguay","country_code":"uy"},"population":7235,"osm_type":"node","osm_id":416475285,"type":"town","location":[-55.7649238,-31.1939884],"bbox":[-55.8049238,-31.2339884,-55.7249238,-31.1539884],"border":{"name":"Tranqueras","display_name":"Tranqueras, Rivera, 40100, Uruguay","address":{"town":"Tranqueras","state":"Rivera","ISO3166-2-lvl4":"UY-RV","postcode":"40100","country":"Uruguay","country_code":"uy"},"population":7235,"osm_type":"relation","osm_id":4168813,"type":"administrative","location":[-55.7649238,-31.1939884],"bbox":[-55.7784799,-31.205785,-55.7448218,-31.1786579]}}
{"name":"Tupambaé","display_name":"Tupambaé, Cerro Largo, Uruguay","address":{"town":"Tupambaé","state":"Cerro Largo","ISO3166-2-lvl4":"UY-CL","country":"Uruguay","country_code":"uy"},"population":1122,"osm_type":"node","osm_id":617894020,"type":"town","location":[-54.7632651,-32.8363645],"bbox":[-54.8032651,-32.8763645,-54.7232651,-32.7963645],"border":{"name":"Tupambaé","display_name":"Tupambaé, Cerro Largo, 36100, Uruguay","address":{"town":"Tupambaé","state":"Cerro Largo","ISO3166-2-lvl4":"UY-CL","postcode":"36100","country":"Uruguay","country_code":"uy"},"population":1122,"osm_type":"relation","osm_id":3678623,"type":"administrative","location":[-54.7632651,-32.8363645],"bbox":[-54.7734881,-32.8419575,-54.7527614,-32.8268449]}}
{"name":"Velázquez","display_name":"Velázquez, Rocha, Uruguay","address":{"town":"Velázquez","state":"Rocha","ISO3166-2-lvl4":"UY-RO","country":"Uruguay","country_code":"uy"},"population":1022,"osm_type":"node","osm_id":1323105790,"type":"town","location":[-54.2821383,-34.0376975],"bbox":[-54.3221383,-34.0776975,-54.2421383,-33.9976975],"border":{"name":"Velázquez","display_name":"Velázquez, Rocha, 27300, Uruguay","address":{"town":"Velázquez","state":"Rocha","ISO3166-2-lvl4":"UY-RO","postcode":"27300","country":"Uruguay","country_code":"uy"},"population":1022,"osm_type":"relation","osm_id":2616391,"type":"administrative","location":[-54.2821383,-34.0376975],"bbox":[-54.2886722,-34.0437514,-54.2725058,-34.0226756]}}
{"name":"Vergara","display_name":"Vergara, Treinta y Tres, Uruguay","address":{"town":"Vergara","state":"Treinta y Tres","ISO3166-2-lvl4":"UY-TT","country":"Uruguay","country_code":"uy"},"population":3810,"osm_type":"node","osm_id":1374937529,"type":"town","location":[-53.9377544,-32.9376731],"bbox":[-53.9777544,-32.9776731,-53.8977544,-32.8976731],"border":{"name":"Vergara","display_name":"Vergara, Treinta y Tres, 33002, Uruguay","address":{"town":"Vergara","state":"Treinta y Tres","ISO3166-2-lvl4":"UY-TT","postcode":"33002","country":"Uruguay","country_code":"uy"},"population":3810,"osm_type":"relation","osm_id":3277248,"type":"administrative","location":[-53.9377544,-32.9376731],"bbox":[-53.95753,-32.953528,-53.9250513,-32.9339814]}}
{"name":"Vichadero","display_name":"Vichadero, Rivera, Uruguay","address":{"town":"Vichadero","state":"Rivera","ISO3166-2-lvl4":"UY-RV","country":"Uruguay","country_code":"uy"},"population":3698,"osm_type":"node","osm_id":1326819128,"type":"town","location":[-54.6923583,-31.7789553],"bbox":[-54.7323583,-31.8189553,-54.6523583,-31.7389553],"border":{"name":"Vichadero","display_name":"Vichadero, Rivera, 41200, Uruguay","address":{"town":"Vichadero","state":"Rivera","ISO3166-2-lvl4":"UY-RV","postcode":"41200","country":"Uruguay","country_code":"uy"},"population":3698,"osm_type":"relation","osm_id":4099709,"type":"administrative","location":[-54.6923583,-31.7789553],"bbox":[-54.7012121,-31.7874409,-54.6829684,-31.7676673]}}
{"name":"Villa Crespo y San Andrés","display_name":"Villa Crespo y San Andrés, Canelones, Uruguay","address":{"town":"Villa Crespo y San Andrés","state":"Canelones","ISO3166-2-lvl4":"UY-CA","country":"Uruguay","country_code":"uy"},"population":9813,"osm_type":"node","osm_id":2612364486,"type":"town","location":[-56.1087333,-34.7413732],"bbox":[-56.1487333,-34.7813732,-56.0687333,-34.7013732],"border":{"name":"Villa Crespo y San Andrés","display_name":"Villa Crespo y San Andrés, Canelones, 15700, Uruguay","address":{"town":"Villa Crespo y San Andrés","state":"Canelones","ISO3166-2-lvl4":"UY-CA","postcode":"15700","country":"Uruguay","country_code":"uy"},"population":9813,"osm_type":"relation","osm_id":2548803,"type":"administrative","location":[-56.1087333,-34.7413732],"bbox":[-56.1269021,-34.7515661,-56.0892123,-34.7206702]}}
{"name":"Villa Felicidad","display_name":"Villa Felicidad, Canelones, Uruguay","address":{"town":"Villa Felicidad","state":"Canelones","ISO3166-2-lvl4":"UY-CA","country":"Uruguay","country_code":"uy"},"population":1344,"osm_type":"node","osm_id":445971736,"type":"town","location":[-56.2407745,-34.6417881],"bbox":[-56.2807745,-34.6817881,-56.2007745,-34.6017881],"border":{"name":"Villa Felicidad","display_name":"Villa Felicidad, Canelones, 15900, Uruguay","address":{"town":"Villa Felicidad","state":"Canelones","ISO3166-2-lvl4":"UY-CA","postcode":"15900","country":"Uruguay","country_code":"uy"},"population":1344,"osm_type":"relation","osm_id":2580443,"type":"administrative","location":[-56.2407745,-34.6417881],"bbox":[-56.2490907,-34.6478397,-56.2356147,-34.639002]}}
{"name":"Villa San José","display_name":"Villa San José, Canelones, Uruguay","address":{"town":"Villa San José","state":"Canelones","ISO3166-2-lvl4":"UY-CA","country":"Uruguay","country_code":"uy"},"population":1419,"osm_type":"node","osm_id":1291755677,"type":"town","location":[-56.0741733,-34.7164287],"bbox":[-56.1141733,-34.7564287,-56.0341733,-34.6764287],"border":{"name":"Villa San José","display_name":"Villa San José, Canelones, 15700, Uruguay","address":{"town":"Villa San José","state":"Canelones","ISO3166-2-lvl4":"UY-CA","postcode":"15700","country":"Uruguay","country_code":"uy"},"population":1419,"osm_type":"relation","osm_id":2584877,"type":"administrative","location":[-56.0741733,-34.7164287],"bbox":[-56.0798957,-34.7212621,-56.0683715,-34.7117356]}}
{"name":"Villa Sara","display_name":"Villa Sara, Treinta y Tres, Uruguay","address":{"town":"Villa Sara","state":"Treinta y Tres","ISO3166-2-lvl4":"UY-TT","country":"Uruguay","country_code":"uy"},"population":1199,"osm_type":"node","osm_id":1374975038,"type":"town","location":[-54.4140731,-33.2539778],"bbox":[-54.4540731,-33.2939778,-54.3740731,-33.2139778],"border":{"name":"Villa Sara","display_name":"Villa Sara, Treinta y Tres, 33000, Uruguay","address":{"town":"Villa Sara","state":"Treinta y Tres","ISO3166-2-lvl4":"UY-TT","postcode":"33000","country":"Uruguay","country_code":"uy"},"population":1199,"osm_type":"relation","osm_id":3256210,"type":"administrative","location":[-54.4140731,-33.2539778],"bbox":[-54.4274954,-33.2650639,-54.4000975,-33.2381561]}}
{"name":"Villa Soriano","display_name":"Villa Soriano, Soriano, Uruguay","address":{"town":"Villa Soriano","state":"Soriano","ISO3166-2-lvl4":"UY-SO","country":"Uruguay","country_code":"uy"},"population":1124,"osm_type":"node","osm_id":718466201,"type":"town","location":[-58.3197607,-33.3939059],"bbox":[-58.3597607,-33.4339059,-58.2797607,-33.3539059],"border":{"name":"Villa Soriano","display_name":"Villa Soriano, Soriano, 75005, Uruguay","address":{"town":"Villa Soriano","state":"Soriano","ISO3166-2-lvl4":"UY-SO","postcode":"75005","country":"Uruguay","country_code":"uy"},"population":1124,"osm_type":"relation","osm_id":3289707,"type":"administrative","location":[-58.3197607,-33.3939059],"bbox":[-58.3281942,-33.4069772,-58.3140795,-33.3893442]}}
