{"name":"Balfour Town","display_name":"Balfour Town, Salt Cay, Turks and Caicos Islands","address":{"village":"Balfour Town","county":"Salt Cay","country":"Turks and Caicos Islands","country_code":"tc"},"osm_type":"node","osm_id":296255862,"type":"village","location":[-71.2107233,21.3321102],"bbox":[-71.2307233,21.3121102,-71.1907233,21.3521102]}
{"name":"Bottle Creek","display_name":"Bottle Creek, North Caicos, Turks and Caicos Islands","address":{"village":"Bottle Creek","county":"North Caicos","country":"Turks and Caicos Islands","country_code":"tc"},"osm_type":"node","osm_id":9606060731,"type":"village","location":[-71.9189291,21.8879831],"bbox":[-71.9389291,21.8679831,-71.8989291,21.9079831]}
{"name":"Conch Bar","display_name":"Conch Bar, Middle Caicos, Turks and Caicos Islands","address":{"village":"Conch Bar","island":"Middle Caicos","country":"Turks and Caicos Islands","country_code":"tc"},"osm_type":"node","osm_id":296260716,"type":"village","location":[-71.7991753,21.8295074],"bbox":[-71.8191753,21.8095074,-71.7791753,21.8495074]}
{"name":"Kew","display_name":"Kew, North Caicos, Turks and Caicos Islands","address":{"village":"Kew","county":"North Caicos","country":"Turks and Caicos Islands","country_code":"tc"},"osm_type":"node","osm_id":10825104639,"type":"village","location":[-71.9920159,21.9139224],"bbox":[-72.0120159,21.8939224,-71.9720159,21.9339224]}
{"name":"Lorimers","display_name":"Lorimers, Middle Caicos, Turks and Caicos Islands","address":{"village":"Lorimers","island":"Middle Caicos","country":"Turks and Caicos Islands","country_code":"tc"},"osm_type":"node","osm_id":10825104640,"type":"village","location":[-71.6876579,21.7951569],"bbox":[-71.7076579,21.7751569,-71.6676579,21.8151569]}
{"name":"Sandy Point","display_name":"Sandy Point, North Caicos, Turks and Caicos Islands","address":{"village":"Sandy Point","county":"North Caicos","country":"Turks and Caicos Islands","country_code":"tc"},"osm_type":"node","osm_id":9606092705,"type":"village","location":[-72.0352964,21.9513056],"bbox":[-72.0552964,21.9313056,-72.0152964,21.9713056]}
{"name":"Wheeland","display_name":"Wheeland, Providenciales, Turks and Caicos Islands","address":{"village":"Wheeland","county":"Providenciales","country":"Turks and Caicos Islands","country_code":"tc"},"osm_type":"node","osm_id":329969265,"type":"village","location":[-72.2868218,21.8202206],"bbox":[-72.3068218,21.8002206,-72.2668218,21.8402206]}
{"name":"Whitby","display_name":"Whitby, North Caicos, Turks and Caicos Islands","address":{"village":"Whitby","county":"North Caicos","country":"Turks and Caicos Islands","country_code":"tc"},"osm_type":"node","osm_id":6349618576,"type":"village","location":[-71.9644697,21.9545308],"bbox":[-71.9844697,21.9345308,-71.9444697,21.9745308]}
