{"name":"Arima","other_names":{"name:ru":"Арима"},"display_name":"Arima, Trinidad and Tobago","address":{"town":"Arima","ISO3166-2-lvl4":"TT-ARI","country":"Trinidad and Tobago","country_code":"tt"},"osm_type":"node","osm_id":474729362,"type":"town","location":[-61.2829762,10.6372057],"bbox":[-61.3229762,10.5972057,-61.2429762,10.6772057],"border":{"name":"Arima","other_names":{"name:en":"Arima","ISO3166-2":"TT-ARI","name:ru":"Арима"},"display_name":"Arima, Trinidad and Tobago","address":{"town":"Arima","ISO3166-2-lvl4":"TT-ARI","country":"Trinidad and Tobago","country_code":"tt"},"osm_type":"relation","osm_id":11146288,"type":"administrative","location":[-61.2829762,10.6372057],"bbox":[-61.297543,10.6051547,-61.2626105,10.6552555]}}
{"name":"Blanchisseuse","display_name":"Blanchisseuse, Tunapuna-Piarco, Trinidad and Tobago","address":{"town":"Blanchisseuse","state":"Tunapuna-Piarco","ISO3166-2-lvl4":"TT-TUP","country":"Trinidad and Tobago","country_code":"tt"},"osm_type":"node","osm_id":3357263915,"type":"town","location":[-61.3134335,10.7984781],"bbox":[-61.3534335,10.7584781,-61.2734335,10.8384781]}
{"name":"Buccoo","display_name":"Buccoo, Tobago, Trinidad and Tobago","address":{"town":"Buccoo","island":"Tobago","ISO3166-2-lvl4":"TT-TOB","country":"Trinidad and Tobago","country_code":"tt"},"osm_type":"node","osm_id":1816584125,"type":"town","location":[-60.8030282,11.1829382],"bbox":[-60.8430282,11.1429382,-60.7630282,11.2229382]}
{"name":"Chacachacare Island","other_names":{"name:en":"Chacachacare Island","name:es":"Isla Chacachacara"},"display_name":"Chacachacare Island, Diego Martin, Trinidad and Tobago","address":{"town":"Chacachacare Island","state":"Diego Martin","ISO3166-2-lvl4":"TT-DMN","country":"Trinidad and Tobago","country_code":"tt"},"osm_type":"node","osm_id":1548192803,"type":"town","location":[-61.750761,10.6931243],"bbox":[-61.790761,10.6531243,-61.710761,10.7331243]}
{"name":"Charlotteville","other_names":{"name:en":"Charlotteville","name:ru":"Шарлотвилл"},"display_name":"Charlotteville, Tobago, Trinidad and Tobago","address":{"town":"Charlotteville","island":"Tobago","ISO3166-2-lvl4":"TT-TOB","country":"Trinidad and Tobago","country_code":"tt"},"osm_type":"node","osm_id":1816584141,"type":"town","location":[-60.5473352,11.3223399],"bbox":[-60.5873352,11.2823399,-60.5073352,11.3623399]}
{"name":"Couva","display_name":"Couva, Couva-Tabaquite-Talparo, 550629, Trinidad and Tobago","address":{"town":"Couva","state":"Couva-Tabaquite-Talparo","ISO3166-2-lvl4":"TT-CTT","postcode":"550629","country":"Trinidad and Tobago","country_code":"tt"},"population":48858,"osm_type":"node","osm_id":1383960098,"type":"town","location":[-61.458708,10.4223291],"bbox":[-61.498708,10.3823291,-61.418708,10.4623291],"border":{"name":"Couva","display_name":"Couva, Couva-Tabaquite-Talparo, Trinidad and Tobago","address":{"town":"Couva","state":"Couva-Tabaquite-Talparo","ISO3166-2-lvl4":"TT-CTT","country":"Trinidad and Tobago","country_code":"tt"},"population":48858,"osm_type":"way","osm_id":566476581,"type":"town","location":[-61.458708,10.4223291],"bbox":[-61.5028033,10.3646928,-61.3905894,10.4799418]}}
{"name":"Crown Point","display_name":"Crown Point, Tobago, Trinidad and Tobago","address":{"town":"Crown Point","island":"Tobago","ISO3166-2-lvl4":"TT-TOB","country":"Trinidad and Tobago","country_code":"tt"},"osm_type":"node","osm_id":1821476686,"type":"town","location":[-60.8346264,11.1588971],"bbox":[-60.8746264,11.1188971,-60.7946264,11.1988971]}
{"name":"Debe","display_name":"Debe, Penal-Debe, Trinidad and Tobago","address":{"town":"Debe","state":"Penal-Debe","ISO3166-2-lvl4":"TT-PED","country":"Trinidad and Tobago","country_code":"tt"},"osm_type":"node","osm_id":2144108839,"type":"town","location":[-61.4515249,10.2107386],"bbox":[-61.4915249,10.1707386,-61.4115249,10.2507386]}
{"name":"Diego Martin","other_names":{"name:en":"Diego Martin","name:es":"Diego Martín"},"display_name":"Diego Martin, Trinidad and Tobago","address":{"town":"Diego Martin","state":"Diego Martin","ISO3166-2-lvl4":"TT-DMN","country":"Trinidad and Tobago","country_code":"tt"},"osm_type":"node","osm_id":1330247266,"type":"town","location":[-61.558498,10.7358489],"bbox":[-61.598498,10.6958489,-61.518498,10.7758489]}
{"name":"Fyzabad","display_name":"Fyzabad, Siparia, Trinidad and Tobago","address":{"town":"Fyzabad","state":"Siparia","ISO3166-2-lvl4":"TT-SIP","country":"Trinidad and Tobago","country_code":"tt"},"osm_type":"node","osm_id":1358726695,"type":"town","location":[-61.5467618,10.1802665],"bbox":[-61.5867618,10.1402665,-61.5067618,10.2202665]}
{"name":"Gasparillo","display_name":"Gasparillo, Couva-Tabaquite-Talparo, 602905, Trinidad and Tobago","address":{"town":"Gasparillo","state":"Couva-Tabaquite-Talparo","ISO3166-2-lvl4":"TT-CTT","postcode":"602905","country":"Trinidad and Tobago","country_code":"tt"},"osm_type":"node","osm_id":536005266,"type":"town","location":[-61.4287882,10.3155603],"bbox":[-61.4687882,10.2755603,-61.3887882,10.3555603]}
{"name":"Huevos Island","other_names":{"name:en":"Huevos Island","name:es":"Isla Huevos"},"display_name":"Huevos Island, Diego Martin, Trinidad and Tobago","address":{"town":"Huevos Island","state":"Diego Martin","ISO3166-2-lvl4":"TT-DMN","country":"Trinidad and Tobago","country_code":"tt"},"osm_type":"node","osm_id":1548192816,"type":"town","location":[-61.7154846,10.6966666],"bbox":[-61.7554846,10.6566666,-61.6754846,10.7366666]}
{"name":"La Brea","display_name":"La Brea, Siparia, Trinidad and Tobago","address":{"town":"La Brea","state":"Siparia","ISO3166-2-lvl4":"TT-SIP","country":"Trinidad and Tobago","country_code":"tt"},"osm_type":"node","osm_id":1452374968,"type":"town","location":[-61.6158925,10.2371083],"bbox":[-61.6558925,10.1971083,-61.5758925,10.2771083]}
{"name":"Matelot","display_name":"Matelot, Sangre Grande, Trinidad and Tobago","address":{"town":"Matelot","state":"Sangre Grande","ISO3166-2-lvl4":"TT-SGE","country":"Trinidad and Tobago","country_code":"tt"},"osm_type":"node","osm_id":1327426187,"type":"town","location":[-61.12687,10.820391],"bbox":[-61.16687,10.780391,-61.08687,10.860391]}
{"name":"Mayaro","display_name":"Mayaro, Mayaro-Rio Claro, Trinidad and Tobago","address":{"town":"Mayaro","state":"Mayaro-Rio Claro","ISO3166-2-lvl4":"TT-MRC","country":"Trinidad and Tobago","country_code":"tt"},"osm_type":"node","osm_id":1843238758,"type":"town","location":[-61.0081263,10.3027609],"bbox":[-61.0481263,10.2627609,-60.9681263,10.3427609]}
{"name":"Monos Island","other_names":{"name:en":"Monos Island","name:es":"Isla Monos"},"display_name":"Monos Island, Diego Martin, Trinidad and Tobago","address":{"town":"Monos Island","state":"Diego Martin","ISO3166-2-lvl4":"TT-DMN","country":"Trinidad and Tobago","country_code":"tt"},"osm_type":"node","osm_id":1548192807,"type":"town","location":[-61.689907,10.6943894],"bbox":[-61.729907,10.6543894,-61.649907,10.7343894]}
{"name":"Moruga","display_name":"Moruga, Princes Town, Trinidad and Tobago","address":{"town":"Moruga","state":"Princes Town","ISO3166-2-lvl4":"TT-PRT","country":"Trinidad and Tobago","country_code":"tt"},"osm_type":"node","osm_id":3114227370,"type":"town","location":[-61.2799658,10.0886548],"bbox":[-61.3199658,10.0486548,-61.2399658,10.1286548]}
{"name":"Penal","display_name":"Penal, Penal-Debe, Trinidad and Tobago","address":{"town":"Penal","state":"Penal-Debe","ISO3166-2-lvl4":"TT-PED","country":"Trinidad and Tobago","country_code":"tt"},"osm_type":"node","osm_id":1358693502,"type":"town","location":[-61.4526506,10.1684634],"bbox":[-61.4926506,10.1284634,-61.4126506,10.2084634]}
{"name":"Piarco","display_name":"Piarco, Tunapuna-Piarco, 350462, Trinidad and Tobago","address":{"town":"Piarco","state":"Tunapuna-Piarco","ISO3166-2-lvl4":"TT-TUP","postcode":"350462","country":"Trinidad and Tobago","country_code":"tt"},"osm_type":"node","osm_id":1098471573,"type":"town","location":[-61.3340544,10.6047057],"bbox":[-61.3740544,10.5647057,-61.2940544,10.6447057]}
{"name":"Point Fortin","display_name":"Point Fortin, Trinidad and Tobago","address":{"town":"Point Fortin","ISO3166-2-lvl4":"TT-PTF","country":"Trinidad and Tobago","country_code":"tt"},"population":20161,"osm_type":"node","osm_id":1452374984,"type":"town","location":[-61.6827286,10.1759283],"bbox":[-61.7227286,10.1359283,-61.6427286,10.2159283],"border":{"name":"Point Fortin","other_names":{"name:en":"Point Fortin","name:ru":"Пойнт-Фортин","ISO3166-2":"TT-PTF"},"display_name":"Point Fortin, Trinidad and Tobago","address":{"town":"Point Fortin","ISO3166-2-lvl4":"TT-PTF","country":"Trinidad and Tobago","country_code":"tt"},"population":20161,"osm_type":"relation","osm_id":7363418,"type":"administrative","location":[-61.6827286,10.1759283],"bbox":[-61.7076352,10.1410015,-61.6327949,10.2065537]}}
{"name":"Princes Town","display_name":"Princes Town, Trinidad and Tobago","address":{"town":"Princes Town","state":"Princes Town","ISO3166-2-lvl4":"TT-PRT","country":"Trinidad and Tobago","country_code":"tt"},"osm_type":"node","osm_id":1366539642,"type":"town","location":[-61.3739866,10.2704779],"bbox":[-61.4139866,10.2304779,-61.3339866,10.3104779]}
{"name":"Rio Claro","other_names":{"name:en":"Rio Claro","name:ru":"Рио-Кларо"},"display_name":"Rio Claro, Mayaro-Rio Claro, Trinidad and Tobago","address":{"town":"Rio Claro","state":"Mayaro-Rio Claro","ISO3166-2-lvl4":"TT-MRC","country":"Trinidad and Tobago","country_code":"tt"},"osm_type":"node","osm_id":1174919917,"type":"town","location":[-61.1750475,10.3063646],"bbox":[-61.2150475,10.2663646,-61.1350475,10.3463646]}
{"name":"Roxborough","display_name":"Roxborough, Tobago, Trinidad and Tobago","address":{"town":"Roxborough","island":"Tobago","ISO3166-2-lvl4":"TT-TOB","country":"Trinidad and Tobago","country_code":"tt"},"osm_type":"node","osm_id":1816584295,"type":"town","location":[-60.5762208,11.2495139],"bbox":[-60.6162208,11.2095139,-60.5362208,11.2895139]}
{"name":"San Juan","display_name":"San Juan, San Juan-Laventille, 120110, Trinidad and Tobago","address":{"town":"San Juan","state":"San Juan-Laventille","ISO3166-2-lvl4":"TT-SJL","postcode":"120110","country":"Trinidad and Tobago","country_code":"tt"},"osm_type":"node","osm_id":477499598,"type":"town","location":[-61.450882,10.6486053],"bbox":[-61.490882,10.6086053,-61.410882,10.6886053]}
{"name":"Sangre Grande","display_name":"Sangre Grande, 450530, Trinidad and Tobago","address":{"town":"Sangre Grande","state":"Sangre Grande","ISO3166-2-lvl4":"TT-SGE","postcode":"450530","country":"Trinidad and Tobago","country_code":"tt"},"osm_type":"node","osm_id":1092141659,"type":"town","location":[-61.1284394,10.5869196],"bbox":[-61.1684394,10.5469196,-61.0884394,10.6269196]}
{"name":"Siparia","display_name":"Siparia, Trinidad and Tobago","address":{"town":"Siparia","state":"Siparia","ISO3166-2-lvl4":"TT-SIP","country":"Trinidad and Tobago","country_code":"tt"},"osm_type":"node","osm_id":1824961792,"type":"town","location":[-61.5073632,10.1440738],"bbox":[-61.5473632,10.1040738,-61.4673632,10.1840738]}
{"name":"Toco","display_name":"Toco, Sangre Grande, Trinidad and Tobago","address":{"town":"Toco","state":"Sangre Grande","ISO3166-2-lvl4":"TT-SGE","country":"Trinidad and Tobago","country_code":"tt"},"osm_type":"node","osm_id":1128895911,"type":"town","location":[-60.9376753,10.8368357],"bbox":[-60.9776753,10.7968357,-60.8976753,10.8768357]}
{"name":"Tunapuna","display_name":"Tunapuna, Tunapuna-Piarco, 340603, Trinidad and Tobago","address":{"town":"Tunapuna","state":"Tunapuna-Piarco","ISO3166-2-lvl4":"TT-TUP","postcode":"340603","country":"Trinidad and Tobago","country_code":"tt"},"osm_type":"node","osm_id":477483943,"type":"town","location":[-61.3907206,10.6436181],"bbox":[-61.4307206,10.6036181,-61.3507206,10.6836181]}
{"name":"Valencia","display_name":"Valencia, Sangre Grande, Trinidad and Tobago","address":{"town":"Valencia","state":"Sangre Grande","ISO3166-2-lvl4":"TT-SGE","country":"Trinidad and Tobago","country_code":"tt"},"osm_type":"node","osm_id":1314261373,"type":"town","location":[-61.1942361,10.6535689],"bbox":[-61.2342361,10.6135689,-61.1542361,10.6935689]}
