{"name":"Acono","display_name":"Acono, Tunapuna-Piarco, 310407, Trinidad and Tobago","address":{"village":"Acono","state":"Tunapuna-Piarco","ISO3166-2-lvl4":"TT-TUP","postcode":"310407","country":"Trinidad and Tobago","country_code":"tt"},"osm_type":"node","osm_id":1888753889,"type":"village","location":[-61.4020788,10.6947765],"bbox":[-61.4220788,10.6747765,-61.3820788,10.7147765]}
{"name":"Agostini Village","display_name":"Agostini Village, Couva-Tabaquite-Talparo, 500125, Trinidad and Tobago","address":{"village":"Agostini Village","state":"Couva-Tabaquite-Talparo","ISO3166-2-lvl4":"TT-CTT","postcode":"500125","country":"Trinidad and Tobago","country_code":"tt"},"osm_type":"node","osm_id":10037964272,"type":"village","location":[-61.4080561,10.4822114],"bbox":[-61.4280561,10.4622114,-61.3880561,10.5022114]}
{"name":"Argyle","display_name":"Argyle, Tobago, Trinidad and Tobago","address":{"village":"Argyle","island":"Tobago","ISO3166-2-lvl4":"TT-TOB","country":"Trinidad and Tobago","country_code":"tt"},"osm_type":"node","osm_id":1816584099,"type":"village","location":[-60.587496,11.242784],"bbox":[-60.607496,11.222784,-60.567496,11.262784]}
{"name":"Aripero","display_name":"Aripero, Siparia, Trinidad and Tobago","address":{"village":"Aripero","state":"Siparia","ISO3166-2-lvl4":"TT-SIP","country":"Trinidad and Tobago","country_code":"tt"},"osm_type":"node","osm_id":1452374946,"type":"village","location":[-61.5680364,10.2200272],"bbox":[-61.5880364,10.2000272,-61.5480364,10.2400272]}
{"name":"Aripo","display_name":"Aripo, Tunapuna-Piarco, Trinidad and Tobago","address":{"village":"Aripo","state":"Tunapuna-Piarco","ISO3166-2-lvl4":"TT-TUP","country":"Trinidad and Tobago","country_code":"tt"},"osm_type":"node","osm_id":3166111234,"type":"village","location":[-61.2253927,10.6825691],"bbox":[-61.2453927,10.6625691,-61.2053927,10.7025691]}
{"name":"Bamboo Settlement No. 1","display_name":"Bamboo Settlement No. 1, San Juan-Laventille, 310401, Trinidad and Tobago","address":{"village":"Bamboo Settlement No. 1","state":"San Juan-Laventille","ISO3166-2-lvl4":"TT-SJL","postcode":"310401","country":"Trinidad and Tobago","country_code":"tt"},"osm_type":"node","osm_id":2496110808,"type":"village","location":[-61.4300319,10.6281951],"bbox":[-61.4500319,10.6081951,-61.4100319,10.6481951]}
{"name":"Bamboo Settlement No. 2","display_name":"Bamboo Settlement No. 2, Tunapuna-Piarco, 310401, Trinidad and Tobago","address":{"village":"Bamboo Settlement No. 2","state":"Tunapuna-Piarco","ISO3166-2-lvl4":"TT-TUP","postcode":"310401","country":"Trinidad and Tobago","country_code":"tt"},"osm_type":"node","osm_id":2378240966,"type":"village","location":[-61.4215074,10.6252204],"bbox":[-61.4415074,10.6052204,-61.4015074,10.6452204]}
{"name":"Bamboo Settlement Number 3","display_name":"Bamboo Settlement Number 3, Tunapuna-Piarco, 310401, Trinidad and Tobago","address":{"village":"Bamboo Settlement Number 3","state":"Tunapuna-Piarco","ISO3166-2-lvl4":"TT-TUP","postcode":"310401","country":"Trinidad and Tobago","country_code":"tt"},"osm_type":"node","osm_id":2496110811,"type":"village","location":[-61.426559,10.6273273],"bbox":[-61.446559,10.6073273,-61.406559,10.6473273]}
{"name":"Bamboo Village","display_name":"Bamboo Village, Penal-Debe, 600301, Trinidad and Tobago","address":{"village":"Bamboo Village","state":"Penal-Debe","ISO3166-2-lvl4":"TT-PED","postcode":"600301","country":"Trinidad and Tobago","country_code":"tt"},"osm_type":"node","osm_id":2124614869,"type":"village","location":[-61.4740448,10.2540088],"bbox":[-61.4940448,10.2340088,-61.4540448,10.2740088]}
{"name":"Bamboo","display_name":"Bamboo, Siparia, Trinidad and Tobago","address":{"village":"Bamboo","state":"Siparia","ISO3166-2-lvl4":"TT-SIP","country":"Trinidad and Tobago","country_code":"tt"},"osm_type":"node","osm_id":1327559074,"type":"village","location":[-61.8445171,10.0967988],"bbox":[-61.8645171,10.0767988,-61.8245171,10.1167988]}
{"name":"Barrackpore","display_name":"Barrackpore, Princes Town, Trinidad and Tobago","address":{"village":"Barrackpore","state":"Princes Town","ISO3166-2-lvl4":"TT-PRT","country":"Trinidad and Tobago","country_code":"tt"},"osm_type":"node","osm_id":1426984231,"type":"village","location":[-61.3720856,10.1969916],"bbox":[-61.3920856,10.1769916,-61.3520856,10.2169916]}
{"name":"Basseterre","other_names":{"name:en":"Basseterre","alt_name":"Basseterre Moruga"},"display_name":"Basseterre, Princes Town, Trinidad and Tobago","address":{"village":"Basseterre","state":"Princes Town","ISO3166-2-lvl4":"TT-PRT","country":"Trinidad and Tobago","country_code":"tt"},"osm_type":"node","osm_id":1328906265,"type":"village","location":[-61.2946868,10.1226253],"bbox":[-61.3146868,10.1026253,-61.2746868,10.1426253]}
{"name":"Belle Garden","display_name":"Belle Garden, Tobago, Trinidad and Tobago","address":{"village":"Belle Garden","island":"Tobago","ISO3166-2-lvl4":"TT-TOB","country":"Trinidad and Tobago","country_code":"tt"},"osm_type":"node","osm_id":1816584100,"type":"village","location":[-60.602823,11.2354557],"bbox":[-60.622823,11.2154557,-60.582823,11.2554557]}
{"name":"Bethel","display_name":"Bethel, Tobago, Trinidad and Tobago","address":{"village":"Bethel","island":"Tobago","ISO3166-2-lvl4":"TT-TOB","country":"Trinidad and Tobago","country_code":"tt"},"osm_type":"node","osm_id":1816584104,"type":"village","location":[-60.7849284,11.1828305],"bbox":[-60.8049284,11.1628305,-60.7649284,11.2028305]}
{"name":"Betsy's Hope","display_name":"Betsy's Hope, Tobago, Trinidad and Tobago","address":{"village":"Betsy's Hope","island":"Tobago","ISO3166-2-lvl4":"TT-TOB","country":"Trinidad and Tobago","country_code":"tt"},"osm_type":"node","osm_id":1816584113,"type":"village","location":[-60.569623,11.2493976],"bbox":[-60.589623,11.2293976,-60.549623,11.2693976]}
{"name":"Biche","display_name":"Biche, Mayaro-Rio Claro, Trinidad and Tobago","address":{"village":"Biche","state":"Mayaro-Rio Claro","ISO3166-2-lvl4":"TT-MRC","country":"Trinidad and Tobago","country_code":"tt"},"osm_type":"node","osm_id":1174935474,"type":"village","location":[-61.1326425,10.4314021],"bbox":[-61.1526425,10.4114021,-61.1126425,10.4514021]}
{"name":"Black Rock","display_name":"Black Rock, Tobago, Trinidad and Tobago","address":{"village":"Black Rock","island":"Tobago","ISO3166-2-lvl4":"TT-TOB","country":"Trinidad and Tobago","country_code":"tt"},"osm_type":"node","osm_id":3932980136,"type":"village","location":[-60.7816697,11.2053014],"bbox":[-60.8016697,11.1853014,-60.7616697,11.2253014]}
{"name":"Bloody Bay","display_name":"Bloody Bay, Tobago, Trinidad and Tobago","address":{"village":"Bloody Bay","island":"Tobago","ISO3166-2-lvl4":"TT-TOB","country":"Trinidad and Tobago","country_code":"tt"},"osm_type":"node","osm_id":1816584117,"type":"village","location":[-60.6294267,11.2931048],"bbox":[-60.6494267,11.2731048,-60.6094267,11.3131048]}
{"name":"Bon Air","display_name":"Bon Air, Tunapuna-Piarco, 350509, Trinidad and Tobago","address":{"village":"Bon Air","state":"Tunapuna-Piarco","ISO3166-2-lvl4":"TT-TUP","postcode":"350509","country":"Trinidad and Tobago","country_code":"tt"},"osm_type":"node","osm_id":1049325523,"type":"village","location":[-61.3285784,10.6283883],"bbox":[-61.3485784,10.6083883,-61.3085784,10.6483883]}
{"name":"Bonne Aventure","display_name":"Bonne Aventure, Couva-Tabaquite-Talparo, Trinidad and Tobago","address":{"village":"Bonne Aventure","state":"Couva-Tabaquite-Talparo","ISO3166-2-lvl4":"TT-CTT","country":"Trinidad and Tobago","country_code":"tt"},"osm_type":"node","osm_id":1545759245,"type":"village","location":[-61.404081,10.3382349],"bbox":[-61.424081,10.3182349,-61.384081,10.3582349]}
{"name":"Brasso Seco","display_name":"Brasso Seco, Tunapuna-Piarco, Trinidad and Tobago","address":{"village":"Brasso Seco","state":"Tunapuna-Piarco","ISO3166-2-lvl4":"TT-TUP","country":"Trinidad and Tobago","country_code":"tt"},"osm_type":"node","osm_id":1327622121,"type":"village","location":[-61.2662646,10.7461564],"bbox":[-61.2862646,10.7261564,-61.2462646,10.7661564]}
{"name":"Brasso Venado","display_name":"Brasso Venado, Couva-Tabaquite-Talparo, Trinidad and Tobago","address":{"village":"Brasso Venado","state":"Couva-Tabaquite-Talparo","ISO3166-2-lvl4":"TT-CTT","country":"Trinidad and Tobago","country_code":"tt"},"osm_type":"node","osm_id":1174935805,"type":"village","location":[-61.287403,10.4255421],"bbox":[-61.307403,10.4055421,-61.267403,10.4455421]}
{"name":"Brazil","display_name":"Brazil, Couva-Tabaquite-Talparo, Trinidad and Tobago","address":{"village":"Brazil","state":"Couva-Tabaquite-Talparo","ISO3166-2-lvl4":"TT-CTT","country":"Trinidad and Tobago","country_code":"tt"},"osm_type":"node","osm_id":1046795469,"type":"village","location":[-61.2751156,10.5616721],"bbox":[-61.2951156,10.5416721,-61.2551156,10.5816721]}
{"name":"Brickfield","display_name":"Brickfield, Couva-Tabaquite-Talparo, Trinidad and Tobago","address":{"village":"Brickfield","state":"Couva-Tabaquite-Talparo","ISO3166-2-lvl4":"TT-CTT","country":"Trinidad and Tobago","country_code":"tt"},"osm_type":"node","osm_id":7560796861,"type":"village","location":[-61.4676769,10.4981089],"bbox":[-61.4876769,10.4781089,-61.4476769,10.5181089]}
{"name":"Bucarro","display_name":"Bucarro, Couva-Tabaquite-Talparo, 550610, Trinidad and Tobago","address":{"village":"Bucarro","state":"Couva-Tabaquite-Talparo","ISO3166-2-lvl4":"TT-CTT","postcode":"550610","country":"Trinidad and Tobago","country_code":"tt"},"osm_type":"node","osm_id":10037964269,"type":"village","location":[-61.4303113,10.4524404],"bbox":[-61.4503113,10.4324404,-61.4103113,10.4724404]}
{"name":"Buenos Ayres","display_name":"Buenos Ayres, Siparia, Trinidad and Tobago","address":{"village":"Buenos Ayres","state":"Siparia","ISO3166-2-lvl4":"TT-SIP","country":"Trinidad and Tobago","country_code":"tt"},"osm_type":"node","osm_id":1452374949,"type":"village","location":[-61.6857957,10.1040214],"bbox":[-61.7057957,10.0840214,-61.6657957,10.1240214]}
{"name":"Caparo","display_name":"Caparo, Couva-Tabaquite-Talparo, Trinidad and Tobago","address":{"village":"Caparo","state":"Couva-Tabaquite-Talparo","ISO3166-2-lvl4":"TT-CTT","country":"Trinidad and Tobago","country_code":"tt"},"osm_type":"node","osm_id":3498103008,"type":"village","location":[-61.3275601,10.4587896],"bbox":[-61.3475601,10.4387896,-61.3075601,10.4787896]}
{"name":"Carapichaima","display_name":"Carapichaima, Couva-Tabaquite-Talparo, Trinidad and Tobago","address":{"village":"Carapichaima","state":"Couva-Tabaquite-Talparo","ISO3166-2-lvl4":"TT-CTT","country":"Trinidad and Tobago","country_code":"tt"},"osm_type":"node","osm_id":7560796860,"type":"village","location":[-61.4492079,10.4798397],"bbox":[-61.4692079,10.4598397,-61.4292079,10.4998397]}
{"name":"Carenage","display_name":"Carenage, Diego Martin, 110712, Trinidad and Tobago","address":{"village":"Carenage","state":"Diego Martin","ISO3166-2-lvl4":"TT-DMN","postcode":"110712","country":"Trinidad and Tobago","country_code":"tt"},"osm_type":"node","osm_id":1822868093,"type":"village","location":[-61.5928155,10.6881668],"bbox":[-61.6128155,10.6681668,-61.5728155,10.7081668]}
{"name":"Carnbee","display_name":"Carnbee, Tobago, Trinidad and Tobago","address":{"village":"Carnbee","island":"Tobago","ISO3166-2-lvl4":"TT-TOB","country":"Trinidad and Tobago","country_code":"tt"},"osm_type":"node","osm_id":1816584133,"type":"village","location":[-60.7808867,11.1705828],"bbox":[-60.8008867,11.1505828,-60.7608867,11.1905828]}
{"name":"Caroni","display_name":"Caroni, Tunapuna-Piarco, 510234, Trinidad and Tobago","address":{"village":"Caroni","state":"Tunapuna-Piarco","ISO3166-2-lvl4":"TT-TUP","postcode":"510234","country":"Trinidad and Tobago","country_code":"tt"},"osm_type":"node","osm_id":9989675448,"type":"village","location":[-61.3848182,10.6073442],"bbox":[-61.4048182,10.5873442,-61.3648182,10.6273442]}
{"name":"Castara","display_name":"Castara, Tobago, 960139, Trinidad and Tobago","address":{"village":"Castara","island":"Tobago","ISO3166-2-lvl4":"TT-TOB","postcode":"960139","country":"Trinidad and Tobago","country_code":"tt"},"osm_type":"node","osm_id":1816584137,"type":"village","location":[-60.6934268,11.2809554],"bbox":[-60.7134268,11.2609554,-60.6734268,11.3009554]}
{"name":"Cedros","display_name":"Cedros, Siparia, Trinidad and Tobago","address":{"village":"Cedros","state":"Siparia","ISO3166-2-lvl4":"TT-SIP","country":"Trinidad and Tobago","country_code":"tt"},"osm_type":"node","osm_id":1327546401,"type":"village","location":[-61.8602262,10.0927871],"bbox":[-61.8802262,10.0727871,-61.8402262,10.1127871]}
{"name":"Chaguaramas","other_names":{"name:en":"Chaguaramas","name:ru":"Чагуарамас"},"display_name":"Chaguaramas, Diego Martin, Trinidad and Tobago","address":{"village":"Chaguaramas","state":"Diego Martin","ISO3166-2-lvl4":"TT-DMN","country":"Trinidad and Tobago","country_code":"tt"},"osm_type":"node","osm_id":1822868105,"type":"village","location":[-61.6392368,10.68279],"bbox":[-61.6592368,10.66279,-61.6192368,10.70279]}
{"name":"Champ Fleurs","display_name":"Champ Fleurs, San Juan-Laventille, 310401, Trinidad and Tobago","address":{"village":"Champ Fleurs","state":"San Juan-Laventille","ISO3166-2-lvl4":"TT-SJL","postcode":"310401","country":"Trinidad and Tobago","country_code":"tt"},"osm_type":"node","osm_id":1358381323,"type":"village","location":[-61.4313168,10.6509943],"bbox":[-61.4513168,10.6309943,-61.4113168,10.6709943]}
{"name":"Chandernagore","display_name":"Chandernagore, Couva-Tabaquite-Talparo, 500125, Trinidad and Tobago","address":{"village":"Chandernagore","state":"Couva-Tabaquite-Talparo","ISO3166-2-lvl4":"TT-CTT","postcode":"500125","country":"Trinidad and Tobago","country_code":"tt"},"osm_type":"node","osm_id":10037964273,"type":"village","location":[-61.4187232,10.4855493],"bbox":[-61.4387232,10.4655493,-61.3987232,10.5055493]}
{"name":"Charuma","display_name":"Charuma, Mayaro-Rio Claro, Trinidad and Tobago","address":{"village":"Charuma","state":"Mayaro-Rio Claro","ISO3166-2-lvl4":"TT-MRC","country":"Trinidad and Tobago","country_code":"tt"},"osm_type":"node","osm_id":1174935692,"type":"village","location":[-61.1515993,10.4057552],"bbox":[-61.1715993,10.3857552,-61.1315993,10.4257552]}
{"name":"Chase Village","display_name":"Chase Village, Couva-Tabaquite-Talparo, 500125, Trinidad and Tobago","address":{"village":"Chase Village","state":"Couva-Tabaquite-Talparo","ISO3166-2-lvl4":"TT-CTT","postcode":"500125","country":"Trinidad and Tobago","country_code":"tt"},"osm_type":"node","osm_id":10037964271,"type":"village","location":[-61.4112881,10.4767392],"bbox":[-61.4312881,10.4567392,-61.3912881,10.4967392]}
{"name":"Claxton Bay","display_name":"Claxton Bay, Couva-Tabaquite-Talparo, Trinidad and Tobago","address":{"village":"Claxton Bay","state":"Couva-Tabaquite-Talparo","ISO3166-2-lvl4":"TT-CTT","country":"Trinidad and Tobago","country_code":"tt"},"osm_type":"node","osm_id":1383960097,"type":"village","location":[-61.4569401,10.3534367],"bbox":[-61.4769401,10.3334367,-61.4369401,10.3734367]}
{"name":"Coalmine","display_name":"Coalmine, Sangre Grande, 460626, Trinidad and Tobago","address":{"village":"Coalmine","state":"Sangre Grande","ISO3166-2-lvl4":"TT-SGE","postcode":"460626","country":"Trinidad and Tobago","country_code":"tt"},"osm_type":"node","osm_id":3685453124,"type":"village","location":[-61.1304355,10.5490481],"bbox":[-61.1504355,10.5290481,-61.1104355,10.5690481]}
{"name":"Coryal","display_name":"Coryal, Sangre Grande, Trinidad and Tobago","address":{"village":"Coryal","state":"Sangre Grande","ISO3166-2-lvl4":"TT-SGE","country":"Trinidad and Tobago","country_code":"tt"},"osm_type":"node","osm_id":1175114426,"type":"village","location":[-61.1853888,10.5109621],"bbox":[-61.2053888,10.4909621,-61.1653888,10.5309621]}
{"display_name":"Couva-Tabaquite-Talparo, Trinidad and Tobago","address":{"state":"Couva-Tabaquite-Talparo","ISO3166-2-lvl4":"TT-CTT","country":"Trinidad and Tobago","country_code":"tt"},"osm_type":"way","osm_id":838847470,"type":"village","location":[-61.4684089037448,10.3755129],"bbox":[-61.4702714,10.3729906,-61.4662159,10.3784573]}
{"name":"Cumaca","display_name":"Cumaca, Sangre Grande, Trinidad and Tobago","address":{"village":"Cumaca","state":"Sangre Grande","ISO3166-2-lvl4":"TT-SGE","country":"Trinidad and Tobago","country_code":"tt"},"osm_type":"node","osm_id":1845402595,"type":"village","location":[-61.1474666,10.7132736],"bbox":[-61.1674666,10.6932736,-61.1274666,10.7332736]}
{"name":"Cumana","display_name":"Cumana, Sangre Grande, Trinidad and Tobago","address":{"village":"Cumana","state":"Sangre Grande","ISO3166-2-lvl4":"TT-SGE","country":"Trinidad and Tobago","country_code":"tt"},"osm_type":"node","osm_id":1825893402,"type":"village","location":[-60.9445038,10.7967324],"bbox":[-60.9645038,10.7767324,-60.9245038,10.8167324]}
{"name":"Delaford","display_name":"Delaford, Tobago, Trinidad and Tobago","address":{"village":"Delaford","island":"Tobago","ISO3166-2-lvl4":"TT-TOB","country":"Trinidad and Tobago","country_code":"tt"},"osm_type":"node","osm_id":1816584145,"type":"village","location":[-60.555066,11.2664983],"bbox":[-60.575066,11.2464983,-60.535066,11.2864983]}
{"name":"Diamond","display_name":"Diamond, Penal-Debe, Trinidad and Tobago","address":{"village":"Diamond","state":"Penal-Debe","ISO3166-2-lvl4":"TT-PED","country":"Trinidad and Tobago","country_code":"tt"},"osm_type":"node","osm_id":7557958548,"type":"village","location":[-61.4409361,10.2218061],"bbox":[-61.4609361,10.2018061,-61.4209361,10.2418061]}
{"name":"Eccles Village","display_name":"Eccles Village, Couva-Tabaquite-Talparo, Trinidad and Tobago","address":{"village":"Eccles Village","state":"Couva-Tabaquite-Talparo","ISO3166-2-lvl4":"TT-CTT","country":"Trinidad and Tobago","country_code":"tt"},"osm_type":"node","osm_id":1540294133,"type":"village","location":[-61.3723955,10.3278746],"bbox":[-61.3923955,10.3078746,-61.3523955,10.3478746]}
{"name":"El Luengo Village","display_name":"El Luengo Village, Tunapuna-Piarco, Trinidad and Tobago","address":{"village":"El Luengo Village","state":"Tunapuna-Piarco","ISO3166-2-lvl4":"TT-TUP","country":"Trinidad and Tobago","country_code":"tt"},"osm_type":"node","osm_id":1888753891,"type":"village","location":[-61.4232244,10.7223627],"bbox":[-61.4432244,10.7023627,-61.4032244,10.7423627]}
{"name":"Erin","display_name":"Erin, Siparia, Trinidad and Tobago","address":{"village":"Erin","state":"Siparia","ISO3166-2-lvl4":"TT-SIP","country":"Trinidad and Tobago","country_code":"tt"},"osm_type":"node","osm_id":1824961788,"type":"village","location":[-61.6571026,10.0739525],"bbox":[-61.6771026,10.0539525,-61.6371026,10.0939525]}
{"name":"Esperance","display_name":"Esperance, Penal-Debe, 601617, Trinidad and Tobago","address":{"village":"Esperance","state":"Penal-Debe","ISO3166-2-lvl4":"TT-PED","postcode":"601617","country":"Trinidad and Tobago","country_code":"tt"},"osm_type":"node","osm_id":1545721193,"type":"village","location":[-61.4505286,10.2447223],"bbox":[-61.4705286,10.2247223,-61.4305286,10.2647223]}
{"name":"Farnum Village","display_name":"Farnum Village, Couva-Tabaquite-Talparo, Trinidad and Tobago","address":{"village":"Farnum Village","state":"Couva-Tabaquite-Talparo","ISO3166-2-lvl4":"TT-CTT","country":"Trinidad and Tobago","country_code":"tt"},"osm_type":"node","osm_id":1544143012,"type":"village","location":[-61.3541899,10.3457625],"bbox":[-61.3741899,10.3257625,-61.3341899,10.3657625]}
{"name":"Felicity","display_name":"Felicity, Chaguanas, 500125, Trinidad and Tobago","address":{"village":"Felicity","city":"Chaguanas","ISO3166-2-lvl4":"TT-CHA","postcode":"500125","country":"Trinidad and Tobago","country_code":"tt"},"osm_type":"node","osm_id":10037964274,"type":"village","location":[-61.4377325,10.5456168],"bbox":[-61.4577325,10.5256168,-61.4177325,10.5656168]}
{"name":"Five Rivers","display_name":"Five Rivers, Tunapuna-Piarco, 340603, Trinidad and Tobago","address":{"village":"Five Rivers","state":"Tunapuna-Piarco","ISO3166-2-lvl4":"TT-TUP","postcode":"340603","country":"Trinidad and Tobago","country_code":"tt"},"osm_type":"node","osm_id":1049296379,"type":"village","location":[-61.3445774,10.6417827],"bbox":[-61.3645774,10.6217827,-61.3245774,10.6617827]}
{"name":"Flanagin's Town","display_name":"Flanagin's Town, Couva-Tabaquite-Talparo, Trinidad and Tobago","address":{"village":"Flanagin's Town","state":"Couva-Tabaquite-Talparo","ISO3166-2-lvl4":"TT-CTT","country":"Trinidad and Tobago","country_code":"tt"},"osm_type":"node","osm_id":3498105987,"type":"village","location":[-61.3144431,10.4317273],"bbox":[-61.3344431,10.4117273,-61.2944431,10.4517273]}
{"name":"Forres Park","display_name":"Forres Park, Couva-Tabaquite-Talparo, Trinidad and Tobago","address":{"village":"Forres Park","state":"Couva-Tabaquite-Talparo","ISO3166-2-lvl4":"TT-CTT","country":"Trinidad and Tobago","country_code":"tt"},"osm_type":"node","osm_id":12111505241,"type":"village","location":[-61.415354,10.3705721],"bbox":[-61.435354,10.3505721,-61.395354,10.3905721]}
{"name":"Four Roads Tamana","display_name":"Four Roads Tamana, Couva-Tabaquite-Talparo, Trinidad and Tobago","address":{"village":"Four Roads Tamana","state":"Couva-Tabaquite-Talparo","ISO3166-2-lvl4":"TT-CTT","country":"Trinidad and Tobago","country_code":"tt"},"osm_type":"node","osm_id":1332645858,"type":"village","location":[-61.2149975,10.4875465],"bbox":[-61.2349975,10.4675465,-61.1949975,10.5075465]}
{"name":"Frederick Settlement","display_name":"Frederick Settlement, Tunapuna-Piarco, 510234, Trinidad and Tobago","address":{"village":"Frederick Settlement","state":"Tunapuna-Piarco","ISO3166-2-lvl4":"TT-TUP","postcode":"510234","country":"Trinidad and Tobago","country_code":"tt"},"osm_type":"node","osm_id":3500677111,"type":"village","location":[-61.3976065,10.6055524],"bbox":[-61.4176065,10.5855524,-61.3776065,10.6255524]}
{"name":"Freeport","display_name":"Freeport, Couva-Tabaquite-Talparo, 550610, Trinidad and Tobago","address":{"village":"Freeport","state":"Couva-Tabaquite-Talparo","ISO3166-2-lvl4":"TT-CTT","postcode":"550610","country":"Trinidad and Tobago","country_code":"tt"},"osm_type":"node","osm_id":1110132817,"type":"village","location":[-61.4116022,10.4611229],"bbox":[-61.4316022,10.4411229,-61.3916022,10.4811229]}
{"name":"Fullerton","display_name":"Fullerton, Siparia, Trinidad and Tobago","address":{"village":"Fullerton","state":"Siparia","ISO3166-2-lvl4":"TT-SIP","country":"Trinidad and Tobago","country_code":"tt"},"osm_type":"node","osm_id":1327546394,"type":"village","location":[-61.8822847,10.0898253],"bbox":[-61.9022847,10.0698253,-61.8622847,10.1098253]}
{"name":"Glamorgan","display_name":"Glamorgan, Tobago, Trinidad and Tobago","address":{"village":"Glamorgan","island":"Tobago","ISO3166-2-lvl4":"TT-TOB","country":"Trinidad and Tobago","country_code":"tt"},"osm_type":"node","osm_id":1816584156,"type":"village","location":[-60.6134258,11.2216186],"bbox":[-60.6334258,11.2016186,-60.5934258,11.2416186]}
{"name":"Glencoe","display_name":"Glencoe, Diego Martin, 110712, Trinidad and Tobago","address":{"village":"Glencoe","state":"Diego Martin","ISO3166-2-lvl4":"TT-DMN","postcode":"110712","country":"Trinidad and Tobago","country_code":"tt"},"osm_type":"node","osm_id":1822868107,"type":"village","location":[-61.5714852,10.6811061],"bbox":[-61.5914852,10.6611061,-61.5514852,10.7011061]}
{"name":"Goldsborough","display_name":"Goldsborough, Tobago, Trinidad and Tobago","address":{"village":"Goldsborough","island":"Tobago","ISO3166-2-lvl4":"TT-TOB","country":"Trinidad and Tobago","country_code":"tt"},"osm_type":"node","osm_id":1816584158,"type":"village","location":[-60.6308368,11.2128986],"bbox":[-60.6508368,11.1928986,-60.6108368,11.2328986]}
{"name":"Gooding Village","display_name":"Gooding Village, San Fernando, 601617, Trinidad and Tobago","address":{"village":"Gooding Village","city":"San Fernando","ISO3166-2-lvl4":"TT-SFO","postcode":"601617","country":"Trinidad and Tobago","country_code":"tt"},"osm_type":"node","osm_id":1549195548,"type":"village","location":[-61.4530108,10.2630483],"bbox":[-61.4730108,10.2430483,-61.4330108,10.2830483]}
{"name":"Goodwood","display_name":"Goodwood, Tobago, Trinidad and Tobago","address":{"village":"Goodwood","island":"Tobago","ISO3166-2-lvl4":"TT-TOB","country":"Trinidad and Tobago","country_code":"tt"},"osm_type":"node","osm_id":1816584162,"type":"village","location":[-60.6347122,11.2024979],"bbox":[-60.6547122,11.1824979,-60.6147122,11.2224979]}
{"name":"Gopaul Lands","display_name":"Gopaul Lands, San Fernando, 602905, Trinidad and Tobago","address":{"village":"Gopaul Lands","city":"San Fernando","ISO3166-2-lvl4":"TT-SFO","postcode":"602905","country":"Trinidad and Tobago","country_code":"tt"},"osm_type":"node","osm_id":1596374348,"type":"village","location":[-61.4451318,10.301269],"bbox":[-61.4651318,10.281269,-61.4251318,10.321269]}
{"name":"Grande Riviere","display_name":"Grande Riviere, Sangre Grande, Trinidad and Tobago","address":{"village":"Grande Riviere","state":"Sangre Grande","ISO3166-2-lvl4":"TT-SGE","country":"Trinidad and Tobago","country_code":"tt"},"population":334,"osm_type":"node","osm_id":9695763225,"type":"village","location":[-61.0505682,10.8273652],"bbox":[-61.0705682,10.8073652,-61.0305682,10.8473652]}
{"name":"Guaico","display_name":"Guaico, Sangre Grande, 450530, Trinidad and Tobago","address":{"village":"Guaico","state":"Sangre Grande","ISO3166-2-lvl4":"TT-SGE","postcode":"450530","country":"Trinidad and Tobago","country_code":"tt"},"osm_type":"node","osm_id":2385649193,"type":"village","location":[-61.1446012,10.5862822],"bbox":[-61.1646012,10.5662822,-61.1246012,10.6062822]}
{"name":"Guayaguayare","display_name":"Guayaguayare, Mayaro-Rio Claro, Trinidad and Tobago","address":{"village":"Guayaguayare","state":"Mayaro-Rio Claro","ISO3166-2-lvl4":"TT-MRC","country":"Trinidad and Tobago","country_code":"tt"},"osm_type":"node","osm_id":3090743327,"type":"village","location":[-61.0355387,10.1468175],"bbox":[-61.0555387,10.1268175,-61.0155387,10.1668175]}
{"name":"Harmony Hall","display_name":"Harmony Hall, Princes Town, 602905, Trinidad and Tobago","address":{"village":"Harmony Hall","state":"Princes Town","ISO3166-2-lvl4":"TT-PRT","postcode":"602905","country":"Trinidad and Tobago","country_code":"tt"},"osm_type":"node","osm_id":1596375566,"type":"village","location":[-61.4283882,10.3121399],"bbox":[-61.4483882,10.2921399,-61.4083882,10.3321399]}
{"name":"Hermitage","display_name":"Hermitage, Penal-Debe, 651404, Trinidad and Tobago","address":{"village":"Hermitage","state":"Penal-Debe","ISO3166-2-lvl4":"TT-PED","postcode":"651404","country":"Trinidad and Tobago","country_code":"tt"},"osm_type":"node","osm_id":1545721174,"type":"village","location":[-61.4643366,10.2325806],"bbox":[-61.4843366,10.2125806,-61.4443366,10.2525806]}
{"name":"Hermitage","display_name":"Hermitage, Tobago, Trinidad and Tobago","address":{"village":"Hermitage","island":"Tobago","ISO3166-2-lvl4":"TT-TOB","country":"Trinidad and Tobago","country_code":"tt"},"osm_type":"node","osm_id":1816584165,"type":"village","location":[-60.5761199,11.3186614],"bbox":[-60.5961199,11.2986614,-60.5561199,11.3386614]}
{"name":"Hope","display_name":"Hope, Tobago, Trinidad and Tobago","address":{"village":"Hope","island":"Tobago","ISO3166-2-lvl4":"TT-TOB","country":"Trinidad and Tobago","country_code":"tt"},"osm_type":"node","osm_id":1816584170,"type":"village","location":[-60.692749,11.1944187],"bbox":[-60.712749,11.1744187,-60.672749,11.2144187]}
{"name":"Icacos","display_name":"Icacos, Siparia, Trinidad and Tobago","address":{"village":"Icacos","state":"Siparia","ISO3166-2-lvl4":"TT-SIP","country":"Trinidad and Tobago","country_code":"tt"},"osm_type":"node","osm_id":1186091819,"type":"village","location":[-61.9115551,10.0466232],"bbox":[-61.9315551,10.0266232,-61.8915551,10.0666232]}
{"name":"Jaggan Village","display_name":"Jaggan Village, San Juan-Laventille, Trinidad and Tobago","address":{"village":"Jaggan Village","state":"San Juan-Laventille","ISO3166-2-lvl4":"TT-SJL","country":"Trinidad and Tobago","country_code":"tt"},"osm_type":"way","osm_id":840265949,"type":"village","location":[-61.45660411647426,10.69676395],"bbox":[-61.4577419,10.6952406,-61.4554626,10.6977286]}
{"name":"John Dial","display_name":"John Dial, Tobago, Trinidad and Tobago","address":{"village":"John Dial","island":"Tobago","ISO3166-2-lvl4":"TT-TOB","country":"Trinidad and Tobago","country_code":"tt"},"osm_type":"node","osm_id":1816584177,"type":"village","location":[-60.6997994,11.1835916],"bbox":[-60.7197994,11.1635916,-60.6797994,11.2035916]}
{"name":"Kelly Village","display_name":"Kelly Village, Tunapuna-Piarco, 510234, Trinidad and Tobago","address":{"village":"Kelly Village","state":"Tunapuna-Piarco","ISO3166-2-lvl4":"TT-TUP","postcode":"510234","country":"Trinidad and Tobago","country_code":"tt"},"osm_type":"node","osm_id":1824917738,"type":"village","location":[-61.3632924,10.5866225],"bbox":[-61.3832924,10.5666225,-61.3432924,10.6066225]}
{"name":"L'anse Fourmi","display_name":"L'anse Fourmi, Tobago, Trinidad and Tobago","address":{"village":"L'anse Fourmi","island":"Tobago","ISO3166-2-lvl4":"TT-TOB","country":"Trinidad and Tobago","country_code":"tt"},"osm_type":"node","osm_id":1816584200,"type":"village","location":[-60.6159008,11.3106249],"bbox":[-60.6359008,11.2906249,-60.5959008,11.3306249]}
{"name":"La Canoa","display_name":"La Canoa, San Juan-Laventille, 120110, Trinidad and Tobago","address":{"village":"La Canoa","state":"San Juan-Laventille","ISO3166-2-lvl4":"TT-SJL","postcode":"120110","country":"Trinidad and Tobago","country_code":"tt"},"osm_type":"node","osm_id":10037964279,"type":"village","location":[-61.4502167,10.6793177],"bbox":[-61.4702167,10.6593177,-61.4302167,10.6993177]}
{"name":"La Mango","display_name":"La Mango, Tunapuna-Piarco, 310407, Trinidad and Tobago","address":{"village":"La Mango","state":"Tunapuna-Piarco","ISO3166-2-lvl4":"TT-TUP","postcode":"310407","country":"Trinidad and Tobago","country_code":"tt"},"osm_type":"node","osm_id":1888753893,"type":"village","location":[-61.4120214,10.6633791],"bbox":[-61.4320214,10.6433791,-61.3920214,10.6833791]}
{"name":"La Paille","display_name":"La Paille, Tunapuna-Piarco, 340603, Trinidad and Tobago","address":{"village":"La Paille","state":"Tunapuna-Piarco","ISO3166-2-lvl4":"TT-TUP","postcode":"340603","country":"Trinidad and Tobago","country_code":"tt"},"osm_type":"node","osm_id":3500673520,"type":"village","location":[-61.3999295,10.6165721],"bbox":[-61.4199295,10.5965721,-61.3799295,10.6365721]}
{"name":"La Seiva","display_name":"La Seiva, Tunapuna-Piarco, 310407, Trinidad and Tobago","address":{"village":"La Seiva","state":"Tunapuna-Piarco","ISO3166-2-lvl4":"TT-TUP","postcode":"310407","country":"Trinidad and Tobago","country_code":"tt"},"osm_type":"node","osm_id":1888753894,"type":"village","location":[-61.4108155,10.6770685],"bbox":[-61.4308155,10.6570685,-61.3908155,10.6970685]}
{"name":"Las Cuevas","display_name":"Las Cuevas, San Juan-Laventille, Trinidad and Tobago","address":{"village":"Las Cuevas","state":"San Juan-Laventille","ISO3166-2-lvl4":"TT-SJL","country":"Trinidad and Tobago","country_code":"tt"},"osm_type":"node","osm_id":1530661924,"type":"village","location":[-61.3894584,10.7836012],"bbox":[-61.4094584,10.7636012,-61.3694584,10.8036012]}
{"name":"Las Lomas","display_name":"Las Lomas, Couva-Tabaquite-Talparo, 351443, Trinidad and Tobago","address":{"village":"Las Lomas","state":"Couva-Tabaquite-Talparo","ISO3166-2-lvl4":"TT-CTT","postcode":"351443","country":"Trinidad and Tobago","country_code":"tt"},"osm_type":"node","osm_id":1046798337,"type":"village","location":[-61.301072,10.5648753],"bbox":[-61.321072,10.5448753,-61.281072,10.5848753]}
{"name":"Lendore","display_name":"Lendore, Chaguanas, 500125, Trinidad and Tobago","address":{"village":"Lendore","city":"Chaguanas","ISO3166-2-lvl4":"TT-CHA","postcode":"500125","country":"Trinidad and Tobago","country_code":"tt"},"osm_type":"node","osm_id":10037964267,"type":"village","location":[-61.3944811,10.5186688],"bbox":[-61.4144811,10.4986688,-61.3744811,10.5386688]}
{"name":"Les Coteaux","display_name":"Les Coteaux, Tobago, Trinidad and Tobago","address":{"village":"Les Coteaux","island":"Tobago","ISO3166-2-lvl4":"TT-TOB","country":"Trinidad and Tobago","country_code":"tt"},"osm_type":"node","osm_id":1816584206,"type":"village","location":[-60.7428592,11.2253667],"bbox":[-60.7628592,11.2053667,-60.7228592,11.2453667]}
{"name":"Lopinot","display_name":"Lopinot, Tunapuna-Piarco, Trinidad and Tobago","address":{"village":"Lopinot","state":"Tunapuna-Piarco","ISO3166-2-lvl4":"TT-TUP","country":"Trinidad and Tobago","country_code":"tt"},"osm_type":"node","osm_id":2384685772,"type":"village","location":[-61.3254584,10.6919575],"bbox":[-61.3454584,10.6719575,-61.3054584,10.7119575]}
{"name":"Lorensotte","display_name":"Lorensotte, Siparia, Trinidad and Tobago","address":{"village":"Lorensotte","state":"Siparia","ISO3166-2-lvl4":"TT-SIP","country":"Trinidad and Tobago","country_code":"tt"},"osm_type":"node","osm_id":1327784475,"type":"village","location":[-61.6216878,10.0789602],"bbox":[-61.6416878,10.0589602,-61.6016878,10.0989602]}
{"name":"Los Bajos","display_name":"Los Bajos, Siparia, Trinidad and Tobago","address":{"village":"Los Bajos","state":"Siparia","ISO3166-2-lvl4":"TT-SIP","country":"Trinidad and Tobago","country_code":"tt"},"osm_type":"node","osm_id":1824961789,"type":"village","location":[-61.5725741,10.1085721],"bbox":[-61.5925741,10.0885721,-61.5525741,10.1285721]}
{"name":"Los Gallos","display_name":"Los Gallos, Siparia, Trinidad and Tobago","address":{"village":"Los Gallos","state":"Siparia","ISO3166-2-lvl4":"TT-SIP","country":"Trinidad and Tobago","country_code":"tt"},"osm_type":"node","osm_id":1327546393,"type":"village","location":[-61.900395,10.0864494],"bbox":[-61.920395,10.0664494,-61.880395,10.1064494]}
{"name":"Los Iros","display_name":"Los Iros, Siparia, Trinidad and Tobago","address":{"village":"Los Iros","state":"Siparia","ISO3166-2-lvl4":"TT-SIP","country":"Trinidad and Tobago","country_code":"tt"},"osm_type":"node","osm_id":1452374972,"type":"village","location":[-61.6421563,10.0679816],"bbox":[-61.6621563,10.0479816,-61.6221563,10.0879816]}
{"name":"Louis D'or","display_name":"Louis D'or, Tobago, Trinidad and Tobago","address":{"village":"Louis D'or","island":"Tobago","ISO3166-2-lvl4":"TT-TOB","country":"Trinidad and Tobago","country_code":"tt"},"osm_type":"node","osm_id":1816584211,"type":"village","location":[-60.5614864,11.2538732],"bbox":[-60.5814864,11.2338732,-60.5414864,11.2738732]}
{"name":"Lower Fishing Pond","display_name":"Lower Fishing Pond, Sangre Grande, Trinidad and Tobago","address":{"village":"Lower Fishing Pond","state":"Sangre Grande","ISO3166-2-lvl4":"TT-SGE","country":"Trinidad and Tobago","country_code":"tt"},"osm_type":"node","osm_id":1175113920,"type":"village","location":[-61.0477902,10.5727516],"bbox":[-61.0677902,10.5527516,-61.0277902,10.5927516]}
{"name":"Lower Santa Cruzs","display_name":"Lower Santa Cruzs, San Juan-Laventille, 120110, Trinidad and Tobago","address":{"village":"Lower Santa Cruzs","state":"San Juan-Laventille","ISO3166-2-lvl4":"TT-SJL","postcode":"120110","country":"Trinidad and Tobago","country_code":"tt"},"osm_type":"node","osm_id":10037964280,"type":"village","location":[-61.4540843,10.6783649],"bbox":[-61.4740843,10.6583649,-61.4340843,10.6983649]}
{"name":"Macaulay","display_name":"Macaulay, Couva-Tabaquite-Talparo, Trinidad and Tobago","address":{"village":"Macaulay","state":"Couva-Tabaquite-Talparo","ISO3166-2-lvl4":"TT-CTT","country":"Trinidad and Tobago","country_code":"tt"},"osm_type":"node","osm_id":1596381032,"type":"village","location":[-61.4325992,10.3543118],"bbox":[-61.4525992,10.3343118,-61.4125992,10.3743118]}
{"name":"Mamon","display_name":"Mamon, Sangre Grande, Trinidad and Tobago","address":{"village":"Mamon","state":"Sangre Grande","ISO3166-2-lvl4":"TT-SGE","country":"Trinidad and Tobago","country_code":"tt"},"osm_type":"node","osm_id":1175114200,"type":"village","location":[-61.1747542,10.4746834],"bbox":[-61.1947542,10.4546834,-61.1547542,10.4946834]}
{"name":"Mamoral","display_name":"Mamoral, Couva-Tabaquite-Talparo, Trinidad and Tobago","address":{"village":"Mamoral","state":"Couva-Tabaquite-Talparo","ISO3166-2-lvl4":"TT-CTT","country":"Trinidad and Tobago","country_code":"tt"},"osm_type":"node","osm_id":1174935408,"type":"village","location":[-61.3053957,10.4481215],"bbox":[-61.3253957,10.4281215,-61.2853957,10.4681215]}
{"name":"Manzanilla","display_name":"Manzanilla, Sangre Grande, Trinidad and Tobago","address":{"village":"Manzanilla","state":"Sangre Grande","ISO3166-2-lvl4":"TT-SGE","country":"Trinidad and Tobago","country_code":"tt"},"osm_type":"node","osm_id":1843238757,"type":"village","location":[-61.0635154,10.5274269],"bbox":[-61.0835154,10.5074269,-61.0435154,10.5474269]}
{"name":"Maracas","display_name":"Maracas, San Juan-Laventille, Trinidad and Tobago","address":{"village":"Maracas","state":"San Juan-Laventille","ISO3166-2-lvl4":"TT-SJL","country":"Trinidad and Tobago","country_code":"tt"},"osm_type":"node","osm_id":3485363384,"type":"village","location":[-61.4399756,10.7565233],"bbox":[-61.4599756,10.7365233,-61.4199756,10.7765233]}
{"name":"Mason Hall","display_name":"Mason Hall, Tobago, Trinidad and Tobago","address":{"village":"Mason Hall","island":"Tobago","ISO3166-2-lvl4":"TT-TOB","country":"Trinidad and Tobago","country_code":"tt"},"osm_type":"node","osm_id":1816584226,"type":"village","location":[-60.7141381,11.2198826],"bbox":[-60.7341381,11.1998826,-60.6941381,11.2398826]}
{"name":"Matura","display_name":"Matura, Sangre Grande, Trinidad and Tobago","address":{"village":"Matura","state":"Sangre Grande","ISO3166-2-lvl4":"TT-SGE","country":"Trinidad and Tobago","country_code":"tt"},"osm_type":"node","osm_id":1825893403,"type":"village","location":[-61.0744581,10.6635959],"bbox":[-61.0944581,10.6435959,-61.0544581,10.6835959]}
{"name":"Mission","display_name":"Mission, Sangre Grande, Trinidad and Tobago","address":{"village":"Mission","state":"Sangre Grande","ISO3166-2-lvl4":"TT-SGE","country":"Trinidad and Tobago","country_code":"tt"},"osm_type":"node","osm_id":3505744654,"type":"village","location":[-60.9673267,10.8342628],"bbox":[-60.9873267,10.8142628,-60.9473267,10.8542628]}
{"name":"Monkey Town","display_name":"Monkey Town, Penal-Debe, Trinidad and Tobago","address":{"village":"Monkey Town","state":"Penal-Debe","ISO3166-2-lvl4":"TT-PED","country":"Trinidad and Tobago","country_code":"tt"},"osm_type":"node","osm_id":2144121951,"type":"village","location":[-61.4205249,10.2086287],"bbox":[-61.4405249,10.1886287,-61.4005249,10.2286287]}
{"name":"Moriah","display_name":"Moriah, Tobago, 960139, Trinidad and Tobago","address":{"village":"Moriah","island":"Tobago","ISO3166-2-lvl4":"TT-TOB","postcode":"960139","country":"Trinidad and Tobago","country_code":"tt"},"osm_type":"node","osm_id":1816584246,"type":"village","location":[-60.7154367,11.2494045],"bbox":[-60.7354367,11.2294045,-60.6954367,11.2694045]}
{"name":"Mount Hope","display_name":"Mount Hope, San Juan-Laventille, 310401, Trinidad and Tobago","address":{"village":"Mount Hope","state":"San Juan-Laventille","ISO3166-2-lvl4":"TT-SJL","postcode":"310401","country":"Trinidad and Tobago","country_code":"tt"},"osm_type":"node","osm_id":477503469,"type":"village","location":[-61.4351657,10.6543136],"bbox":[-61.4551657,10.6343136,-61.4151657,10.6743136]}
{"name":"Mount Irvine","display_name":"Mount Irvine, Tobago, Trinidad and Tobago","address":{"village":"Mount Irvine","island":"Tobago","ISO3166-2-lvl4":"TT-TOB","country":"Trinidad and Tobago","country_code":"tt"},"osm_type":"node","osm_id":1816584247,"type":"village","location":[-60.7940042,11.1863145],"bbox":[-60.8140042,11.1663145,-60.7740042,11.2063145]}
{"name":"Mount Pleasant","display_name":"Mount Pleasant, Tobago, Trinidad and Tobago","address":{"village":"Mount Pleasant","island":"Tobago","ISO3166-2-lvl4":"TT-TOB","country":"Trinidad and Tobago","country_code":"tt"},"osm_type":"node","osm_id":1816584249,"type":"village","location":[-60.7929427,11.1670196],"bbox":[-60.8129427,11.1470196,-60.7729427,11.1870196]}
{"name":"Mount Saint Benedict","display_name":"Mount Saint Benedict, Tunapuna-Piarco, 310407, Trinidad and Tobago","address":{"village":"Mount Saint Benedict","state":"Tunapuna-Piarco","ISO3166-2-lvl4":"TT-TUP","postcode":"310407","country":"Trinidad and Tobago","country_code":"tt"},"osm_type":"node","osm_id":10037964277,"type":"village","location":[-61.3962704,10.6626236],"bbox":[-61.4162704,10.6426236,-61.3762704,10.6826236]}
{"name":"Mount Saint George","display_name":"Mount Saint George, Tobago, Trinidad and Tobago","address":{"village":"Mount Saint George","island":"Tobago","ISO3166-2-lvl4":"TT-TOB","country":"Trinidad and Tobago","country_code":"tt"},"osm_type":"node","osm_id":1816584300,"type":"village","location":[-60.6787091,11.1936976],"bbox":[-60.6987091,11.1736976,-60.6587091,11.2136976]}
{"name":"Nestor","display_name":"Nestor, Sangre Grande, Trinidad and Tobago","address":{"village":"Nestor","state":"Sangre Grande","ISO3166-2-lvl4":"TT-SGE","country":"Trinidad and Tobago","country_code":"tt"},"osm_type":"node","osm_id":1175114435,"type":"village","location":[-61.143071,10.5271921],"bbox":[-61.163071,10.5071921,-61.123071,10.5471921]}
{"name":"New Grange","display_name":"New Grange, Tobago, Trinidad and Tobago","address":{"village":"New Grange","island":"Tobago","ISO3166-2-lvl4":"TT-TOB","country":"Trinidad and Tobago","country_code":"tt"},"osm_type":"node","osm_id":1816584254,"type":"village","location":[-60.790744,11.1731402],"bbox":[-60.810744,11.1531402,-60.770744,11.1931402]}
{"name":"Old Grange","display_name":"Old Grange, Tobago, Trinidad and Tobago","address":{"village":"Old Grange","island":"Tobago","ISO3166-2-lvl4":"TT-TOB","country":"Trinidad and Tobago","country_code":"tt"},"osm_type":"node","osm_id":2383838213,"type":"village","location":[-60.7978296,11.1794291],"bbox":[-60.8178296,11.1594291,-60.7778296,11.1994291]}
{"name":"Orange Field","display_name":"Orange Field, Couva-Tabaquite-Talparo, 500125, Trinidad and Tobago","address":{"village":"Orange Field","state":"Couva-Tabaquite-Talparo","ISO3166-2-lvl4":"TT-CTT","postcode":"500125","country":"Trinidad and Tobago","country_code":"tt"},"osm_type":"node","osm_id":7560796862,"type":"village","location":[-61.4308179,10.4755222],"bbox":[-61.4508179,10.4555222,-61.4108179,10.4955222]}
{"name":"Oropouche","display_name":"Oropouche, Siparia, Trinidad and Tobago","address":{"village":"Oropouche","state":"Siparia","ISO3166-2-lvl4":"TT-SIP","country":"Trinidad and Tobago","country_code":"tt"},"osm_type":"node","osm_id":1452374978,"type":"village","location":[-61.5432008,10.2170017],"bbox":[-61.5632008,10.1970017,-61.5232008,10.2370017]}
{"name":"Oropune","display_name":"Oropune, Tunapuna-Piarco, 350462, Trinidad and Tobago","address":{"village":"Oropune","state":"Tunapuna-Piarco","ISO3166-2-lvl4":"TT-TUP","postcode":"350462","country":"Trinidad and Tobago","country_code":"tt"},"osm_type":"node","osm_id":1824917739,"type":"village","location":[-61.3488063,10.6137719],"bbox":[-61.3688063,10.5937719,-61.3288063,10.6337719]}
{"name":"Palmiste","display_name":"Palmiste, Couva-Tabaquite-Talparo, Trinidad and Tobago","address":{"village":"Palmiste","state":"Couva-Tabaquite-Talparo","ISO3166-2-lvl4":"TT-CTT","country":"Trinidad and Tobago","country_code":"tt"},"osm_type":"node","osm_id":10037964268,"type":"village","location":[-61.3662188,10.4930822],"bbox":[-61.3862188,10.4730822,-61.3462188,10.5130822]}
{"name":"Palmyra Village","display_name":"Palmyra Village, Princes Town, 602418, Trinidad and Tobago","address":{"village":"Palmyra Village","state":"Princes Town","ISO3166-2-lvl4":"TT-PRT","postcode":"602418","country":"Trinidad and Tobago","country_code":"tt"},"osm_type":"node","osm_id":1453289591,"type":"village","location":[-61.4236161,10.2854587],"bbox":[-61.4436161,10.2654587,-61.4036161,10.3054587]}
{"name":"Palo Seco","display_name":"Palo Seco, Siparia, Trinidad and Tobago","address":{"village":"Palo Seco","state":"Siparia","ISO3166-2-lvl4":"TT-SIP","country":"Trinidad and Tobago","country_code":"tt"},"osm_type":"node","osm_id":1824961790,"type":"village","location":[-61.5878529,10.0940434],"bbox":[-61.6078529,10.0740434,-61.5678529,10.1140434]}
{"name":"Paramin","display_name":"Paramin, Diego Martin, Trinidad and Tobago","address":{"village":"Paramin","state":"Diego Martin","ISO3166-2-lvl4":"TT-DMN","country":"Trinidad and Tobago","country_code":"tt"},"osm_type":"node","osm_id":11081599074,"type":"village","location":[-61.5118192,10.7384484],"bbox":[-61.5318192,10.7184484,-61.4918192,10.7584484]}
{"name":"Paria","display_name":"Paria, Tunapuna-Piarco, Trinidad and Tobago","address":{"village":"Paria","state":"Tunapuna-Piarco","ISO3166-2-lvl4":"TT-TUP","country":"Trinidad and Tobago","country_code":"tt"},"osm_type":"node","osm_id":10678817176,"type":"village","location":[-61.2533736,10.7884165],"bbox":[-61.2733736,10.7684165,-61.2333736,10.8084165]}
{"name":"Parlatuvier","display_name":"Parlatuvier, Tobago, 960139, Trinidad and Tobago","address":{"village":"Parlatuvier","island":"Tobago","ISO3166-2-lvl4":"TT-TOB","postcode":"960139","country":"Trinidad and Tobago","country_code":"tt"},"osm_type":"node","osm_id":1816584263,"type":"village","location":[-60.6510866,11.2980249],"bbox":[-60.6710866,11.2780249,-60.6310866,11.3180249]}
{"name":"Patience Hill","display_name":"Patience Hill, Tobago, Trinidad and Tobago","address":{"village":"Patience Hill","island":"Tobago","ISO3166-2-lvl4":"TT-TOB","country":"Trinidad and Tobago","country_code":"tt"},"osm_type":"node","osm_id":1816584271,"type":"village","location":[-60.7692321,11.1868306],"bbox":[-60.7892321,11.1668306,-60.7492321,11.2068306]}
{"name":"Pembroke","display_name":"Pembroke, Tobago, Trinidad and Tobago","address":{"village":"Pembroke","island":"Tobago","ISO3166-2-lvl4":"TT-TOB","country":"Trinidad and Tobago","country_code":"tt"},"osm_type":"node","osm_id":1816584291,"type":"village","location":[-60.6203,11.217221],"bbox":[-60.6403,11.197221,-60.6003,11.237221]}
{"name":"Philippine","display_name":"Philippine, Penal-Debe, 601617, Trinidad and Tobago","address":{"village":"Philippine","state":"Penal-Debe","ISO3166-2-lvl4":"TT-PED","postcode":"601617","country":"Trinidad and Tobago","country_code":"tt"},"osm_type":"node","osm_id":1545721168,"type":"village","location":[-61.4561398,10.2447856],"bbox":[-61.4761398,10.2247856,-61.4361398,10.2647856]}
{"name":"Piparo","display_name":"Piparo, Couva-Tabaquite-Talparo, Trinidad and Tobago","address":{"village":"Piparo","state":"Couva-Tabaquite-Talparo","ISO3166-2-lvl4":"TT-CTT","country":"Trinidad and Tobago","country_code":"tt"},"osm_type":"node","osm_id":1542908111,"type":"village","location":[-61.344284,10.3403922],"bbox":[-61.364284,10.3203922,-61.324284,10.3603922]}
{"name":"Plum Mitan","display_name":"Plum Mitan, Sangre Grande, Trinidad and Tobago","address":{"village":"Plum Mitan","state":"Sangre Grande","ISO3166-2-lvl4":"TT-SGE","country":"Trinidad and Tobago","country_code":"tt"},"osm_type":"node","osm_id":3481079252,"type":"village","location":[-61.0947945,10.4609759],"bbox":[-61.1147945,10.4409759,-61.0747945,10.4809759]}
{"name":"Plum","display_name":"Plum, Sangre Grande, Trinidad and Tobago","address":{"village":"Plum","state":"Sangre Grande","ISO3166-2-lvl4":"TT-SGE","country":"Trinidad and Tobago","country_code":"tt"},"osm_type":"node","osm_id":1175114141,"type":"village","location":[-61.0740932,10.5058309],"bbox":[-61.0940932,10.4858309,-61.0540932,10.5258309]}
{"name":"Plymouth","display_name":"Plymouth, Tobago, Trinidad and Tobago","address":{"village":"Plymouth","island":"Tobago","ISO3166-2-lvl4":"TT-TOB","country":"Trinidad and Tobago","country_code":"tt"},"osm_type":"node","osm_id":1816584292,"type":"village","location":[-60.7738418,11.2199522],"bbox":[-60.7938418,11.1999522,-60.7538418,11.2399522]}
{"name":"Point Cumana","display_name":"Point Cumana, Diego Martin, 110712, Trinidad and Tobago","address":{"village":"Point Cumana","state":"Diego Martin","ISO3166-2-lvl4":"TT-DMN","postcode":"110712","country":"Trinidad and Tobago","country_code":"tt"},"osm_type":"node","osm_id":1822868108,"type":"village","location":[-61.5796234,10.6831978],"bbox":[-61.5996234,10.6631978,-61.5596234,10.7031978]}
{"name":"Poole","display_name":"Poole, Mayaro-Rio Claro, Trinidad and Tobago","address":{"village":"Poole","state":"Mayaro-Rio Claro","ISO3166-2-lvl4":"TT-MRC","country":"Trinidad and Tobago","country_code":"tt"},"osm_type":"node","osm_id":1453289595,"type":"village","location":[-61.2291371,10.3013848],"bbox":[-61.2491371,10.2813848,-61.2091371,10.3213848]}
{"name":"Poonah","display_name":"Poonah, Couva-Tabaquite-Talparo, Trinidad and Tobago","address":{"village":"Poonah","state":"Couva-Tabaquite-Talparo","ISO3166-2-lvl4":"TT-CTT","country":"Trinidad and Tobago","country_code":"tt"},"osm_type":"node","osm_id":1545759244,"type":"village","location":[-61.3914853,10.3383826],"bbox":[-61.4114853,10.3183826,-61.3714853,10.3583826]}
{"name":"Rambert Village","display_name":"Rambert Village, Penal-Debe, 651404, Trinidad and Tobago","address":{"village":"Rambert Village","state":"Penal-Debe","ISO3166-2-lvl4":"TT-PED","postcode":"651404","country":"Trinidad and Tobago","country_code":"tt"},"osm_type":"node","osm_id":1543185799,"type":"village","location":[-61.4813057,10.2482656],"bbox":[-61.5013057,10.2282656,-61.4613057,10.2682656]}
{"name":"Rampanalgas","display_name":"Rampanalgas, Sangre Grande, Trinidad and Tobago","address":{"village":"Rampanalgas","state":"Sangre Grande","ISO3166-2-lvl4":"TT-SGE","country":"Trinidad and Tobago","country_code":"tt"},"osm_type":"node","osm_id":1825893401,"type":"village","location":[-60.9842123,10.7315526],"bbox":[-61.0042123,10.7115526,-60.9642123,10.7515526]}
{"name":"Rancho Quemado","display_name":"Rancho Quemado, Siparia, Trinidad and Tobago","address":{"village":"Rancho Quemado","state":"Siparia","ISO3166-2-lvl4":"TT-SIP","country":"Trinidad and Tobago","country_code":"tt"},"osm_type":"node","osm_id":1452374990,"type":"village","location":[-61.6134315,10.0809802],"bbox":[-61.6334315,10.0609802,-61.5934315,10.1009802]}
{"name":"Ravine Sable","display_name":"Ravine Sable, Couva-Tabaquite-Talparo, Trinidad and Tobago","address":{"village":"Ravine Sable","state":"Couva-Tabaquite-Talparo","ISO3166-2-lvl4":"TT-CTT","country":"Trinidad and Tobago","country_code":"tt"},"osm_type":"node","osm_id":3498103604,"type":"village","location":[-61.3557704,10.5037711],"bbox":[-61.3757704,10.4837711,-61.3357704,10.5237711]}
{"name":"Reform","display_name":"Reform, Princes Town, 602905, Trinidad and Tobago","address":{"village":"Reform","state":"Princes Town","ISO3166-2-lvl4":"TT-PRT","postcode":"602905","country":"Trinidad and Tobago","country_code":"tt"},"osm_type":"node","osm_id":1596381033,"type":"village","location":[-61.4150147,10.3069096],"bbox":[-61.4350147,10.2869096,-61.3950147,10.3269096]}
{"name":"Rousillac","display_name":"Rousillac, Siparia, Trinidad and Tobago","address":{"village":"Rousillac","state":"Siparia","ISO3166-2-lvl4":"TT-SIP","country":"Trinidad and Tobago","country_code":"tt"},"osm_type":"node","osm_id":1452374993,"type":"village","location":[-61.580713,10.210526],"bbox":[-61.600713,10.190526,-61.560713,10.230526]}
{"name":"Saint Augustine South","display_name":"Saint Augustine South, Tunapuna-Piarco, 310401, Trinidad and Tobago","address":{"village":"Saint Augustine South","state":"Tunapuna-Piarco","ISO3166-2-lvl4":"TT-TUP","postcode":"310401","country":"Trinidad and Tobago","country_code":"tt"},"osm_type":"node","osm_id":10037964275,"type":"village","location":[-61.3995495,10.6344456],"bbox":[-61.4195495,10.6144456,-61.3795495,10.6544456]}
{"name":"Saint Helena","display_name":"Saint Helena, Tunapuna-Piarco, 510234, Trinidad and Tobago","address":{"village":"Saint Helena","state":"Tunapuna-Piarco","ISO3166-2-lvl4":"TT-TUP","postcode":"510234","country":"Trinidad and Tobago","country_code":"tt"},"osm_type":"node","osm_id":1365354592,"type":"village","location":[-61.3401634,10.5822408],"bbox":[-61.3601634,10.5622408,-61.3201634,10.6022408]}
{"name":"Saint John's","display_name":"Saint John's, Tunapuna-Piarco, 310407, Trinidad and Tobago","address":{"village":"Saint John's","state":"Tunapuna-Piarco","ISO3166-2-lvl4":"TT-TUP","postcode":"310407","country":"Trinidad and Tobago","country_code":"tt"},"osm_type":"node","osm_id":10037964278,"type":"village","location":[-61.3921698,10.6608104],"bbox":[-61.4121698,10.6408104,-61.3721698,10.6808104]}
{"name":"Saint Mary's","display_name":"Saint Mary's, Couva-Tabaquite-Talparo, 550610, Trinidad and Tobago","address":{"village":"Saint Mary's","state":"Couva-Tabaquite-Talparo","ISO3166-2-lvl4":"TT-CTT","postcode":"550610","country":"Trinidad and Tobago","country_code":"tt"},"osm_type":"node","osm_id":10037964270,"type":"village","location":[-61.426038,10.4654329],"bbox":[-61.446038,10.4454329,-61.406038,10.4854329]}
{"name":"Sainte Madeleine","other_names":{"name:en":"Sainte Madeleine","alt_name":"Ste Madeleine"},"display_name":"Sainte Madeleine, Princes Town, 602418, Trinidad and Tobago","address":{"village":"Sainte Madeleine","state":"Princes Town","ISO3166-2-lvl4":"TT-PRT","postcode":"602418","country":"Trinidad and Tobago","country_code":"tt"},"osm_type":"node","osm_id":1825738998,"type":"village","location":[-61.4318642,10.2713757],"bbox":[-61.4518642,10.2513757,-61.4118642,10.2913757]}
{"name":"Salybia","display_name":"Salybia, Sangre Grande, Trinidad and Tobago","address":{"village":"Salybia","state":"Sangre Grande","ISO3166-2-lvl4":"TT-SGE","country":"Trinidad and Tobago","country_code":"tt"},"osm_type":"node","osm_id":1327432976,"type":"village","location":[-61.027046,10.704133],"bbox":[-61.047046,10.684133,-61.007046,10.724133]}
{"name":"San Raphael","display_name":"San Raphael, Couva-Tabaquite-Talparo, 351443, Trinidad and Tobago","address":{"village":"San Raphael","state":"Couva-Tabaquite-Talparo","ISO3166-2-lvl4":"TT-CTT","postcode":"351443","country":"Trinidad and Tobago","country_code":"tt"},"osm_type":"node","osm_id":2357396731,"type":"village","location":[-61.2734943,10.5757155],"bbox":[-61.2934943,10.5557155,-61.2534943,10.5957155]}
{"name":"Santa Cruz","display_name":"Santa Cruz, San Juan-Laventille, Trinidad and Tobago","address":{"village":"Santa Cruz","state":"San Juan-Laventille","ISO3166-2-lvl4":"TT-SJL","country":"Trinidad and Tobago","country_code":"tt"},"osm_type":"node","osm_id":477519549,"type":"village","location":[-61.4741636,10.710225],"bbox":[-61.4941636,10.690225,-61.4541636,10.730225],"border":{"name":"Santa Cruz","display_name":"Santa Cruz, San Juan-Laventille, Trinidad and Tobago","address":{"village":"Santa Cruz","state":"San Juan-Laventille","ISO3166-2-lvl4":"TT-SJL","country":"Trinidad and Tobago","country_code":"tt"},"osm_type":"way","osm_id":386658867,"type":"village","location":[-61.4741636,10.710225],"bbox":[-61.4883189,10.7043709,-61.4654977,10.7409893]}}
{"name":"Santa Flora","display_name":"Santa Flora, Siparia, Trinidad and Tobago","address":{"village":"Santa Flora","state":"Siparia","ISO3166-2-lvl4":"TT-SIP","country":"Trinidad and Tobago","country_code":"tt"},"osm_type":"node","osm_id":1824961791,"type":"village","location":[-61.5597374,10.1120449],"bbox":[-61.5797374,10.0920449,-61.5397374,10.1320449]}
{"name":"Santa Margarita","display_name":"Santa Margarita, Tunapuna-Piarco, 310407, Trinidad and Tobago","address":{"village":"Santa Margarita","state":"Tunapuna-Piarco","ISO3166-2-lvl4":"TT-TUP","postcode":"310407","country":"Trinidad and Tobago","country_code":"tt"},"osm_type":"node","osm_id":10037964276,"type":"village","location":[-61.4019394,10.6555594],"bbox":[-61.4219394,10.6355594,-61.3819394,10.6755594]}
{"name":"Soledad","display_name":"Soledad, Couva-Tabaquite-Talparo, 540517, Trinidad and Tobago","address":{"village":"Soledad","state":"Couva-Tabaquite-Talparo","ISO3166-2-lvl4":"TT-CTT","postcode":"540517","country":"Trinidad and Tobago","country_code":"tt"},"osm_type":"node","osm_id":1545760692,"type":"village","location":[-61.4377204,10.3721986],"bbox":[-61.4577204,10.3521986,-61.4177204,10.3921986]}
{"name":"Speyside","display_name":"Speyside, Tobago, Trinidad and Tobago","address":{"village":"Speyside","island":"Tobago","ISO3166-2-lvl4":"TT-TOB","country":"Trinidad and Tobago","country_code":"tt"},"osm_type":"node","osm_id":1816584321,"type":"village","location":[-60.533741,11.2936839],"bbox":[-60.553741,11.2736839,-60.513741,11.3136839]}
{"name":"Springland","display_name":"Springland, Couva-Tabaquite-Talparo, 602905, Trinidad and Tobago","address":{"village":"Springland","state":"Couva-Tabaquite-Talparo","ISO3166-2-lvl4":"TT-CTT","postcode":"602905","country":"Trinidad and Tobago","country_code":"tt"},"osm_type":"node","osm_id":1545760694,"type":"village","location":[-61.4297961,10.3360718],"bbox":[-61.4497961,10.3160718,-61.4097961,10.3560718]}
{"name":"Tabaquite","display_name":"Tabaquite, Couva-Tabaquite-Talparo, Trinidad and Tobago","address":{"village":"Tabaquite","state":"Couva-Tabaquite-Talparo","ISO3166-2-lvl4":"TT-CTT","country":"Trinidad and Tobago","country_code":"tt"},"osm_type":"node","osm_id":1544143013,"type":"village","location":[-61.3250075,10.3791126],"bbox":[-61.3450075,10.3591126,-61.3050075,10.3991126]}
{"name":"Tableland","display_name":"Tableland, Princes Town, Trinidad and Tobago","address":{"village":"Tableland","state":"Princes Town","ISO3166-2-lvl4":"TT-PRT","country":"Trinidad and Tobago","country_code":"tt"},"osm_type":"node","osm_id":1311154084,"type":"village","location":[-61.2575091,10.2777579],"bbox":[-61.2775091,10.2577579,-61.2375091,10.2977579]}
{"name":"Talparo","display_name":"Talparo, Couva-Tabaquite-Talparo, Trinidad and Tobago","address":{"village":"Talparo","state":"Couva-Tabaquite-Talparo","ISO3166-2-lvl4":"TT-CTT","country":"Trinidad and Tobago","country_code":"tt"},"osm_type":"node","osm_id":1174935553,"type":"village","location":[-61.268998,10.5165839],"bbox":[-61.288998,10.4965839,-61.248998,10.5365839]}
{"name":"Todds Road","display_name":"Todds Road, Couva-Tabaquite-Talparo, Trinidad and Tobago","address":{"village":"Todds Road","state":"Couva-Tabaquite-Talparo","ISO3166-2-lvl4":"TT-CTT","country":"Trinidad and Tobago","country_code":"tt"},"osm_type":"node","osm_id":3508381056,"type":"village","location":[-61.33157,10.4818654],"bbox":[-61.35157,10.4618654,-61.31157,10.5018654]}
{"name":"Union Village","display_name":"Union Village, Siparia, Trinidad and Tobago","address":{"village":"Union Village","state":"Siparia","ISO3166-2-lvl4":"TT-SIP","country":"Trinidad and Tobago","country_code":"tt"},"osm_type":"node","osm_id":1452375002,"type":"village","location":[-61.6329979,10.2116164],"bbox":[-61.6529979,10.1916164,-61.6129979,10.2316164]}
{"name":"Vessigny","display_name":"Vessigny, Siparia, Trinidad and Tobago","address":{"village":"Vessigny","state":"Siparia","ISO3166-2-lvl4":"TT-SIP","country":"Trinidad and Tobago","country_code":"tt"},"osm_type":"node","osm_id":1452375008,"type":"village","location":[-61.6279957,10.2175607],"bbox":[-61.6479957,10.1975607,-61.6079957,10.2375607]}
{"name":"Waterloo","display_name":"Waterloo, Couva-Tabaquite-Talparo, 551420, Trinidad and Tobago","address":{"village":"Waterloo","state":"Couva-Tabaquite-Talparo","ISO3166-2-lvl4":"TT-CTT","postcode":"551420","country":"Trinidad and Tobago","country_code":"tt"},"osm_type":"node","osm_id":1824471877,"type":"village","location":[-61.4674863,10.4788605],"bbox":[-61.4874863,10.4588605,-61.4474863,10.4988605]}
{"name":"Whim","display_name":"Whim, Tobago, Trinidad and Tobago","address":{"village":"Whim","island":"Tobago","ISO3166-2-lvl4":"TT-TOB","country":"Trinidad and Tobago","country_code":"tt"},"osm_type":"node","osm_id":1816584322,"type":"village","location":[-60.7470341,11.2010885],"bbox":[-60.7670341,11.1810885,-60.7270341,11.2210885]}
{"name":"Whiteland","display_name":"Whiteland, Couva-Tabaquite-Talparo, Trinidad and Tobago","address":{"village":"Whiteland","state":"Couva-Tabaquite-Talparo","ISO3166-2-lvl4":"TT-CTT","country":"Trinidad and Tobago","country_code":"tt"},"osm_type":"node","osm_id":1540294132,"type":"village","location":[-61.3720415,10.3443769],"bbox":[-61.3920415,10.3243769,-61.3520415,10.3643769]}
{"name":"Williamsville","display_name":"Williamsville, Princes Town, Trinidad and Tobago","address":{"village":"Williamsville","state":"Princes Town","ISO3166-2-lvl4":"TT-PRT","country":"Trinidad and Tobago","country_code":"tt"},"osm_type":"node","osm_id":1540294131,"type":"village","location":[-61.3804014,10.3108868],"bbox":[-61.4004014,10.2908868,-61.3604014,10.3308868]}
