{"name":"Adentuik","display_name":"Adentuik, Suai, Kova Lima, Timor-Leste","address":{"village":"Adentuik","state_district":"Suai","state":"Kova Lima","ISO3166-2-lvl4":"TL-CO","country":"Timor-Leste","country_code":"tl"},"osm_type":"node","osm_id":1785399963,"type":"village","location":[125.37012,-9.23514],"bbox":[125.35012,-9.25514,125.39012,-9.21514]}
{"name":"Afagua","other_names":{"alt_name":"Afagua Manufai"},"display_name":"Afagua, Baukau, Timor-Leste","address":{"village":"Afagua","state_district":"Baukau","state":"Baukau","ISO3166-2-lvl4":"TL-BA","country":"Timor-Leste","country_code":"tl"},"osm_type":"node","osm_id":1785400003,"type":"village","location":[126.43611,-8.52639],"bbox":[126.41611,-8.54639,126.45611,-8.50639]}
{"name":"Aidabaleten","display_name":"Aidabaleten, Atabae, Bobonaru, Timor-Leste","address":{"village":"Aidabaleten","state_district":"Atabae","state":"Bobonaru","ISO3166-2-lvl4":"TL-BO","country":"Timor-Leste","country_code":"tl"},"osm_type":"node","osm_id":1785400120,"type":"village","location":[125.14165,-8.8278],"bbox":[125.12165,-8.8478,125.16165,-8.8078]}
{"display_name":"Aileu, Timor-Leste","address":{"state_district":"Aileu","state":"Aileu","ISO3166-2-lvl4":"TL-AL","country":"Timor-Leste","country_code":"tl"},"osm_type":"node","osm_id":6776300776,"type":"village","location":[125.5651151,-8.8236274],"bbox":[125.5451151,-8.8436274,125.5851151,-8.8036274]}
{"display_name":"Aileu, Timor-Leste","address":{"state_district":"Aileu","state":"Aileu","ISO3166-2-lvl4":"TL-AL","country":"Timor-Leste","country_code":"tl"},"osm_type":"node","osm_id":6776300777,"type":"village","location":[125.5555291,-8.8291145],"bbox":[125.5355291,-8.8491145,125.5755291,-8.8091145]}
{"display_name":"Aileu, Timor-Leste","address":{"state_district":"Aileu","state":"Aileu","ISO3166-2-lvl4":"TL-AL","country":"Timor-Leste","country_code":"tl"},"osm_type":"node","osm_id":6796729078,"type":"village","location":[125.5513286,-8.757276],"bbox":[125.5313286,-8.777276,125.5713286,-8.737276]}
{"display_name":"Aileu, Timor-Leste","address":{"state":"Aileu","ISO3166-2-lvl4":"TL-AL","country":"Timor-Leste","country_code":"tl"},"osm_type":"node","osm_id":6815511782,"type":"village","location":[125.5439901,-8.6352704],"bbox":[125.5239901,-8.6552704,125.5639901,-8.6152704]}
{"name":"Aisalgusun","display_name":"Aisalgusun, Bobonaro, Bobonaru, Timor-Leste","address":{"village":"Aisalgusun","state_district":"Bobonaro","state":"Bobonaru","ISO3166-2-lvl4":"TL-BO","country":"Timor-Leste","country_code":"tl"},"osm_type":"node","osm_id":1785400201,"type":"village","location":[125.3491,-9.05788],"bbox":[125.3291,-9.07788,125.3691,-9.03788]}
{"name":"Aitoi","display_name":"Aitoi, Lekidoe, Aileu, Timor-Leste","address":{"village":"Aitoi","state_district":"Lekidoe","state":"Aileu","ISO3166-2-lvl4":"TL-AL","country":"Timor-Leste","country_code":"tl"},"osm_type":"node","osm_id":1785400213,"type":"village","location":[125.64714,-8.7132],"bbox":[125.62714,-8.7332,125.66714,-8.6932]}
{"name":"Aldeia Loidua","display_name":"Aldeia Loidua, Baukau, Timor-Leste","address":{"village":"Aldeia Loidua","state_district":"Baukau","state":"Baukau","ISO3166-2-lvl4":"TL-BA","country":"Timor-Leste","country_code":"tl"},"osm_type":"node","osm_id":11416359442,"type":"village","location":[126.4642346,-8.4943058],"bbox":[126.4442346,-8.5143058,126.4842346,-8.4743058]}
{"name":"Bagia","other_names":{"name:en":"Baguia"},"display_name":"Bagia, Baukau, Timor-Leste","address":{"village":"Bagia","state_district":"Bagia","state":"Baukau","ISO3166-2-lvl4":"TL-BA","country":"Timor-Leste","country_code":"tl"},"osm_type":"node","osm_id":1785440240,"type":"village","location":[126.655165,-8.6280061],"bbox":[126.635165,-8.6480061,126.675165,-8.6080061]}
{"name":"Bahareduk","display_name":"Bahareduk, Laklubar, Manatutu, Timor-Leste","address":{"village":"Bahareduk","state_district":"Laklubar","state":"Manatutu","ISO3166-2-lvl4":"TL-MT","country":"Timor-Leste","country_code":"tl"},"population":400,"osm_type":"node","osm_id":12224030785,"type":"village","location":[125.9641543,-8.7061735],"bbox":[125.9441543,-8.7261735,125.9841543,-8.6861735]}
{"name":"Baoknana","display_name":"Baoknana, Nítibe, Oe-Cusse Ambeno, Timor-Leste","address":{"village":"Baoknana","state_district":"Nítibe","state":"Oe-Cusse Ambeno","ISO3166-2-lvl4":"TL-OE","country":"Timor-Leste","country_code":"tl"},"osm_type":"node","osm_id":1785382506,"type":"village","location":[124.12917,-9.30833],"bbox":[124.10917,-9.32833,124.14917,-9.28833]}
{"name":"Batnes","display_name":"Batnes, Pásabe, Oe-Cusse Ambeno, Timor-Leste","address":{"village":"Batnes","state_district":"Pásabe","state":"Oe-Cusse Ambeno","ISO3166-2-lvl4":"TL-OE","country":"Timor-Leste","country_code":"tl"},"osm_type":"node","osm_id":1271850467,"type":"village","location":[124.3517495,-9.4811526],"bbox":[124.3317495,-9.5011526,124.3717495,-9.4611526]}
{"name":"Beco","display_name":"Beco, Suai, Kova Lima, Timor-Leste","address":{"village":"Beco","state_district":"Suai","state":"Kova Lima","ISO3166-2-lvl4":"TL-CO","country":"Timor-Leste","country_code":"tl"},"osm_type":"node","osm_id":1785400440,"type":"village","location":[125.3949193,-9.2067212],"bbox":[125.3749193,-9.2267212,125.4149193,-9.1867212]}
{"name":"Becol","display_name":"Becol, Suai, Kova Lima, Timor-Leste","address":{"village":"Becol","state_district":"Suai","state":"Kova Lima","ISO3166-2-lvl4":"TL-CO","country":"Timor-Leste","country_code":"tl"},"osm_type":"node","osm_id":1785400441,"type":"village","location":[125.39028,-9.22249],"bbox":[125.37028,-9.24249,125.41028,-9.20249]}
{"name":"Behau","display_name":"Behau, Lakló, Manatutu, Timor-Leste","address":{"village":"Behau","state_district":"Lakló","state":"Manatutu","ISO3166-2-lvl4":"TL-MT","country":"Timor-Leste","country_code":"tl"},"osm_type":"node","osm_id":265007476,"type":"village","location":[125.8914767,-8.4791066],"bbox":[125.8714767,-8.4991066,125.9114767,-8.4591066]}
{"name":"Beheda","display_name":"Beheda, Lakló, Manatutu, Timor-Leste","address":{"village":"Beheda","state_district":"Lakló","state":"Manatutu","ISO3166-2-lvl4":"TL-MT","country":"Timor-Leste","country_code":"tl"},"osm_type":"node","osm_id":265875120,"type":"village","location":[125.95224,-8.49429],"bbox":[125.93224,-8.51429,125.97224,-8.47429]}
{"name":"Beloi","display_name":"Beloi, Ataúru, Timor-Leste","address":{"village":"Beloi","state_district":"Beloi","state":"Ataúru","country":"Timor-Leste","country_code":"tl"},"osm_type":"node","osm_id":1785362787,"type":"village","location":[125.6087596,-8.2206996],"bbox":[125.5887596,-8.2406996,125.6287596,-8.2006996]}
{"name":"Bemetan","display_name":"Bemetan, Same, Manufahi, Timor-Leste","address":{"village":"Bemetan","state_district":"Same","state":"Manufahi","ISO3166-2-lvl4":"TL-MF","country":"Timor-Leste","country_code":"tl"},"osm_type":"node","osm_id":1295866062,"type":"village","location":[125.7274489,-9.157324],"bbox":[125.7074489,-9.177324,125.7474489,-9.137324]}
{"name":"Betano","display_name":"Betano, Same, Manufahi, Timor-Leste","address":{"village":"Betano","state_district":"Same","state":"Manufahi","ISO3166-2-lvl4":"TL-MF","country":"Timor-Leste","country_code":"tl"},"osm_type":"node","osm_id":1295865026,"type":"village","location":[125.7293268,-9.1647917],"bbox":[125.7093268,-9.1847917,125.7493268,-9.1447917]}
{"name":"Bobonoe","display_name":"Bobonoe, Pante Macassar, Oe-Cusse Ambeno, Timor-Leste","address":{"village":"Bobonoe","state_district":"Pante Macassar","state":"Oe-Cusse Ambeno","ISO3166-2-lvl4":"TL-OE","country":"Timor-Leste","country_code":"tl"},"osm_type":"node","osm_id":1785382525,"type":"village","location":[124.36878,-9.3024],"bbox":[124.34878,-9.3224,124.38878,-9.2824]}
{"name":"Boltama","display_name":"Boltama, Ainaro, Ainaru, Timor-Leste","address":{"village":"Boltama","state_district":"Ainaro","state":"Ainaru","ISO3166-2-lvl4":"TL-AN","country":"Timor-Leste","country_code":"tl"},"osm_type":"node","osm_id":6860171719,"type":"village","location":[125.5273816,-9.1013598],"bbox":[125.5073816,-9.1213598,125.5473816,-9.0813598]}
{"name":"Cassa","display_name":"Cassa, Ainaro, Ainaru, Timor-Leste","address":{"village":"Cassa","state_district":"Ainaro","state":"Ainaru","ISO3166-2-lvl4":"TL-AN","country":"Timor-Leste","country_code":"tl"},"osm_type":"node","osm_id":6860171728,"type":"village","location":[125.5440743,-9.1362803],"bbox":[125.5240743,-9.1562803,125.5640743,-9.1162803]}
{"name":"Citrana","display_name":"Citrana, Nítibe, Oe-Cusse Ambeno, Timor-Leste","address":{"village":"Citrana","state_district":"Nítibe","state":"Oe-Cusse Ambeno","ISO3166-2-lvl4":"TL-OE","country":"Timor-Leste","country_code":"tl"},"osm_type":"node","osm_id":1785382537,"type":"village","location":[124.09028,-9.32917],"bbox":[124.07028,-9.34917,124.11028,-9.30917]}
{"name":"Civil","display_name":"Civil, Ainaro, Ainaru, Timor-Leste","address":{"village":"Civil","state_district":"Ainaro","state":"Ainaru","ISO3166-2-lvl4":"TL-AN","country":"Timor-Leste","country_code":"tl"},"osm_type":"node","osm_id":6860171718,"type":"village","location":[125.5342216,-9.1147077],"bbox":[125.5142216,-9.1347077,125.5542216,-9.0947077]}
{"name":"Com","display_name":"Com, Lautém, Timor-Leste","address":{"village":"Com","state_district":"Lautém","state":"Lautém","ISO3166-2-lvl4":"TL-LA","country":"Timor-Leste","country_code":"tl"},"osm_type":"node","osm_id":622942351,"type":"village","location":[127.0591837,-8.358213],"bbox":[127.0391837,-8.378213,127.0791837,-8.338213]}
{"name":"Condar","display_name":"Condar, Lakló, Manatutu, Timor-Leste","address":{"village":"Condar","state_district":"Lakló","state":"Manatutu","ISO3166-2-lvl4":"TL-MT","country":"Timor-Leste","country_code":"tl"},"osm_type":"node","osm_id":265876251,"type":"village","location":[125.9613272,-8.5326365],"bbox":[125.9413272,-8.5526365,125.9813272,-8.5126365]}
{"name":"Darhai","display_name":"Darhai, Aileu, Timor-Leste","address":{"village":"Darhai","state_district":"Aileu","state":"Aileu","ISO3166-2-lvl4":"TL-AL","country":"Timor-Leste","country_code":"tl"},"osm_type":"node","osm_id":265897275,"type":"village","location":[125.5444295,-8.686573],"bbox":[125.5244295,-8.706573,125.5644295,-8.666573]}
{"name":"Darlau","display_name":"Darlau, Cristo Rei, Dili, Timor-Leste","address":{"village":"Darlau","state_district":"Cristo Rei","state":"Dili","ISO3166-2-lvl4":"TL-DI","country":"Timor-Leste","country_code":"tl"},"osm_type":"node","osm_id":265889943,"type":"village","location":[125.6316668,-8.59498],"bbox":[125.6116668,-8.61498,125.6516668,-8.57498]}
{"name":"Dato","display_name":"Dato, Liquiçá, Likisá, Timor-Leste","address":{"village":"Dato","state_district":"Liquiçá","state":"Likisá","ISO3166-2-lvl4":"TL-LI","country":"Timor-Leste","country_code":"tl"},"osm_type":"node","osm_id":1785400893,"type":"village","location":[125.32917,-8.59444],"bbox":[125.30917,-8.61444,125.34917,-8.57444]}
{"name":"Dilor","display_name":"Dilor, Lakluta, Vikeke, Timor-Leste","address":{"village":"Dilor","state_district":"Lakluta","state":"Vikeke","ISO3166-2-lvl4":"TL-VI","country":"Timor-Leste","country_code":"tl"},"osm_type":"node","osm_id":1785440245,"type":"village","location":[126.21089,-8.8392],"bbox":[126.19089,-8.8592,126.23089,-8.8192]}
{"name":"Fatu-Lulik","other_names":{"name:en":"Fatululic","alt_name":"Fatululik;Fatu-Lulik;Fatolulic;Fatulilic;Fatululique"},"display_name":"Fatu-Lulik, Kova Lima, Timor-Leste","address":{"village":"Fatu-Lulik","state_district":"Fatu-Lulik","state":"Kova Lima","ISO3166-2-lvl4":"TL-CO","country":"Timor-Leste","country_code":"tl"},"osm_type":"node","osm_id":1785440247,"type":"village","location":[125.13078,-9.19085],"bbox":[125.11078,-9.21085,125.15078,-9.17085]}
{"name":"Fatuk-kun","display_name":"Fatuk-kun, Aileu, Timor-Leste","address":{"village":"Fatuk-kun","state":"Aileu","ISO3166-2-lvl4":"TL-AL","country":"Timor-Leste","country_code":"tl"},"osm_type":"node","osm_id":265893165,"type":"village","location":[125.612674,-8.6367755],"bbox":[125.592674,-8.6567755,125.632674,-8.6167755]}
{"name":"Fatuloda","display_name":"Fatuloda, Cristo Rei, Dili, Timor-Leste","address":{"village":"Fatuloda","state_district":"Cristo Rei","state":"Dili","ISO3166-2-lvl4":"TL-DI","country":"Timor-Leste","country_code":"tl"},"osm_type":"node","osm_id":265886552,"type":"village","location":[125.5913114,-8.5995947],"bbox":[125.5713114,-8.6195947,125.6113114,-8.5795947]}
{"name":"Fatumea","display_name":"Fatumea, Fatumean, Kova Lima, Timor-Leste","address":{"village":"Fatumea","state_district":"Fatumean","state":"Kova Lima","ISO3166-2-lvl4":"TL-CO","country":"Timor-Leste","country_code":"tl"},"osm_type":"node","osm_id":1785440248,"type":"village","location":[125.0359917,-9.2289541],"bbox":[125.0159917,-9.2489541,125.0559917,-9.2089541]}
{"name":"Fatunaba","display_name":"Fatunaba, Vera Cruz, Dili, Timor-Leste","address":{"village":"Fatunaba","state_district":"Vera Cruz","state":"Dili","ISO3166-2-lvl4":"TL-DI","country":"Timor-Leste","country_code":"tl"},"osm_type":"node","osm_id":265885607,"type":"village","location":[125.5760629,-8.5964574],"bbox":[125.5560629,-8.6164574,125.5960629,-8.5764574]}
{"display_name":"Fohorén, Kova Lima, Timor-Leste","address":{"state_district":"Fohorén","state":"Kova Lima","ISO3166-2-lvl4":"TL-CO","country":"Timor-Leste","country_code":"tl"},"osm_type":"node","osm_id":7672223085,"type":"village","location":[125.1724452,-9.2476038],"bbox":[125.1524452,-9.2676038,125.1924452,-9.2276038]}
{"name":"Fohorén","other_names":{"name:ur":"فوہورین"},"display_name":"Fohorén, Kova Lima, Timor-Leste","address":{"village":"Fohorén","state_district":"Fohorén","state":"Kova Lima","ISO3166-2-lvl4":"TL-CO","country":"Timor-Leste","country_code":"tl"},"osm_type":"node","osm_id":1785440249,"type":"village","location":[125.0924763,-9.2832465],"bbox":[125.0724763,-9.3032465,125.1124763,-9.2632465]}
{"name":"Fohorua","display_name":"Fohorua, Maukatar, Kova Lima, Timor-Leste","address":{"village":"Fohorua","state_district":"Maukatar","state":"Kova Lima","ISO3166-2-lvl4":"TL-CO","country":"Timor-Leste","country_code":"tl"},"osm_type":"node","osm_id":1785401192,"type":"village","location":[125.2352516,-9.291893],"bbox":[125.2152516,-9.311893,125.2552516,-9.271893]}
{"name":"Holmeser","display_name":"Holmeser, Bobonaro, Bobonaru, Timor-Leste","address":{"village":"Holmeser","state_district":"Bobonaro","state":"Bobonaru","ISO3166-2-lvl4":"TL-BO","country":"Timor-Leste","country_code":"tl"},"osm_type":"node","osm_id":1785401769,"type":"village","location":[125.3434253,-9.0889033],"bbox":[125.3234253,-9.1089033,125.3634253,-9.0689033]}
{"name":"Huatabuilico","display_name":"Huatabuilico, Hatu-Builico, Ainaru, Timor-Leste","address":{"village":"Huatabuilico","state_district":"Hatu-Builico","state":"Ainaru","ISO3166-2-lvl4":"TL-AN","country":"Timor-Leste","country_code":"tl"},"osm_type":"node","osm_id":553019745,"type":"village","location":[125.5196446,-8.8971757],"bbox":[125.4996446,-8.9171757,125.5396446,-8.8771757]}
{"name":"Huebanais","display_name":"Huebanais, Oe-Silu, Oe-Cusse Ambeno, Timor-Leste","address":{"village":"Huebanais","state_district":"Oe-Silu","state":"Oe-Cusse Ambeno","ISO3166-2-lvl4":"TL-OE","country":"Timor-Leste","country_code":"tl"},"osm_type":"node","osm_id":1785382512,"type":"village","location":[124.36344,-9.33848],"bbox":[124.34344,-9.35848,124.38344,-9.31848]}
{"name":"Hueneno","display_name":"Hueneno, Oe-Silu, Oe-Cusse Ambeno, Timor-Leste","address":{"village":"Hueneno","state_district":"Oe-Silu","state":"Oe-Cusse Ambeno","ISO3166-2-lvl4":"TL-OE","country":"Timor-Leste","country_code":"tl"},"osm_type":"node","osm_id":1785382578,"type":"village","location":[124.3849203,-9.3402812],"bbox":[124.3649203,-9.3602812,124.4049203,-9.3202812]}
{"name":"Huiali","display_name":"Huiali, Lakló, Manatutu, Timor-Leste","address":{"village":"Huiali","state_district":"Lakló","state":"Manatutu","ISO3166-2-lvl4":"TL-MT","country":"Timor-Leste","country_code":"tl"},"osm_type":"node","osm_id":265006416,"type":"village","location":[125.8398634,-8.4843027],"bbox":[125.8198634,-8.5043027,125.8598634,-8.4643027]}
{"name":"Ilimano","display_name":"Ilimano, Lakló, Manatutu, Timor-Leste","address":{"village":"Ilimano","state_district":"Lakló","state":"Manatutu","ISO3166-2-lvl4":"TL-MT","country":"Timor-Leste","country_code":"tl"},"osm_type":"node","osm_id":265006418,"type":"village","location":[125.85731,-8.47683],"bbox":[125.83731,-8.49683,125.87731,-8.45683]}
{"name":"Itnan","display_name":"Itnan, Oé-Cussi-Ambeno, Pante Macassar, Oe-Cusse Ambeno, Timor-Leste","address":{"village":"Itnan","county":"Oé-Cussi-Ambeno","state_district":"Pante Macassar","state":"Oe-Cusse Ambeno","ISO3166-2-lvl4":"TL-OE","country":"Timor-Leste","country_code":"tl"},"osm_type":"node","osm_id":1785382583,"type":"village","location":[124.32535,-9.27368],"bbox":[124.30535,-9.29368,124.34535,-9.25368]}
{"name":"Kalae","display_name":"Kalae, Aileu, Timor-Leste","address":{"village":"Kalae","state":"Aileu","ISO3166-2-lvl4":"TL-AL","country":"Timor-Leste","country_code":"tl"},"osm_type":"node","osm_id":265889627,"type":"village","location":[125.60576,-8.61316],"bbox":[125.58576,-8.63316,125.62576,-8.59316]}
{"name":"Kamenasa","other_names":{"name:en":"Camenaça"},"display_name":"Kamenasa, Suai, Kova Lima, Timor-Leste","address":{"village":"Kamenasa","state_district":"Suai","state":"Kova Lima","ISO3166-2-lvl4":"TL-CO","country":"Timor-Leste","country_code":"tl"},"osm_type":"node","osm_id":1785402248,"type":"village","location":[125.28468,-9.3175],"bbox":[125.26468,-9.3375,125.30468,-9.2975]}
{"name":"Kinat","display_name":"Kinat, Oé-Cussi-Ambeno, Pante Macassar, Oe-Cusse Ambeno, Timor-Leste","address":{"village":"Kinat","county":"Oé-Cussi-Ambeno","state_district":"Pante Macassar","state":"Oe-Cusse Ambeno","ISO3166-2-lvl4":"TL-OE","country":"Timor-Leste","country_code":"tl"},"osm_type":"node","osm_id":1785382594,"type":"village","location":[124.4151023,-9.2758712],"bbox":[124.3951023,-9.2958712,124.4351023,-9.2558712]}
{"name":"Kiukole","display_name":"Kiukole, Oé-Cussi-Ambeno, Pante Macassar, Oe-Cusse Ambeno, Timor-Leste","address":{"village":"Kiukole","county":"Oé-Cussi-Ambeno","state_district":"Pante Macassar","state":"Oe-Cusse Ambeno","ISO3166-2-lvl4":"TL-OE","country":"Timor-Leste","country_code":"tl"},"osm_type":"node","osm_id":1785382607,"type":"village","location":[124.38183,-9.28756],"bbox":[124.36183,-9.30756,124.40183,-9.26756]}
{"name":"Klohor","display_name":"Klohor, Fohorén, Kova Lima, Timor-Leste","address":{"village":"Klohor","state_district":"Fohorén","state":"Kova Lima","ISO3166-2-lvl4":"TL-CO","country":"Timor-Leste","country_code":"tl"},"osm_type":"node","osm_id":1785402537,"type":"village","location":[125.09403,-9.25862],"bbox":[125.07403,-9.27862,125.11403,-9.23862]}
{"name":"Kriibas","display_name":"Kriibas, Manatutu, Timor-Leste","address":{"village":"Kriibas","state_district":"Manatutu","state":"Manatutu","ISO3166-2-lvl4":"TL-MT","country":"Timor-Leste","country_code":"tl"},"osm_type":"node","osm_id":12242563277,"type":"village","location":[125.9912526,-8.6753156],"bbox":[125.9712526,-8.6953156,126.0112526,-8.6553156]}
{"name":"Kuangkot","display_name":"Kuangkot, Oé-Cussi-Ambeno, Pante Macassar, Oe-Cusse Ambeno, Timor-Leste","address":{"village":"Kuangkot","county":"Oé-Cussi-Ambeno","state_district":"Pante Macassar","state":"Oe-Cusse Ambeno","ISO3166-2-lvl4":"TL-OE","country":"Timor-Leste","country_code":"tl"},"osm_type":"node","osm_id":1785382639,"type":"village","location":[124.2938,-9.28956],"bbox":[124.2738,-9.30956,124.3138,-9.26956]}
{"name":"Kuluan","display_name":"Kuluan, Zumalai, Kova Lima, Timor-Leste","address":{"village":"Kuluan","state_district":"Zumalai","state":"Kova Lima","ISO3166-2-lvl4":"TL-CO","country":"Timor-Leste","country_code":"tl"},"osm_type":"node","osm_id":1785402702,"type":"village","location":[125.4356902,-9.2303957],"bbox":[125.4156902,-9.2503957,125.4556902,-9.2103957]}
{"name":"Kutole","display_name":"Kutole, Aileu, Timor-Leste","address":{"village":"Kutole","state":"Aileu","ISO3166-2-lvl4":"TL-AL","country":"Timor-Leste","country_code":"tl"},"osm_type":"node","osm_id":265889550,"type":"village","location":[125.6081479,-8.608154],"bbox":[125.5881479,-8.628154,125.6281479,-8.588154]}
{"name":"Lailima","display_name":"Lailima, Ainaro, Ainaru, Timor-Leste","address":{"village":"Lailima","state_district":"Ainaro","state":"Ainaru","ISO3166-2-lvl4":"TL-AN","country":"Timor-Leste","country_code":"tl"},"osm_type":"node","osm_id":6860171717,"type":"village","location":[125.5427368,-9.1365648],"bbox":[125.5227368,-9.1565648,125.5627368,-9.1165648]}
{"name":"Lakló","other_names":{"name:en":"Laclo"},"display_name":"Lakló, Manatutu, Timor-Leste","address":{"village":"Lakló","state_district":"Lakló","state":"Manatutu","ISO3166-2-lvl4":"TL-MT","country":"Timor-Leste","country_code":"tl"},"osm_type":"node","osm_id":1785440254,"type":"village","location":[125.90885,-8.55544],"bbox":[125.88885,-8.57544,125.92885,-8.53544]}
{"display_name":"Laklubar, Manatutu, Timor-Leste","address":{"state_district":"Laklubar","state":"Manatutu","ISO3166-2-lvl4":"TL-MT","country":"Timor-Leste","country_code":"tl"},"osm_type":"node","osm_id":12558360016,"type":"village","location":[125.9721887,-8.7543599],"bbox":[125.9521887,-8.7743599,125.9921887,-8.7343599]}
{"display_name":"Laklubar, Manatutu, Timor-Leste","address":{"state_district":"Laklubar","state":"Manatutu","ISO3166-2-lvl4":"TL-MT","country":"Timor-Leste","country_code":"tl"},"osm_type":"node","osm_id":12558339953,"type":"village","location":[125.9695279,-8.800505],"bbox":[125.9495279,-8.820505,125.9895279,-8.780505]}
{"name":"Lauhata","display_name":"Lauhata, Bazartete, Likisá, Timor-Leste","address":{"village":"Lauhata","state_district":"Bazartete","state":"Likisá","ISO3166-2-lvl4":"TL-LI","country":"Timor-Leste","country_code":"tl"},"osm_type":"node","osm_id":699640689,"type":"village","location":[125.3543985,-8.5835067],"bbox":[125.3343985,-8.6035067,125.3743985,-8.5635067]}
{"name":"Laukfoan","display_name":"Laukfoan, Pante Macassar, Oe-Cusse Ambeno, Timor-Leste","address":{"village":"Laukfoan","state_district":"Pante Macassar","state":"Oe-Cusse Ambeno","ISO3166-2-lvl4":"TL-OE","country":"Timor-Leste","country_code":"tl"},"osm_type":"node","osm_id":1785382681,"type":"village","location":[124.44013,-9.3031],"bbox":[124.42013,-9.3231,124.46013,-9.2831]}
{"name":"Lebuhua","display_name":"Lebuhua, Cristo Rei, Dili, Timor-Leste","address":{"village":"Lebuhua","state_district":"Cristo Rei","state":"Dili","ISO3166-2-lvl4":"TL-DI","country":"Timor-Leste","country_code":"tl"},"osm_type":"node","osm_id":265889774,"type":"village","location":[125.62799,-8.60759],"bbox":[125.60799,-8.62759,125.64799,-8.58759]}
{"name":"Lebukuku","display_name":"Lebukuku, Aileu, Timor-Leste","address":{"village":"Lebukuku","state":"Aileu","ISO3166-2-lvl4":"TL-AL","country":"Timor-Leste","country_code":"tl"},"osm_type":"node","osm_id":265893167,"type":"village","location":[125.5997603,-8.6377967],"bbox":[125.5797603,-8.6577967,125.6197603,-8.6177967]}
{"name":"Llihuli","display_name":"Llihuli, Manatutu, Timor-Leste","address":{"village":"Llihuli","state_district":"Manatutu","state":"Manatutu","ISO3166-2-lvl4":"TL-MT","country":"Timor-Leste","country_code":"tl"},"osm_type":"node","osm_id":265877098,"type":"village","location":[125.9458428,-8.5387827],"bbox":[125.9258428,-8.5587827,125.9658428,-8.5187827]}
{"name":"Loihuno","display_name":"Loihuno, Ossu, Vikeke, Timor-Leste","address":{"village":"Loihuno","state_district":"Ossu","state":"Vikeke","ISO3166-2-lvl4":"TL-VI","country":"Timor-Leste","country_code":"tl"},"osm_type":"node","osm_id":494074867,"type":"village","location":[126.37587,-8.78147],"bbox":[126.35587,-8.80147,126.39587,-8.76147]}
{"name":"Lore","display_name":"Lore, Loré, Lautém, Timor-Leste","address":{"village":"Lore","state_district":"Loré","state":"Lautém","ISO3166-2-lvl4":"TL-LA","country":"Timor-Leste","country_code":"tl"},"osm_type":"node","osm_id":1785404059,"type":"village","location":[127.01944,-8.64306],"bbox":[126.99944,-8.66306,127.03944,-8.62306]}
{"name":"Loti","display_name":"Loti, Same, Manufahi, Timor-Leste","address":{"village":"Loti","state_district":"Same","state":"Manufahi","ISO3166-2-lvl4":"TL-MF","country":"Timor-Leste","country_code":"tl"},"osm_type":"node","osm_id":1295858177,"type":"village","location":[125.6894272,-9.0815837],"bbox":[125.6694272,-9.1015837,125.7094272,-9.0615837]}
{"name":"Luru","other_names":{"name:en":"Luro"},"display_name":"Luru, Lautém, Timor-Leste","address":{"village":"Luru","state_district":"Luru","state":"Lautém","ISO3166-2-lvl4":"TL-LA","country":"Timor-Leste","country_code":"tl"},"osm_type":"node","osm_id":1785440263,"type":"village","location":[126.83333,-8.51389],"bbox":[126.81333,-8.53389,126.85333,-8.49389]}
{"name":"Makadiki","display_name":"Makadiki, Watulari, Vikeke, Timor-Leste","address":{"village":"Makadiki","state_district":"Watulari","state":"Vikeke","ISO3166-2-lvl4":"TL-VI","country":"Timor-Leste","country_code":"tl"},"osm_type":"node","osm_id":1785404586,"type":"village","location":[126.51247,-8.84817],"bbox":[126.49247,-8.86817,126.53247,-8.82817]}
{"name":"Malarahu","display_name":"Malarahu, Manatutu, Timor-Leste","address":{"village":"Malarahu","state_district":"Manatutu","state":"Manatutu","ISO3166-2-lvl4":"TL-MT","country":"Timor-Leste","country_code":"tl"},"osm_type":"node","osm_id":265875126,"type":"village","location":[125.9977286,-8.5217218],"bbox":[125.9777286,-8.5417218,126.0177286,-8.5017218]}
{"name":"Manleu","display_name":"Manleu, Metinaro, Dili, Timor-Leste","address":{"village":"Manleu","state_district":"Metinaro","state":"Dili","ISO3166-2-lvl4":"TL-DI","country":"Timor-Leste","country_code":"tl"},"osm_type":"node","osm_id":265004631,"type":"village","location":[125.8230684,-8.4939533],"bbox":[125.8030684,-8.5139533,125.8430684,-8.4739533]}
{"name":"Matai","display_name":"Matai, Maukatar, Kova Lima, Timor-Leste","address":{"village":"Matai","state_district":"Maukatar","state":"Kova Lima","ISO3166-2-lvl4":"TL-CO","country":"Timor-Leste","country_code":"tl"},"osm_type":"node","osm_id":1785405571,"type":"village","location":[125.26553,-9.29967],"bbox":[125.24553,-9.31967,125.28553,-9.27967]}
{"name":"Matapati","display_name":"Matapati, Aileu, Timor-Leste","address":{"village":"Matapati","state":"Aileu","ISO3166-2-lvl4":"TL-AL","country":"Timor-Leste","country_code":"tl"},"osm_type":"node","osm_id":265896651,"type":"village","location":[125.57499,-8.6443],"bbox":[125.55499,-8.6643,125.59499,-8.6243]}
{"name":"Maununo","display_name":"Maununo, Ainaro, Ainaru, Timor-Leste","address":{"village":"Maununo","state_district":"Ainaro","state":"Ainaru","ISO3166-2-lvl4":"TL-AN","country":"Timor-Leste","country_code":"tl"},"osm_type":"node","osm_id":6860171716,"type":"village","location":[125.5415621,-9.1411694],"bbox":[125.5215621,-9.1611694,125.5615621,-9.1211694]}
{"name":"Mehara","other_names":{"name:ru":"Мехара"},"display_name":"Mehara, Tutuala, Lautém, Timor-Leste","address":{"village":"Mehara","state_district":"Tutuala","state":"Lautém","ISO3166-2-lvl4":"TL-LA","country":"Timor-Leste","country_code":"tl"},"osm_type":"node","osm_id":9838834585,"type":"village","location":[127.1903944,-8.3996537],"bbox":[127.1703944,-8.4196537,127.2103944,-8.3796537],"border":{"name":"Mehara","other_names":{"name:tet":"Mehara","name:ru":"Мехара"},"display_name":"Mehara, Tutuala, Lautém, Timor-Leste","address":{"village":"Mehara","state_district":"Tutuala","state":"Lautém","ISO3166-2-lvl4":"TL-LA","country":"Timor-Leste","country_code":"tl"},"osm_type":"relation","osm_id":14282121,"type":"administrative","location":[127.1903944,-8.3996537],"bbox":[127.1028595,-8.4405569,127.2178173,-8.334144]}}
{"name":"Nauleau","display_name":"Nauleau, Laklubar, Manatutu, Timor-Leste","address":{"village":"Nauleau","state_district":"Laklubar","state":"Manatutu","ISO3166-2-lvl4":"TL-MT","country":"Timor-Leste","country_code":"tl"},"osm_type":"node","osm_id":265000710,"type":"village","location":[125.9596187,-8.7546225],"bbox":[125.9396187,-8.7746225,125.9796187,-8.7346225]}
{"name":"Nefolete","display_name":"Nefolete, Nítibe, Oe-Cusse Ambeno, Timor-Leste","address":{"village":"Nefolete","state_district":"Nítibe","state":"Oe-Cusse Ambeno","ISO3166-2-lvl4":"TL-OE","country":"Timor-Leste","country_code":"tl"},"osm_type":"node","osm_id":1785382705,"type":"village","location":[124.24263,-9.3626799],"bbox":[124.22263,-9.3826799,124.26263,-9.3426799]}
{"display_name":"Nítibe, Oe-Cusse Ambeno, Timor-Leste","address":{"state_district":"Nítibe","state":"Oe-Cusse Ambeno","ISO3166-2-lvl4":"TL-OE","country":"Timor-Leste","country_code":"tl"},"osm_type":"node","osm_id":6185619780,"type":"village","location":[124.2008042,-9.3362893],"bbox":[124.1808042,-9.3562893,124.2208042,-9.3162893]}
{"display_name":"Nítibe, Oe-Cusse Ambeno, Timor-Leste","address":{"state_district":"Nítibe","state":"Oe-Cusse Ambeno","ISO3166-2-lvl4":"TL-OE","country":"Timor-Leste","country_code":"tl"},"osm_type":"node","osm_id":6187523678,"type":"village","location":[124.1584253,-9.3665871],"bbox":[124.1384253,-9.3865871,124.1784253,-9.3465871]}
{"name":"Noahluku","display_name":"Noahluku, Pante Macassar, Oe-Cusse Ambeno, Timor-Leste","address":{"village":"Noahluku","state_district":"Pante Macassar","state":"Oe-Cusse Ambeno","ISO3166-2-lvl4":"TL-OE","country":"Timor-Leste","country_code":"tl"},"osm_type":"node","osm_id":1785382724,"type":"village","location":[124.27152,-9.3092],"bbox":[124.25152,-9.3292,124.29152,-9.2892]}
{"name":"Noce","display_name":"Noce, Pante Macassar, Oe-Cusse Ambeno, Timor-Leste","address":{"village":"Noce","state_district":"Pante Macassar","state":"Oe-Cusse Ambeno","ISO3166-2-lvl4":"TL-OE","country":"Timor-Leste","country_code":"tl"},"osm_type":"node","osm_id":1785382726,"type":"village","location":[124.40294,-9.32003],"bbox":[124.38294,-9.34003,124.42294,-9.30003]}
{"name":"Nunputu","display_name":"Nunputu, Pante Macassar, Oe-Cusse Ambeno, Timor-Leste","address":{"village":"Nunputu","state_district":"Pante Macassar","state":"Oe-Cusse Ambeno","ISO3166-2-lvl4":"TL-OE","country":"Timor-Leste","country_code":"tl"},"osm_type":"node","osm_id":1785382745,"type":"village","location":[124.27045,-9.31527],"bbox":[124.25045,-9.33527,124.29045,-9.29527]}
{"name":"Oebaha","display_name":"Oebaha, Oe-Silu, Oe-Cusse Ambeno, Timor-Leste","address":{"village":"Oebaha","state_district":"Oe-Silu","state":"Oe-Cusse Ambeno","ISO3166-2-lvl4":"TL-OE","country":"Timor-Leste","country_code":"tl"},"osm_type":"node","osm_id":1785382752,"type":"village","location":[124.35139,-9.30417],"bbox":[124.33139,-9.32417,124.37139,-9.28417]}
{"name":"Oelkaen","display_name":"Oelkaen, Pante Macassar, Oe-Cusse Ambeno, Timor-Leste","address":{"village":"Oelkaen","state_district":"Pante Macassar","state":"Oe-Cusse Ambeno","ISO3166-2-lvl4":"TL-OE","country":"Timor-Leste","country_code":"tl"},"osm_type":"node","osm_id":1785382767,"type":"village","location":[124.27639,-9.30556],"bbox":[124.25639,-9.32556,124.29639,-9.28556]}
{"name":"Oelole","display_name":"Oelole, Oé-Cussi-Ambeno, Pante Macassar, Oe-Cusse Ambeno, Timor-Leste","address":{"village":"Oelole","county":"Oé-Cussi-Ambeno","state_district":"Pante Macassar","state":"Oe-Cusse Ambeno","ISO3166-2-lvl4":"TL-OE","country":"Timor-Leste","country_code":"tl"},"osm_type":"node","osm_id":1785382769,"type":"village","location":[124.36494,-9.28254],"bbox":[124.34494,-9.30254,124.38494,-9.26254]}
{"name":"Ogues","display_name":"Ogues, Maukatar, Kova Lima, Timor-Leste","address":{"village":"Ogues","state_district":"Maukatar","state":"Kova Lima","ISO3166-2-lvl4":"TL-CO","country":"Timor-Leste","country_code":"tl"},"osm_type":"node","osm_id":1785406679,"type":"village","location":[125.2320444,-9.291483],"bbox":[125.2120444,-9.311483,125.2520444,-9.271483]}
{"name":"Oloolo","display_name":"Oloolo, Bobonaro, Bobonaru, Timor-Leste","address":{"village":"Oloolo","state_district":"Bobonaro","state":"Bobonaru","ISO3166-2-lvl4":"TL-BO","country":"Timor-Leste","country_code":"tl"},"osm_type":"node","osm_id":1785406688,"type":"village","location":[125.36165,-9.07254],"bbox":[125.34165,-9.09254,125.38165,-9.05254]}
{"name":"Ossoala","display_name":"Ossoala, Vemasi, Baukau, Timor-Leste","address":{"village":"Ossoala","state_district":"Vemasi","state":"Baukau","ISO3166-2-lvl4":"TL-BA","country":"Timor-Leste","country_code":"tl"},"osm_type":"node","osm_id":6170353662,"type":"village","location":[126.299529,-8.6132287],"bbox":[126.279529,-8.6332287,126.319529,-8.5932287]}
{"name":"Osuun","display_name":"Osuun, Lakló, Manatutu, Timor-Leste","address":{"village":"Osuun","state_district":"Lakló","state":"Manatutu","ISO3166-2-lvl4":"TL-MT","country":"Timor-Leste","country_code":"tl"},"osm_type":"node","osm_id":265006421,"type":"village","location":[125.87929,-8.47724],"bbox":[125.85929,-8.49724,125.89929,-8.45724]}
{"name":"Pala","display_name":"Pala, Bikeli, Ataúru, Timor-Leste","address":{"village":"Pala","state_district":"Bikeli","state":"Ataúru","country":"Timor-Leste","country_code":"tl"},"osm_type":"node","osm_id":1785362832,"type":"village","location":[125.6321676,-8.1849269],"bbox":[125.6121676,-8.2049269,125.6521676,-8.1649269]}
{"name":"Pebago","display_name":"Pebago, Ainaro, Ainaru, Timor-Leste","address":{"village":"Pebago","state_district":"Ainaro","state":"Ainaru","ISO3166-2-lvl4":"TL-AN","country":"Timor-Leste","country_code":"tl"},"osm_type":"node","osm_id":6860171720,"type":"village","location":[125.5438254,-9.1340144],"bbox":[125.5238254,-9.1540144,125.5638254,-9.1140144]}
{"name":"Poasbot","display_name":"Poasbot, Pante Macassar, Oe-Cusse Ambeno, Timor-Leste","address":{"village":"Poasbot","state_district":"Pante Macassar","state":"Oe-Cusse Ambeno","ISO3166-2-lvl4":"TL-OE","country":"Timor-Leste","country_code":"tl"},"osm_type":"node","osm_id":1785382797,"type":"village","location":[124.2691,-9.30337],"bbox":[124.2491,-9.32337,124.2891,-9.28337]}
{"name":"Porlamano","display_name":"Porlamano, Mehara, Tutuala, Lautém, Timor-Leste","address":{"village":"Porlamano","state_district":"Tutuala","state":"Lautém","ISO3166-2-lvl4":"TL-LA","country":"Timor-Leste","country_code":"tl"},"osm_type":"node","osm_id":1785440267,"type":"village","location":[127.1897746,-8.4000451],"bbox":[127.1697746,-8.4200451,127.2097746,-8.3800451]}
{"name":"Posto Adminitrativo Quelicai","display_name":"Posto Adminitrativo Quelicai, Kelikai, Baukau, Timor-Leste","address":{"village":"Posto Adminitrativo Quelicai","state_district":"Kelikai","state":"Baukau","ISO3166-2-lvl4":"TL-BA","country":"Timor-Leste","country_code":"tl"},"osm_type":"node","osm_id":1785440270,"type":"village","location":[126.5597164,-8.6026504],"bbox":[126.5397164,-8.6226504,126.5797164,-8.5826504]}
{"name":"Queça-Mau","display_name":"Queça-Mau, Ainaro, Ainaru, Timor-Leste","address":{"village":"Queça-Mau","state_district":"Ainaro","state":"Ainaru","ISO3166-2-lvl4":"TL-AN","country":"Timor-Leste","country_code":"tl"},"osm_type":"node","osm_id":6860171715,"type":"village","location":[125.5309379,-9.0805396],"bbox":[125.5109379,-9.1005396,125.5509379,-9.0605396]}
{"name":"Railaco","display_name":"Railaco, Bazartete, Likisá, Timor-Leste","address":{"village":"Railaco","state_district":"Bazartete","state":"Likisá","ISO3166-2-lvl4":"TL-LI","country":"Timor-Leste","country_code":"tl"},"osm_type":"node","osm_id":910498477,"type":"village","location":[125.4412774,-8.642378],"bbox":[125.4212774,-8.662378,125.4612774,-8.622378]}
{"name":"Raimea","display_name":"Raimea, Zumalai, Kova Lima, Timor-Leste","address":{"village":"Raimea","state_district":"Zumalai","state":"Kova Lima","ISO3166-2-lvl4":"TL-CO","country":"Timor-Leste","country_code":"tl"},"osm_type":"node","osm_id":1785407319,"type":"village","location":[125.46184,-9.21153],"bbox":[125.44184,-9.23153,125.48184,-9.19153]}
{"name":"Redilaran","display_name":"Redilaran, Vera Cruz, Dili, Timor-Leste","address":{"village":"Redilaran","state_district":"Vera Cruz","state":"Dili","ISO3166-2-lvl4":"TL-DI","country":"Timor-Leste","country_code":"tl"},"osm_type":"node","osm_id":265885001,"type":"village","location":[125.5828569,-8.5760875],"bbox":[125.5628569,-8.5960875,125.6028569,-8.5560875]}
{"name":"Sarlala","display_name":"Sarlala, Aileu, Timor-Leste","address":{"village":"Sarlala","state_district":"Aileu","state":"Aileu","ISO3166-2-lvl4":"TL-AL","country":"Timor-Leste","country_code":"tl"},"osm_type":"node","osm_id":265897058,"type":"village","location":[125.5507877,-8.6739225],"bbox":[125.5307877,-8.6939225,125.5707877,-8.6539225]}
{"name":"Sede Aldeia Casamou","display_name":"Sede Aldeia Casamou, Aileu, Timor-Leste","address":{"village":"Sede Aldeia Casamou","state_district":"Aileu","state":"Aileu","ISO3166-2-lvl4":"TL-AL","country":"Timor-Leste","country_code":"tl"},"osm_type":"way","osm_id":1083640765,"type":"village","location":[125.52286892821502,-8.71933515],"bbox":[125.5228078,-8.7193908,125.5229276,-8.719283]}
{"name":"Sede Aldeia Hatulai","display_name":"Sede Aldeia Hatulai, Aileu, Timor-Leste","address":{"village":"Sede Aldeia Hatulai","state_district":"Aileu","state":"Aileu","ISO3166-2-lvl4":"TL-AL","country":"Timor-Leste","country_code":"tl"},"osm_type":"node","osm_id":9931869544,"type":"village","location":[125.4765527,-8.7928426],"bbox":[125.4565527,-8.8128426,125.4965527,-8.7728426]}
{"name":"Sede Suco Hoholau","display_name":"Sede Suco Hoholau, sentiero, Acolimamate, Sede Suco Hoholau, Aileu, Timor-Leste","address":{"office":"Sede Suco Hoholau","road":"sentiero","hamlet":"Acolimamate","village":"Sede Suco Hoholau","state_district":"Aileu","state":"Aileu","ISO3166-2-lvl4":"TL-AL","country":"Timor-Leste","country_code":"tl"},"osm_type":"node","osm_id":11582381331,"type":"government","location":[125.4954421,-8.7548857],"bbox":[125.4953921,-8.7549357,125.4954921,-8.7548357]}
{"name":"Sede Suco LAISOROLAI DE BAIXO","display_name":"Sede Suco LAISOROLAI DE BAIXO, Kelikai, Baukau, Timor-Leste","address":{"village":"Sede Suco LAISOROLAI DE BAIXO","state_district":"Kelikai","state":"Baukau","ISO3166-2-lvl4":"TL-BA","country":"Timor-Leste","country_code":"tl"},"population":1200,"osm_type":"node","osm_id":6880166363,"type":"village","location":[126.5337897,-8.6564259],"bbox":[126.5137897,-8.6764259,126.5537897,-8.6364259]}
{"name":"Sede Suco Laisorolai De Cima","display_name":"Sede Suco Laisorolai De Cima, Kelikai, Baukau, Timor-Leste","address":{"village":"Sede Suco Laisorolai De Cima","state_district":"Kelikai","state":"Baukau","ISO3166-2-lvl4":"TL-BA","country":"Timor-Leste","country_code":"tl"},"osm_type":"node","osm_id":6880166362,"type":"village","location":[126.5340472,-8.6563252],"bbox":[126.5140472,-8.6763252,126.5540472,-8.6363252]}
{"name":"Sede Suku Goulolo","display_name":"Sede Suku Goulolo, Cailaco, Bobonaru, Timor-Leste","address":{"village":"Sede Suku Goulolo","state_district":"Cailaco","state":"Bobonaru","ISO3166-2-lvl4":"TL-BO","country":"Timor-Leste","country_code":"tl"},"osm_type":"node","osm_id":10668110731,"type":"village","location":[125.3048932,-8.9162774],"bbox":[125.2848932,-8.9362774,125.3248932,-8.8962774]}
{"name":"Sedesuku Iliomar II","display_name":"Sedesuku Iliomar II, Iliomar, Lautém, Timor-Leste","address":{"village":"Sedesuku Iliomar II","state_district":"Iliomar","state":"Lautém","ISO3166-2-lvl4":"TL-LA","country":"Timor-Leste","country_code":"tl"},"osm_type":"node","osm_id":12466843389,"type":"village","location":[126.8280726,-8.7234296],"bbox":[126.8080726,-8.7434296,126.8480726,-8.7034296]}
{"display_name":"Soibada, Manatutu, Timor-Leste","address":{"state_district":"Soibada","state":"Manatutu","ISO3166-2-lvl4":"TL-MT","country":"Timor-Leste","country_code":"tl"},"osm_type":"node","osm_id":12558340075,"type":"village","location":[125.9843123,-8.825595],"bbox":[125.9643123,-8.845595,126.0043123,-8.805595]}
{"display_name":"Suai, Kova Lima, Timor-Leste","address":{"state_district":"Suai","state":"Kova Lima","ISO3166-2-lvl4":"TL-CO","country":"Timor-Leste","country_code":"tl"},"osm_type":"node","osm_id":6287293887,"type":"village","location":[125.3734445,-9.2195937],"bbox":[125.3534445,-9.2395937,125.3934445,-9.1995937]}
{"display_name":"Suai, Kova Lima, Timor-Leste","address":{"state_district":"Suai","state":"Kova Lima","ISO3166-2-lvl4":"TL-CO","country":"Timor-Leste","country_code":"tl"},"osm_type":"node","osm_id":6258950810,"type":"village","location":[125.3187268,-9.2728829],"bbox":[125.2987268,-9.2928829,125.3387268,-9.2528829]}
{"display_name":"Suai, Kova Lima, Timor-Leste","address":{"state_district":"Suai","state":"Kova Lima","ISO3166-2-lvl4":"TL-CO","country":"Timor-Leste","country_code":"tl"},"osm_type":"node","osm_id":6297345697,"type":"village","location":[125.3662965,-9.1524426],"bbox":[125.3462965,-9.1724426,125.3862965,-9.1324426]}
{"name":"Subau","display_name":"Subau, Lakló, Manatutu, Timor-Leste","address":{"village":"Subau","state_district":"Lakló","state":"Manatutu","ISO3166-2-lvl4":"TL-MT","country":"Timor-Leste","country_code":"tl"},"osm_type":"node","osm_id":265875117,"type":"village","location":[125.92341,-8.48082],"bbox":[125.90341,-8.50082,125.94341,-8.46082]}
{"name":"Suco Bobocase","display_name":"Suco Bobocase, Oé-Cussi-Ambeno, Pante Macassar, Oe-Cusse Ambeno, Timor-Leste","address":{"village":"Suco Bobocase","county":"Oé-Cussi-Ambeno","state_district":"Pante Macassar","state":"Oe-Cusse Ambeno","ISO3166-2-lvl4":"TL-OE","country":"Timor-Leste","country_code":"tl"},"osm_type":"node","osm_id":11210429477,"type":"village","location":[124.3704933,-9.2790482],"bbox":[124.3504933,-9.2990482,124.3904933,-9.2590482]}
{"name":"Suco Naimeko","display_name":"Suco Naimeko, Oé-Cussi-Ambeno, Pante Macassar, Oe-Cusse Ambeno, Timor-Leste","address":{"village":"Suco Naimeko","county":"Oé-Cussi-Ambeno","state_district":"Pante Macassar","state":"Oe-Cusse Ambeno","ISO3166-2-lvl4":"TL-OE","country":"Timor-Leste","country_code":"tl"},"osm_type":"node","osm_id":11210429476,"type":"village","location":[124.3514851,-9.2824961],"bbox":[124.3314851,-9.3024961,124.3714851,-9.2624961]}
{"name":"Talitu","display_name":"Talitu, Aileu, Timor-Leste","address":{"village":"Talitu","state":"Aileu","ISO3166-2-lvl4":"TL-AL","country":"Timor-Leste","country_code":"tl"},"osm_type":"node","osm_id":265889551,"type":"village","location":[125.61449,-8.61051],"bbox":[125.59449,-8.63051,125.63449,-8.59051]}
{"name":"Tancae","display_name":"Tancae, Cristo Rei, Dili, Timor-Leste","address":{"village":"Tancae","state_district":"Cristo Rei","state":"Dili","ISO3166-2-lvl4":"TL-DI","country":"Timor-Leste","country_code":"tl"},"osm_type":"node","osm_id":265887136,"type":"village","location":[125.5999355,-8.5979332],"bbox":[125.5799355,-8.6179332,125.6199355,-8.5779332]}
{"name":"Taroman","display_name":"Taroman, Fatu-Lulik, Kova Lima, Timor-Leste","address":{"village":"Taroman","state_district":"Fatu-Lulik","state":"Kova Lima","ISO3166-2-lvl4":"TL-CO","country":"Timor-Leste","country_code":"tl"},"osm_type":"node","osm_id":1785408431,"type":"village","location":[125.179461,-9.1987011],"bbox":[125.159461,-9.2187011,125.199461,-9.1787011]}
{"name":"Tashilin","display_name":"Tashilin, Zumalai, Kova Lima, Timor-Leste","address":{"village":"Tashilin","state_district":"Zumalai","state":"Kova Lima","ISO3166-2-lvl4":"TL-CO","country":"Timor-Leste","country_code":"tl"},"osm_type":"node","osm_id":1785408435,"type":"village","location":[125.4187317,-9.1979823],"bbox":[125.3987317,-9.2179823,125.4387317,-9.1779823]}
{"name":"Turiskai","other_names":{"name:en":"Turiscai"},"display_name":"Turiskai, Manufahi, Timor-Leste","address":{"village":"Turiskai","state_district":"Turiskai","state":"Manufahi","ISO3166-2-lvl4":"TL-MF","country":"Timor-Leste","country_code":"tl"},"osm_type":"node","osm_id":1785440277,"type":"village","location":[125.70833,-8.82257],"bbox":[125.68833,-8.84257,125.72833,-8.80257]}
{"name":"Umaboku","other_names":{"name:en":"Uma Boco"},"display_name":"Umaboku, Barike, Manatutu, Timor-Leste","address":{"village":"Umaboku","state_district":"Barike","state":"Manatutu","ISO3166-2-lvl4":"TL-MT","country":"Timor-Leste","country_code":"tl"},"osm_type":"node","osm_id":9830197352,"type":"village","location":[126.0442527,-8.975796],"bbox":[126.0242527,-8.995796,126.0642527,-8.955796]}
{"name":"Umanaruk","display_name":"Umanaruk, Lakló, Manatutu, Timor-Leste","address":{"village":"Umanaruk","state_district":"Lakló","state":"Manatutu","ISO3166-2-lvl4":"TL-MT","country":"Timor-Leste","country_code":"tl"},"osm_type":"node","osm_id":1785409319,"type":"village","location":[125.9188229,-8.5555015],"bbox":[125.8988229,-8.5755015,125.9388229,-8.5355015]}
{"name":"Urupadan","display_name":"Urupadan, Lekidoe, Aileu, Timor-Leste","address":{"village":"Urupadan","state_district":"Lekidoe","state":"Aileu","ISO3166-2-lvl4":"TL-AL","country":"Timor-Leste","country_code":"tl"},"osm_type":"node","osm_id":1785409397,"type":"village","location":[125.66867,-8.71235],"bbox":[125.64867,-8.73235,125.68867,-8.69235]}
{"name":"Watucarbau","other_names":{"name:en":"Uatucarbau"},"display_name":"Watucarbau, Vikeke, Timor-Leste","address":{"village":"Watucarbau","state_district":"Watucarbau","state":"Vikeke","ISO3166-2-lvl4":"TL-VI","country":"Timor-Leste","country_code":"tl"},"osm_type":"node","osm_id":1785440278,"type":"village","location":[126.6848,-8.75708],"bbox":[126.6648,-8.77708,126.7048,-8.73708]}
{"name":"Welaluhu","display_name":"Welaluhu, Fatu-Berliu, Manufahi, Timor-Leste","address":{"village":"Welaluhu","state_district":"Fatu-Berliu","state":"Manufahi","ISO3166-2-lvl4":"TL-MF","country":"Timor-Leste","country_code":"tl"},"osm_type":"node","osm_id":1785409570,"type":"village","location":[125.99593,-9.02915],"bbox":[125.97593,-9.04915,126.01593,-9.00915]}
{"display_name":"Zumalai, Kova Lima, Timor-Leste","address":{"state_district":"Zumalai","state":"Kova Lima","ISO3166-2-lvl4":"TL-CO","country":"Timor-Leste","country_code":"tl"},"osm_type":"node","osm_id":6315438547,"type":"village","location":[125.4448342,-9.122738],"bbox":[125.4248342,-9.142738,125.4648342,-9.102738]}
