{"name":"Aileu","other_names":{"name:el":"Αϊλέου","name:en":"Aileu","name:fa":"ایلئو","name:he":"אילאו","name:hy":"Աիլեու","name:ja":"アイレウ","name:ko":"아일레우","name:ru":"Айлеу","name:uk":"Айлеу","name:ur":"آئلیو","name:zh":"艾萊烏"},"display_name":"Aileu, Timor-Leste","address":{"town":"Aileu","state_district":"Aileu","state":"Aileu","ISO3166-2-lvl4":"TL-AL","country":"Timor-Leste","country_code":"tl"},"population":17326,"osm_type":"node","osm_id":265911791,"type":"town","location":[125.566089,-8.727963],"bbox":[125.526089,-8.767963,125.606089,-8.687963]}
{"name":"Ainaro","other_names":{"name:ar":"أينارو","name:fa":"اینارو","name:he":"איינרו","name:ja":"アイナロ","name:ko":"아이나루","name:ru":"Айнару","name:ur":"آئنارو","name:zh":"阿伊納羅"},"display_name":"Ainaro, Ainaru, Timor-Leste","address":{"town":"Ainaro","state_district":"Ainaro","state":"Ainaru","ISO3166-2-lvl4":"TL-AN","country":"Timor-Leste","country_code":"tl"},"population":14000,"osm_type":"node","osm_id":265920664,"type":"town","location":[125.50482,-8.9969021],"bbox":[125.46482,-9.0369021,125.54482,-8.9569021]}
{"name":"Alas","display_name":"Alas, Manufahi, Timor-Leste","address":{"town":"Alas","state_district":"Alas","state":"Manufahi","ISO3166-2-lvl4":"TL-MF","country":"Timor-Leste","country_code":"tl"},"osm_type":"node","osm_id":1785440233,"type":"town","location":[125.78933,-9.02025],"bbox":[125.74933,-9.06025,125.82933,-8.98025]}
{"name":"Atabae","display_name":"Atabae, Bobonaru, Timor-Leste","address":{"town":"Atabae","state_district":"Atabae","state":"Bobonaru","ISO3166-2-lvl4":"TL-BO","country":"Timor-Leste","country_code":"tl"},"osm_type":"node","osm_id":1785440238,"type":"town","location":[125.15509,-8.81532],"bbox":[125.11509,-8.85532,125.19509,-8.77532]}
{"name":"Atsabe","display_name":"Atsabe, Ermera, Timor-Leste","address":{"town":"Atsabe","state_district":"Atsabe","state":"Ermera","ISO3166-2-lvl4":"TL-ER","country":"Timor-Leste","country_code":"tl"},"osm_type":"node","osm_id":1785440239,"type":"town","location":[125.3978,-8.92457],"bbox":[125.3578,-8.96457,125.4378,-8.88457]}
{"name":"Baiquenilab","display_name":"Baiquenilab, Maubara, Likisá, Timor-Leste","address":{"town":"Baiquenilab","state_district":"Maubara","state":"Likisá","ISO3166-2-lvl4":"TL-LI","country":"Timor-Leste","country_code":"tl"},"osm_type":"node","osm_id":1785400386,"type":"town","location":[125.2101097,-8.657199],"bbox":[125.1701097,-8.697199,125.2501097,-8.617199]}
{"name":"Balibó","display_name":"Balibó, Balibo, Bobonaru, Timor-Leste","address":{"town":"Balibó","state_district":"Balibo","state":"Bobonaru","ISO3166-2-lvl4":"TL-BO","country":"Timor-Leste","country_code":"tl"},"osm_type":"node","osm_id":265916555,"type":"town","location":[125.0405981,-8.968681],"bbox":[125.0005981,-9.008681,125.0805981,-8.928681]}
{"name":"Barique","display_name":"Barique, Barike, Manatutu, Timor-Leste","address":{"town":"Barique","state_district":"Barike","state":"Manatutu","ISO3166-2-lvl4":"TL-MT","country":"Timor-Leste","country_code":"tl"},"osm_type":"node","osm_id":1785440242,"type":"town","location":[126.06213,-8.84661],"bbox":[126.02213,-8.88661,126.10213,-8.80661]}
{"name":"Batugade","display_name":"Batugade, Balibo, Bobonaru, Timor-Leste","address":{"town":"Batugade","state_district":"Balibo","state":"Bobonaru","ISO3166-2-lvl4":"TL-BO","country":"Timor-Leste","country_code":"tl"},"osm_type":"node","osm_id":265916613,"type":"town","location":[124.9726367,-8.947154],"bbox":[124.9326367,-8.987154,125.0126367,-8.907154]}
{"name":"Baucau","other_names":{"name:ar":"باكاو","name:el":"Μπαουκάου","name:fa":"بائوکائو","name:he":"באוקאו","name:hy":"Բաուկաու","name:ja":"バウカウ","name:ko":"바우카우","name:lt":"Baukau","name:ru":"Баукау","name:uk":"Баукау","name:ur":"باوکاو","name:zh":"包考","alt_name":"Baukau"},"display_name":"Baucau, Baukau, Timor-Leste","address":{"town":"Baucau","state_district":"Baukau","state":"Baukau","ISO3166-2-lvl4":"TL-BA","country":"Timor-Leste","country_code":"tl"},"population":14961,"osm_type":"node","osm_id":1013912389,"type":"town","location":[126.4585621,-8.4650462],"bbox":[126.4185621,-8.5050462,126.4985621,-8.4250462]}
{"name":"Bauro","other_names":{"name:ru":"Бауро"},"display_name":"Bauro, Lospalos, Lautém, Timor-Leste","address":{"town":"Bauro","state_district":"Lospalos","state":"Lautém","ISO3166-2-lvl4":"TL-LA","country":"Timor-Leste","country_code":"tl"},"osm_type":"node","osm_id":493345653,"type":"town","location":[127.006,-8.44222],"bbox":[126.966,-8.48222,127.046,-8.40222]}
{"name":"Bazartete","other_names":{"name:hi":"बज़ारतेते"},"display_name":"Bazartete, Likisá, Timor-Leste","address":{"town":"Bazartete","state_district":"Bazartete","state":"Likisá","ISO3166-2-lvl4":"TL-LI","country":"Timor-Leste","country_code":"tl"},"osm_type":"node","osm_id":897256248,"type":"town","location":[125.3833265,-8.6261058],"bbox":[125.3433265,-8.6661058,125.4233265,-8.5861058]}
{"name":"Besatoko","display_name":"Besatoko, Pásabe, Oe-Cusse Ambeno, Timor-Leste","address":{"town":"Besatoko","state_district":"Pásabe","state":"Oe-Cusse Ambeno","ISO3166-2-lvl4":"TL-OE","country":"Timor-Leste","country_code":"tl"},"osm_type":"node","osm_id":1785382515,"type":"town","location":[124.29849,-9.44196],"bbox":[124.25849,-9.48196,124.33849,-9.40196]}
{"name":"Bobonaro","display_name":"Bobonaro, Bobonaru, Timor-Leste","address":{"town":"Bobonaro","state_district":"Bobonaro","state":"Bobonaru","ISO3166-2-lvl4":"TL-BO","country":"Timor-Leste","country_code":"tl"},"osm_type":"node","osm_id":1785440244,"type":"town","location":[125.32401,-9.03434],"bbox":[125.28401,-9.07434,125.36401,-8.99434]}
{"name":"Cailaco","display_name":"Cailaco, Bobonaru, Timor-Leste","address":{"town":"Cailaco","state_district":"Cailaco","state":"Bobonaru","ISO3166-2-lvl4":"TL-BO","country":"Timor-Leste","country_code":"tl"},"osm_type":"node","osm_id":1788970613,"type":"town","location":[125.2839287,-8.8994699],"bbox":[125.2439287,-8.9394699,125.3239287,-8.8594699]}
{"name":"Ermera","other_names":{"name:ja":"エルメラ"},"display_name":"Ermera, Timor-Leste","address":{"town":"Ermera","state_district":"Ermera","state":"Ermera","ISO3166-2-lvl4":"TL-ER","country":"Timor-Leste","country_code":"tl"},"population":8907,"osm_type":"node","osm_id":1785401076,"type":"town","location":[125.3955478,-8.7521023],"bbox":[125.3555478,-8.7921023,125.4355478,-8.7121023]}
{"name":"Fahi-Soi","display_name":"Fahi-Soi, Remexio, Aileu, Timor-Leste","address":{"town":"Fahi-Soi","state_district":"Remexio","state":"Aileu","ISO3166-2-lvl4":"TL-AL","country":"Timor-Leste","country_code":"tl"},"osm_type":"node","osm_id":5740058036,"type":"town","location":[125.6445576,-8.6663043],"bbox":[125.6045576,-8.7063043,125.6845576,-8.6263043]}
{"name":"Fatuberliu","display_name":"Fatuberliu, Fatu-Berliu, Manufahi, Timor-Leste","address":{"town":"Fatuberliu","state_district":"Fatu-Berliu","state":"Manufahi","ISO3166-2-lvl4":"TL-MF","country":"Timor-Leste","country_code":"tl"},"osm_type":"node","osm_id":1785440246,"type":"town","location":[125.87997,-8.94561],"bbox":[125.83997,-8.98561,125.91997,-8.90561]}
{"name":"Hatólia","other_names":{"alt_name":"Hatu Lia;Hatu-Lia"},"display_name":"Hatólia, Hatulia, Ermera, Timor-Leste","address":{"town":"Hatólia","state_district":"Hatulia","state":"Ermera","ISO3166-2-lvl4":"TL-ER","country":"Timor-Leste","country_code":"tl"},"osm_type":"node","osm_id":1785440250,"type":"town","location":[125.31787,-8.81187],"bbox":[125.27787,-8.85187,125.35787,-8.77187]}
{"name":"Hatu-Builico","display_name":"Hatu-Builico, Ainaru, Timor-Leste","address":{"town":"Hatu-Builico","state_district":"Hatu-Builico","state":"Ainaru","ISO3166-2-lvl4":"TL-AN","country":"Timor-Leste","country_code":"tl"},"osm_type":"node","osm_id":1785440251,"type":"town","location":[125.51868,-8.89345],"bbox":[125.47868,-8.93345,125.55868,-8.85345]}
{"name":"Iliomar","other_names":{"name:en":"Iliomar"},"display_name":"Iliomar, Lautém, Timor-Leste","address":{"town":"Iliomar","state_district":"Iliomar","state":"Lautém","ISO3166-2-lvl4":"TL-LA","country":"Timor-Leste","country_code":"tl"},"osm_type":"node","osm_id":1785440253,"type":"town","location":[126.828,-8.7099],"bbox":[126.788,-8.7499,126.868,-8.6699]}
{"name":"Kelikai","other_names":{"name:en":"Quelicai","alt_name":"Quelicai Vila"},"display_name":"Kelikai, Baukau, Timor-Leste","address":{"town":"Kelikai","state_district":"Kelikai","state":"Baukau","ISO3166-2-lvl4":"TL-BA","country":"Timor-Leste","country_code":"tl"},"osm_type":"node","osm_id":1785407107,"type":"town","location":[126.6038426,-8.5466663],"bbox":[126.5638426,-8.5866663,126.6438426,-8.5066663]}
{"name":"Laga","display_name":"Laga, Baukau, Timor-Leste","address":{"town":"Laga","state_district":"Laga","state":"Baukau","ISO3166-2-lvl4":"TL-BA","country":"Timor-Leste","country_code":"tl"},"osm_type":"node","osm_id":493479411,"type":"town","location":[126.597,-8.47222],"bbox":[126.557,-8.51222,126.637,-8.43222]}
{"name":"Laklubar","other_names":{"name:en":"Laclubar"},"display_name":"Laklubar, Manatutu, Timor-Leste","address":{"town":"Laklubar","state_district":"Laklubar","state":"Manatutu","ISO3166-2-lvl4":"TL-MT","country":"Timor-Leste","country_code":"tl"},"osm_type":"node","osm_id":1785440255,"type":"town","location":[125.91031,-8.7457],"bbox":[125.87031,-8.7857,125.95031,-8.7057]}
{"name":"Laleia","display_name":"Laleia, Manatutu, Timor-Leste","address":{"town":"Laleia","state_district":"Laleia","state":"Manatutu","ISO3166-2-lvl4":"TL-MT","country":"Timor-Leste","country_code":"tl"},"osm_type":"node","osm_id":494074917,"type":"town","location":[126.1644161,-8.5380827],"bbox":[126.1244161,-8.5780827,126.2044161,-8.4980827]}
{"name":"Laulara","display_name":"Laulara, Aileu, Timor-Leste","address":{"town":"Laulara","state":"Aileu","ISO3166-2-lvl4":"TL-AL","country":"Timor-Leste","country_code":"tl"},"osm_type":"node","osm_id":1785440258,"type":"town","location":[125.5944,-8.60369],"bbox":[125.5544,-8.64369,125.6344,-8.56369]}
{"name":"Letefoho","display_name":"Letefoho, Ermera, Timor-Leste","address":{"town":"Letefoho","state_district":"Letefoho","state":"Ermera","ISO3166-2-lvl4":"TL-ER","country":"Timor-Leste","country_code":"tl"},"osm_type":"node","osm_id":1785440260,"type":"town","location":[125.42614,-8.83399],"bbox":[125.38614,-8.87399,125.46614,-8.79399]}
{"name":"Liquidoe","display_name":"Liquidoe, Lekidoe, Aileu, Timor-Leste","address":{"town":"Liquidoe","state_district":"Lekidoe","state":"Aileu","ISO3166-2-lvl4":"TL-AL","country":"Timor-Leste","country_code":"tl"},"osm_type":"node","osm_id":1785440261,"type":"town","location":[125.63678,-8.69162],"bbox":[125.59678,-8.73162,125.67678,-8.65162]}
{"name":"Lolotoe","other_names":{"alt_name":"Lolotoi"},"display_name":"Lolotoe, Bobonaru, Timor-Leste","address":{"town":"Lolotoe","state_district":"Lolotoe","state":"Bobonaru","ISO3166-2-lvl4":"TL-BO","country":"Timor-Leste","country_code":"tl"},"osm_type":"node","osm_id":1785440262,"type":"town","location":[125.2707117,-9.1640835],"bbox":[125.2307117,-9.2040835,125.3107117,-9.1240835]}
{"name":"Lospalos","other_names":{"name:ja":"ロスパロス","name:ko":"로스팔루스","name:ru":"Лос Палос","name:uk":"Лоспалос","name:ur":"لوسپالوس","name:zh":"聖保羅"},"display_name":"Lospalos, Lautém, Timor-Leste","address":{"town":"Lospalos","state_district":"Lospalos","state":"Lautém","ISO3166-2-lvl4":"TL-LA","country":"Timor-Leste","country_code":"tl"},"population":28000,"osm_type":"node","osm_id":493345649,"type":"town","location":[126.9987085,-8.5219841],"bbox":[126.9587085,-8.5619841,127.0387085,-8.4819841]}
{"name":"Maliana","other_names":{"name:ja":"マリアナ"},"display_name":"Maliana, Bobonaru, Timor-Leste","address":{"town":"Maliana","state_district":"Maliana","state":"Bobonaru","ISO3166-2-lvl4":"TL-BO","country":"Timor-Leste","country_code":"tl"},"population":22000,"osm_type":"node","osm_id":1785440264,"type":"town","location":[125.203312,-8.9911326],"bbox":[125.163312,-9.0311326,125.243312,-8.9511326]}
{"name":"Manatutu","other_names":{"name:ar":"ماناتوتو","name:de":"Manatuto","name:en":"Manatuto","name:ja":"マナトゥト","name:ko":"마나투투","name:ru":"Манатуту","name:uk":"Манатуту","name:ur":"ماناتوتو","name:zh":"馬納圖托","alt_name":"Manaluto"},"display_name":"Manatutu, Timor-Leste","address":{"town":"Manatutu","state_district":"Manatutu","state":"Manatutu","ISO3166-2-lvl4":"TL-MT","country":"Timor-Leste","country_code":"tl"},"population":12000,"osm_type":"node","osm_id":262313641,"type":"town","location":[126.01372,-8.51076],"bbox":[125.97372,-8.55076,126.05372,-8.47076]}
{"name":"Maubara","other_names":{"name:zh":"毛巴拉"},"display_name":"Maubara, Likisá, Timor-Leste","address":{"town":"Maubara","state_district":"Maubara","state":"Likisá","ISO3166-2-lvl4":"TL-LI","country":"Timor-Leste","country_code":"tl"},"osm_type":"node","osm_id":265922237,"type":"town","location":[125.2061737,-8.6129599],"bbox":[125.1661737,-8.6529599,125.2461737,-8.5729599]}
{"name":"Maubisse","display_name":"Maubisse, Ainaru, Timor-Leste","address":{"town":"Maubisse","state_district":"Maubisse","state":"Ainaru","ISO3166-2-lvl4":"TL-AN","country":"Timor-Leste","country_code":"tl"},"osm_type":"node","osm_id":699628985,"type":"town","location":[125.59781,-8.8377],"bbox":[125.55781,-8.8777,125.63781,-8.7977]}
{"name":"Metinaro","display_name":"Metinaro, Dili, Timor-Leste","address":{"town":"Metinaro","state_district":"Metinaro","state":"Dili","ISO3166-2-lvl4":"TL-DI","country":"Timor-Leste","country_code":"tl"},"osm_type":"node","osm_id":1785440268,"type":"town","location":[125.7410215,-8.5297406],"bbox":[125.7010215,-8.5697406,125.7810215,-8.4897406]}
{"name":"Nitibe","display_name":"Nitibe, Nítibe, Oe-Cusse Ambeno, Timor-Leste","address":{"town":"Nitibe","state_district":"Nítibe","state":"Oe-Cusse Ambeno","ISO3166-2-lvl4":"TL-OE","country":"Timor-Leste","country_code":"tl"},"osm_type":"node","osm_id":1785382722,"type":"town","location":[124.22979,-9.34499],"bbox":[124.18979,-9.38499,124.26979,-9.30499]}
{"name":"Oesilo","display_name":"Oesilo, Oe-Silu, Oe-Cusse Ambeno, Timor-Leste","address":{"town":"Oesilo","state_district":"Oe-Silu","state":"Oe-Cusse Ambeno","ISO3166-2-lvl4":"TL-OE","country":"Timor-Leste","country_code":"tl"},"osm_type":"node","osm_id":1785382779,"type":"town","location":[124.37928,-9.34819],"bbox":[124.33928,-9.38819,124.41928,-9.30819]}
{"name":"Ossu","display_name":"Ossu, Vikeke, Timor-Leste","address":{"town":"Ossu","state_district":"Ossu","state":"Vikeke","ISO3166-2-lvl4":"TL-VI","country":"Timor-Leste","country_code":"tl"},"osm_type":"node","osm_id":494074926,"type":"town","location":[126.373,-8.73778],"bbox":[126.333,-8.77778,126.413,-8.69778]}
{"name":"Pásabe","other_names":{"name:en":"Passabe"},"display_name":"Pásabe, Oe-Cusse Ambeno, Timor-Leste","address":{"town":"Pásabe","state_district":"Pásabe","state":"Oe-Cusse Ambeno","ISO3166-2-lvl4":"TL-OE","country":"Timor-Leste","country_code":"tl"},"osm_type":"node","osm_id":1785382790,"type":"town","location":[124.34481,-9.46294],"bbox":[124.30481,-9.50294,124.38481,-9.42294]}
{"name":"Railaco","other_names":{"alt_name":"Railako"},"display_name":"Railaco, Ermera, Timor-Leste","address":{"town":"Railaco","state_district":"Railaco","state":"Ermera","ISO3166-2-lvl4":"TL-ER","country":"Timor-Leste","country_code":"tl"},"osm_type":"node","osm_id":1785440271,"type":"town","location":[125.42944,-8.66712],"bbox":[125.38944,-8.70712,125.46944,-8.62712]}
{"name":"Remesiu","other_names":{"name:en":"Remexio"},"display_name":"Remesiu, Remexio, Aileu, Timor-Leste","address":{"town":"Remesiu","state_district":"Remexio","state":"Aileu","ISO3166-2-lvl4":"TL-AL","country":"Timor-Leste","country_code":"tl"},"osm_type":"node","osm_id":1785440272,"type":"town","location":[125.66626,-8.61549],"bbox":[125.62626,-8.65549,125.70626,-8.57549]}
{"name":"Same","other_names":{"name:ja":"サメ"},"display_name":"Same, Manufahi, Timor-Leste","address":{"town":"Same","state_district":"Same","state":"Manufahi","ISO3166-2-lvl4":"TL-MF","country":"Timor-Leste","country_code":"tl"},"population":25000,"osm_type":"node","osm_id":1785440273,"type":"town","location":[125.64777,-9.00362],"bbox":[125.60777,-9.04362,125.68777,-8.96362]}
{"name":"Soibada","display_name":"Soibada, Manatutu, Timor-Leste","address":{"town":"Soibada","state_district":"Soibada","state":"Manatutu","ISO3166-2-lvl4":"TL-MT","country":"Timor-Leste","country_code":"tl"},"osm_type":"node","osm_id":1785440274,"type":"town","location":[125.93665,-8.86051],"bbox":[125.89665,-8.90051,125.97665,-8.82051]}
{"name":"Somoco","display_name":"Somoco, Lospalos, Lautém, Timor-Leste","address":{"town":"Somoco","state_district":"Lospalos","state":"Lautém","ISO3166-2-lvl4":"TL-LA","country":"Timor-Leste","country_code":"tl"},"osm_type":"node","osm_id":493345650,"type":"town","location":[127.08112,-8.4276489],"bbox":[127.04112,-8.4676489,127.12112,-8.3876489]}
{"name":"Suai","other_names":{"name:ja":"スアイ","name:zh":"蘇艾"},"display_name":"Suai, Kova Lima, Timor-Leste","address":{"town":"Suai","state_district":"Suai","state":"Kova Lima","ISO3166-2-lvl4":"TL-CO","country":"Timor-Leste","country_code":"tl"},"population":23000,"osm_type":"node","osm_id":1785440275,"type":"town","location":[125.25458,-9.3097],"bbox":[125.21458,-9.3497,125.29458,-9.2697]}
{"name":"Tilomar","display_name":"Tilomar, Tilomár, Kova Lima, Timor-Leste","address":{"town":"Tilomar","state_district":"Tilomár","state":"Kova Lima","ISO3166-2-lvl4":"TL-CO","country":"Timor-Leste","country_code":"tl"},"osm_type":"node","osm_id":1785440276,"type":"town","location":[125.11447,-9.34046],"bbox":[125.07447,-9.38046,125.15447,-9.30046]}
{"name":"Turiscai","display_name":"Turiscai, Aileu, Timor-Leste","address":{"town":"Turiscai","state":"Aileu","ISO3166-2-lvl4":"TL-AL","country":"Timor-Leste","country_code":"tl"},"osm_type":"node","osm_id":265893208,"type":"town","location":[125.5931746,-8.6424354],"bbox":[125.5531746,-8.6824354,125.6331746,-8.6024354]}
{"name":"Umanaruk","display_name":"Umanaruk, Lakló, Manatutu, Timor-Leste","address":{"village":"Umanaruk","state_district":"Lakló","state":"Manatutu","ISO3166-2-lvl4":"TL-MT","country":"Timor-Leste","country_code":"tl"},"osm_type":"way","osm_id":1183450609,"type":"town","location":[125.9188229,-8.5555015],"bbox":[125.9187153,-8.5556224,125.9188732,-8.5554613]}
{"name":"Vemasi","other_names":{"name:en":"Vemasse","alt_name":"Vemassi;Vemase;Vemassey;Vemace"},"display_name":"Vemasi, Baukau, Timor-Leste","address":{"town":"Vemasi","state_district":"Vemasi","state":"Baukau","ISO3166-2-lvl4":"TL-BA","country":"Timor-Leste","country_code":"tl"},"osm_type":"node","osm_id":494074929,"type":"town","location":[126.21122,-8.51095],"bbox":[126.17122,-8.55095,126.25122,-8.47095]}
{"name":"Vikeke","other_names":{"name:ar":"فيكيكي","name:en":"Viqueque","name:ja":"ヴィケケ","name:ko":"비케크","name:ru":"Викеке","name:uk":"Вікеке","name:ur":"ویقیقی","name:zh":"維克克","alt_name":"Biquaque","name:tet":"Vikeke"},"display_name":"Vikeke, Timor-Leste","address":{"town":"Vikeke","state_district":"Vikeke","state":"Vikeke","ISO3166-2-lvl4":"TL-VI","country":"Timor-Leste","country_code":"tl"},"population":22000,"osm_type":"node","osm_id":494074921,"type":"town","location":[126.3643974,-8.8671522],"bbox":[126.3243974,-8.9071522,126.4043974,-8.8271522]}
{"name":"Vila Maumeta","display_name":"Vila Maumeta, Ataúru, Timor-Leste","address":{"town":"Vila Maumeta","state":"Ataúru","country":"Timor-Leste","country_code":"tl"},"osm_type":"node","osm_id":1785362784,"type":"town","location":[125.6042714,-8.266462],"bbox":[125.5642714,-8.306462,125.6442714,-8.226462],"border":{"name":"Vila Maumeta","other_names":{"name:tet":"Zumalai"},"display_name":"Vila Maumeta, Ataúru, Timor-Leste","address":{"town":"Vila Maumeta","state":"Ataúru","country":"Timor-Leste","country_code":"tl"},"osm_type":"relation","osm_id":14264581,"type":"administrative","location":[125.6042714,-8.266462],"bbox":[125.5910682,-8.2716551,125.6090066,-8.2498005]}}
{"name":"Vinilale","other_names":{"name:bn":"ভেনিলেল","name:en":"Venilale"},"display_name":"Vinilale, Baukau, Timor-Leste","address":{"town":"Vinilale","state_district":"Vinilale","state":"Baukau","ISO3166-2-lvl4":"TL-BA","country":"Timor-Leste","country_code":"tl"},"osm_type":"node","osm_id":494074928,"type":"town","location":[126.3786491,-8.6428907],"bbox":[126.3386491,-8.6828907,126.4186491,-8.6028907]}
{"name":"Watulari","other_names":{"name:en":"Uato-Lari","alt_name":"Watu-Lari;Watulari;Hato-Lari;Uatolari;Uatolári;Uatulari;Uatu-Lari"},"display_name":"Watulari, Vikeke, Timor-Leste","address":{"town":"Watulari","state_district":"Watulari","state":"Vikeke","ISO3166-2-lvl4":"TL-VI","country":"Timor-Leste","country_code":"tl"},"osm_type":"node","osm_id":1785440282,"type":"town","location":[126.53339,-8.82208],"bbox":[126.49339,-8.86208,126.57339,-8.78208]}
{"name":"Zumalai","display_name":"Zumalai, Kova Lima, Timor-Leste","address":{"town":"Zumalai","state_district":"Zumalai","state":"Kova Lima","ISO3166-2-lvl4":"TL-CO","country":"Timor-Leste","country_code":"tl"},"osm_type":"node","osm_id":1785440283,"type":"town","location":[125.45032,-9.15757],"bbox":[125.41032,-9.19757,125.49032,-9.11757]}
