{"name":"Aboisso","other_names":{"name:fr":"Aboisso","name:ru":"Абоисо","alt_name":"Aboissa","loc_name":"Abisso"},"display_name":"Aboisso, Sud-Comoé, Comoé, Côte d’Ivoire","address":{"town":"Aboisso","county":"Aboisso","state_district":"Sud-Comoé","state":"Comoé","ISO3166-2-lvl4":"CI-CM","country":"Côte d’Ivoire","country_code":"ci"},"population":100903,"osm_type":"node","osm_id":1596425102,"type":"town","location":[-3.2066162,5.4674904],"bbox":[-3.2466162,5.4274904,-3.1666162,5.5074904],"border":{"name":"Aboisso","other_names":{"name:fr":"Aboisso","name:ru":"Абоисо"},"display_name":"Aboisso, Sud-Comoé, Comoé, Côte d’Ivoire","address":{"county":"Aboisso","state_district":"Sud-Comoé","state":"Comoé","ISO3166-2-lvl4":"CI-CM","country":"Côte d’Ivoire","country_code":"ci"},"osm_type":"relation","osm_id":3704473,"type":"administrative","location":[-3.2076104114485666,5.712626],"bbox":[-3.4512219,5.1759697,-2.7352065,6.251522]}}
{"name":"Adiaké","display_name":"Adiaké, Sud-Comoé, Comoé, Côte d’Ivoire","address":{"town":"Adiaké","county":"Adiaké","state_district":"Sud-Comoé","state":"Comoé","ISO3166-2-lvl4":"CI-CM","country":"Côte d’Ivoire","country_code":"ci"},"population":18000,"osm_type":"node","osm_id":1225830409,"type":"town","location":[-3.3020071,5.2868426],"bbox":[-3.3420071,5.2468426,-3.2620071,5.3268426],"border":{"name":"Adiaké","display_name":"Adiaké, Sud-Comoé, Comoé, Côte d’Ivoire","address":{"county":"Adiaké","state_district":"Sud-Comoé","state":"Comoé","ISO3166-2-lvl4":"CI-CM","country":"Côte d’Ivoire","country_code":"ci"},"osm_type":"relation","osm_id":3704474,"type":"administrative","location":[-3.258247883103464,5.231890249999999],"bbox":[-3.5031447,5.0904726,-3.0893377,5.381372]}}
{"name":"Agnibilékrou","other_names":{"name:fr":"Agnibilékrou","alt_name":"Anibelekru"},"display_name":"Agnibilékrou, Indénié-Djuablin, Comoé, Côte d’Ivoire","address":{"town":"Agnibilékrou","county":"Agnibilékrou","state_district":"Indénié-Djuablin","state":"Comoé","ISO3166-2-lvl4":"CI-CM","country":"Côte d’Ivoire","country_code":"ci"},"population":99501,"osm_type":"node","osm_id":319225870,"type":"town","location":[-3.2015318,7.1279945],"bbox":[-3.2415318,7.0879945,-3.1615318,7.1679945],"border":{"name":"Agnibilékrou","display_name":"Agnibilékrou, Indénié-Djuablin, Comoé, Côte d’Ivoire","address":{"county":"Agnibilékrou","state_district":"Indénié-Djuablin","state":"Comoé","ISO3166-2-lvl4":"CI-CM","country":"Côte d’Ivoire","country_code":"ci"},"osm_type":"relation","osm_id":3706106,"type":"administrative","location":[-3.3287147232087344,7.0648415],"bbox":[-3.6508379,6.774913,-3.0738678,7.3547678]}}
{"name":"Akoupé","other_names":{"name:fr":"Akoupé","alt_name":"Akupe"},"display_name":"Akoupé, Mé, Lagunes, Côte d’Ivoire","address":{"town":"Akoupé","state_district":"Mé","state":"Lagunes","ISO3166-2-lvl4":"CI-LG","country":"Côte d’Ivoire","country_code":"ci"},"population":51000,"osm_type":"node","osm_id":319225767,"type":"town","location":[-3.8859041,6.3815237],"bbox":[-3.9259041,6.3415237,-3.8459041,6.4215237]}
{"name":"Alépé","other_names":{"name:fr":"Alépé","alt_name:en":"Little Alepe"},"display_name":"Alépé, Mé, Lagunes, Côte d’Ivoire","address":{"town":"Alépé","state_district":"Mé","state":"Lagunes","ISO3166-2-lvl4":"CI-LG","country":"Côte d’Ivoire","country_code":"ci"},"osm_type":"node","osm_id":846762369,"type":"town","location":[-3.6638901,5.4966091],"bbox":[-3.7038901,5.4566091,-3.6238901,5.5366091]}
{"name":"Ancien Prozi","display_name":"Ancien Prozi, Haut-Sassandra, Sassandra-Marahoué, Côte d’Ivoire","address":{"town":"Ancien Prozi","state_district":"Haut-Sassandra","state":"Sassandra-Marahoué","ISO3166-2-lvl4":"CI-SM","country":"Côte d’Ivoire","country_code":"ci"},"osm_type":"node","osm_id":3139825913,"type":"town","location":[-6.9685449,7.6715987],"bbox":[-7.0085449,7.6315987,-6.9285449,7.7115987]}
{"name":"Aniassué","other_names":{"name:fr":"Aniassué","alt_name":"Agniassué","loc_name":"Aniasué"},"display_name":"Aniassué, Abengourou, Indénié-Djuablin, Comoé, Côte d’Ivoire","address":{"town":"Aniassué","county":"Abengourou","state_district":"Indénié-Djuablin","state":"Comoé","ISO3166-2-lvl4":"CI-CM","country":"Côte d’Ivoire","country_code":"ci"},"osm_type":"node","osm_id":843415826,"type":"town","location":[-3.6818563,6.6554231],"bbox":[-3.7218563,6.6154231,-3.6418563,6.6954231]}
{"name":"Aprompronou","display_name":"Aprompronou, Abengourou, Indénié-Djuablin, Comoé, Côte d’Ivoire","address":{"town":"Aprompronou","county":"Abengourou","state_district":"Indénié-Djuablin","state":"Comoé","ISO3166-2-lvl4":"CI-CM","country":"Côte d’Ivoire","country_code":"ci"},"osm_type":"node","osm_id":823613578,"type":"town","location":[-3.3603616,7.0012947],"bbox":[-3.4003616,6.9612947,-3.3203616,7.0412947]}
{"name":"Assinie-Mafia","other_names":{"name:fr":"Assinie-Mafia","alt_name":"Mafia","loc_name":"Assine","reg_name":"Assini","short_name":"Assinie"},"display_name":"Assinie-Mafia, Adiaké, Sud-Comoé, Comoé, Côte d’Ivoire","address":{"town":"Assinie-Mafia","municipality":"Assinie-Mafia","county":"Adiaké","state_district":"Sud-Comoé","state":"Comoé","ISO3166-2-lvl4":"CI-CM","country":"Côte d’Ivoire","country_code":"ci"},"osm_type":"node","osm_id":1625148248,"type":"town","location":[-3.2916617,5.1350771],"bbox":[-3.3316617,5.0950771,-3.2516617,5.1750771],"border":{"name":"Assinie-Mafia","display_name":"Assinie-Mafia, Adiaké, Sud-Comoé, Comoé, Côte d’Ivoire","address":{"municipality":"Assinie-Mafia","county":"Adiaké","state_district":"Sud-Comoé","state":"Comoé","ISO3166-2-lvl4":"CI-CM","country":"Côte d’Ivoire","country_code":"ci"},"osm_type":"relation","osm_id":10757663,"type":"administrative","location":[-3.275549631549034,5.14657575],"bbox":[-3.5031447,5.0904726,-3.1036095,5.2027296]}}
{"name":"Attiégouakro","display_name":"Attiégouakro, Yamoussoukro, Côte d’Ivoire","address":{"town":"Attiégouakro","state":"Yamoussoukro","ISO3166-2-lvl4":"CI-YM","country":"Côte d’Ivoire","country_code":"ci"},"population":14863,"osm_type":"node","osm_id":2746016530,"type":"town","location":[-5.1178031,6.7760146],"bbox":[-5.1578031,6.7360146,-5.0778031,6.8160146]}
{"name":"Attinguié","display_name":"Attinguié, Anyama, Abidjan, Côte d’Ivoire","address":{"town":"Attinguié","city":"Anyama","state":"Abidjan","ISO3166-2-lvl4":"CI-AB","country":"Côte d’Ivoire","country_code":"ci"},"osm_type":"node","osm_id":2983245632,"type":"town","location":[-4.185492,5.467386],"bbox":[-4.225492,5.427386,-4.145492,5.507386]}
{"name":"Ayamé","display_name":"Ayamé, Aboisso, Sud-Comoé, Comoé, Côte d’Ivoire","address":{"town":"Ayamé","county":"Aboisso","state_district":"Sud-Comoé","state":"Comoé","ISO3166-2-lvl4":"CI-CM","country":"Côte d’Ivoire","country_code":"ci"},"osm_type":"node","osm_id":2535414237,"type":"town","location":[-3.1571915,5.6060185],"bbox":[-3.1971915,5.5660185,-3.1171915,5.6460185]}
{"name":"Banabo","display_name":"Banabo, Moronou, Lacs, Côte d’Ivoire","address":{"town":"Banabo","state_district":"Moronou","state":"Lacs","ISO3166-2-lvl4":"CI-LC","country":"Côte d’Ivoire","country_code":"ci"},"osm_type":"node","osm_id":1308393826,"type":"town","location":[-4.29052,6.702097],"bbox":[-4.33052,6.662097,-4.25052,6.742097]}
{"name":"Bangolo","display_name":"Bangolo, Guémon, Montagnes, Côte d’Ivoire","address":{"town":"Bangolo","state_district":"Guémon","state":"Montagnes","ISO3166-2-lvl4":"CI-MG","country":"Côte d’Ivoire","country_code":"ci"},"population":20000,"osm_type":"node","osm_id":319225783,"type":"town","location":[-7.4867606,7.0119038],"bbox":[-7.5267606,6.9719038,-7.4467606,7.0519038]}
{"name":"Béoumi","display_name":"Béoumi, Gbêkê, Vallée du Bandama, Côte d’Ivoire","address":{"town":"Béoumi","state_district":"Gbêkê","state":"Vallée du Bandama","ISO3166-2-lvl4":"CI-VB","country":"Côte d’Ivoire","country_code":"ci"},"population":25000,"osm_type":"node","osm_id":359160469,"type":"town","location":[-5.5827323,7.6745381],"bbox":[-5.6227323,7.6345381,-5.5427323,7.7145381]}
{"name":"Bettié","other_names":{"name:fr":"Bettié","alt_name":"Bétié"},"display_name":"Bettié, Indénié-Djuablin, Comoé, Côte d’Ivoire","address":{"town":"Bettié","county":"Bettié","state_district":"Indénié-Djuablin","state":"Comoé","ISO3166-2-lvl4":"CI-CM","country":"Côte d’Ivoire","country_code":"ci"},"osm_type":"node","osm_id":2729986503,"type":"town","location":[-3.4095784,6.0754417],"bbox":[-3.4495784,6.0354417,-3.3695784,6.1154417],"border":{"name":"Bettié","display_name":"Bettié, Indénié-Djuablin, Comoé, Côte d’Ivoire","address":{"county":"Bettié","state_district":"Indénié-Djuablin","state":"Comoé","ISO3166-2-lvl4":"CI-CM","country":"Côte d’Ivoire","country_code":"ci"},"osm_type":"relation","osm_id":3706107,"type":"administrative","location":[-3.3097383812321786,6.11447955],"bbox":[-3.482383,5.8883053,-3.169829,6.3425535]}}
{"name":"Biankouma","display_name":"Biankouma, Tonkpi, Montagnes, Côte d’Ivoire","address":{"town":"Biankouma","state_district":"Tonkpi","state":"Montagnes","ISO3166-2-lvl4":"CI-MG","country":"Côte d’Ivoire","country_code":"ci"},"population":25000,"osm_type":"node","osm_id":2730750565,"type":"town","location":[-7.612799,7.738348],"bbox":[-7.652799,7.698348,-7.572799,7.778348]}
{"name":"Bin-Houyé","other_names":{"name:en":"Binhouye","name:fr":"Bin-Houyé"},"display_name":"Bin-Houyé, Tonkpi, Montagnes, Côte d’Ivoire","address":{"town":"Bin-Houyé","state_district":"Tonkpi","state":"Montagnes","ISO3166-2-lvl4":"CI-MG","country":"Côte d’Ivoire","country_code":"ci"},"osm_type":"node","osm_id":1077253574,"type":"town","location":[-8.3163906,6.7828738],"bbox":[-8.3563906,6.7428738,-8.2763906,6.8228738]}
{"name":"Blapleu","other_names":{"name:fr":"Blapleu","alt_name":"Bafleso"},"display_name":"Blapleu, Tonkpi, Montagnes, Côte d’Ivoire","address":{"town":"Blapleu","state_district":"Tonkpi","state":"Montagnes","ISO3166-2-lvl4":"CI-MG","country":"Côte d’Ivoire","country_code":"ci"},"osm_type":"node","osm_id":2949727546,"type":"town","location":[-7.7378577,7.6392661],"bbox":[-7.7778577,7.5992661,-7.6978577,7.6792661]}
{"name":"Bloléquin","other_names":{"name:fr":"Bloléquin","alt_name":"Blolékin"},"display_name":"Bloléquin, Cavally, Montagnes, Côte d’Ivoire","address":{"town":"Bloléquin","state_district":"Cavally","state":"Montagnes","ISO3166-2-lvl4":"CI-MG","country":"Côte d’Ivoire","country_code":"ci"},"population":123133,"osm_type":"node","osm_id":1191398314,"type":"town","location":[-8.003273,6.5705513],"bbox":[-8.043273,6.5305513,-7.963273,6.6105513]}
{"name":"Bocanda","display_name":"Bocanda, N’zi, Lacs, Côte d’Ivoire","address":{"town":"Bocanda","state_district":"N’zi","state":"Lacs","ISO3166-2-lvl4":"CI-LC","country":"Côte d’Ivoire","country_code":"ci"},"population":59242,"osm_type":"node","osm_id":443299004,"type":"town","location":[-4.4972477,7.063065],"bbox":[-4.5372477,7.023065,-4.4572477,7.103065]}
{"name":"Bodo","display_name":"Bodo, Agnéby-Tiassa, Lagunes, Côte d’Ivoire","address":{"town":"Bodo","state_district":"Agnéby-Tiassa","state":"Lagunes","ISO3166-2-lvl4":"CI-LG","country":"Côte d’Ivoire","country_code":"ci"},"osm_type":"node","osm_id":1376345469,"type":"town","location":[-4.6845768,5.9080375],"bbox":[-4.7245768,5.8680375,-4.6445768,5.9480375]}
{"name":"Bogofa","display_name":"Bogofa, Bounkani, Zanzan, Côte d’Ivoire","address":{"town":"Bogofa","state_district":"Bounkani","state":"Zanzan","ISO3166-2-lvl4":"CI-ZZ","country":"Côte d’Ivoire","country_code":"ci"},"osm_type":"node","osm_id":2964840313,"type":"town","location":[-3.1589913,8.6059831],"bbox":[-3.1989913,8.5659831,-3.1189913,8.6459831]}
{"name":"Bongouanou","display_name":"Bongouanou, Moronou, Lacs, Côte d’Ivoire","address":{"town":"Bongouanou","state_district":"Moronou","state":"Lacs","ISO3166-2-lvl4":"CI-LC","country":"Côte d’Ivoire","country_code":"ci"},"population":32000,"osm_type":"node","osm_id":1377429553,"type":"town","location":[-4.2046603,6.6475288],"bbox":[-4.2446603,6.6075288,-4.1646603,6.6875288]}
{"name":"Bonon","other_names":{"name:fr":"Bonon","alt_name":"Zadié"},"display_name":"Bonon, Marahoué, Sassandra-Marahoué, Côte d’Ivoire","address":{"town":"Bonon","state_district":"Marahoué","state":"Sassandra-Marahoué","ISO3166-2-lvl4":"CI-SM","country":"Côte d’Ivoire","country_code":"ci"},"population":116871,"osm_type":"node","osm_id":443318327,"type":"town","location":[-6.0442776,6.92692],"bbox":[-6.0842776,6.88692,-6.0042776,6.96692]}
{"name":"Bonoua","other_names":{"name:fr":"Bonoua","alt_name":"Bonua","loc_name":"Bunua","old_name":"Grand Akapless"},"display_name":"Bonoua, Grand-Bassam, Sud-Comoé, Comoé, Côte d’Ivoire","address":{"town":"Bonoua","county":"Grand-Bassam","state_district":"Sud-Comoé","state":"Comoé","ISO3166-2-lvl4":"CI-CM","country":"Côte d’Ivoire","country_code":"ci"},"population":118388,"osm_type":"node","osm_id":843510776,"type":"town","location":[-3.5966802,5.2736582],"bbox":[-3.6366802,5.2336582,-3.5566802,5.3136582]}
{"name":"Bonoufla","display_name":"Bonoufla, Haut-Sassandra, Sassandra-Marahoué, Côte d’Ivoire","address":{"town":"Bonoufla","state_district":"Haut-Sassandra","state":"Sassandra-Marahoué","ISO3166-2-lvl4":"CI-SM","country":"Côte d’Ivoire","country_code":"ci"},"osm_type":"node","osm_id":443327886,"type":"town","location":[-6.4770282,7.1271577],"bbox":[-6.5170282,7.0871577,-6.4370282,7.1671577]}
{"name":"Botro","other_names":{"name:fr":"Botro","alt_name":"Bostro","short_name":"Bofro"},"display_name":"Botro, Gbêkê, Vallée du Bandama, Côte d’Ivoire","address":{"town":"Botro","state_district":"Gbêkê","state":"Vallée du Bandama","ISO3166-2-lvl4":"CI-VB","country":"Côte d’Ivoire","country_code":"ci"},"population":15000,"osm_type":"node","osm_id":2746220735,"type":"town","location":[-5.3103708,7.8525444],"bbox":[-5.3503708,7.8125444,-5.2703708,7.8925444]}
{"name":"Bouna","display_name":"Bouna, Bounkani, Zanzan, Côte d’Ivoire","address":{"town":"Bouna","state_district":"Bounkani","state":"Zanzan","ISO3166-2-lvl4":"CI-ZZ","country":"Côte d’Ivoire","country_code":"ci"},"population":94883,"osm_type":"node","osm_id":593916769,"type":"town","location":[-2.9989845,9.2687219],"bbox":[-3.0389845,9.2287219,-2.9589845,9.3087219]}
{"name":"Boundiali","display_name":"Boundiali, Bagoué, Savanes, Côte d’Ivoire","address":{"town":"Boundiali","state_district":"Bagoué","state":"Savanes","ISO3166-2-lvl4":"CI-SV","country":"Côte d’Ivoire","country_code":"ci"},"population":92792,"osm_type":"node","osm_id":2522426405,"type":"town","location":[-6.4820197,9.5232291],"bbox":[-6.5220197,9.4832291,-6.4420197,9.5632291]}
{"name":"Buyo","display_name":"Buyo, Nawa, Bas-Sassandra, Côte d’Ivoire","address":{"town":"Buyo","state_district":"Nawa","state":"Bas-Sassandra","ISO3166-2-lvl4":"CI-BS","country":"Côte d’Ivoire","country_code":"ci"},"population":100848,"osm_type":"node","osm_id":9517111609,"type":"town","location":[-7.0057256,6.2507192],"bbox":[-7.0457256,6.2107192,-6.9657256,6.2907192]}
{"display_name":"Cavally, Montagnes, Côte d’Ivoire","address":{"state_district":"Cavally","state":"Montagnes","ISO3166-2-lvl4":"CI-MG","country":"Côte d’Ivoire","country_code":"ci"},"osm_type":"node","osm_id":11811695430,"type":"town","location":[-7.8928338,6.6527618],"bbox":[-7.9328338,6.6127618,-7.8528338,6.6927618]}
{"name":"Céchi","other_names":{"name:fr":"Céchi","alt_name":"Séchi"},"display_name":"Céchi, Agnéby-Tiassa, Lagunes, Côte d’Ivoire","address":{"town":"Céchi","state_district":"Agnéby-Tiassa","state":"Lagunes","ISO3166-2-lvl4":"CI-LG","country":"Côte d’Ivoire","country_code":"ci"},"population":25967,"osm_type":"node","osm_id":2921097119,"type":"town","location":[-4.4208711,6.2461664],"bbox":[-4.4608711,6.2061664,-4.3808711,6.2861664]}
{"name":"Dabakala","display_name":"Dabakala, Hambol, Vallée du Bandama, Côte d’Ivoire","address":{"town":"Dabakala","state_district":"Hambol","state":"Vallée du Bandama","ISO3166-2-lvl4":"CI-VB","country":"Côte d’Ivoire","country_code":"ci"},"population":15000,"osm_type":"node","osm_id":443296909,"type":"town","location":[-4.428486,8.363238],"bbox":[-4.468486,8.323238,-4.388486,8.403238]}
{"name":"Dahiri","other_names":{"name:fr":"Dahiri","alt_name":"Dairi"},"display_name":"Dahiri, Gbôklé, Bas-Sassandra, Côte d’Ivoire","address":{"town":"Dahiri","state_district":"Gbôklé","state":"Bas-Sassandra","ISO3166-2-lvl4":"CI-BS","country":"Côte d’Ivoire","country_code":"ci"},"population":34821,"osm_type":"node","osm_id":2933584068,"type":"town","location":[-5.5257909,5.2831718],"bbox":[-5.5657909,5.2431718,-5.4857909,5.3231718]}
{"name":"Dania","display_name":"Dania, Haut-Sassandra, Sassandra-Marahoué, Côte d’Ivoire","address":{"town":"Dania","state_district":"Haut-Sassandra","state":"Sassandra-Marahoué","ISO3166-2-lvl4":"CI-SM","country":"Côte d’Ivoire","country_code":"ci"},"population":106612,"osm_type":"node","osm_id":2948573986,"type":"town","location":[-6.8416126,7.1523989],"bbox":[-6.8816126,7.1123989,-6.8016126,7.1923989]}
{"name":"Daoukro","display_name":"Daoukro, Iffou, Lacs, Côte d’Ivoire","address":{"town":"Daoukro","state_district":"Iffou","state":"Lacs","ISO3166-2-lvl4":"CI-LC","country":"Côte d’Ivoire","country_code":"ci"},"population":101136,"osm_type":"node","osm_id":2726676487,"type":"town","location":[-3.9660686,7.0579401],"bbox":[-4.0060686,7.0179401,-3.9260686,7.0979401]}
{"name":"Diabo","other_names":{"name:fr":"Diabo","alt_name":"Dihabo"},"display_name":"Diabo, Gbêkê, Vallée du Bandama, Côte d’Ivoire","address":{"town":"Diabo","state_district":"Gbêkê","state":"Vallée du Bandama","ISO3166-2-lvl4":"CI-VB","country":"Côte d’Ivoire","country_code":"ci"},"osm_type":"node","osm_id":443304149,"type":"town","location":[-5.1709932,7.7881544],"bbox":[-5.2109932,7.7481544,-5.1309932,7.8281544]}
{"name":"Diafla","display_name":"Diafla, Haut-Sassandra, Sassandra-Marahoué, Côte d’Ivoire","address":{"town":"Diafla","state_district":"Haut-Sassandra","state":"Sassandra-Marahoué","ISO3166-2-lvl4":"CI-SM","country":"Côte d’Ivoire","country_code":"ci"},"osm_type":"node","osm_id":3112520640,"type":"town","location":[-6.866976,7.4212885],"bbox":[-6.906976,7.3812885,-6.826976,7.4612885]}
{"name":"Didiévi","display_name":"Didiévi, Bélier, Lacs, Côte d’Ivoire","address":{"town":"Didiévi","state_district":"Bélier","state":"Lacs","ISO3166-2-lvl4":"CI-LC","country":"Côte d’Ivoire","country_code":"ci"},"osm_type":"node","osm_id":2946492905,"type":"town","location":[-4.898041,7.12866],"bbox":[-4.938041,7.08866,-4.858041,7.16866]}
{"name":"Diégonéfla","other_names":{"name:fr":"Diégonéfla","alt_name":"Diégonéfra"},"display_name":"Diégonéfla, Gôh, Gôh-Djiboua, Côte d’Ivoire","address":{"town":"Diégonéfla","state_district":"Gôh","state":"Gôh-Djiboua","ISO3166-2-lvl4":"CI-GD","country":"Côte d’Ivoire","country_code":"ci"},"osm_type":"node","osm_id":443394341,"type":"town","location":[-5.5764064,6.2844847],"bbox":[-5.6164064,6.2444847,-5.5364064,6.3244847]}
{"name":"Dimbokro","other_names":{"name:fr":"Dimbokro","name:ru":"Димбокро"},"display_name":"Dimbokro, N’zi, Lacs, Côte d’Ivoire","address":{"town":"Dimbokro","state_district":"N’zi","state":"Lacs","ISO3166-2-lvl4":"CI-LC","country":"Côte d’Ivoire","country_code":"ci"},"population":70198,"osm_type":"node","osm_id":1597903144,"type":"town","location":[-4.7040555,6.6494254],"bbox":[-4.7440555,6.6094254,-4.6640555,6.6894254]}
{"name":"Doba","display_name":"Doba, San-Pédro, Bas-Sassandra, Côte d’Ivoire","address":{"town":"Doba","state_district":"San-Pédro","state":"Bas-Sassandra","ISO3166-2-lvl4":"CI-BS","country":"Côte d’Ivoire","country_code":"ci"},"population":95246,"osm_type":"node","osm_id":9594335845,"type":"town","location":[-6.8308842,5.200889],"bbox":[-6.8708842,5.160889,-6.7908842,5.240889]}
{"name":"Dogbo","display_name":"Dogbo, San-Pédro, Bas-Sassandra, Côte d’Ivoire","address":{"town":"Dogbo","state_district":"San-Pédro","state":"Bas-Sassandra","ISO3166-2-lvl4":"CI-BS","country":"Côte d’Ivoire","country_code":"ci"},"population":61632,"osm_type":"node","osm_id":2935918848,"type":"town","location":[-7.0435551,4.9419422],"bbox":[-7.0835551,4.9019422,-7.0035551,4.9819422]}
{"name":"Doropo","display_name":"Doropo, Bounkani, Zanzan, Côte d’Ivoire","address":{"town":"Doropo","state_district":"Bounkani","state":"Zanzan","ISO3166-2-lvl4":"CI-ZZ","country":"Côte d’Ivoire","country_code":"ci"},"population":48225,"osm_type":"node","osm_id":434403950,"type":"town","location":[-3.3458764,9.8095188],"bbox":[-3.3858764,9.7695188,-3.3058764,9.8495188],"border":{"name":"Doropo","display_name":"Doropo, Bounkani, Zanzan, Côte d’Ivoire","address":{"town":"Doropo","state_district":"Bounkani","state":"Zanzan","ISO3166-2-lvl4":"CI-ZZ","country":"Côte d’Ivoire","country_code":"ci"},"population":48225,"osm_type":"relation","osm_id":10757686,"type":"administrative","location":[-3.3458764,9.8095188],"bbox":[-3.4839617,9.5370193,-3.135011,9.9300926]}}
{"name":"Doukouya","display_name":"Doukouya, Gôh, Gôh-Djiboua, Côte d’Ivoire","address":{"town":"Doukouya","state_district":"Gôh","state":"Gôh-Djiboua","ISO3166-2-lvl4":"CI-GD","country":"Côte d’Ivoire","country_code":"ci"},"osm_type":"node","osm_id":443319478,"type":"town","location":[-5.558948,6.42613],"bbox":[-5.598948,6.38613,-5.518948,6.46613]}
{"name":"Foumbolo","display_name":"Foumbolo, Hambol, Vallée du Bandama, Côte d’Ivoire","address":{"town":"Foumbolo","state_district":"Hambol","state":"Vallée du Bandama","ISO3166-2-lvl4":"CI-VB","country":"Côte d’Ivoire","country_code":"ci"},"osm_type":"node","osm_id":443296531,"type":"town","location":[-4.6477227,8.6421277],"bbox":[-4.6877227,8.6021277,-4.6077227,8.6821277]}
{"name":"Fresco","other_names":{"name:fr":"Fresco","alt_name":"Fresko"},"display_name":"Fresco, Gbôklé, Bas-Sassandra, Côte d’Ivoire","address":{"town":"Fresco","municipality":"Fresco","state_district":"Gbôklé","state":"Bas-Sassandra","ISO3166-2-lvl4":"CI-BS","country":"Côte d’Ivoire","country_code":"ci"},"population":48098,"osm_type":"node","osm_id":2746320464,"type":"town","location":[-5.5860818,5.1041847],"bbox":[-5.6260818,5.0641847,-5.5460818,5.1441847],"border":{"name":"Fresco","display_name":"Fresco, Gbôklé, Bas-Sassandra, Côte d’Ivoire","address":{"municipality":"Fresco","state_district":"Gbôklé","state":"Bas-Sassandra","ISO3166-2-lvl4":"CI-BS","country":"Côte d’Ivoire","country_code":"ci"},"osm_type":"relation","osm_id":10757672,"type":"administrative","location":[-5.627871932754667,5.14528285],"bbox":[-5.882041,5.0319867,-5.4847312,5.2588691]}}
{"name":"Fronan","other_names":{"name:fr":"Fronan","alt_name":"Souroukaha"},"display_name":"Fronan, Hambol, Vallée du Bandama, Côte d’Ivoire","address":{"town":"Fronan","state_district":"Hambol","state":"Vallée du Bandama","ISO3166-2-lvl4":"CI-VB","country":"Côte d’Ivoire","country_code":"ci"},"osm_type":"node","osm_id":2963213117,"type":"town","location":[-5.130288,8.2114881],"bbox":[-5.170288,8.1714881,-5.090288,8.2514881]}
{"name":"Gabiadji","display_name":"Gabiadji, San-Pédro, Bas-Sassandra, Côte d’Ivoire","address":{"town":"Gabiadji","state_district":"San-Pédro","state":"Bas-Sassandra","ISO3166-2-lvl4":"CI-BS","country":"Côte d’Ivoire","country_code":"ci"},"population":113369,"osm_type":"node","osm_id":443383638,"type":"town","location":[-6.5588894,5.0201412],"bbox":[-6.5988894,4.9801412,-6.5188894,5.0601412]}
{"name":"Gbolouville","display_name":"Gbolouville, Agnéby-Tiassa, Lagunes, Côte d’Ivoire","address":{"town":"Gbolouville","state_district":"Agnéby-Tiassa","state":"Lagunes","ISO3166-2-lvl4":"CI-LG","country":"Côte d’Ivoire","country_code":"ci"},"osm_type":"node","osm_id":2921489872,"type":"town","location":[-4.6612671,5.7940715],"bbox":[-4.7012671,5.7540715,-4.6212671,5.8340715]}
{"name":"Gohitafla","display_name":"Gohitafla, Marahoué, Sassandra-Marahoué, Côte d’Ivoire","address":{"town":"Gohitafla","state_district":"Marahoué","state":"Sassandra-Marahoué","ISO3166-2-lvl4":"CI-SM","country":"Côte d’Ivoire","country_code":"ci"},"osm_type":"node","osm_id":443315229,"type":"town","location":[-5.8799547,7.4905838],"bbox":[-5.9199547,7.4505838,-5.8399547,7.5305838]}
{"name":"Gomon","other_names":{"name:fr":"Gomon","alt_name":"Gouma"},"display_name":"Gomon, Agnéby-Tiassa, Lagunes, Côte d’Ivoire","address":{"town":"Gomon","state_district":"Agnéby-Tiassa","state":"Lagunes","ISO3166-2-lvl4":"CI-LG","country":"Côte d’Ivoire","country_code":"ci"},"osm_type":"node","osm_id":1376344652,"type":"town","location":[-4.4394777,5.7242482],"bbox":[-4.4794777,5.6842482,-4.3994777,5.7642482]}
{"name":"Gonaté","display_name":"Gonaté, Haut-Sassandra, Sassandra-Marahoué, Côte d’Ivoire","address":{"town":"Gonaté","state_district":"Haut-Sassandra","state":"Sassandra-Marahoué","ISO3166-2-lvl4":"CI-SM","country":"Côte d’Ivoire","country_code":"ci"},"osm_type":"node","osm_id":443321097,"type":"town","location":[-6.2436959,6.90115],"bbox":[-6.2836959,6.86115,-6.2036959,6.94115]}
{"name":"Goudi","display_name":"Goudi, Lôh-Djiboua, Gôh-Djiboua, Côte d’Ivoire","address":{"town":"Goudi","state_district":"Lôh-Djiboua","state":"Gôh-Djiboua","ISO3166-2-lvl4":"CI-GD","country":"Côte d’Ivoire","country_code":"ci"},"osm_type":"node","osm_id":443389581,"type":"town","location":[-5.1031064,6.1222037],"bbox":[-5.1431064,6.0822037,-5.0631064,6.1622037]}
{"name":"Goueya","display_name":"Goueya, Folon, Denguélé, Côte d’Ivoire","address":{"town":"Goueya","state_district":"Folon","state":"Denguélé","ISO3166-2-lvl4":"CI-DN","country":"Côte d’Ivoire","country_code":"ci"},"osm_type":"node","osm_id":11385367626,"type":"town","location":[-6.9349928,10.3125678],"bbox":[-6.9749928,10.2725678,-6.8949928,10.3525678]}
{"name":"Grand-Béréby","display_name":"Grand-Béréby, San-Pédro, Bas-Sassandra, Côte d’Ivoire","address":{"town":"Grand-Béréby","state_district":"San-Pédro","state":"Bas-Sassandra","ISO3166-2-lvl4":"CI-BS","country":"Côte d’Ivoire","country_code":"ci"},"population":129340,"osm_type":"node","osm_id":2728722168,"type":"town","location":[-6.9247355,4.6507586],"bbox":[-6.9647355,4.6107586,-6.8847355,4.6907586]}
{"name":"Grand-Lahou","other_names":{"name:fr":"Grand-Lahou","alt_name":"Grand Lahu"},"display_name":"Grand-Lahou, Grands-Ponts, Lagunes, Côte d’Ivoire","address":{"town":"Grand-Lahou","state_district":"Grands-Ponts","state":"Lagunes","ISO3166-2-lvl4":"CI-LG","country":"Côte d’Ivoire","country_code":"ci"},"population":77479,"osm_type":"node","osm_id":359133934,"type":"town","location":[-5.0024449,5.2503434],"bbox":[-5.0424449,5.2103434,-4.9624449,5.2903434]}
{"name":"Grand-Zattry","other_names":{"name:fr":"Grand-Zattry","alt_name":"Zadiéguhé"},"display_name":"Grand-Zattry, Nawa, Bas-Sassandra, Côte d’Ivoire","address":{"town":"Grand-Zattry","state_district":"Nawa","state":"Bas-Sassandra","ISO3166-2-lvl4":"CI-BS","country":"Côte d’Ivoire","country_code":"ci"},"population":112049,"osm_type":"node","osm_id":1374676723,"type":"town","location":[-6.5383221,6.1189514],"bbox":[-6.5783221,6.0789514,-6.4983221,6.1589514]}
{"name":"Guépahouo","other_names":{"name:fr":"Guépahouo","alt_name":"Guépaouo","loc_name":"Gouépaouo","reg_name":"Guépao"},"display_name":"Guépahouo, Gôh, Gôh-Djiboua, Côte d’Ivoire","address":{"town":"Guépahouo","municipality":"Guépahouo","state_district":"Gôh","state":"Gôh-Djiboua","ISO3166-2-lvl4":"CI-GD","country":"Côte d’Ivoire","country_code":"ci"},"osm_type":"node","osm_id":2932415890,"type":"town","location":[-5.70615,6.472681],"bbox":[-5.74615,6.432681,-5.66615,6.512681],"border":{"name":"Guépahouo","display_name":"Guépahouo, Gôh, Gôh-Djiboua, Côte d’Ivoire","address":{"municipality":"Guépahouo","state_district":"Gôh","state":"Gôh-Djiboua","ISO3166-2-lvl4":"CI-GD","country":"Côte d’Ivoire","country_code":"ci"},"osm_type":"relation","osm_id":10757685,"type":"administrative","location":[-5.689680301651901,6.47800665],"bbox":[-5.7576418,6.3988509,-5.6145365,6.5596631]}}
{"name":"Guéyo","display_name":"Guéyo, Nawa, Bas-Sassandra, Côte d’Ivoire","address":{"town":"Guéyo","municipality":"Guéyo","state_district":"Nawa","state":"Bas-Sassandra","ISO3166-2-lvl4":"CI-BS","country":"Côte d’Ivoire","country_code":"ci"},"osm_type":"node","osm_id":2746333023,"type":"town","location":[-6.0710499,5.6899568],"bbox":[-6.1110499,5.6499568,-6.0310499,5.7299568],"border":{"name":"Guéyo","display_name":"Guéyo, Nawa, Bas-Sassandra, Côte d’Ivoire","address":{"municipality":"Guéyo","state_district":"Nawa","state":"Bas-Sassandra","ISO3166-2-lvl4":"CI-BS","country":"Côte d’Ivoire","country_code":"ci"},"osm_type":"relation","osm_id":10757681,"type":"administrative","location":[-6.139586651979171,5.69117595],"bbox":[-6.226827,5.6082248,-6.013723,5.7741145]}}
{"name":"Guibéroua","other_names":{"name:fr":"Guibéroua","loc_name":"Guibiéouroua"},"display_name":"Guibéroua, Gôh, Gôh-Djiboua, Côte d’Ivoire","address":{"town":"Guibéroua","state_district":"Gôh","state":"Gôh-Djiboua","ISO3166-2-lvl4":"CI-GD","country":"Côte d’Ivoire","country_code":"ci"},"osm_type":"node","osm_id":2775159278,"type":"town","location":[-6.1713177,6.2388602],"bbox":[-6.2113177,6.1988602,-6.1313177,6.2788602]}
{"name":"Guitry","other_names":{"name:fr":"Guitry","alt_name":"Guitri","loc_name":"Gitri"},"display_name":"Guitry, Lôh-Djiboua, Gôh-Djiboua, Côte d’Ivoire","address":{"town":"Guitry","municipality":"Guitry","state_district":"Lôh-Djiboua","state":"Gôh-Djiboua","ISO3166-2-lvl4":"CI-GD","country":"Côte d’Ivoire","country_code":"ci"},"osm_type":"node","osm_id":2746340457,"type":"town","location":[-5.2401038,5.5191489],"bbox":[-5.2801038,5.4791489,-5.2001038,5.5591489],"border":{"name":"Guitry","display_name":"Guitry, Lôh-Djiboua, Gôh-Djiboua, Côte d’Ivoire","address":{"municipality":"Guitry","state_district":"Lôh-Djiboua","state":"Gôh-Djiboua","ISO3166-2-lvl4":"CI-GD","country":"Côte d’Ivoire","country_code":"ci"},"osm_type":"relation","osm_id":10757673,"type":"administrative","location":[-5.153368261942675,5.50177835],"bbox":[-5.3943162,5.3505955,-5.0060282,5.6543721]}}
{"name":"Hermankono Garo","display_name":"Hermankono Garo, Lôh-Djiboua, Gôh-Djiboua, Côte d’Ivoire","address":{"town":"Hermankono Garo","state_district":"Lôh-Djiboua","state":"Gôh-Djiboua","ISO3166-2-lvl4":"CI-GD","country":"Côte d’Ivoire","country_code":"ci"},"osm_type":"node","osm_id":5158009659,"type":"town","location":[-5.0196528,5.9269134],"bbox":[-5.0596528,5.8869134,-4.9796528,5.9669134]}
{"name":"Hiré","display_name":"Hiré, Lôh-Djiboua, Gôh-Djiboua, Côte d’Ivoire","address":{"town":"Hiré","state_district":"Lôh-Djiboua","state":"Gôh-Djiboua","ISO3166-2-lvl4":"CI-GD","country":"Côte d’Ivoire","country_code":"ci"},"osm_type":"node","osm_id":443392111,"type":"town","location":[-5.2960098,6.1863684],"bbox":[-5.3360098,6.1463684,-5.2560098,6.2263684]}
{"name":"Iboguhé","display_name":"Iboguhé, Haut-Sassandra, Sassandra-Marahoué, Côte d’Ivoire","address":{"town":"Iboguhé","municipality":"Iboguhé","state_district":"Haut-Sassandra","state":"Sassandra-Marahoué","ISO3166-2-lvl4":"CI-SM","country":"Côte d’Ivoire","country_code":"ci"},"osm_type":"node","osm_id":2948573991,"type":"town","location":[-6.84419,6.548104],"bbox":[-6.88419,6.508104,-6.80419,6.588104],"border":{"name":"Iboguhé","display_name":"Iboguhé, Haut-Sassandra, Sassandra-Marahoué, Côte d’Ivoire","address":{"municipality":"Iboguhé","state_district":"Haut-Sassandra","state":"Sassandra-Marahoué","ISO3166-2-lvl4":"CI-SM","country":"Côte d’Ivoire","country_code":"ci"},"osm_type":"relation","osm_id":10757687,"type":"administrative","location":[-6.846465511021812,6.50447245],"bbox":[-7.020247,6.3690624,-6.7040333,6.6401019]}}
{"name":"Jacqueville","other_names":{"name:en":"Jackville","name:fr":"Jacqueville","alt_name":"Jaqueville","alt_name:en":"Half Jack"},"display_name":"Jacqueville, Grands-Ponts, Lagunes, Côte d’Ivoire","address":{"town":"Jacqueville","state_district":"Grands-Ponts","state":"Lagunes","ISO3166-2-lvl4":"CI-LG","country":"Côte d’Ivoire","country_code":"ci"},"population":55000,"osm_type":"node","osm_id":1225951579,"type":"town","location":[-4.4195117,5.2076511],"bbox":[-4.4595117,5.1676511,-4.3795117,5.2476511]}
{"name":"Kadarvogo","display_name":"Kadarvogo, Tchologo, Savanes, Côte d’Ivoire","address":{"town":"Kadarvogo","state_district":"Tchologo","state":"Savanes","ISO3166-2-lvl4":"CI-SV","country":"Côte d’Ivoire","country_code":"ci"},"osm_type":"node","osm_id":3910528101,"type":"town","location":[-5.2349363,10.3108948],"bbox":[-5.2749363,10.2708948,-5.1949363,10.3508948]}
{"name":"Kahin-Zarabaon","other_names":{"name:fr":"Kahin-Zarabaon","short_name":"Kahin"},"display_name":"Kahin-Zarabaon, Guémon, Montagnes, Côte d’Ivoire","address":{"town":"Kahin-Zarabaon","state_district":"Guémon","state":"Montagnes","ISO3166-2-lvl4":"CI-MG","country":"Côte d’Ivoire","country_code":"ci"},"osm_type":"node","osm_id":443403388,"type":"town","location":[-7.6318695,6.9135932],"bbox":[-7.6718695,6.8735932,-7.5918695,6.9535932]}
{"name":"Kani","display_name":"Kani, Worodougou, Woroba, Côte d’Ivoire","address":{"town":"Kani","state_district":"Worodougou","state":"Woroba","ISO3166-2-lvl4":"CI-WR","country":"Côte d’Ivoire","country_code":"ci"},"population":55109,"osm_type":"node","osm_id":443349580,"type":"town","location":[-6.6032747,8.4772526],"bbox":[-6.6432747,8.4372526,-6.5632747,8.5172526]}
{"name":"Kaniasso","other_names":{"alt_name":"Kanyaso"},"display_name":"Kaniasso, Kabadougou, Denguélé, Côte d’Ivoire","address":{"town":"Kaniasso","state_district":"Kabadougou","state":"Denguélé","ISO3166-2-lvl4":"CI-DN","country":"Côte d’Ivoire","country_code":"ci"},"osm_type":"node","osm_id":2746956163,"type":"town","location":[-7.511101,9.814673],"bbox":[-7.551101,9.774673,-7.471101,9.854673],"border":{"name":"Kaniasso","other_names":{"name:fr":"Kaniasso","alt_name":"Kanyaso"},"display_name":"Kaniasso, Kabadougou, Denguélé, Côte d’Ivoire","address":{"town":"Kaniasso","state_district":"Kabadougou","state":"Denguélé","ISO3166-2-lvl4":"CI-DN","country":"Côte d’Ivoire","country_code":"ci"},"osm_type":"relation","osm_id":10757674,"type":"administrative","location":[-7.511101,9.814673],"bbox":[-7.5928364,9.704051,-7.3558969,10.10032]}}
{"name":"Katiola","display_name":"Katiola, Hambol, Vallée du Bandama, Côte d’Ivoire","address":{"town":"Katiola","municipality":"Katiola","state_district":"Hambol","state":"Vallée du Bandama","ISO3166-2-lvl4":"CI-VB","country":"Côte d’Ivoire","country_code":"ci"},"population":90641,"osm_type":"node","osm_id":443378249,"type":"town","location":[-5.102172,8.140406],"bbox":[-5.142172,8.100406,-5.062172,8.180406],"border":{"name":"Katiola","display_name":"Katiola, Hambol, Vallée du Bandama, Côte d’Ivoire","address":{"municipality":"Katiola","state_district":"Hambol","state":"Vallée du Bandama","ISO3166-2-lvl4":"CI-VB","country":"Côte d’Ivoire","country_code":"ci"},"osm_type":"relation","osm_id":10757671,"type":"administrative","location":[-5.150708249056292,8.0912137],"bbox":[-5.3568985,7.955111,-4.9751199,8.2253737]}}
{"name":"Kong","display_name":"Kong, Tchologo, Savanes, Côte d’Ivoire","address":{"town":"Kong","state_district":"Tchologo","state":"Savanes","ISO3166-2-lvl4":"CI-SV","country":"Côte d’Ivoire","country_code":"ci"},"population":33391,"osm_type":"node","osm_id":443377813,"type":"town","location":[-4.610648,9.148681],"bbox":[-4.650648,9.108681,-4.570648,9.188681]}
{"name":"Kononfla","other_names":{"name:fr":"Kononfla","alt_name":"Konéfla"},"display_name":"Kononfla, Marahoué, Sassandra-Marahoué, Côte d’Ivoire","address":{"town":"Kononfla","municipality":"Kononfla","state_district":"Marahoué","state":"Sassandra-Marahoué","ISO3166-2-lvl4":"CI-SM","country":"Côte d’Ivoire","country_code":"ci"},"osm_type":"node","osm_id":443319263,"type":"town","location":[-5.6054682,6.6514189],"bbox":[-5.6454682,6.6114189,-5.5654682,6.6914189],"border":{"name":"Kononfla","display_name":"Kononfla, Marahoué, Sassandra-Marahoué, Côte d’Ivoire","address":{"municipality":"Kononfla","state_district":"Marahoué","state":"Sassandra-Marahoué","ISO3166-2-lvl4":"CI-SM","country":"Côte d’Ivoire","country_code":"ci"},"osm_type":"relation","osm_id":10757679,"type":"administrative","location":[-5.6150198222422585,6.667518299999999],"bbox":[-5.7399756,6.5221354,-5.4922348,6.803175]}}
{"name":"Kossou","display_name":"Kossou, Yamoussoukro, Côte d’Ivoire","address":{"town":"Kossou","municipality":"Kossou","state":"Yamoussoukro","ISO3166-2-lvl4":"CI-YM","country":"Côte d’Ivoire","country_code":"ci"},"population":32320,"osm_type":"node","osm_id":2735786890,"type":"town","location":[-5.4802327,7.0022851],"bbox":[-5.5202327,6.9622851,-5.4402327,7.0422851],"border":{"name":"Kossou","display_name":"Kossou, Yamoussoukro, Côte d’Ivoire","address":{"municipality":"Kossou","state":"Yamoussoukro","ISO3166-2-lvl4":"CI-YM","country":"Côte d’Ivoire","country_code":"ci"},"osm_type":"relation","osm_id":10757675,"type":"administrative","location":[-5.441990077685823,6.924810900000001],"bbox":[-5.5281258,6.7988949,-5.3715999,7.049283]}}
{"name":"Kouassi-Kouassikro","other_names":{"name:fr":"Kouassi-Kouassikro","name:bci":"Kouassi-Kouassikro"},"display_name":"Kouassi-Kouassikro, N’zi, Lacs, Côte d’Ivoire","address":{"town":"Kouassi-Kouassikro","state_district":"N’zi","state":"Lacs","ISO3166-2-lvl4":"CI-LC","country":"Côte d’Ivoire","country_code":"ci"},"population":25000,"osm_type":"node","osm_id":2944573639,"type":"town","location":[-4.67709,7.341414],"bbox":[-4.71709,7.301414,-4.63709,7.381414]}
{"name":"Kouibly","other_names":{"name:fr":"Kouibly","alt_name":"Kouibli"},"display_name":"Kouibly, Guémon, Montagnes, Côte d’Ivoire","address":{"town":"Kouibly","state_district":"Guémon","state":"Montagnes","ISO3166-2-lvl4":"CI-MG","country":"Côte d’Ivoire","country_code":"ci"},"osm_type":"node","osm_id":1239009716,"type":"town","location":[-7.235397,7.256817],"bbox":[-7.275397,7.216817,-7.195397,7.296817]}
{"name":"Koun-Fao","display_name":"Koun-Fao, Gontougo, Zanzan, Côte d’Ivoire","address":{"town":"Koun-Fao","state_district":"Gontougo","state":"Zanzan","ISO3166-2-lvl4":"CI-ZZ","country":"Côte d’Ivoire","country_code":"ci"},"osm_type":"node","osm_id":843415491,"type":"town","location":[-3.2517544,7.4879991],"bbox":[-3.2917544,7.4479991,-3.2117544,7.5279991]}
{"name":"Kouto","display_name":"Kouto, Bagoué, Savanes, Côte d’Ivoire","address":{"town":"Kouto","state_district":"Bagoué","state":"Savanes","ISO3166-2-lvl4":"CI-SV","country":"Côte d’Ivoire","country_code":"ci"},"population":55893,"osm_type":"node","osm_id":443285316,"type":"town","location":[-6.4127605,9.8927311],"bbox":[-6.4527605,9.8527311,-6.3727605,9.9327311]}
{"name":"Krinjabo","display_name":"Krinjabo, Aboisso, Sud-Comoé, Comoé, Côte d’Ivoire","address":{"town":"Krinjabo","county":"Aboisso","state_district":"Sud-Comoé","state":"Comoé","ISO3166-2-lvl4":"CI-CM","country":"Côte d’Ivoire","country_code":"ci"},"osm_type":"node","osm_id":1376363113,"type":"town","location":[-3.2122237,5.3961],"bbox":[-3.2522237,5.3561,-3.1722237,5.4361]}
{"name":"Lataha","display_name":"Lataha, Poro, Savanes, Côte d’Ivoire","address":{"town":"Lataha","municipality":"Lataha","state_district":"Poro","state":"Savanes","ISO3166-2-lvl4":"CI-SV","country":"Côte d’Ivoire","country_code":"ci"},"osm_type":"node","osm_id":11986310212,"type":"town","location":[-5.5911395,9.5666014],"bbox":[-5.6311395,9.5266014,-5.5511395,9.6066014],"border":{"name":"Lataha","display_name":"Lataha, Poro, Savanes, Côte d’Ivoire","address":{"municipality":"Lataha","state_district":"Poro","state":"Savanes","ISO3166-2-lvl4":"CI-SV","country":"Côte d’Ivoire","country_code":"ci"},"osm_type":"relation","osm_id":10757664,"type":"administrative","location":[-5.543788258062584,9.625949850000001],"bbox":[-5.6400884,9.4968157,-5.4364548,9.7542295]}}
{"name":"Lolobo","display_name":"Lolobo, Yamoussoukro, Côte d’Ivoire","address":{"town":"Lolobo","state":"Yamoussoukro","ISO3166-2-lvl4":"CI-YM","country":"Côte d’Ivoire","country_code":"ci"},"population":34650,"osm_type":"node","osm_id":858772714,"type":"town","location":[-5.265722,6.9577914],"bbox":[-5.305722,6.9177914,-5.225722,6.9977914],"border":{"name":"Lolobo","display_name":"Lolobo, Yamoussoukro, Côte d’Ivoire","address":{"municipality":"Lolobo","state":"Yamoussoukro","ISO3166-2-lvl4":"CI-YM","country":"Côte d’Ivoire","country_code":"ci"},"osm_type":"relation","osm_id":10757676,"type":"administrative","location":[-5.174699064279864,6.97271295],"bbox":[-5.3756879,6.8495564,-5.0233378,7.0967841]}}
{"name":"M’Batto","display_name":"M’Batto, Moronou, Lacs, Côte d’Ivoire","address":{"town":"M’Batto","state_district":"Moronou","state":"Lacs","ISO3166-2-lvl4":"CI-LC","country":"Côte d’Ivoire","country_code":"ci"},"osm_type":"node","osm_id":2747035158,"type":"town","location":[-4.3585668,6.4695017],"bbox":[-4.3985668,6.4295017,-4.3185668,6.5095017]}
{"name":"M’Bengué","other_names":{"name:fr":"M’Bengué","alt_name":"Mbengué"},"display_name":"M’Bengué, Poro, Savanes, Côte d’Ivoire","address":{"town":"M’Bengué","state_district":"Poro","state":"Savanes","ISO3166-2-lvl4":"CI-SV","country":"Côte d’Ivoire","country_code":"ci"},"osm_type":"node","osm_id":443360458,"type":"town","location":[-5.9007432,10.0010816],"bbox":[-5.9407432,9.9610816,-5.8607432,10.0410816]}
{"name":"Madinani","other_names":{"name:fr":"Madinani","alt_name":"Mandinani"},"display_name":"Madinani, Kabadougou, Denguélé, Côte d’Ivoire","address":{"town":"Madinani","state_district":"Kabadougou","state":"Denguélé","ISO3166-2-lvl4":"CI-DN","country":"Côte d’Ivoire","country_code":"ci"},"osm_type":"node","osm_id":443287953,"type":"town","location":[-6.9430731,9.6103848],"bbox":[-6.9830731,9.5703848,-6.9030731,9.6503848]}
{"name":"Mankono","display_name":"Mankono, Béré, Woroba, Côte d’Ivoire","address":{"town":"Mankono","municipality":"Mankono","state_district":"Béré","state":"Woroba","ISO3166-2-lvl4":"CI-WR","country":"Côte d’Ivoire","country_code":"ci"},"population":74165,"osm_type":"node","osm_id":2735819665,"type":"town","location":[-6.1897808,8.0577294],"bbox":[-6.2297808,8.0177294,-6.1497808,8.0977294],"border":{"name":"Mankono","display_name":"Mankono, Béré, Woroba, Côte d’Ivoire","address":{"municipality":"Mankono","state_district":"Béré","state":"Woroba","ISO3166-2-lvl4":"CI-WR","country":"Côte d’Ivoire","country_code":"ci"},"osm_type":"relation","osm_id":10757683,"type":"administrative","location":[-6.074259236645267,8.0448003],"bbox":[-6.3516572,7.737061,-5.750369,8.3548043]}}
{"name":"Minignan","other_names":{"name:en":"Maninian","name:fr":"Minignan"},"display_name":"Minignan, Folon, Denguélé, Côte d’Ivoire","address":{"town":"Minignan","state_district":"Folon","state":"Denguélé","ISO3166-2-lvl4":"CI-DN","country":"Côte d’Ivoire","country_code":"ci"},"population":14000,"osm_type":"node","osm_id":443216727,"type":"town","location":[-7.836692,9.9964793],"bbox":[-7.876692,9.9564793,-7.796692,10.0364793]}
{"name":"Minoré","other_names":{"name:fr":"Minoré","alt_name":"Miniouré;Minyouré;Mignoré"},"display_name":"Minoré, Haut-Sassandra, Sassandra-Marahoué, Côte d’Ivoire","address":{"town":"Minoré","state_district":"Haut-Sassandra","state":"Sassandra-Marahoué","ISO3166-2-lvl4":"CI-SM","country":"Côte d’Ivoire","country_code":"ci"},"osm_type":"node","osm_id":443331228,"type":"town","location":[-6.7880533,7.4866832],"bbox":[-6.8280533,7.4466832,-6.7480533,7.5266832]}
{"name":"N’Douci","other_names":{"name:fr":"N’Douci","alt_name":"N’Doussi","nat_name":"Ndouci"},"display_name":"N’Douci, Agnéby-Tiassa, Lagunes, Côte d’Ivoire","address":{"town":"N’Douci","state_district":"Agnéby-Tiassa","state":"Lagunes","ISO3166-2-lvl4":"CI-LG","country":"Côte d’Ivoire","country_code":"ci"},"population":97194,"osm_type":"node","osm_id":843207421,"type":"town","location":[-4.763067,5.8651031],"bbox":[-4.803067,5.8251031,-4.723067,5.9051031]}
{"name":"Napié","other_names":{"name:fr":"Napié","alt_name":"Napie"},"display_name":"Napié, Poro, Savanes, Côte d’Ivoire","address":{"town":"Napié","state_district":"Poro","state":"Savanes","ISO3166-2-lvl4":"CI-SV","country":"Côte d’Ivoire","country_code":"ci"},"osm_type":"node","osm_id":1626917070,"type":"town","location":[-5.5902741,9.2914786],"bbox":[-5.6302741,9.2514786,-5.5502741,9.3314786]}
{"name":"Niakaramandougou","other_names":{"name:fr":"Niakaramandougou","short_name":"Niakara"},"display_name":"Niakaramandougou, Hambol, Vallée du Bandama, Côte d’Ivoire","address":{"town":"Niakaramandougou","state_district":"Hambol","state":"Vallée du Bandama","ISO3166-2-lvl4":"CI-VB","country":"Côte d’Ivoire","country_code":"ci"},"osm_type":"node","osm_id":443294963,"type":"town","location":[-5.2894139,8.6606903],"bbox":[-5.3294139,8.6206903,-5.2494139,8.7006903]}
{"name":"Niéméné","display_name":"Niéméné, Hambol, Vallée du Bandama, Côte d’Ivoire","address":{"town":"Niéméné","state_district":"Hambol","state":"Vallée du Bandama","ISO3166-2-lvl4":"CI-VB","country":"Côte d’Ivoire","country_code":"ci"},"osm_type":"node","osm_id":3088929325,"type":"town","location":[-4.6887441,8.4542887],"bbox":[-4.7287441,8.4142887,-4.6487441,8.4942887]}
{"name":"Noé","display_name":"Noé, Tiapoum, Sud-Comoé, Comoé, Côte d’Ivoire","address":{"town":"Noé","county":"Tiapoum","state_district":"Sud-Comoé","state":"Comoé","ISO3166-2-lvl4":"CI-CM","country":"Côte d’Ivoire","country_code":"ci"},"osm_type":"node","osm_id":2863973471,"type":"town","location":[-2.7944511,5.2904138],"bbox":[-2.8344511,5.2504138,-2.7544511,5.3304138]}
{"name":"Odienné","display_name":"Odienné, Kabadougou, Denguélé, Côte d’Ivoire","address":{"town":"Odienné","state_district":"Kabadougou","state":"Denguélé","ISO3166-2-lvl4":"CI-DN","country":"Côte d’Ivoire","country_code":"ci"},"population":86279,"osm_type":"node","osm_id":319225802,"type":"town","location":[-7.561942,9.504431],"bbox":[-7.601942,9.464431,-7.521942,9.544431]}
{"name":"Okrouyo","display_name":"Okrouyo, Nawa, Bas-Sassandra, Côte d’Ivoire","address":{"town":"Okrouyo","state_district":"Nawa","state":"Bas-Sassandra","ISO3166-2-lvl4":"CI-BS","country":"Côte d’Ivoire","country_code":"ci"},"population":120053,"osm_type":"node","osm_id":2935909683,"type":"town","location":[-6.4080341,5.7655724],"bbox":[-6.4480341,5.7255724,-6.3680341,5.8055724]}
{"name":"Ouangolodougou","other_names":{"name:fr":"Ouangolodougou","short_name":"Ouangolo"},"display_name":"Ouangolodougou, Tchologo, Savanes, Côte d’Ivoire","address":{"town":"Ouangolodougou","state_district":"Tchologo","state":"Savanes","ISO3166-2-lvl4":"CI-SV","country":"Côte d’Ivoire","country_code":"ci"},"population":85334,"osm_type":"node","osm_id":1599958076,"type":"town","location":[-5.149917,9.966279],"bbox":[-5.189917,9.926279,-5.109917,10.006279]}
{"name":"Ouragahio","other_names":{"name:fr":"Ouragahio","alt_name":"Ouergahio","loc_name":"Ouergayou"},"display_name":"Ouragahio, Gôh, Gôh-Djiboua, Côte d’Ivoire","address":{"town":"Ouragahio","state_district":"Gôh","state":"Gôh-Djiboua","ISO3166-2-lvl4":"CI-GD","country":"Côte d’Ivoire","country_code":"ci"},"osm_type":"node","osm_id":2403164231,"type":"town","location":[-5.9312428,6.3083585],"bbox":[-5.9712428,6.2683585,-5.8912428,6.3483585]}
{"name":"Prikro","display_name":"Prikro, Iffou, Lacs, Côte d’Ivoire","address":{"town":"Prikro","state_district":"Iffou","state":"Lacs","ISO3166-2-lvl4":"CI-LC","country":"Côte d’Ivoire","country_code":"ci"},"osm_type":"node","osm_id":2747060680,"type":"town","location":[-3.9973171,7.6470835],"bbox":[-4.0373171,7.6070835,-3.9573171,7.6870835]}
{"name":"Rubino","display_name":"Rubino, Agnéby-Tiassa, Lagunes, Côte d’Ivoire","address":{"town":"Rubino","state_district":"Agnéby-Tiassa","state":"Lagunes","ISO3166-2-lvl4":"CI-LG","country":"Côte d’Ivoire","country_code":"ci"},"osm_type":"node","osm_id":1226027857,"type":"town","location":[-4.305175,6.071702],"bbox":[-4.345175,6.031702,-4.265175,6.111702]}
{"name":"Sago","other_names":{"name:fr":"Sago","alt_name":"Sagbé"},"display_name":"Sago, Gbôklé, Bas-Sassandra, Côte d’Ivoire","address":{"town":"Sago","state_district":"Gbôklé","state":"Bas-Sassandra","ISO3166-2-lvl4":"CI-BS","country":"Côte d’Ivoire","country_code":"ci"},"population":91140,"osm_type":"node","osm_id":443386533,"type":"town","location":[-5.9166333,5.267115],"bbox":[-5.9566333,5.227115,-5.8766333,5.307115]}
{"name":"Saïoua","display_name":"Saïoua, Haut-Sassandra, Sassandra-Marahoué, Côte d’Ivoire","address":{"town":"Saïoua","state_district":"Haut-Sassandra","state":"Sassandra-Marahoué","ISO3166-2-lvl4":"CI-SM","country":"Côte d’Ivoire","country_code":"ci"},"population":100085,"osm_type":"node","osm_id":2948576219,"type":"town","location":[-6.2761554,6.4873195],"bbox":[-6.3161554,6.4473195,-6.2361554,6.5273195]}
{"name":"Sakassou","display_name":"Sakassou, Gbêkê, Vallée du Bandama, Côte d’Ivoire","address":{"town":"Sakassou","state_district":"Gbêkê","state":"Vallée du Bandama","ISO3166-2-lvl4":"CI-VB","country":"Côte d’Ivoire","country_code":"ci"},"population":17000,"osm_type":"node","osm_id":2491332497,"type":"town","location":[-5.2923493,7.4534806],"bbox":[-5.3323493,7.4134806,-5.2523493,7.4934806]}
{"name":"Samatiguila","display_name":"Samatiguila, Kabadougou, Denguélé, Côte d’Ivoire","address":{"town":"Samatiguila","state_district":"Kabadougou","state":"Denguélé","ISO3166-2-lvl4":"CI-DN","country":"Côte d’Ivoire","country_code":"ci"},"population":6000,"osm_type":"node","osm_id":703942949,"type":"town","location":[-7.561488,9.818397],"bbox":[-7.601488,9.778397,-7.521488,9.858397]}
{"display_name":"San-Pédro, Bas-Sassandra, Côte d’Ivoire","address":{"state_district":"San-Pédro","state":"Bas-Sassandra","ISO3166-2-lvl4":"CI-BS","country":"Côte d’Ivoire","country_code":"ci"},"osm_type":"node","osm_id":1306852227,"type":"town","location":[-6.7039653,5.2027726],"bbox":[-6.7439653,5.1627726,-6.6639653,5.2427726]}
{"name":"Sassandra","other_names":{"name:ar":"ساساندرا","name:fr":"Sassandra"},"display_name":"Sassandra, Gbôklé, Bas-Sassandra, Côte d’Ivoire","address":{"town":"Sassandra","state_district":"Gbôklé","state":"Bas-Sassandra","ISO3166-2-lvl4":"CI-BS","country":"Côte d’Ivoire","country_code":"ci"},"population":87945,"osm_type":"node","osm_id":1595489017,"type":"town","location":[-6.0921667,4.9490007],"bbox":[-6.1321667,4.9090007,-6.0521667,4.9890007]}
{"name":"Séguéla","other_names":{"name:fr":"Séguéla","name:ru":"Сегела"},"display_name":"Séguéla, Worodougou, Woroba, Côte d’Ivoire","address":{"town":"Séguéla","state_district":"Worodougou","state":"Woroba","ISO3166-2-lvl4":"CI-WR","country":"Côte d’Ivoire","country_code":"ci"},"population":103980,"osm_type":"node","osm_id":2725995822,"type":"town","location":[-6.6702351,7.9614107],"bbox":[-6.7102351,7.9214107,-6.6302351,8.0014107]}
{"name":"Séitifla","other_names":{"name:fr":"Séitifla","alt_name":"Seitifla"},"display_name":"Séitifla, Haut-Sassandra, Sassandra-Marahoué, Côte d’Ivoire","address":{"town":"Séitifla","state_district":"Haut-Sassandra","state":"Sassandra-Marahoué","ISO3166-2-lvl4":"CI-SM","country":"Côte d’Ivoire","country_code":"ci"},"population":109252,"osm_type":"node","osm_id":443330869,"type":"town","location":[-6.7181556,7.4403748],"bbox":[-6.7581556,7.4003748,-6.6781556,7.4803748]}
{"name":"Siempurgo","display_name":"Siempurgo, Bagoué, Savanes, Côte d’Ivoire","address":{"town":"Siempurgo","state_district":"Bagoué","state":"Savanes","ISO3166-2-lvl4":"CI-SV","country":"Côte d’Ivoire","country_code":"ci"},"osm_type":"node","osm_id":2597925045,"type":"town","location":[-6.1937393,9.5207745],"bbox":[-6.2337393,9.4807745,-6.1537393,9.5607745]}
{"name":"Sifié","display_name":"Sifié, Worodougou, Woroba, Côte d’Ivoire","address":{"town":"Sifié","state_district":"Worodougou","state":"Woroba","ISO3166-2-lvl4":"CI-WR","country":"Côte d’Ivoire","country_code":"ci"},"population":31264,"osm_type":"node","osm_id":2773414916,"type":"town","location":[-6.9273181,7.9839092],"bbox":[-6.9673181,7.9439092,-6.8873181,8.0239092]}
{"name":"Sikensi","other_names":{"name:fr":"Sikensi","alt_name":"Sikinssi","loc_name":"Sitensi"},"display_name":"Sikensi, Agnéby-Tiassa, Lagunes, Côte d’Ivoire","address":{"town":"Sikensi","municipality":"Sikensi","state_district":"Agnéby-Tiassa","state":"Lagunes","ISO3166-2-lvl4":"CI-LG","country":"Côte d’Ivoire","country_code":"ci"},"osm_type":"node","osm_id":1376344653,"type":"town","location":[-4.575159,5.671373],"bbox":[-4.615159,5.631373,-4.535159,5.711373],"border":{"name":"Sikensi","display_name":"Sikensi, Agnéby-Tiassa, Lagunes, Côte d’Ivoire","address":{"municipality":"Sikensi","state_district":"Agnéby-Tiassa","state":"Lagunes","ISO3166-2-lvl4":"CI-LG","country":"Côte d’Ivoire","country_code":"ci"},"osm_type":"relation","osm_id":10757669,"type":"administrative","location":[-4.594765169351558,5.64314725],"bbox":[-4.7151147,5.5329659,-4.4741816,5.7463544]}}
{"name":"Sinématiali","display_name":"Sinématiali, Poro, Savanes, Côte d’Ivoire","address":{"town":"Sinématiali","state_district":"Poro","state":"Savanes","ISO3166-2-lvl4":"CI-SV","country":"Côte d’Ivoire","country_code":"ci"},"osm_type":"node","osm_id":443357112,"type":"town","location":[-5.3840301,9.5840785],"bbox":[-5.4240301,9.5440785,-5.3440301,9.6240785]}
{"name":"Sipilou","display_name":"Sipilou, Tonkpi, Montagnes, Côte d’Ivoire","address":{"town":"Sipilou","state_district":"Tonkpi","state":"Montagnes","ISO3166-2-lvl4":"CI-MG","country":"Côte d’Ivoire","country_code":"ci"},"osm_type":"node","osm_id":4243497401,"type":"town","location":[-8.1033408,7.8630249],"bbox":[-8.1433408,7.8230249,-8.0633408,7.9030249]}
{"name":"Songon","display_name":"Songon, Abidjan, Côte d’Ivoire","address":{"town":"Songon","municipality":"Songon","state":"Abidjan","ISO3166-2-lvl4":"CI-AB","country":"Côte d’Ivoire","country_code":"ci"},"population":89778,"osm_type":"node","osm_id":2905034837,"type":"town","location":[-4.2516692,5.3249036],"bbox":[-4.2916692,5.2849036,-4.2116692,5.3649036],"border":{"name":"Songon","display_name":"Songon, Abidjan, Côte d’Ivoire","address":{"municipality":"Songon","state":"Abidjan","ISO3166-2-lvl4":"CI-AB","country":"Côte d’Ivoire","country_code":"ci"},"osm_type":"relation","osm_id":3377972,"type":"administrative","location":[-4.20611996084514,5.334939650000001],"bbox":[-4.2940788,5.2208709,-4.1117326,5.4495653]}}
{"name":"Taabo","display_name":"Taabo, Agnéby-Tiassa, Lagunes, Côte d’Ivoire","address":{"town":"Taabo","state_district":"Agnéby-Tiassa","state":"Lagunes","ISO3166-2-lvl4":"CI-LG","country":"Côte d’Ivoire","country_code":"ci"},"population":57189,"osm_type":"node","osm_id":5162635562,"type":"town","location":[-5.0699787,6.2668844],"bbox":[-5.1099787,6.2268844,-5.0299787,6.3068844]}
{"name":"Tabou","other_names":{"name:fr":"Tabou","name:ru":"Табоу"},"display_name":"Tabou, San-Pédro, Bas-Sassandra, Côte d’Ivoire","address":{"town":"Tabou","state_district":"San-Pédro","state":"Bas-Sassandra","ISO3166-2-lvl4":"CI-BS","country":"Côte d’Ivoire","country_code":"ci"},"population":62719,"osm_type":"node","osm_id":2721194434,"type":"town","location":[-7.3559159,4.4162799],"bbox":[-7.3959159,4.3762799,-7.3159159,4.4562799]}
{"name":"Tafiré","display_name":"Tafiré, Hambol, Vallée du Bandama, Côte d’Ivoire","address":{"town":"Tafiré","state_district":"Hambol","state":"Vallée du Bandama","ISO3166-2-lvl4":"CI-VB","country":"Côte d’Ivoire","country_code":"ci"},"population":15000,"osm_type":"node","osm_id":816241172,"type":"town","location":[-5.1637595,9.0714729],"bbox":[-5.2037595,9.0314729,-5.1237595,9.1114729],"border":{"name":"Tafiré","display_name":"Tafiré, Hambol, Vallée du Bandama, Côte d’Ivoire","address":{"town":"Tafiré","state_district":"Hambol","state":"Vallée du Bandama","ISO3166-2-lvl4":"CI-VB","country":"Côte d’Ivoire","country_code":"ci"},"population":23000,"osm_type":"way","osm_id":392690038,"type":"town","location":[-5.1637595,9.0714729],"bbox":[-5.1783185,9.0596405,-5.1511424,9.0824826]}}
{"name":"Taï","other_names":{"name:en":"Tai","name:fr":"Taï"},"display_name":"Taï, Cavally, Montagnes, Côte d’Ivoire","address":{"town":"Taï","state_district":"Cavally","state":"Montagnes","ISO3166-2-lvl4":"CI-MG","country":"Côte d’Ivoire","country_code":"ci"},"osm_type":"node","osm_id":1091671536,"type":"town","location":[-7.4531292,5.8756204],"bbox":[-7.4931292,5.8356204,-7.4131292,5.9156204]}
{"name":"Tanda","display_name":"Tanda, Gontougo, Zanzan, Côte d’Ivoire","address":{"town":"Tanda","state_district":"Gontougo","state":"Zanzan","ISO3166-2-lvl4":"CI-ZZ","country":"Côte d’Ivoire","country_code":"ci"},"osm_type":"node","osm_id":843418409,"type":"town","location":[-3.1672478,7.803664],"bbox":[-3.2072478,7.763664,-3.1272478,7.843664]}
{"name":"Tengréla","other_names":{"alt_name":"Tingréla","official_name":"Tingréla"},"display_name":"Tengréla, Bagoué, Savanes, Côte d’Ivoire","address":{"town":"Tengréla","state_district":"Bagoué","state":"Savanes","ISO3166-2-lvl4":"CI-SV","country":"Côte d’Ivoire","country_code":"ci"},"population":92454,"osm_type":"node","osm_id":443246110,"type":"town","location":[-6.4084029,10.4808361],"bbox":[-6.4484029,10.4408361,-6.3684029,10.5208361],"border":[{"name":"Tengréla","other_names":{"name:fr":"Tengréla","alt_name":"Tingréla","official_name":"Tingréla"},"display_name":"Tengréla, Bagoué, Savanes, Côte d’Ivoire","address":{"town":"Tengréla","state_district":"Bagoué","state":"Savanes","ISO3166-2-lvl4":"CI-SV","country":"Côte d’Ivoire","country_code":"ci"},"population":92454,"osm_type":"relation","osm_id":14028349,"type":"administrative","location":[-6.4084029,10.4808361],"bbox":[-6.6823692,10.20939,-6.1553839,10.740197]},{"name":"Tengréla","display_name":"Tengréla, Bagoué, Savanes, Côte d’Ivoire","address":{"city_district":"Tengréla","town":"Tengréla","state_district":"Bagoué","state":"Savanes","ISO3166-2-lvl4":"CI-SV","country":"Côte d’Ivoire","country_code":"ci"},"osm_type":"relation","osm_id":14028352,"type":"administrative","location":[-6.450851233900199,10.411555],"bbox":[-6.6555424,10.20939,-6.2319273,10.614288]}]}
{"name":"Tiassalé","other_names":{"name:en":"Tiassale","name:fr":"Tiassalé","name:ru":"Тиасале"},"display_name":"Tiassalé, Agnéby-Tiassa, Lagunes, Côte d’Ivoire","address":{"town":"Tiassalé","state_district":"Agnéby-Tiassa","state":"Lagunes","ISO3166-2-lvl4":"CI-LG","country":"Côte d’Ivoire","country_code":"ci"},"population":83648,"osm_type":"node","osm_id":319225766,"type":"town","location":[-4.8250584,5.8956463],"bbox":[-4.8650584,5.8556463,-4.7850584,5.9356463]}
{"name":"Tié-N’Diékro","other_names":{"name:fr":"Tié-N’Diékro","alt_name":"Tchéndjékro"},"display_name":"Tié-N’Diékro, Bélier, Lacs, Côte d’Ivoire","address":{"town":"Tié-N’Diékro","state_district":"Bélier","state":"Lacs","ISO3166-2-lvl4":"CI-LC","country":"Côte d’Ivoire","country_code":"ci"},"osm_type":"node","osm_id":2946493616,"type":"town","location":[-4.7651872,7.4274242],"bbox":[-4.8051872,7.3874242,-4.7251872,7.4674242]}
{"name":"Tiébissou","display_name":"Tiébissou, Bélier, Lacs, Côte d’Ivoire","address":{"town":"Tiébissou","state_district":"Bélier","state":"Lacs","ISO3166-2-lvl4":"CI-LC","country":"Côte d’Ivoire","country_code":"ci"},"population":20000,"osm_type":"node","osm_id":858772438,"type":"town","location":[-5.2255722,7.1580709],"bbox":[-5.2655722,7.1180709,-5.1855722,7.1980709]}
{"name":"Tiéme","display_name":"Tiéme, Kabadougou, Denguélé, Côte d’Ivoire","address":{"town":"Tiéme","state_district":"Kabadougou","state":"Denguélé","ISO3166-2-lvl4":"CI-DN","country":"Côte d’Ivoire","country_code":"ci"},"osm_type":"node","osm_id":443224124,"type":"town","location":[-7.3176698,9.5432254],"bbox":[-7.3576698,9.5032254,-7.2776698,9.5832254]}
{"name":"Tiéningboué","display_name":"Tiéningboué, Béré, Woroba, Côte d’Ivoire","address":{"town":"Tiéningboué","state_district":"Béré","state":"Woroba","ISO3166-2-lvl4":"CI-WR","country":"Côte d’Ivoire","country_code":"ci"},"osm_type":"node","osm_id":2735910464,"type":"town","location":[-5.7220863,8.1785845],"bbox":[-5.7620863,8.1385845,-5.6820863,8.2185845]}
{"name":"Tortiya","other_names":{"name:fr":"Tortiya","alt_name":"Tortiva"},"display_name":"Tortiya, Hambol, Vallée du Bandama, Côte d’Ivoire","address":{"town":"Tortiya","state_district":"Hambol","state":"Vallée du Bandama","ISO3166-2-lvl4":"CI-VB","country":"Côte d’Ivoire","country_code":"ci"},"osm_type":"node","osm_id":2144599945,"type":"town","location":[-5.6868652,8.7710705],"bbox":[-5.7268652,8.7310705,-5.6468652,8.8110705]}
{"name":"Touba","display_name":"Touba, Bafing, Woroba, Côte d’Ivoire","address":{"town":"Touba","state_district":"Bafing","state":"Woroba","ISO3166-2-lvl4":"CI-WR","country":"Côte d’Ivoire","country_code":"ci"},"population":30000,"osm_type":"node","osm_id":319225798,"type":"town","location":[-7.6818105,8.2840981],"bbox":[-7.7218105,8.2440981,-7.6418105,8.3240981]}
{"name":"Touih","display_name":"Touih, San-Pédro, Bas-Sassandra, Côte d’Ivoire","address":{"town":"Touih","state_district":"San-Pédro","state":"Bas-Sassandra","ISO3166-2-lvl4":"CI-BS","country":"Côte d’Ivoire","country_code":"ci"},"osm_type":"node","osm_id":1602774852,"type":"town","location":[-6.5330353,5.2600852],"bbox":[-6.5730353,5.2200852,-6.4930353,5.3000852]}
{"name":"Toulépleu","display_name":"Toulépleu, Cavally, Montagnes, Côte d’Ivoire","address":{"town":"Toulépleu","state_district":"Cavally","state":"Montagnes","ISO3166-2-lvl4":"CI-MG","country":"Côte d’Ivoire","country_code":"ci"},"population":22000,"osm_type":"node","osm_id":2735919293,"type":"town","location":[-8.4150175,6.580899],"bbox":[-8.4550175,6.540899,-8.3750175,6.620899]}
{"name":"Toumodi","display_name":"Toumodi, Bélier, Lacs, Côte d’Ivoire","address":{"town":"Toumodi","state_district":"Bélier","state":"Lacs","ISO3166-2-lvl4":"CI-LC","country":"Côte d’Ivoire","country_code":"ci"},"population":88580,"osm_type":"node","osm_id":1597902622,"type":"town","location":[-5.0160877,6.5602173],"bbox":[-5.0560877,6.5202173,-4.9760877,6.6002173]}
{"name":"Vaafla","display_name":"Vaafla, Haut-Sassandra, Sassandra-Marahoué, Côte d’Ivoire","address":{"town":"Vaafla","state_district":"Haut-Sassandra","state":"Sassandra-Marahoué","ISO3166-2-lvl4":"CI-SM","country":"Côte d’Ivoire","country_code":"ci"},"osm_type":"node","osm_id":443330540,"type":"town","location":[-6.6474706,7.415036],"bbox":[-6.6874706,7.375036,-6.6074706,7.455036]}
{"name":"Vaou","other_names":{"name:fr":"Vaou","alt_name":"Vao"},"display_name":"Vaou, Haut-Sassandra, Sassandra-Marahoué, Côte d’Ivoire","address":{"town":"Vaou","state_district":"Haut-Sassandra","state":"Sassandra-Marahoué","ISO3166-2-lvl4":"CI-SM","country":"Côte d’Ivoire","country_code":"ci"},"osm_type":"node","osm_id":3141965342,"type":"town","location":[-6.9915285,7.4431126],"bbox":[-7.0315285,7.4031126,-6.9515285,7.4831126]}
{"name":"Yakassé-Attobrou","other_names":{"name:fr":"Yakassé-Attobrou","short_name":"Yakassé"},"display_name":"Yakassé-Attobrou, Mé, Lagunes, Côte d’Ivoire","address":{"town":"Yakassé-Attobrou","state_district":"Mé","state":"Lagunes","ISO3166-2-lvl4":"CI-LG","country":"Côte d’Ivoire","country_code":"ci"},"osm_type":"node","osm_id":2730005221,"type":"town","location":[-3.6512284,6.1824665],"bbox":[-3.6912284,6.1424665,-3.6112284,6.2224665]}
{"name":"Yakassé-Féyassé","other_names":{"name:fr":"Yakassé-Féyassé","short_name":"Yakassé"},"display_name":"Yakassé-Féyassé, Abengourou, Indénié-Djuablin, Comoé, Côte d’Ivoire","address":{"town":"Yakassé-Féyassé","county":"Abengourou","state_district":"Indénié-Djuablin","state":"Comoé","ISO3166-2-lvl4":"CI-CM","country":"Côte d’Ivoire","country_code":"ci"},"osm_type":"node","osm_id":843416863,"type":"town","location":[-3.4120132,6.9601357],"bbox":[-3.4520132,6.9201357,-3.3720132,7.0001357]}
{"name":"Zagné","display_name":"Zagné, Cavally, Montagnes, Côte d’Ivoire","address":{"town":"Zagné","state_district":"Cavally","state":"Montagnes","ISO3166-2-lvl4":"CI-MG","country":"Côte d’Ivoire","country_code":"ci"},"osm_type":"node","osm_id":1238852358,"type":"town","location":[-7.4822787,6.2102898],"bbox":[-7.5222787,6.1702898,-7.4422787,6.2502898]}
{"name":"Zouan-Hounien","display_name":"Zouan-Hounien, Tonkpi, Montagnes, Côte d’Ivoire","address":{"town":"Zouan-Hounien","state_district":"Tonkpi","state":"Montagnes","ISO3166-2-lvl4":"CI-MG","country":"Côte d’Ivoire","country_code":"ci"},"population":111099,"osm_type":"node","osm_id":443404014,"type":"town","location":[-8.2089154,6.9198246],"bbox":[-8.2489154,6.8798246,-8.1689154,6.9598246]}
{"name":"Zuénoula","display_name":"Zuénoula, Marahoué, Sassandra-Marahoué, Côte d’Ivoire","address":{"town":"Zuénoula","state_district":"Marahoué","state":"Sassandra-Marahoué","ISO3166-2-lvl4":"CI-SM","country":"Côte d’Ivoire","country_code":"ci"},"population":53000,"osm_type":"node","osm_id":443315177,"type":"town","location":[-6.0500349,7.4280208],"bbox":[-6.0900349,7.3880208,-6.0100349,7.4680208]}
