{"name":"Batoka","display_name":"Batoka, Pemba District, Southern Province, Zambia","address":{"town":"Batoka","state_district":"Pemba District","state":"Southern Province","ISO3166-2-lvl4":"ZM-07","country":"Zambia","country_code":"zm"},"osm_type":"node","osm_id":2599097044,"type":"town","location":[27.2477069,-16.7738722],"bbox":[27.2077069,-16.8138722,27.2877069,-16.7338722]}
{"name":"Chadiza","display_name":"Chadiza, Chadiza District, Eastern Province, Zambia","address":{"town":"Chadiza","state_district":"Chadiza District","state":"Eastern Province","ISO3166-2-lvl4":"ZM-03","country":"Zambia","country_code":"zm"},"osm_type":"node","osm_id":3368225028,"type":"town","location":[32.4345345,-14.0614591],"bbox":[32.3945345,-14.1014591,32.4745345,-14.0214591]}
{"name":"Chalimbana","display_name":"Chalimbana, Chongwe District, Lusaka Province, Zambia","address":{"town":"Chalimbana","state_district":"Chongwe District","state":"Lusaka Province","ISO3166-2-lvl4":"ZM-09","country":"Zambia","country_code":"zm"},"osm_type":"node","osm_id":9128896282,"type":"town","location":[28.7003063,-15.3815272],"bbox":[28.6603063,-15.4215272,28.7403063,-15.3415272]}
{"name":"Chama","display_name":"Chama, Chama District, Eastern Province, Zambia","address":{"town":"Chama","state_district":"Chama District","state":"Eastern Province","ISO3166-2-lvl4":"ZM-03","country":"Zambia","country_code":"zm"},"osm_type":"node","osm_id":2700186407,"type":"town","location":[33.1586173,-11.2163888],"bbox":[33.1186173,-11.2563888,33.1986173,-11.1763888]}
{"name":"Chambishi","display_name":"Chambishi, Kalulushi District, Copperbelt Province, Zambia","address":{"town":"Chambishi","state_district":"Kalulushi District","state":"Copperbelt Province","ISO3166-2-lvl4":"ZM-08","country":"Zambia","country_code":"zm"},"population":51000,"osm_type":"node","osm_id":1166695003,"type":"town","location":[28.0664806,-12.6346433],"bbox":[28.0264806,-12.6746433,28.1064806,-12.5946433]}
{"name":"Chavuma","display_name":"Chavuma, Chavuma District, North-Western Province, Zambia","address":{"town":"Chavuma","state_district":"Chavuma District","state":"North-Western Province","ISO3166-2-lvl4":"ZM-06","country":"Zambia","country_code":"zm"},"osm_type":"node","osm_id":1239523016,"type":"town","location":[22.6901247,-13.0815305],"bbox":[22.6501247,-13.1215305,22.7301247,-13.0415305]}
{"name":"Chiengi","display_name":"Chiengi, Chiengi District, Luapula Province, Zambia","address":{"town":"Chiengi","state_district":"Chiengi District","state":"Luapula Province","ISO3166-2-lvl4":"ZM-04","country":"Zambia","country_code":"zm"},"osm_type":"node","osm_id":7192562998,"type":"town","location":[29.1599357,-8.6606102],"bbox":[29.1199357,-8.7006102,29.1999357,-8.6206102]}
{"name":"Chilanga","display_name":"Chilanga, Chilanga District, Lusaka Province, Zambia","address":{"town":"Chilanga","state_district":"Chilanga District","state":"Lusaka Province","ISO3166-2-lvl4":"ZM-09","country":"Zambia","country_code":"zm"},"population":107051,"osm_type":"node","osm_id":705125503,"type":"town","location":[28.2754586,-15.5587509],"bbox":[28.2354586,-15.5987509,28.3154586,-15.5187509]}
{"name":"Chililabombwe","other_names":{"name:en":"Chililabombwe","name:ru":"Чилилабомбве","old_name":"Bancroft"},"display_name":"Chililabombwe, Chililabombwe District, Copperbelt Province, Zambia","address":{"town":"Chililabombwe","state_district":"Chililabombwe District","state":"Copperbelt Province","ISO3166-2-lvl4":"ZM-08","country":"Zambia","country_code":"zm"},"population":90530,"osm_type":"node","osm_id":1166695047,"type":"town","location":[27.8357281,-12.3681241],"bbox":[27.7957281,-12.4081241,27.8757281,-12.3281241]}
{"name":"Chingola","display_name":"Chingola, Chingola District, Copperbelt Province, Zambia","address":{"town":"Chingola","state_district":"Chingola District","state":"Copperbelt Province","ISO3166-2-lvl4":"ZM-08","country":"Zambia","country_code":"zm"},"population":210073,"osm_type":"node","osm_id":435533865,"type":"town","location":[27.8600422,-12.5474926],"bbox":[27.8200422,-12.5874926,27.9000422,-12.5074926]}
{"name":"Chinsali","display_name":"Chinsali, Chinsali District, Muchinga Province, Zambia","address":{"town":"Chinsali","state_district":"Chinsali District","state":"Muchinga Province","ISO3166-2-lvl4":"ZM-10","country":"Zambia","country_code":"zm"},"population":14016,"osm_type":"node","osm_id":2701550475,"type":"town","location":[32.0660837,-10.549972],"bbox":[32.0260837,-10.589972,32.1060837,-10.509972]}
{"name":"Chipangali","display_name":"Chipangali, Chipangali District, Eastern Province, Zambia","address":{"town":"Chipangali","state_district":"Chipangali District","state":"Eastern Province","ISO3166-2-lvl4":"ZM-03","country":"Zambia","country_code":"zm"},"osm_type":"node","osm_id":9961175923,"type":"town","location":[32.7636723,-13.2163829],"bbox":[32.7236723,-13.2563829,32.8036723,-13.1763829]}
{"name":"Chipembe","display_name":"Chipembe, Petauke District, Eastern Province, Zambia","address":{"town":"Chipembe","state_district":"Petauke District","state":"Eastern Province","ISO3166-2-lvl4":"ZM-03","country":"Zambia","country_code":"zm"},"osm_type":"node","osm_id":12113232930,"type":"town","location":[31.0138805,-14.5301744],"bbox":[30.9738805,-14.5701744,31.0538805,-14.4901744]}
{"name":"Chirundu","display_name":"Chirundu, Chirundu District, Southern Province, Zambia","address":{"town":"Chirundu","state_district":"Chirundu District","state":"Southern Province","ISO3166-2-lvl4":"ZM-07","country":"Zambia","country_code":"zm"},"osm_type":"node","osm_id":1141804161,"type":"town","location":[28.85148,-16.031977],"bbox":[28.81148,-16.071977,28.89148,-15.991977]}
{"name":"Chisamba","display_name":"Chisamba, Chisamba District, Central Province, Zambia","address":{"town":"Chisamba","state_district":"Chisamba District","state":"Central Province","ISO3166-2-lvl4":"ZM-02","country":"Zambia","country_code":"zm"},"population":103983,"osm_type":"node","osm_id":1141783281,"type":"town","location":[28.3760588,-14.979878],"bbox":[28.3360588,-15.019878,28.4160588,-14.939878]}
{"name":"Chisekesi","display_name":"Chisekesi, Monze District, Southern Province, Zambia","address":{"town":"Chisekesi","state_district":"Monze District","state":"Southern Province","ISO3166-2-lvl4":"ZM-07","country":"Zambia","country_code":"zm"},"osm_type":"node","osm_id":918271192,"type":"town","location":[27.4777233,-16.4393879],"bbox":[27.4377233,-16.4793879,27.5177233,-16.3993879]}
{"name":"Chitokoloki","display_name":"Chitokoloki, Zambezi District, North-Western Province, Zambia","address":{"town":"Chitokoloki","state_district":"Zambezi District","state":"North-Western Province","ISO3166-2-lvl4":"ZM-06","country":"Zambia","country_code":"zm"},"osm_type":"node","osm_id":7518470816,"type":"town","location":[23.2124215,-13.8325795],"bbox":[23.1724215,-13.8725795,23.2524215,-13.7925795]}
{"name":"Choma","display_name":"Choma, Choma District, Southern Province, Zambia","address":{"town":"Choma","state_district":"Choma District","state":"Southern Province","ISO3166-2-lvl4":"ZM-07","country":"Zambia","country_code":"zm"},"population":122480,"osm_type":"node","osm_id":241619182,"type":"town","location":[26.9778589,-16.8141943],"bbox":[26.9378589,-16.8541943,27.0178589,-16.7741943]}
{"name":"Chongwe","display_name":"Chongwe, Chongwe District, Lusaka Province, Zambia","address":{"town":"Chongwe","state_district":"Chongwe District","state":"Lusaka Province","ISO3166-2-lvl4":"ZM-09","country":"Zambia","country_code":"zm"},"population":137461,"osm_type":"node","osm_id":1237218553,"type":"town","location":[28.6813373,-15.3274755],"bbox":[28.6413373,-15.3674755,28.7213373,-15.2874755]}
{"name":"Garneton","display_name":"Garneton, Kitwe District, Copperbelt Province, Zambia","address":{"town":"Garneton","state_district":"Kitwe District","state":"Copperbelt Province","ISO3166-2-lvl4":"ZM-08","country":"Zambia","country_code":"zm"},"osm_type":"node","osm_id":2573727509,"type":"town","location":[28.1790403,-12.7413477],"bbox":[28.1390403,-12.7813477,28.2190403,-12.7013477]}
{"name":"Gwembe","display_name":"Gwembe, Gwembe District, Southern Province, Zambia","address":{"town":"Gwembe","state_district":"Gwembe District","state":"Southern Province","ISO3166-2-lvl4":"ZM-07","country":"Zambia","country_code":"zm"},"osm_type":"node","osm_id":2648534217,"type":"town","location":[27.604973,-16.49753],"bbox":[27.564973,-16.53753,27.644973,-16.45753]}
{"name":"Isoka","display_name":"Isoka, Isoka District, Muchinga Province, Zambia","address":{"town":"Isoka","state_district":"Isoka District","state":"Muchinga Province","ISO3166-2-lvl4":"ZM-10","country":"Zambia","country_code":"zm"},"osm_type":"node","osm_id":1260451930,"type":"town","location":[32.6368762,-10.1535149],"bbox":[32.5968762,-10.1935149,32.6768762,-10.1135149]}
{"name":"Itezhi-Tezhi","display_name":"Itezhi-Tezhi, Itezhi-Tezhi District, Southern Province, Zambia","address":{"town":"Itezhi-Tezhi","state_district":"Itezhi-Tezhi District","state":"Southern Province","ISO3166-2-lvl4":"ZM-07","country":"Zambia","country_code":"zm"},"osm_type":"node","osm_id":4853152892,"type":"town","location":[26.0182335,-15.7439389],"bbox":[25.9782335,-15.7839389,26.0582335,-15.7039389]}
{"name":"Kabompo","display_name":"Kabompo, Kabompo District, North-Western Province, Zambia","address":{"town":"Kabompo","state_district":"Kabompo District","state":"North-Western Province","ISO3166-2-lvl4":"ZM-06","country":"Zambia","country_code":"zm"},"osm_type":"node","osm_id":560860648,"type":"town","location":[24.2079503,-13.5984777],"bbox":[24.1679503,-13.6384777,24.2479503,-13.5584777]}
{"name":"Kacholola","display_name":"Kacholola, Nyimba District, Eastern Province, Zambia","address":{"town":"Kacholola","state_district":"Nyimba District","state":"Eastern Province","ISO3166-2-lvl4":"ZM-03","country":"Zambia","country_code":"zm"},"osm_type":"node","osm_id":11748037162,"type":"town","location":[30.5956896,-14.7637288],"bbox":[30.5556896,-14.8037288,30.6356896,-14.7237288]}
{"name":"Kafue","other_names":{"name:en":"Kafue","name:ru":"Кафуэ"},"display_name":"Kafue, Kafue District, Lusaka Province, Zambia","address":{"town":"Kafue","state_district":"Kafue District","state":"Lusaka Province","ISO3166-2-lvl4":"ZM-09","country":"Zambia","country_code":"zm"},"population":219000,"osm_type":"node","osm_id":255723997,"type":"town","location":[28.1755158,-15.7445125],"bbox":[28.1355158,-15.7845125,28.2155158,-15.7045125]}
{"name":"Kakumbi","display_name":"Kakumbi, Mambwe District, Eastern Province, Zambia","address":{"town":"Kakumbi","state_district":"Mambwe District","state":"Eastern Province","ISO3166-2-lvl4":"ZM-03","country":"Zambia","country_code":"zm"},"osm_type":"node","osm_id":2546467295,"type":"town","location":[31.8053708,-13.1141669],"bbox":[31.7653708,-13.1541669,31.8453708,-13.0741669]}
{"name":"Kalabo","display_name":"Kalabo, Kalabo District, Western Province, Zambia","address":{"town":"Kalabo","state_district":"Kalabo District","state":"Western Province","ISO3166-2-lvl4":"ZM-01","country":"Zambia","country_code":"zm"},"osm_type":"node","osm_id":2216208072,"type":"town","location":[22.6745467,-14.9950389],"bbox":[22.6345467,-15.0350389,22.7145467,-14.9550389]}
{"name":"Kalene Hill","other_names":{"name:en":"Kalene Hill","name:ru":"Калене-Хилл"},"display_name":"Kalene Hill, Ikelenge District, North-Western Province, Zambia","address":{"town":"Kalene Hill","state_district":"Ikelenge District","state":"North-Western Province","ISO3166-2-lvl4":"ZM-06","country":"Zambia","country_code":"zm"},"osm_type":"node","osm_id":2967408321,"type":"town","location":[24.1864643,-11.1683519],"bbox":[24.1464643,-11.2083519,24.2264643,-11.1283519]}
{"name":"Kaleya","display_name":"Kaleya, Mazabuka District, Southern Province, Zambia","address":{"town":"Kaleya","state_district":"Mazabuka District","state":"Southern Province","ISO3166-2-lvl4":"ZM-07","country":"Zambia","country_code":"zm"},"osm_type":"node","osm_id":315126422,"type":"town","location":[27.6804267,-15.8921819],"bbox":[27.6404267,-15.9321819,27.7204267,-15.8521819]}
{"name":"Kalomo","display_name":"Kalomo, Kalomo District, Southern Province, Zambia","address":{"town":"Kalomo","state_district":"Kalomo District","state":"Southern Province","ISO3166-2-lvl4":"ZM-07","country":"Zambia","country_code":"zm"},"osm_type":"node","osm_id":331417407,"type":"town","location":[26.4898581,-17.0237081],"bbox":[26.4498581,-17.0637081,26.5298581,-16.9837081]}
{"name":"Kalulu","display_name":"Kalulu, Mungwi District, Northern Province, Zambia","address":{"town":"Kalulu","state_district":"Mungwi District","state":"Northern Province","ISO3166-2-lvl4":"ZM-05","country":"Zambia","country_code":"zm"},"osm_type":"node","osm_id":11841671917,"type":"town","location":[31.994651,-9.6008173],"bbox":[31.954651,-9.6408173,32.034651,-9.5608173]}
{"name":"Kalulushi","display_name":"Kalulushi, Kalulushi District, Copperbelt Province, Zambia","address":{"town":"Kalulushi","state_district":"Kalulushi District","state":"Copperbelt Province","ISO3166-2-lvl4":"ZM-08","country":"Zambia","country_code":"zm"},"population":96206,"osm_type":"node","osm_id":435893724,"type":"town","location":[28.0948346,-12.841116],"bbox":[28.0548346,-12.881116,28.1348346,-12.801116]}
{"name":"Kalumbila","display_name":"Kalumbila, Kalumbila District, North-Western Province, Zambia","address":{"town":"Kalumbila","state_district":"Kalumbila District","state":"North-Western Province","ISO3166-2-lvl4":"ZM-06","country":"Zambia","country_code":"zm"},"osm_type":"way","osm_id":855404604,"type":"town","location":[25.4107018479623,-12.2229466],"bbox":[25.3984979,-12.2288251,25.4243723,-12.2150594]}
{"name":"Kanyembo","display_name":"Kanyembo, Nchelenge District, Luapula Province, Zambia","address":{"town":"Kanyembo","state_district":"Nchelenge District","state":"Luapula Province","ISO3166-2-lvl4":"ZM-04","country":"Zambia","country_code":"zm"},"osm_type":"node","osm_id":6421336020,"type":"town","location":[28.7452146,-9.6325024],"bbox":[28.7052146,-9.6725024,28.7852146,-9.5925024]}
{"name":"Kaoma","other_names":{"name:en":"Kaoma","old_name":"Mankoya"},"display_name":"Kaoma, Kaoma District, Western Province, Zambia","address":{"town":"Kaoma","state_district":"Kaoma District","state":"Western Province","ISO3166-2-lvl4":"ZM-01","country":"Zambia","country_code":"zm"},"osm_type":"node","osm_id":561046740,"type":"town","location":[24.796999,-14.7962949],"bbox":[24.756999,-14.8362949,24.836999,-14.7562949]}
{"name":"Kapiri Mposhi","display_name":"Kapiri Mposhi, Kapiri Mposhi District, Central Province, Zambia","address":{"town":"Kapiri Mposhi","state_district":"Kapiri Mposhi District","state":"Central Province","ISO3166-2-lvl4":"ZM-02","country":"Zambia","country_code":"zm"},"population":14792,"osm_type":"node","osm_id":776377628,"type":"town","location":[28.6787997,-13.9695026],"bbox":[28.6387997,-14.0095026,28.7187997,-13.9295026]}
{"name":"Kaputa","display_name":"Kaputa, Kaputa District, Northern Province, Zambia","address":{"town":"Kaputa","state_district":"Kaputa District","state":"Northern Province","ISO3166-2-lvl4":"ZM-05","country":"Zambia","country_code":"zm"},"osm_type":"node","osm_id":3732965635,"type":"town","location":[29.6638018,-8.4733222],"bbox":[29.6238018,-8.5133222,29.7038018,-8.4333222]}
{"name":"Kasaka","display_name":"Kasaka, Zambezi District, North-Western Province, Zambia","address":{"town":"Kasaka","state_district":"Zambezi District","state":"North-Western Province","ISO3166-2-lvl4":"ZM-06","country":"Zambia","country_code":"zm"},"osm_type":"node","osm_id":7518309762,"type":"town","location":[23.4517336,-13.4884552],"bbox":[23.4117336,-13.5284552,23.4917336,-13.4484552]}
{"name":"Kasakalabwe","display_name":"Kasakalabwe, Mpulungu District, Northern Province, Zambia","address":{"town":"Kasakalabwe","state_district":"Mpulungu District","state":"Northern Province","ISO3166-2-lvl4":"ZM-05","country":"Zambia","country_code":"zm"},"osm_type":"node","osm_id":9497479582,"type":"town","location":[31.0819836,-8.7897077],"bbox":[31.0419836,-8.8297077,31.1219836,-8.7497077]}
{"name":"Kasempa","display_name":"Kasempa, Kasempa District, North-Western Province, Zambia","address":{"town":"Kasempa","state_district":"Kasempa District","state":"North-Western Province","ISO3166-2-lvl4":"ZM-06","country":"Zambia","country_code":"zm"},"osm_type":"node","osm_id":1239485431,"type":"town","location":[25.8314857,-13.4582595],"bbox":[25.7914857,-13.4982595,25.8714857,-13.4182595]}
{"name":"Kasenengwa","display_name":"Kasenengwa, Kasenengwa District, Eastern Province, Zambia","address":{"town":"Kasenengwa","state_district":"Kasenengwa District","state":"Eastern Province","ISO3166-2-lvl4":"ZM-03","country":"Zambia","country_code":"zm"},"osm_type":"node","osm_id":9407591937,"type":"town","location":[32.4783025,-13.5687555],"bbox":[32.4383025,-13.6087555,32.5183025,-13.5287555]}
{"name":"Kasesha","display_name":"Kasesha, Mbala District, Northern Province, Zambia","address":{"town":"Kasesha","state_district":"Mbala District","state":"Northern Province","ISO3166-2-lvl4":"ZM-05","country":"Zambia","country_code":"zm"},"osm_type":"node","osm_id":11874086574,"type":"town","location":[31.4913768,-8.6886556],"bbox":[31.4513768,-8.7286556,31.5313768,-8.6486556]}
{"name":"Kashikishi","display_name":"Kashikishi, Nchelenge District, Luapula Province, Zambia","address":{"town":"Kashikishi","state_district":"Nchelenge District","state":"Luapula Province","ISO3166-2-lvl4":"ZM-04","country":"Zambia","country_code":"zm"},"osm_type":"node","osm_id":3590827125,"type":"town","location":[28.7385634,-9.319898],"bbox":[28.6985634,-9.359898,28.7785634,-9.279898]}
{"name":"Katete","display_name":"Katete, Katete District, Eastern Province, Zambia","address":{"town":"Katete","state_district":"Katete District","state":"Eastern Province","ISO3166-2-lvl4":"ZM-03","country":"Zambia","country_code":"zm"},"osm_type":"node","osm_id":3068371732,"type":"town","location":[32.04272,-14.060241],"bbox":[32.00272,-14.100241,32.08272,-14.020241]}
{"name":"Katunda","display_name":"Katunda, Luampa District, Western Province, Zambia","address":{"town":"Katunda","state_district":"Luampa District","state":"Western Province","ISO3166-2-lvl4":"ZM-01","country":"Zambia","country_code":"zm"},"osm_type":"node","osm_id":9220645118,"type":"town","location":[24.6780764,-14.8550265],"bbox":[24.6380764,-14.8950265,24.7180764,-14.8150265]}
{"name":"Kawambwa","display_name":"Kawambwa, Kawambwa District, Luapula Province, Zambia","address":{"town":"Kawambwa","state_district":"Kawambwa District","state":"Luapula Province","ISO3166-2-lvl4":"ZM-04","country":"Zambia","country_code":"zm"},"population":46171,"osm_type":"node","osm_id":3116162660,"type":"town","location":[29.0770269,-9.792018],"bbox":[29.0370269,-9.832018,29.1170269,-9.752018]}
{"name":"Kazembe","display_name":"Kazembe, Mwansabombwe District, Luapula Province, Zambia","address":{"town":"Kazembe","state_district":"Mwansabombwe District","state":"Luapula Province","ISO3166-2-lvl4":"ZM-04","country":"Zambia","country_code":"zm"},"osm_type":"node","osm_id":3856091349,"type":"town","location":[28.7594249,-9.8236012],"bbox":[28.7194249,-9.8636012,28.7994249,-9.7836012]}
{"name":"Kazungula","display_name":"Kazungula, Kazungula District, Southern Province, Zambia","address":{"town":"Kazungula","state_district":"Kazungula District","state":"Southern Province","ISO3166-2-lvl4":"ZM-07","country":"Zambia","country_code":"zm"},"osm_type":"node","osm_id":2605139633,"type":"town","location":[25.27602,-17.787793],"bbox":[25.23602,-17.827793,25.31602,-17.747793]}
{"name":"Kubemba","display_name":"Kubemba, Kabompo District, North-Western Province, Zambia","address":{"town":"Kubemba","state_district":"Kabompo District","state":"North-Western Province","ISO3166-2-lvl4":"ZM-06","country":"Zambia","country_code":"zm"},"osm_type":"node","osm_id":7518140422,"type":"town","location":[23.6651087,-13.4467669],"bbox":[23.6251087,-13.4867669,23.7051087,-13.4067669]}
{"name":"Lavushimanda","display_name":"Lavushimanda, Lavushimanda District, Muchinga Province, Zambia","address":{"town":"Lavushimanda","state_district":"Lavushimanda District","state":"Muchinga Province","ISO3166-2-lvl4":"ZM-10","country":"Zambia","country_code":"zm"},"osm_type":"node","osm_id":5568076004,"type":"town","location":[31.0093547,-12.6745324],"bbox":[30.9693547,-12.7145324,31.0493547,-12.6345324]}
{"name":"Limulunga","display_name":"Limulunga, Limulunga District, Western Province, Zambia","address":{"town":"Limulunga","state_district":"Limulunga District","state":"Western Province","ISO3166-2-lvl4":"ZM-01","country":"Zambia","country_code":"zm"},"osm_type":"node","osm_id":560750827,"type":"town","location":[23.1475454,-15.1291893],"bbox":[23.1075454,-15.1691893,23.1875454,-15.0891893]}
{"name":"Luangwa","other_names":{"name:en":"Luangwa","old_name":"Feira"},"display_name":"Luangwa, Luangwa District, Lusaka Province, Zambia","address":{"town":"Luangwa","state_district":"Luangwa District","state":"Lusaka Province","ISO3166-2-lvl4":"ZM-09","country":"Zambia","country_code":"zm"},"osm_type":"node","osm_id":2672068004,"type":"town","location":[30.4009548,-15.6225858],"bbox":[30.3609548,-15.6625858,30.4409548,-15.5825858]}
{"name":"Lubwe","display_name":"Lubwe, Chifunabuli District, Luapula Province, Zambia","address":{"town":"Lubwe","state_district":"Chifunabuli District","state":"Luapula Province","ISO3166-2-lvl4":"ZM-04","country":"Zambia","country_code":"zm"},"osm_type":"node","osm_id":9397211249,"type":"town","location":[29.6407243,-11.1085077],"bbox":[29.6007243,-11.1485077,29.6807243,-11.0685077]}
{"name":"Lufwanyama","display_name":"Lufwanyama, Lufwanyama District, Copperbelt Province, Zambia","address":{"town":"Lufwanyama","state_district":"Lufwanyama District","state":"Copperbelt Province","ISO3166-2-lvl4":"ZM-08","country":"Zambia","country_code":"zm"},"osm_type":"node","osm_id":10001328135,"type":"town","location":[27.625263,-12.856764],"bbox":[27.585263,-12.896764,27.665263,-12.816764]}
{"name":"Lukulu","display_name":"Lukulu, Lukulu District, Western Province, Zambia","address":{"town":"Lukulu","state_district":"Lukulu District","state":"Western Province","ISO3166-2-lvl4":"ZM-01","country":"Zambia","country_code":"zm"},"osm_type":"node","osm_id":3208593192,"type":"town","location":[23.23903,-14.3768],"bbox":[23.19903,-14.4168,23.27903,-14.3368]}
{"name":"Lumezi","display_name":"Lumezi, Lumezi District, Eastern Province, Zambia","address":{"town":"Lumezi","state_district":"Lumezi District","state":"Eastern Province","ISO3166-2-lvl4":"ZM-03","country":"Zambia","country_code":"zm"},"osm_type":"node","osm_id":9801341529,"type":"town","location":[33.0395655,-12.5416072],"bbox":[32.9995655,-12.5816072,33.0795655,-12.5016072]}
{"name":"Lumwana","display_name":"Lumwana, Mwinilunga District, North-Western Province, Zambia","address":{"town":"Lumwana","state_district":"Mwinilunga District","state":"North-Western Province","ISO3166-2-lvl4":"ZM-06","country":"Zambia","country_code":"zm"},"osm_type":"node","osm_id":10742990650,"type":"town","location":[25.1375766,-11.8250027],"bbox":[25.0975766,-11.8650027,25.1775766,-11.7850027]}
{"name":"Lundazi","display_name":"Lundazi, Lundazi District, Eastern Province, Zambia","address":{"town":"Lundazi","state_district":"Lundazi District","state":"Eastern Province","ISO3166-2-lvl4":"ZM-03","country":"Zambia","country_code":"zm"},"population":11635,"osm_type":"node","osm_id":268995924,"type":"town","location":[33.1741743,-12.2926748],"bbox":[33.1341743,-12.3326748,33.2141743,-12.2526748]}
{"name":"Lunte","display_name":"Lunte, Lunte District, Northern Province, Zambia","address":{"town":"Lunte","state_district":"Lunte District","state":"Northern Province","ISO3166-2-lvl4":"ZM-05","country":"Zambia","country_code":"zm"},"osm_type":"node","osm_id":9956447089,"type":"town","location":[30.2335331,-10.2119503],"bbox":[30.1935331,-10.2519503,30.2735331,-10.1719503]}
{"name":"Luwingu","display_name":"Luwingu, Luwingu District, Northern Province, Zambia","address":{"town":"Luwingu","state_district":"Luwingu District","state":"Northern Province","ISO3166-2-lvl4":"ZM-05","country":"Zambia","country_code":"zm"},"osm_type":"node","osm_id":3744176933,"type":"town","location":[29.9240798,-10.2648417],"bbox":[29.8840798,-10.3048417,29.9640798,-10.2248417]}
{"name":"Maamba","display_name":"Maamba, Sinazongwe District, Southern Province, Zambia","address":{"town":"Maamba","state_district":"Sinazongwe District","state":"Southern Province","ISO3166-2-lvl4":"ZM-07","country":"Zambia","country_code":"zm"},"population":13000,"osm_type":"node","osm_id":2600937795,"type":"town","location":[27.2242088,-17.3552602],"bbox":[27.1842088,-17.3952602,27.2642088,-17.3152602]}
{"name":"Magoye","display_name":"Magoye, Mazabuka District, Southern Province, Zambia","address":{"town":"Magoye","state_district":"Mazabuka District","state":"Southern Province","ISO3166-2-lvl4":"ZM-07","country":"Zambia","country_code":"zm"},"osm_type":"node","osm_id":2677424677,"type":"town","location":[27.6079127,-16.0003762],"bbox":[27.5679127,-16.0403762,27.6479127,-15.9603762]}
{"name":"Malundu","display_name":"Malundu, Mwense District, Luapula Province, Zambia","address":{"town":"Malundu","state_district":"Mwense District","state":"Luapula Province","ISO3166-2-lvl4":"ZM-04","country":"Zambia","country_code":"zm"},"osm_type":"node","osm_id":3845273106,"type":"town","location":[28.6552167,-10.5263251],"bbox":[28.6152167,-10.5663251,28.6952167,-10.4863251]}
{"name":"Mambwe","display_name":"Mambwe, Mambwe District, Eastern Province, Zambia","address":{"town":"Mambwe","state_district":"Mambwe District","state":"Eastern Province","ISO3166-2-lvl4":"ZM-03","country":"Zambia","country_code":"zm"},"osm_type":"node","osm_id":3448355847,"type":"town","location":[32.0887488,-13.2938934],"bbox":[32.0487488,-13.3338934,32.1287488,-13.2538934]}
{"name":"Mansa","other_names":{"name:en":"Mansa","old_name":"Fort Rosebery"},"display_name":"Mansa, Mansa District, Luapula Province, Zambia","address":{"town":"Mansa","state_district":"Mansa District","state":"Luapula Province","ISO3166-2-lvl4":"ZM-04","country":"Zambia","country_code":"zm"},"population":129185,"osm_type":"node","osm_id":1239624868,"type":"town","location":[28.8893922,-11.2006743],"bbox":[28.8493922,-11.2406743,28.9293922,-11.1606743]}
{"name":"Manyinga","display_name":"Manyinga, Manyinga District, North-Western Province, Zambia","address":{"town":"Manyinga","state_district":"Manyinga District","state":"North-Western Province","ISO3166-2-lvl4":"ZM-06","country":"Zambia","country_code":"zm"},"osm_type":"node","osm_id":4181209675,"type":"town","location":[24.3303875,-13.4192387],"bbox":[24.2903875,-13.4592387,24.3703875,-13.3792387]}
{"name":"Masansa","display_name":"Masansa, Mkushi District, Central Province, Zambia","address":{"town":"Masansa","state_district":"Mkushi District","state":"Central Province","ISO3166-2-lvl4":"ZM-02","country":"Zambia","country_code":"zm"},"osm_type":"node","osm_id":3106879330,"type":"town","location":[29.3870663,-13.9408366],"bbox":[29.3470663,-13.9808366,29.4270663,-13.9008366]}
{"name":"Mazabuka","display_name":"Mazabuka, Mazabuka District, Southern Province, Zambia","address":{"town":"Mazabuka","state_district":"Mazabuka District","state":"Southern Province","ISO3166-2-lvl4":"ZM-07","country":"Zambia","country_code":"zm"},"population":203219,"osm_type":"node","osm_id":5262135797,"type":"town","location":[27.7613139,-15.8584807],"bbox":[27.7213139,-15.8984807,27.8013139,-15.8184807]}
{"name":"Mbala","other_names":{"name:en":"Mbala","old_name":"Abercorn"},"display_name":"Mbala, Mbala District, Northern Province, Zambia","address":{"town":"Mbala","state_district":"Mbala District","state":"Northern Province","ISO3166-2-lvl4":"ZM-05","country":"Zambia","country_code":"zm"},"population":117823,"osm_type":"node","osm_id":369007774,"type":"town","location":[31.3709227,-8.8456071],"bbox":[31.3309227,-8.8856071,31.4109227,-8.8056071]}
{"name":"Mbereshi","display_name":"Mbereshi, Mwansabombwe District, Luapula Province, Zambia","address":{"town":"Mbereshi","state_district":"Mwansabombwe District","state":"Luapula Province","ISO3166-2-lvl4":"ZM-04","country":"Zambia","country_code":"zm"},"osm_type":"node","osm_id":9394264751,"type":"town","location":[28.7885697,-9.7375702],"bbox":[28.7485697,-9.7775702,28.8285697,-9.6975702]}
{"name":"Minga","display_name":"Minga, Petauke District, Eastern Province, Zambia","address":{"town":"Minga","state_district":"Petauke District","state":"Eastern Province","ISO3166-2-lvl4":"ZM-03","country":"Zambia","country_code":"zm"},"osm_type":"node","osm_id":12114150380,"type":"town","location":[31.1818147,-14.3680719],"bbox":[31.1418147,-14.4080719,31.2218147,-14.3280719]}
{"name":"Mkushi","display_name":"Mkushi, Mkushi District, Central Province, Zambia","address":{"town":"Mkushi","state_district":"Mkushi District","state":"Central Province","ISO3166-2-lvl4":"ZM-02","country":"Zambia","country_code":"zm"},"population":123150,"osm_type":"node","osm_id":918200517,"type":"town","location":[29.3912336,-13.6188643],"bbox":[29.3512336,-13.6588643,29.4312336,-13.5788643]}
{"name":"Mongu","display_name":"Mongu, Mongu District, Western Province, Zambia","address":{"town":"Mongu","state_district":"Mongu District","state":"Western Province","ISO3166-2-lvl4":"ZM-01","country":"Zambia","country_code":"zm"},"population":179585,"osm_type":"node","osm_id":560852878,"type":"town","location":[23.1365365,-15.2668751],"bbox":[23.0965365,-15.3068751,23.1765365,-15.2268751]}
{"name":"Monze","display_name":"Monze, Monze District, Southern Province, Zambia","address":{"town":"Monze","state_district":"Monze District","state":"Southern Province","ISO3166-2-lvl4":"ZM-07","country":"Zambia","country_code":"zm"},"population":108671,"osm_type":"node","osm_id":241623271,"type":"town","location":[27.4763925,-16.2759563],"bbox":[27.4363925,-16.3159563,27.5163925,-16.2359563]}
{"name":"Mpika","other_names":{"name:en":"Mpika","name:ru":"Мпика","name:uk":"Мпіка"},"display_name":"Mpika, Mpika District, Muchinga Province, Zambia","address":{"town":"Mpika","state_district":"Mpika District","state":"Muchinga Province","ISO3166-2-lvl4":"ZM-10","country":"Zambia","country_code":"zm"},"population":40000,"osm_type":"node","osm_id":918123116,"type":"town","location":[31.4555126,-11.8431958],"bbox":[31.4155126,-11.8831958,31.4955126,-11.8031958]}
{"name":"Mpongwe","display_name":"Mpongwe, Mpongwe District, Copperbelt Province, Zambia","address":{"town":"Mpongwe","state_district":"Mpongwe District","state":"Copperbelt Province","ISO3166-2-lvl4":"ZM-08","country":"Zambia","country_code":"zm"},"population":8997,"osm_type":"node","osm_id":4202340763,"type":"town","location":[28.1561368,-13.5115764],"bbox":[28.1161368,-13.5515764,28.1961368,-13.4715764]}
{"name":"Mporokoso","display_name":"Mporokoso, Mporokoso District, Northern Province, Zambia","address":{"town":"Mporokoso","state_district":"Mporokoso District","state":"Northern Province","ISO3166-2-lvl4":"ZM-05","country":"Zambia","country_code":"zm"},"osm_type":"node","osm_id":217593190,"type":"town","location":[30.1218889,-9.3705769],"bbox":[30.0818889,-9.4105769,30.1618889,-9.3305769]}
{"name":"Mpulo","display_name":"Mpulo, Kapiri Mposhi District, Central Province, Zambia","address":{"town":"Mpulo","state_district":"Kapiri Mposhi District","state":"Central Province","ISO3166-2-lvl4":"ZM-02","country":"Zambia","country_code":"zm"},"osm_type":"node","osm_id":9264091405,"type":"town","location":[28.9068344,-13.8786252],"bbox":[28.8668344,-13.9186252,28.9468344,-13.8386252]}
{"name":"Mpulungu","display_name":"Mpulungu, Mpulungu District, Northern Province, Zambia","address":{"town":"Mpulungu","state_district":"Mpulungu District","state":"Northern Province","ISO3166-2-lvl4":"ZM-05","country":"Zambia","country_code":"zm"},"population":10000,"osm_type":"node","osm_id":254030320,"type":"town","location":[31.1196001,-8.766158],"bbox":[31.0796001,-8.806158,31.1596001,-8.726158]}
{"name":"Mufulira","other_names":{"name:en":"Mufulira","name:ru":"Муфулира"},"display_name":"Mufulira, Mufulira District, Copperbelt Province, Zambia","address":{"town":"Mufulira","state_district":"Mufulira District","state":"Copperbelt Province","ISO3166-2-lvl4":"ZM-08","country":"Zambia","country_code":"zm"},"population":161601,"osm_type":"node","osm_id":1239696328,"type":"town","location":[28.2408844,-12.5512171],"bbox":[28.2008844,-12.5912171,28.2808844,-12.5112171]}
{"name":"Mulobezi","display_name":"Mulobezi, Mulobezi District, Western Province, Zambia","address":{"town":"Mulobezi","state_district":"Mulobezi District","state":"Western Province","ISO3166-2-lvl4":"ZM-01","country":"Zambia","country_code":"zm"},"osm_type":"node","osm_id":1245785895,"type":"town","location":[25.170938,-16.777127],"bbox":[25.130938,-16.817127,25.210938,-16.737127]}
{"name":"Mumbeji","display_name":"Mumbeji, Kabompo District, North-Western Province, Zambia","address":{"town":"Mumbeji","state_district":"Kabompo District","state":"North-Western Province","ISO3166-2-lvl4":"ZM-06","country":"Zambia","country_code":"zm"},"osm_type":"node","osm_id":4810574823,"type":"town","location":[23.6704004,-13.8620202],"bbox":[23.6304004,-13.9020202,23.7104004,-13.8220202]}
{"name":"Mumbwa","display_name":"Mumbwa, Mumbwa District, Central Province, Zambia","address":{"town":"Mumbwa","state_district":"Mumbwa District","state":"Central Province","ISO3166-2-lvl4":"ZM-02","country":"Zambia","country_code":"zm"},"population":273869,"osm_type":"node","osm_id":1141791875,"type":"town","location":[27.0613764,-14.9850046],"bbox":[27.0213764,-15.0250046,27.1013764,-14.9450046]}
{"name":"Mungwi","display_name":"Mungwi, Mungwi District, Northern Province, Zambia","address":{"town":"Mungwi","state_district":"Mungwi District","state":"Northern Province","ISO3166-2-lvl4":"ZM-05","country":"Zambia","country_code":"zm"},"osm_type":"node","osm_id":7199567265,"type":"town","location":[31.3666964,-10.1721564],"bbox":[31.3266964,-10.2121564,31.4066964,-10.1321564]}
{"name":"Munkanta","display_name":"Munkanta, Kawambwa District, Luapula Province, Zambia","address":{"town":"Munkanta","state_district":"Kawambwa District","state":"Luapula Province","ISO3166-2-lvl4":"ZM-04","country":"Zambia","country_code":"zm"},"osm_type":"node","osm_id":12301311412,"type":"town","location":[29.0520478,-9.8023384],"bbox":[29.0120478,-9.8423384,29.0920478,-9.7623384]}
{"name":"Munkumpu","display_name":"Munkumpu, Mpongwe District, Copperbelt Province, Zambia","address":{"town":"Munkumpu","state_district":"Mpongwe District","state":"Copperbelt Province","ISO3166-2-lvl4":"ZM-08","country":"Zambia","country_code":"zm"},"osm_type":"node","osm_id":9202179231,"type":"town","location":[27.8233351,-13.5863303],"bbox":[27.7833351,-13.6263303,27.8633351,-13.5463303]}
{"name":"Mununga","display_name":"Mununga, Chiengi District, Luapula Province, Zambia","address":{"town":"Mununga","state_district":"Chiengi District","state":"Luapula Province","ISO3166-2-lvl4":"ZM-04","country":"Zambia","country_code":"zm"},"osm_type":"node","osm_id":8088703357,"type":"town","location":[29.0467264,-9.0430057],"bbox":[29.0067264,-9.0830057,29.0867264,-9.0030057]}
{"name":"Muoyo","display_name":"Muoyo, Nalolo District, Western Province, Zambia","address":{"town":"Muoyo","state_district":"Nalolo District","state":"Western Province","ISO3166-2-lvl4":"ZM-01","country":"Zambia","country_code":"zm"},"osm_type":"node","osm_id":5865392231,"type":"town","location":[23.2572981,-15.5710479],"bbox":[23.2172981,-15.6110479,23.2972981,-15.5310479]}
{"name":"Muyombe","display_name":"Muyombe, Mafinga District, Muchinga Province, Zambia","address":{"town":"Muyombe","state_district":"Mafinga District","state":"Muchinga Province","ISO3166-2-lvl4":"ZM-10","country":"Zambia","country_code":"zm"},"osm_type":"node","osm_id":2701868392,"type":"town","location":[33.4536135,-10.5725306],"bbox":[33.4136135,-10.6125306,33.4936135,-10.5325306]}
{"name":"Muzoka","display_name":"Muzoka, Pemba District, Southern Province, Zambia","address":{"town":"Muzoka","state_district":"Pemba District","state":"Southern Province","ISO3166-2-lvl4":"ZM-07","country":"Zambia","country_code":"zm"},"osm_type":"node","osm_id":315126415,"type":"town","location":[27.3154544,-16.6765061],"bbox":[27.2754544,-16.7165061,27.3554544,-16.6365061]}
{"name":"Mwandi","display_name":"Mwandi, Mwandi District, Western Province, Zambia","address":{"town":"Mwandi","state_district":"Mwandi District","state":"Western Province","ISO3166-2-lvl4":"ZM-01","country":"Zambia","country_code":"zm"},"osm_type":"node","osm_id":2051090812,"type":"town","location":[24.8238512,-17.5144434],"bbox":[24.7838512,-17.5544434,24.8638512,-17.4744434]}
{"name":"Mwansabombwe","display_name":"Mwansabombwe, Mwansabombwe District, Luapula Province, Zambia","address":{"town":"Mwansabombwe","state_district":"Mwansabombwe District","state":"Luapula Province","ISO3166-2-lvl4":"ZM-04","country":"Zambia","country_code":"zm"},"osm_type":"node","osm_id":9945327607,"type":"town","location":[28.7685278,-9.9288038],"bbox":[28.7285278,-9.9688038,28.8085278,-9.8888038]}
{"name":"Mwense","display_name":"Mwense, Mwense District, Luapula Province, Zambia","address":{"town":"Mwense","state_district":"Mwense District","state":"Luapula Province","ISO3166-2-lvl4":"ZM-04","country":"Zambia","country_code":"zm"},"osm_type":"node","osm_id":2679548163,"type":"town","location":[28.6979618,-10.3841572],"bbox":[28.6579618,-10.4241572,28.7379618,-10.3441572]}
{"name":"Mwinilunga","display_name":"Mwinilunga, Mwinilunga District, North-Western Province, Zambia","address":{"town":"Mwinilunga","state_district":"Mwinilunga District","state":"North-Western Province","ISO3166-2-lvl4":"ZM-06","country":"Zambia","country_code":"zm"},"osm_type":"node","osm_id":668962055,"type":"town","location":[24.4260264,-11.7314645],"bbox":[24.3860264,-11.7714645,24.4660264,-11.6914645]}
{"name":"Nakonde","other_names":{"name:en":"Nakonde","old_name":"Fife"},"display_name":"Nakonde, Nakonde District, Muchinga Province, Zambia","address":{"town":"Nakonde","state_district":"Nakonde District","state":"Muchinga Province","ISO3166-2-lvl4":"ZM-10","country":"Zambia","country_code":"zm"},"population":10652,"osm_type":"node","osm_id":2735168295,"type":"town","location":[32.7547861,-9.3314463],"bbox":[32.7147861,-9.3714463,32.7947861,-9.2914463]}
{"name":"Namwala","display_name":"Namwala, Namwala District, Southern Province, Zambia","address":{"town":"Namwala","state_district":"Namwala District","state":"Southern Province","ISO3166-2-lvl4":"ZM-07","country":"Zambia","country_code":"zm"},"osm_type":"node","osm_id":2599611087,"type":"town","location":[26.4371121,-15.7511868],"bbox":[26.3971121,-15.7911868,26.4771121,-15.7111868]}
{"name":"Natukoma","display_name":"Natukoma, Shang'ombo District, Western Province, Zambia","address":{"town":"Natukoma","state_district":"Shang'ombo District","state":"Western Province","ISO3166-2-lvl4":"ZM-01","country":"Zambia","country_code":"zm"},"osm_type":"way","osm_id":776751152,"type":"town","location":[22.582919009238104,-16.366375750000003],"bbox":[22.5705917,-16.3729638,22.587837,-16.3597256]}
{"name":"Nchelenge","display_name":"Nchelenge, Nchelenge District, Luapula Province, Zambia","address":{"town":"Nchelenge","state_district":"Nchelenge District","state":"Luapula Province","ISO3166-2-lvl4":"ZM-04","country":"Zambia","country_code":"zm"},"population":23693,"osm_type":"node","osm_id":3590827123,"type":"town","location":[28.7352607,-9.3476333],"bbox":[28.6952607,-9.3876333,28.7752607,-9.3076333]}
{"name":"Nyimba","display_name":"Nyimba, Nyimba District, Eastern Province, Zambia","address":{"town":"Nyimba","state_district":"Nyimba District","state":"Eastern Province","ISO3166-2-lvl4":"ZM-03","country":"Zambia","country_code":"zm"},"population":99159,"osm_type":"node","osm_id":11747989497,"type":"town","location":[30.8294034,-14.556499],"bbox":[30.7894034,-14.596499,30.8694034,-14.516499]}
{"name":"Pemba","display_name":"Pemba, Pemba District, Southern Province, Zambia","address":{"town":"Pemba","state_district":"Pemba District","state":"Southern Province","ISO3166-2-lvl4":"ZM-07","country":"Zambia","country_code":"zm"},"osm_type":"node","osm_id":315126410,"type":"town","location":[27.3631002,-16.5207277],"bbox":[27.3231002,-16.5607277,27.4031002,-16.4807277]}
{"name":"Petauke","display_name":"Petauke, Petauke District, Eastern Province, Zambia","address":{"town":"Petauke","state_district":"Petauke District","state":"Eastern Province","ISO3166-2-lvl4":"ZM-03","country":"Zambia","country_code":"zm"},"osm_type":"node","osm_id":7193160120,"type":"town","location":[31.3297784,-14.2501789],"bbox":[31.2897784,-14.2901789,31.3697784,-14.2101789]}
{"name":"Rufunsa","display_name":"Rufunsa, Rufunsa District, Lusaka Province, Zambia","address":{"town":"Rufunsa","state_district":"Rufunsa District","state":"Lusaka Province","ISO3166-2-lvl4":"ZM-09","country":"Zambia","country_code":"zm"},"osm_type":"node","osm_id":3105212671,"type":"town","location":[29.6344169,-15.0813281],"bbox":[29.5944169,-15.1213281,29.6744169,-15.0413281]}
{"name":"Samfya","display_name":"Samfya, Samfya District, Luapula Province, Zambia","address":{"town":"Samfya","state_district":"Samfya District","state":"Luapula Province","ISO3166-2-lvl4":"ZM-04","country":"Zambia","country_code":"zm"},"osm_type":"node","osm_id":560824588,"type":"town","location":[29.5516598,-11.3684948],"bbox":[29.5116598,-11.4084948,29.5916598,-11.3284948]}
{"name":"Senanga","display_name":"Senanga, Senanga District, Western Province, Zambia","address":{"town":"Senanga","state_district":"Senanga District","state":"Western Province","ISO3166-2-lvl4":"ZM-01","country":"Zambia","country_code":"zm"},"population":81676,"osm_type":"node","osm_id":561046451,"type":"town","location":[23.301807,-16.104099],"bbox":[23.261807,-16.144099,23.341807,-16.064099]}
{"name":"Serenje","display_name":"Serenje, Serenje District, Central Province, Zambia","address":{"town":"Serenje","state_district":"Serenje District","state":"Central Province","ISO3166-2-lvl4":"ZM-02","country":"Zambia","country_code":"zm"},"population":190932,"osm_type":"node","osm_id":918147526,"type":"town","location":[30.2370664,-13.2321549],"bbox":[30.1970664,-13.2721549,30.2770664,-13.1921549]}
{"name":"Sesheke","display_name":"Sesheke, Sesheke District, Western Province, Zambia","address":{"town":"Sesheke","state_district":"Sesheke District","state":"Western Province","ISO3166-2-lvl4":"ZM-01","country":"Zambia","country_code":"zm"},"osm_type":"node","osm_id":1245798275,"type":"town","location":[24.2944723,-17.4809495],"bbox":[24.2544723,-17.5209495,24.3344723,-17.4409495]}
{"name":"Shangombo","display_name":"Shangombo, Shang'ombo District, Western Province, Zambia","address":{"town":"Shangombo","state_district":"Shang'ombo District","state":"Western Province","ISO3166-2-lvl4":"ZM-01","country":"Zambia","country_code":"zm"},"osm_type":"node","osm_id":2558665209,"type":"town","location":[22.099831,-16.321673],"bbox":[22.059831,-16.361673,22.139831,-16.281673]}
{"name":"Siavonga","display_name":"Siavonga, Siavonga District, Southern Province, Zambia","address":{"town":"Siavonga","state_district":"Siavonga District","state":"Southern Province","ISO3166-2-lvl4":"ZM-07","country":"Zambia","country_code":"zm"},"population":58864,"osm_type":"node","osm_id":2669986477,"type":"town","location":[28.710204,-16.536478],"bbox":[28.670204,-16.576478,28.750204,-16.496478]}
{"name":"Sinazongwe","display_name":"Sinazongwe, Sinazongwe District, Southern Province, Zambia","address":{"town":"Sinazongwe","state_district":"Sinazongwe District","state":"Southern Province","ISO3166-2-lvl4":"ZM-07","country":"Zambia","country_code":"zm"},"population":101617,"osm_type":"node","osm_id":2628481590,"type":"town","location":[27.4605687,-17.2609464],"bbox":[27.4205687,-17.3009464,27.5005687,-17.2209464]}
{"name":"Sinda","display_name":"Sinda, Sinda District, Eastern Province, Zambia","address":{"town":"Sinda","state_district":"Sinda District","state":"Eastern Province","ISO3166-2-lvl4":"ZM-03","country":"Zambia","country_code":"zm"},"osm_type":"node","osm_id":2694418015,"type":"town","location":[31.758974,-14.2132804],"bbox":[31.718974,-14.2532804,31.798974,-14.1732804]}
{"name":"Sioma","display_name":"Sioma, Sioma District, Western Province, Zambia","address":{"town":"Sioma","state_district":"Sioma District","state":"Western Province","ISO3166-2-lvl4":"ZM-01","country":"Zambia","country_code":"zm"},"osm_type":"node","osm_id":5865092463,"type":"town","location":[23.5028306,-16.6018637],"bbox":[23.4628306,-16.6418637,23.5428306,-16.5618637]}
{"name":"Solwezi","other_names":{"name:en":"Solwezi","name:ru":"Солвези"},"display_name":"Solwezi, Solwezi District, North-Western Province, Zambia","address":{"town":"Solwezi","state_district":"Solwezi District","state":"North-Western Province","ISO3166-2-lvl4":"ZM-06","country":"Zambia","country_code":"zm"},"population":1000000,"osm_type":"node","osm_id":488194396,"type":"town","location":[26.3990713,-12.1820553],"bbox":[26.3590713,-12.2220553,26.4390713,-12.1420553]}
{"name":"Thendere","display_name":"Thendere, Mafinga District, Muchinga Province, Zambia","address":{"town":"Thendere","state_district":"Mafinga District","state":"Muchinga Province","ISO3166-2-lvl4":"ZM-10","country":"Zambia","country_code":"zm"},"osm_type":"node","osm_id":2701535569,"type":"town","location":[33.371014,-10.2593396],"bbox":[33.331014,-10.2993396,33.411014,-10.2193396]}
{"name":"Vubwi","display_name":"Vubwi, Vubwi District, Eastern Province, Zambia","address":{"town":"Vubwi","state_district":"Vubwi District","state":"Eastern Province","ISO3166-2-lvl4":"ZM-03","country":"Zambia","country_code":"zm"},"osm_type":"node","osm_id":3382663628,"type":"town","location":[32.8655249,-14.0423586],"bbox":[32.8255249,-14.0823586,32.9055249,-14.0023586]}
{"name":"Waitwika","display_name":"Waitwika, Nakonde District, Muchinga Province, Zambia","address":{"town":"Waitwika","state_district":"Nakonde District","state":"Muchinga Province","ISO3166-2-lvl4":"ZM-10","country":"Zambia","country_code":"zm"},"osm_type":"node","osm_id":11637836226,"type":"town","location":[32.5879518,-9.4502961],"bbox":[32.5479518,-9.4902961,32.6279518,-9.4102961]}
{"name":"Zambezi","other_names":{"name:en":"Zambezi","name:ru":"Замбези","name:uk":"Замбезі","old_name":"Balovale"},"display_name":"Zambezi, Zambezi District, North-Western Province, Zambia","address":{"town":"Zambezi","state_district":"Zambezi District","state":"North-Western Province","ISO3166-2-lvl4":"ZM-06","country":"Zambia","country_code":"zm"},"osm_type":"node","osm_id":352764186,"type":"town","location":[23.1152076,-13.5500834],"bbox":[23.0752076,-13.5900834,23.1552076,-13.5100834]}
{"name":"Zimba","display_name":"Zimba, Zimba District, Southern Province, Zambia","address":{"town":"Zimba","state_district":"Zimba District","state":"Southern Province","ISO3166-2-lvl4":"ZM-07","country":"Zambia","country_code":"zm"},"osm_type":"node","osm_id":331417477,"type":"town","location":[26.1959771,-17.3171444],"bbox":[26.1559771,-17.3571444,26.2359771,-17.2771444]}
