{"name":"Afore","other_names":{"alt_name":"Afore Station"},"display_name":"Afore, Oro, Southern Region, Papua Niugini","address":{"town":"Afore","state":"Oro","ISO3166-2-lvl4":"PG-NPP","region":"Southern Region","country":"Papua Niugini","country_code":"pg"},"osm_type":"node","osm_id":7416421399,"type":"town","location":[148.3868248,-9.1407625],"bbox":[148.3468248,-9.1807625,148.4268248,-9.1007625]}
{"name":"Aiome","other_names":{"alt_name":"Aiom;Aiome Station"},"display_name":"Aiome, Madang, Momase Region, Papua Niugini","address":{"town":"Aiome","state":"Madang","ISO3166-2-lvl4":"PG-MPM","region":"Momase Region","country":"Papua Niugini","country_code":"pg"},"osm_type":"node","osm_id":5911829396,"type":"town","location":[144.7350561,-5.1429533],"bbox":[144.6950561,-5.1829533,144.7750561,-5.1029533]}
{"name":"Aitape","display_name":"Aitape, Sandaun, Momase Region, Papua Niugini","address":{"town":"Aitape","state":"Sandaun","ISO3166-2-lvl4":"PG-SAN","region":"Momase Region","country":"Papua Niugini","country_code":"pg"},"population":10379,"osm_type":"node","osm_id":1258365568,"type":"town","location":[142.3594389,-3.1510222],"bbox":[142.3194389,-3.1910222,142.3994389,-3.1110222]}
{"name":"Alexishafen","display_name":"Alexishafen, Madang, Momase Region, Papua Niugini","address":{"town":"Alexishafen","state":"Madang","ISO3166-2-lvl4":"PG-MPM","region":"Momase Region","country":"Papua Niugini","country_code":"pg"},"population":10377,"osm_type":"node","osm_id":9549338419,"type":"town","location":[145.8043588,-5.094039],"bbox":[145.7643588,-5.134039,145.8443588,-5.054039]}
{"name":"Amanab","other_names":{"alt_name":"Amanab Station"},"display_name":"Amanab, Sandaun, Momase Region, Papua Niugini","address":{"town":"Amanab","state":"Sandaun","ISO3166-2-lvl4":"PG-SAN","region":"Momase Region","country":"Papua Niugini","country_code":"pg"},"osm_type":"node","osm_id":7872635025,"type":"town","location":[141.2142807,-3.5861368],"bbox":[141.1742807,-3.6261368,141.2542807,-3.5461368]}
{"name":"Ambunti","display_name":"Ambunti, East Sepik, Momase Region, Papua Niugini","address":{"town":"Ambunti","state":"East Sepik","ISO3166-2-lvl4":"PG-ESW","region":"Momase Region","country":"Papua Niugini","country_code":"pg"},"osm_type":"node","osm_id":2111765793,"type":"town","location":[142.822534,-4.218041],"bbox":[142.782534,-4.258041,142.862534,-4.178041]}
{"name":"Angoram","display_name":"Angoram, East Sepik, Momase Region, Papua Niugini","address":{"town":"Angoram","state":"East Sepik","ISO3166-2-lvl4":"PG-ESW","region":"Momase Region","country":"Papua Niugini","country_code":"pg"},"population":10387,"osm_type":"node","osm_id":2643833870,"type":"town","location":[144.0729039,-4.0562906],"bbox":[144.0329039,-4.0962906,144.1129039,-4.0162906]}
{"name":"Aseki","display_name":"Aseki, Morobe, Momase Region, Papua Niugini","address":{"town":"Aseki","state":"Morobe","ISO3166-2-lvl4":"PG-MPL","region":"Momase Region","country":"Papua Niugini","country_code":"pg"},"osm_type":"node","osm_id":2089388584,"type":"town","location":[146.1927561,-7.3490678],"bbox":[146.1527561,-7.3890678,146.2327561,-7.3090678]}
{"name":"Awar","display_name":"Awar, Madang, Momase Region, Papua Niugini","address":{"town":"Awar","state":"Madang","ISO3166-2-lvl4":"PG-MPM","region":"Momase Region","country":"Papua Niugini","country_code":"pg"},"osm_type":"node","osm_id":7416920071,"type":"town","location":[144.8421025,-4.1432493],"bbox":[144.8021025,-4.1832493,144.8821025,-4.1032493]}
{"name":"Baimuru","other_names":{"alt_name":"Baimuru Station"},"display_name":"Baimuru, Gulf, Southern Region, Papua Niugini","address":{"town":"Baimuru","state":"Gulf","ISO3166-2-lvl4":"PG-GPK","region":"Southern Region","country":"Papua Niugini","country_code":"pg"},"osm_type":"node","osm_id":7081545942,"type":"town","location":[144.8284722,-7.4959728],"bbox":[144.7884722,-7.5359728,144.8684722,-7.4559728]}
{"name":"Baiyer","display_name":"Baiyer, Muglamp District, Western Highlands, Highlands Region, Papua Niugini","address":{"town":"Baiyer","county":"Muglamp District","state":"Western Highlands","ISO3166-2-lvl4":"PG-WHM","region":"Highlands Region","country":"Papua Niugini","country_code":"pg"},"osm_type":"node","osm_id":10775233106,"type":"town","location":[144.1502094,-5.5158514],"bbox":[144.1102094,-5.5558514,144.1902094,-5.4758514]}
{"name":"Balimo","other_names":{"alt_name":"Balimo Station"},"display_name":"Balimo, Western, Southern Region, Papua Niugini","address":{"town":"Balimo","state":"Western","ISO3166-2-lvl4":"PG-WPD","region":"Southern Region","country":"Papua Niugini","country_code":"pg"},"osm_type":"node","osm_id":7791041507,"type":"town","location":[142.9589778,-8.0373346],"bbox":[142.9189778,-8.0773346,142.9989778,-7.9973346]}
{"name":"Banz","display_name":"Banz, Jiwaka, Highlands Region, Papua Niugini","address":{"town":"Banz","state":"Jiwaka","ISO3166-2-lvl4":"PG-JWK","region":"Highlands Region","country":"Papua Niugini","country_code":"pg"},"osm_type":"node","osm_id":2266566015,"type":"town","location":[144.6283045,-5.7998015],"bbox":[144.5883045,-5.8398015,144.6683045,-5.7598015]}
{"name":"Bereina","display_name":"Bereina, Central, Southern Region, Papua Niugini","address":{"town":"Bereina","state":"Central","ISO3166-2-lvl4":"PG-CPM","region":"Southern Region","country":"Papua Niugini","country_code":"pg"},"osm_type":"node","osm_id":1403909434,"type":"town","location":[146.5107874,-8.6377859],"bbox":[146.4707874,-8.6777859,146.5507874,-8.5977859]}
{"name":"Bewani","other_names":{"alt_name":"Bewani Station"},"display_name":"Bewani, Sandaun, Momase Region, Papua Niugini","address":{"town":"Bewani","state":"Sandaun","ISO3166-2-lvl4":"PG-SAN","region":"Momase Region","country":"Papua Niugini","country_code":"pg"},"osm_type":"node","osm_id":1251932172,"type":"town","location":[141.1678868,-3.0235117],"bbox":[141.1278868,-3.0635117,141.2078868,-2.9835117]}
{"name":"Bialla","display_name":"Bialla, West New Britain, Islands Region, Papua Niugini","address":{"town":"Bialla","state":"West New Britain","ISO3166-2-lvl4":"PG-WBK","region":"Islands Region","country":"Papua Niugini","country_code":"pg"},"population":15988,"osm_type":"node","osm_id":2089338170,"type":"town","location":[151.0306583,-5.3221897],"bbox":[150.9906583,-5.3621897,151.0706583,-5.2821897]}
{"name":"Boana","display_name":"Boana, Morobe, Momase Region, Papua Niugini","address":{"town":"Boana","state":"Morobe","ISO3166-2-lvl4":"PG-MPL","region":"Momase Region","country":"Papua Niugini","country_code":"pg"},"osm_type":"node","osm_id":7398786576,"type":"town","location":[146.8238559,-6.4319278],"bbox":[146.7838559,-6.4719278,146.8638559,-6.3919278]}
{"name":"Bogia","display_name":"Bogia, Madang, Momase Region, Papua Niugini","address":{"town":"Bogia","state":"Madang","ISO3166-2-lvl4":"PG-MPM","region":"Momase Region","country":"Papua Niugini","country_code":"pg"},"osm_type":"node","osm_id":7501300629,"type":"town","location":[144.9728628,-4.2729049],"bbox":[144.9328628,-4.3129049,145.0128628,-4.2329049]}
{"name":"Bolubolu","other_names":{"alt_name":"Bolubolu Station"},"display_name":"Bolubolu, Milne Bay, Southern Region, Papua Niugini","address":{"town":"Bolubolu","state":"Milne Bay","ISO3166-2-lvl4":"PG-MBA","region":"Southern Region","country":"Papua Niugini","country_code":"pg"},"osm_type":"node","osm_id":10775185229,"type":"town","location":[150.3626493,-9.3732286],"bbox":[150.3226493,-9.4132286,150.4026493,-9.3332286]}
{"name":"Brahman","display_name":"Brahman, Madang, Momase Region, Papua Niugini","address":{"town":"Brahman","state":"Madang","ISO3166-2-lvl4":"PG-MPM","region":"Momase Region","country":"Papua Niugini","country_code":"pg"},"osm_type":"node","osm_id":2523366848,"type":"town","location":[145.3682973,-5.7572769],"bbox":[145.3282973,-5.7972769,145.4082973,-5.7172769]}
{"name":"Buin","display_name":"Buin, Autonomous Region of Bougainville, Islands Region, Papua Niugini","address":{"town":"Buin","state":"Autonomous Region of Bougainville","ISO3166-2-lvl4":"PG-NSB","region":"Islands Region","country":"Papua Niugini","country_code":"pg"},"population":15588,"osm_type":"node","osm_id":2375612821,"type":"town","location":[155.6912225,-6.7485154],"bbox":[155.6512225,-6.7885154,155.7312225,-6.7085154]}
{"name":"Bulolo","display_name":"Bulolo, Morobe, Momase Region, Papua Niugini","address":{"town":"Bulolo","state":"Morobe","ISO3166-2-lvl4":"PG-MPL","region":"Momase Region","country":"Papua Niugini","country_code":"pg"},"osm_type":"node","osm_id":644210219,"type":"town","location":[146.6440009,-7.202224],"bbox":[146.6040009,-7.242224,146.6840009,-7.162224]}
{"name":"Bundi","display_name":"Bundi, Madang, Momase Region, Papua Niugini","address":{"town":"Bundi","state":"Madang","ISO3166-2-lvl4":"PG-MPM","region":"Momase Region","country":"Papua Niugini","country_code":"pg"},"osm_type":"node","osm_id":2523374266,"type":"town","location":[145.2335296,-5.7453478],"bbox":[145.1935296,-5.7853478,145.2735296,-5.7053478]}
{"name":"Bwagaoia","display_name":"Bwagaoia, Samarai-Murua District, Milne Bay, Southern Region, Papua Niugini","address":{"town":"Bwagaoia","county":"Samarai-Murua District","state":"Milne Bay","ISO3166-2-lvl4":"PG-MBA","region":"Southern Region","country":"Papua Niugini","country_code":"pg"},"osm_type":"node","osm_id":7792062671,"type":"town","location":[152.8393283,-10.6857857],"bbox":[152.7993283,-10.7257857,152.8793283,-10.6457857]}
{"name":"Chuave","display_name":"Chuave, Chuave District, Simbu, Highlands Region, Papua Niugini","address":{"town":"Chuave","county":"Chuave District","state":"Simbu","ISO3166-2-lvl4":"PG-CPK","region":"Highlands Region","country":"Papua Niugini","country_code":"pg"},"osm_type":"node","osm_id":1450460144,"type":"town","location":[145.1247475,-6.121195],"bbox":[145.0847475,-6.161195,145.1647475,-6.081195]}
{"name":"Dauli","display_name":"Dauli, Komo-Margarima District, Hela, Highlands Region, Papua Niugini","address":{"town":"Dauli","county":"Komo-Margarima District","state":"Hela","ISO3166-2-lvl4":"PG-HLA","region":"Highlands Region","country":"Papua Niugini","country_code":"pg"},"population":9277,"osm_type":"node","osm_id":3512091084,"type":"town","location":[142.9557243,-5.9062754],"bbox":[142.9157243,-5.9462754,142.9957243,-5.8662754]}
{"name":"Erave","other_names":{"alt_name":"Erave Station"},"display_name":"Erave, Southern Highlands, Highlands Region, Papua Niugini","address":{"town":"Erave","state":"Southern Highlands","ISO3166-2-lvl4":"PG-SHM","region":"Highlands Region","country":"Papua Niugini","country_code":"pg"},"osm_type":"node","osm_id":3618755113,"type":"town","location":[143.8988018,-6.6077672],"bbox":[143.8588018,-6.6477672,143.9388018,-6.5677672]}
{"name":"Esa'ala","display_name":"Esa'ala, Milne Bay, Southern Region, Papua Niugini","address":{"town":"Esa'ala","state":"Milne Bay","ISO3166-2-lvl4":"PG-MBA","region":"Southern Region","country":"Papua Niugini","country_code":"pg"},"osm_type":"node","osm_id":4359422723,"type":"town","location":[150.8181695,-9.7390575],"bbox":[150.7781695,-9.7790575,150.8581695,-9.6990575]}
{"name":"Finschhafen","other_names":{"alt_name":"Finschafen;Finschaffen"},"display_name":"Finschhafen, Morobe, Momase Region, Papua Niugini","address":{"town":"Finschhafen","state":"Morobe","ISO3166-2-lvl4":"PG-MPL","region":"Momase Region","country":"Papua Niugini","country_code":"pg"},"population":10377,"osm_type":"node","osm_id":558530029,"type":"town","location":[147.8536907,-6.6040926],"bbox":[147.8136907,-6.6440926,147.8936907,-6.5640926]}
{"name":"Garaina","other_names":{"alt_name":"Garaina Station"},"display_name":"Garaina, Morobe, Momase Region, Papua Niugini","address":{"town":"Garaina","state":"Morobe","ISO3166-2-lvl4":"PG-MPL","region":"Momase Region","country":"Papua Niugini","country_code":"pg"},"osm_type":"node","osm_id":7430873325,"type":"town","location":[147.1483068,-7.8848746],"bbox":[147.1083068,-7.9248746,147.1883068,-7.8448746]}
{"name":"Gembogl","other_names":{"alt_name":"Gembogl Station"},"display_name":"Gembogl, Gembogl District, Simbu, Highlands Region, Papua Niugini","address":{"town":"Gembogl","county":"Gembogl District","state":"Simbu","ISO3166-2-lvl4":"PG-CPK","region":"Highlands Region","country":"Papua Niugini","country_code":"pg"},"osm_type":"node","osm_id":10775229018,"type":"town","location":[145.0883663,-5.8844274],"bbox":[145.0483663,-5.9244274,145.1283663,-5.8444274]}
{"name":"Green River","display_name":"Green River, Sandaun, Momase Region, Papua Niugini","address":{"town":"Green River","state":"Sandaun","ISO3166-2-lvl4":"PG-SAN","region":"Momase Region","country":"Papua Niugini","country_code":"pg"},"osm_type":"node","osm_id":1268245351,"type":"town","location":[141.1869741,-3.8951468],"bbox":[141.1469741,-3.9351468,141.2269741,-3.8551468]}
{"name":"Guasopa","other_names":{"alt_name":"Guasopa Station"},"display_name":"Guasopa, Milne Bay, Southern Region, Papua Niugini","address":{"town":"Guasopa","state":"Milne Bay","ISO3166-2-lvl4":"PG-MBA","region":"Southern Region","country":"Papua Niugini","country_code":"pg"},"osm_type":"node","osm_id":7796779948,"type":"town","location":[152.9447571,-9.2247193],"bbox":[152.9047571,-9.2647193,152.9847571,-9.1847193]}
{"name":"Gumine","other_names":{"alt_name":"Gumine Station"},"display_name":"Gumine, Gumine District, Simbu, Highlands Region, Papua Niugini","address":{"town":"Gumine","county":"Gumine District","state":"Simbu","ISO3166-2-lvl4":"PG-CPK","region":"Highlands Region","country":"Papua Niugini","country_code":"pg"},"osm_type":"node","osm_id":7944522667,"type":"town","location":[144.9198338,-6.188268],"bbox":[144.8798338,-6.228268,144.9598338,-6.148268]}
{"name":"Gusap","display_name":"Gusap, Madang, Momase Region, Papua Niugini","address":{"town":"Gusap","state":"Madang","ISO3166-2-lvl4":"PG-MPM","region":"Momase Region","country":"Papua Niugini","country_code":"pg"},"osm_type":"node","osm_id":7807166813,"type":"town","location":[145.882813,-5.9696291],"bbox":[145.842813,-6.0096291,145.922813,-5.9296291]}
{"name":"Hoiebia","display_name":"Hoiebia, Tebi Rural LLG, Tari-Pori District, Hela, Highlands Region, Papua Niugini","address":{"town":"Hoiebia","municipality":"Tebi Rural LLG","county":"Tari-Pori District","state":"Hela","ISO3166-2-lvl4":"PG-HLA","region":"Highlands Region","country":"Papua Niugini","country_code":"pg"},"population":10373,"osm_type":"node","osm_id":3448188799,"type":"town","location":[142.9688522,-5.8342196],"bbox":[142.9288522,-5.8742196,143.0088522,-5.7942196]}
{"name":"Hoskins","display_name":"Hoskins, West New Britain, Islands Region, Papua Niugini","address":{"town":"Hoskins","state":"West New Britain","ISO3166-2-lvl4":"PG-WBK","region":"Islands Region","country":"Papua Niugini","country_code":"pg"},"population":10456,"osm_type":"node","osm_id":8365107181,"type":"town","location":[150.4071418,-5.4519975],"bbox":[150.3671418,-5.4919975,150.4471418,-5.4119975]}
{"name":"Hula","display_name":"Hula, Central, Southern Region, Papua Niugini","address":{"town":"Hula","state":"Central","ISO3166-2-lvl4":"PG-CPM","region":"Southern Region","country":"Papua Niugini","country_code":"pg"},"population":2941,"osm_type":"node","osm_id":7794549479,"type":"town","location":[147.7246967,-10.0981328],"bbox":[147.6846967,-10.1381328,147.7646967,-10.0581328]}
{"name":"Ialibu","display_name":"Ialibu, Southern Highlands, Highlands Region, 587, Papua Niugini","address":{"town":"Ialibu","state":"Southern Highlands","ISO3166-2-lvl4":"PG-SHM","region":"Highlands Region","postcode":"587","country":"Papua Niugini","country_code":"pg"},"osm_type":"node","osm_id":1450527805,"type":"town","location":[143.9909895,-6.282291],"bbox":[143.9509895,-6.322291,144.0309895,-6.242291]}
{"name":"Ihu","other_names":{"alt_name":"Ihu Station"},"display_name":"Ihu, Gulf, Southern Region, Papua Niugini","address":{"town":"Ihu","state":"Gulf","ISO3166-2-lvl4":"PG-GPK","region":"Southern Region","country":"Papua Niugini","country_code":"pg"},"osm_type":"node","osm_id":7791088026,"type":"town","location":[145.4001643,-7.9031074],"bbox":[145.3601643,-7.9431074,145.4401643,-7.8631074]}
{"name":"Josephstaal","display_name":"Josephstaal, Madang, Momase Region, Papua Niugini","address":{"town":"Josephstaal","state":"Madang","ISO3166-2-lvl4":"PG-MPM","region":"Momase Region","country":"Papua Niugini","country_code":"pg"},"osm_type":"node","osm_id":5903833246,"type":"town","location":[145.0076651,-4.7425144],"bbox":[144.9676651,-4.7825144,145.0476651,-4.7025144]}
{"name":"Kabwum","display_name":"Kabwum, Morobe, Momase Region, Papua Niugini","address":{"town":"Kabwum","state":"Morobe","ISO3166-2-lvl4":"PG-MPL","region":"Momase Region","country":"Papua Niugini","country_code":"pg"},"osm_type":"node","osm_id":6589444563,"type":"town","location":[147.1893555,-6.1552885],"bbox":[147.1493555,-6.1952885,147.2293555,-6.1152885]}
{"name":"Kagua","other_names":{"alt_name":"Kagua Station"},"display_name":"Kagua, Kagua District, Southern Highlands, Highlands Region, Papua Niugini","address":{"town":"Kagua","county":"Kagua District","state":"Southern Highlands","ISO3166-2-lvl4":"PG-SHM","region":"Highlands Region","country":"Papua Niugini","country_code":"pg"},"osm_type":"node","osm_id":3369993782,"type":"town","location":[143.854313,-6.3971214],"bbox":[143.814313,-6.4371214,143.894313,-6.3571214]}
{"name":"Kainantu","display_name":"Kainantu, Kainantu District, Eastern Highlands, Highlands Region, Papua Niugini","address":{"town":"Kainantu","county":"Kainantu District","state":"Eastern Highlands","ISO3166-2-lvl4":"PG-EHG","region":"Highlands Region","country":"Papua Niugini","country_code":"pg"},"population":15479,"osm_type":"node","osm_id":856564645,"type":"town","location":[145.8678771,-6.2907745],"bbox":[145.8278771,-6.3307745,145.9078771,-6.2507745]}
{"name":"Kamtai","other_names":{"alt_name":"Kamtai Station"},"display_name":"Kamtai, Kundiawa District, Simbu, Highlands Region, Papua Niugini","address":{"town":"Kamtai","county":"Kundiawa District","state":"Simbu","ISO3166-2-lvl4":"PG-CPK","region":"Highlands Region","country":"Papua Niugini","country_code":"pg"},"osm_type":"node","osm_id":11497439785,"type":"town","location":[145.0201558,-6.0918989],"bbox":[144.9801558,-6.1318989,145.0601558,-6.0518989]}
{"name":"Kandep","other_names":{"alt_name":"Kandep Station"},"display_name":"Kandep, Kandep District, Enga, Highlands Region, 657, Papua Niugini","address":{"town":"Kandep","county":"Kandep District","state":"Enga","ISO3166-2-lvl4":"PG-EPW","region":"Highlands Region","postcode":"657","country":"Papua Niugini","country_code":"pg"},"osm_type":"node","osm_id":3718160276,"type":"town","location":[143.5090067,-5.8423467],"bbox":[143.4690067,-5.8823467,143.5490067,-5.8023467]}
{"name":"Kandrian","display_name":"Kandrian, West New Britain, Islands Region, Papua Niugini","address":{"town":"Kandrian","state":"West New Britain","ISO3166-2-lvl4":"PG-WBK","region":"Islands Region","country":"Papua Niugini","country_code":"pg"},"population":10478,"osm_type":"node","osm_id":762280311,"type":"town","location":[149.5476443,-6.2074238],"bbox":[149.5076443,-6.2474238,149.5876443,-6.1674238]}
{"name":"Keravat","display_name":"Keravat, East New Britain, Islands Region, Papua Niugini","address":{"town":"Keravat","state":"East New Britain","ISO3166-2-lvl4":"PG-EBR","region":"Islands Region","country":"Papua Niugini","country_code":"pg"},"population":10367,"osm_type":"node","osm_id":2581826328,"type":"town","location":[152.0418654,-4.3485483],"bbox":[152.0018654,-4.3885483,152.0818654,-4.3085483]}
{"name":"Kerowagi","display_name":"Kerowagi, Kerowagi District, Simbu, Highlands Region, Papua Niugini","address":{"town":"Kerowagi","county":"Kerowagi District","state":"Simbu","ISO3166-2-lvl4":"PG-CPK","region":"Highlands Region","country":"Papua Niugini","country_code":"pg"},"osm_type":"node","osm_id":7698742836,"type":"town","location":[144.8543139,-5.8988368],"bbox":[144.8143139,-5.9388368,144.8943139,-5.8588368]}
{"name":"Kieta","display_name":"Kieta, Autonomous Region of Bougainville, Islands Region, Papua Niugini","address":{"town":"Kieta","state":"Autonomous Region of Bougainville","ISO3166-2-lvl4":"PG-NSB","region":"Islands Region","country":"Papua Niugini","country_code":"pg"},"population":10367,"osm_type":"node","osm_id":7071672060,"type":"town","location":[155.6362617,-6.2187295],"bbox":[155.5962617,-6.2587295,155.6762617,-6.1787295]}
{"name":"Kikori","display_name":"Kikori, Gulf, Southern Region, Papua Niugini","address":{"town":"Kikori","state":"Gulf","ISO3166-2-lvl4":"PG-GPK","region":"Southern Region","country":"Papua Niugini","country_code":"pg"},"osm_type":"node","osm_id":1684193976,"type":"town","location":[144.2477457,-7.411888],"bbox":[144.2077457,-7.451888,144.2877457,-7.371888]}
{"name":"Kinim Station","other_names":{"alt_name":"Kinim"},"display_name":"Kinim Station, Madang, Momase Region, Papua Niugini","address":{"town":"Kinim Station","state":"Madang","ISO3166-2-lvl4":"PG-MPM","region":"Momase Region","country":"Papua Niugini","country_code":"pg"},"osm_type":"node","osm_id":9641168738,"type":"town","location":[145.9409787,-4.551391],"bbox":[145.9009787,-4.591391,145.9809787,-4.511391]}
{"name":"Kiunga","display_name":"Kiunga, Western, Southern Region, Papua Niugini","address":{"town":"Kiunga","state":"Western","ISO3166-2-lvl4":"PG-WPD","region":"Southern Region","country":"Papua Niugini","country_code":"pg"},"population":19747,"osm_type":"node","osm_id":159125709,"type":"town","location":[141.2981755,-6.1159886],"bbox":[141.2581755,-6.1559886,141.3381755,-6.0759886]}
{"name":"Kokoda","other_names":{"alt_name":"Kokoda Station"},"display_name":"Kokoda, Oro, Southern Region, Papua Niugini","address":{"town":"Kokoda","state":"Oro","ISO3166-2-lvl4":"PG-NPP","region":"Southern Region","country":"Papua Niugini","country_code":"pg"},"population":21567,"osm_type":"node","osm_id":302477619,"type":"town","location":[147.7365453,-8.8783894],"bbox":[147.6965453,-8.9183894,147.7765453,-8.8383894]}
{"name":"Kokopo","other_names":{"name:ja":"ココポ","name:ru":"Кокопо","old_name":"Herbertshöhe"},"display_name":"Kokopo, East New Britain, Islands Region, Papua Niugini","address":{"town":"Kokopo","state":"East New Britain","ISO3166-2-lvl4":"PG-EBR","region":"Islands Region","country":"Papua Niugini","country_code":"pg"},"population":25578,"osm_type":"node","osm_id":292047350,"type":"town","location":[152.2686741,-4.3432175],"bbox":[152.2286741,-4.3832175,152.3086741,-4.3032175]}
{"name":"Komo","other_names":{"alt_name":"Komo Station"},"display_name":"Komo, Komo Rural LLG, Komo-Margarima District, Hela, Highlands Region, Papua Niugini","address":{"town":"Komo","municipality":"Komo Rural LLG","county":"Komo-Margarima District","state":"Hela","ISO3166-2-lvl4":"PG-HLA","region":"Highlands Region","country":"Papua Niugini","country_code":"pg"},"osm_type":"node","osm_id":3814769080,"type":"town","location":[142.8571744,-6.0666697],"bbox":[142.8171744,-6.1066697,142.8971744,-6.0266697]}
{"name":"Kompiam","display_name":"Kompiam, Enga, Highlands Region, Papua Niugini","address":{"town":"Kompiam","state":"Enga","ISO3166-2-lvl4":"PG-EPW","region":"Highlands Region","country":"Papua Niugini","country_code":"pg"},"osm_type":"node","osm_id":7484978236,"type":"town","location":[143.9211922,-5.3847927],"bbox":[143.8811922,-5.4247927,143.9611922,-5.3447927]}
{"name":"Koroba","other_names":{"alt_name":"Koroba Station"},"display_name":"Koroba, Koroba - Kopiago District, Hela, Highlands Region, Papua Niugini","address":{"town":"Koroba","county":"Koroba - Kopiago District","state":"Hela","ISO3166-2-lvl4":"PG-HLA","region":"Highlands Region","country":"Papua Niugini","country_code":"pg"},"osm_type":"node","osm_id":3717786763,"type":"town","location":[142.7356865,-5.7046894],"bbox":[142.6956865,-5.7446894,142.7756865,-5.6646894]}
{"name":"Kudjip","display_name":"Kudjip, Jiwaka, Highlands Region, Papua Niugini","address":{"town":"Kudjip","state":"Jiwaka","ISO3166-2-lvl4":"PG-JWK","region":"Highlands Region","country":"Papua Niugini","country_code":"pg"},"osm_type":"node","osm_id":1450527813,"type":"town","location":[144.5814933,-5.8450302],"bbox":[144.5414933,-5.8850302,144.6214933,-5.8050302]}
{"name":"Kupiano","display_name":"Kupiano, Central, Southern Region, Papua Niugini","address":{"town":"Kupiano","state":"Central","ISO3166-2-lvl4":"PG-CPM","region":"Southern Region","country":"Papua Niugini","country_code":"pg"},"osm_type":"node","osm_id":7791819748,"type":"town","location":[148.1838983,-10.074722],"bbox":[148.1438983,-10.114722,148.2238983,-10.034722]}
{"name":"Kurumul","display_name":"Kurumul, Jiwaka, Highlands Region, Papua Niugini","address":{"town":"Kurumul","state":"Jiwaka","ISO3166-2-lvl4":"PG-JWK","region":"Highlands Region","country":"Papua Niugini","country_code":"pg"},"osm_type":"node","osm_id":12883260200,"type":"town","location":[144.6280882,-5.851924],"bbox":[144.5880882,-5.891924,144.6680882,-5.811924]}
{"name":"Kwikila","display_name":"Kwikila, Central, Southern Region, Papua Niugini","address":{"town":"Kwikila","state":"Central","ISO3166-2-lvl4":"PG-CPM","region":"Southern Region","country":"Papua Niugini","country_code":"pg"},"osm_type":"node","osm_id":7791650842,"type":"town","location":[147.6789902,-9.8083263],"bbox":[147.6389902,-9.8483263,147.7189902,-9.7683263]}
{"name":"Laiagam","display_name":"Laiagam, Enga, Highlands Region, Papua Niugini","address":{"town":"Laiagam","state":"Enga","ISO3166-2-lvl4":"PG-EPW","region":"Highlands Region","country":"Papua Niugini","country_code":"pg"},"population":10675,"osm_type":"node","osm_id":3718160277,"type":"town","location":[143.4888686,-5.4934941],"bbox":[143.4488686,-5.5334941,143.5288686,-5.4534941]}
{"name":"Lake Murray","other_names":{"alt_name":"Lake Murray Station;Boboa;Boboa Station"},"display_name":"Lake Murray, Western, Southern Region, Papua Niugini","address":{"town":"Lake Murray","state":"Western","ISO3166-2-lvl4":"PG-WPD","region":"Southern Region","country":"Papua Niugini","country_code":"pg"},"osm_type":"node","osm_id":5281313343,"type":"town","location":[141.489315,-7.0050745],"bbox":[141.449315,-7.0450745,141.529315,-6.9650745]}
{"name":"Lea Lea","display_name":"Lea Lea, Central, Southern Region, Papua Niugini","address":{"town":"Lea Lea","state":"Central","ISO3166-2-lvl4":"PG-CPM","region":"Southern Region","country":"Papua Niugini","country_code":"pg"},"population":29436,"osm_type":"node","osm_id":563655070,"type":"town","location":[146.989734,-9.286774],"bbox":[146.949734,-9.326774,147.029734,-9.246774]}
{"name":"Londolovit","display_name":"Londolovit, New Ireland, Islands Region, Papua Niugini","address":{"town":"Londolovit","state":"New Ireland","ISO3166-2-lvl4":"PG-NIK","region":"Islands Region","country":"Papua Niugini","country_code":"pg"},"population":1644,"osm_type":"node","osm_id":7598657810,"type":"town","location":[152.6376969,-3.0682161],"bbox":[152.5976969,-3.1082161,152.6776969,-3.0282161]}
{"name":"Losuia","display_name":"Losuia, Milne Bay, Southern Region, Papua Niugini","address":{"town":"Losuia","state":"Milne Bay","ISO3166-2-lvl4":"PG-MBA","region":"Southern Region","country":"Papua Niugini","country_code":"pg"},"osm_type":"node","osm_id":6959480140,"type":"town","location":[151.0635888,-8.5454272],"bbox":[151.0235888,-8.5854272,151.1035888,-8.5054272]}
{"name":"Lufa","display_name":"Lufa, Eastern Highlands, Highlands Region, Papua Niugini","address":{"town":"Lufa","state":"Eastern Highlands","ISO3166-2-lvl4":"PG-EHG","region":"Highlands Region","country":"Papua Niugini","country_code":"pg"},"osm_type":"node","osm_id":8264501783,"type":"town","location":[145.3034123,-6.3406107],"bbox":[145.2634123,-6.3806107,145.3434123,-6.3006107]}
{"name":"Lumi","display_name":"Lumi, Sandaun, Momase Region, Papua Niugini","address":{"town":"Lumi","state":"Sandaun","ISO3166-2-lvl4":"PG-SAN","region":"Momase Region","country":"Papua Niugini","country_code":"pg"},"osm_type":"node","osm_id":8577277440,"type":"town","location":[142.0398704,-3.477429],"bbox":[141.9998704,-3.517429,142.0798704,-3.437429]}
{"name":"Magarida","other_names":{"alt_name":"Magarida Station"},"display_name":"Magarida, Central, Southern Region, Papua Niugini","address":{"town":"Magarida","state":"Central","ISO3166-2-lvl4":"PG-CPM","region":"Southern Region","country":"Papua Niugini","country_code":"pg"},"osm_type":"node","osm_id":7791811001,"type":"town","location":[149.3369096,-10.29696],"bbox":[149.2969096,-10.33696,149.3769096,-10.25696]}
{"name":"Magarima","other_names":{"alt_name":"Margarima Station;Margarima"},"display_name":"Magarima, Komo-Margarima District, Hela, Highlands Region, Papua Niugini","address":{"town":"Magarima","county":"Komo-Margarima District","state":"Hela","ISO3166-2-lvl4":"PG-HLA","region":"Highlands Region","country":"Papua Niugini","country_code":"pg"},"osm_type":"node","osm_id":3365354590,"type":"town","location":[143.3596999,-5.9805591],"bbox":[143.3196999,-6.0205591,143.3996999,-5.9405591]}
{"name":"Malalaua","other_names":{"alt_name":"Malalaua Station"},"display_name":"Malalaua, Malalaua District, Gulf, Southern Region, Papua Niugini","address":{"town":"Malalaua","county":"Malalaua District","state":"Gulf","ISO3166-2-lvl4":"PG-GPK","region":"Southern Region","country":"Papua Niugini","country_code":"pg"},"osm_type":"node","osm_id":2898955062,"type":"town","location":[146.1613013,-8.0746431],"bbox":[146.1213013,-8.1146431,146.2013013,-8.0346431]}
{"name":"Maprik","display_name":"Maprik, East Sepik, Momase Region, Papua Niugini","address":{"town":"Maprik","state":"East Sepik","ISO3166-2-lvl4":"PG-ESW","region":"Momase Region","country":"Papua Niugini","country_code":"pg"},"population":15958,"osm_type":"node","osm_id":1363471946,"type":"town","location":[143.0564013,-3.6308588],"bbox":[143.0164013,-3.6708588,143.0964013,-3.5908588]}
{"name":"Marawaka","other_names":{"alt_name":"Marawaka Station"},"display_name":"Marawaka, Eastern Highlands, Highlands Region, Papua Niugini","address":{"town":"Marawaka","state":"Eastern Highlands","ISO3166-2-lvl4":"PG-EHG","region":"Highlands Region","country":"Papua Niugini","country_code":"pg"},"osm_type":"node","osm_id":7853587092,"type":"town","location":[145.8877471,-6.9684985],"bbox":[145.8477471,-7.0084985,145.9277471,-6.9284985]}
{"name":"Menyamya","display_name":"Menyamya, Menyamya District, Morobe, Momase Region, Papua Niugini","address":{"town":"Menyamya","county":"Menyamya District","state":"Morobe","ISO3166-2-lvl4":"PG-MPL","region":"Momase Region","country":"Papua Niugini","country_code":"pg"},"osm_type":"node","osm_id":7543247356,"type":"town","location":[146.0208336,-7.2172163],"bbox":[145.9808336,-7.2572163,146.0608336,-7.1772163]}
{"name":"Mingende","display_name":"Mingende, Kerowagi District, Simbu, Highlands Region, Papua Niugini","address":{"town":"Mingende","county":"Kerowagi District","state":"Simbu","ISO3166-2-lvl4":"PG-CPK","region":"Highlands Region","country":"Papua Niugini","country_code":"pg"},"osm_type":"node","osm_id":1695710355,"type":"town","location":[144.8907482,-5.9683935],"bbox":[144.8507482,-6.0083935,144.9307482,-5.9283935]}
{"name":"Minj","display_name":"Minj, Jiwaka, Highlands Region, Papua Niugini","address":{"town":"Minj","state":"Jiwaka","ISO3166-2-lvl4":"PG-JWK","region":"Highlands Region","country":"Papua Niugini","country_code":"pg"},"osm_type":"node","osm_id":1450527841,"type":"town","location":[144.6873618,-5.9068175],"bbox":[144.6473618,-5.9468175,144.7273618,-5.8668175]}
{"name":"Moreguina","display_name":"Moreguina, Central, Southern Region, Papua Niugini","address":{"town":"Moreguina","state":"Central","ISO3166-2-lvl4":"PG-CPM","region":"Southern Region","country":"Papua Niugini","country_code":"pg"},"osm_type":"node","osm_id":8711468773,"type":"town","location":[148.4750198,-10.0164569],"bbox":[148.4350198,-10.0564569,148.5150198,-9.9764569]}
{"name":"Morehead","other_names":{"alt_name":"Morehead Station"},"display_name":"Morehead, Western, Southern Region, Papua Niugini","address":{"town":"Morehead","state":"Western","ISO3166-2-lvl4":"PG-WPD","region":"Southern Region","country":"Papua Niugini","country_code":"pg"},"osm_type":"node","osm_id":7790920776,"type":"town","location":[141.6438156,-8.7121807],"bbox":[141.6038156,-8.7521807,141.6838156,-8.6721807]}
{"name":"Morobe","other_names":{"alt_name":"Morobe Station","old_name:de":"Adolfhafen"},"display_name":"Morobe, Momase Region, Papua Niugini","address":{"town":"Morobe","state":"Morobe","ISO3166-2-lvl4":"PG-MPL","region":"Momase Region","country":"Papua Niugini","country_code":"pg"},"osm_type":"node","osm_id":7725523883,"type":"town","location":[147.5959303,-7.7585388],"bbox":[147.5559303,-7.7985388,147.6359303,-7.7185388]}
{"name":"Mosa","display_name":"Mosa, West New Britain, Islands Region, Papua Niugini","address":{"town":"Mosa","state":"West New Britain","ISO3166-2-lvl4":"PG-WBK","region":"Islands Region","country":"Papua Niugini","country_code":"pg"},"osm_type":"node","osm_id":762207530,"type":"town","location":[150.2343961,-5.6271757],"bbox":[150.1943961,-5.6671757,150.2743961,-5.5871757]}
{"name":"Mutzing","other_names":{"alt_name":"Mutzing Station"},"display_name":"Mutzing, Markham District, Morobe, Momase Region, Papua Niugini","address":{"town":"Mutzing","district":"Markham District","state":"Morobe","ISO3166-2-lvl4":"PG-MPL","region":"Momase Region","country":"Papua Niugini","country_code":"pg"},"osm_type":"node","osm_id":7395468516,"type":"town","location":[146.2438328,-6.346006],"bbox":[146.2038328,-6.386006,146.2838328,-6.306006]}
{"name":"Namatanai","display_name":"Namatanai, New Ireland, Islands Region, Papua Niugini","address":{"town":"Namatanai","state":"New Ireland","ISO3166-2-lvl4":"PG-NIK","region":"Islands Region","country":"Papua Niugini","country_code":"pg"},"population":1300,"osm_type":"node","osm_id":2135442543,"type":"town","location":[152.4407285,-3.6641739],"bbox":[152.4007285,-3.7041739,152.4807285,-3.6241739]}
{"name":"Napa Napa","display_name":"Napa Napa, National Capital District, Southern Region, Papua Niugini","address":{"town":"Napa Napa","county":"National Capital District","state":"National Capital District","ISO3166-2-lvl4":"PG-NCD","region":"Southern Region","country":"Papua Niugini","country_code":"pg"},"osm_type":"node","osm_id":274892920,"type":"town","location":[147.1164475,-9.4587279],"bbox":[147.0764475,-9.4987279,147.1564475,-9.4187279]}
{"name":"Nipa","display_name":"Nipa, Southern Highlands, Highlands Region, Papua Niugini","address":{"town":"Nipa","state":"Southern Highlands","ISO3166-2-lvl4":"PG-SHM","region":"Highlands Region","country":"Papua Niugini","country_code":"pg"},"osm_type":"node","osm_id":3365354593,"type":"town","location":[143.4499071,-6.1436875],"bbox":[143.4099071,-6.1836875,143.4899071,-6.1036875]}
{"name":"Nomad","other_names":{"alt_name":"Nomad Station"},"display_name":"Nomad, Western, Southern Region, Papua Niugini","address":{"town":"Nomad","state":"Western","ISO3166-2-lvl4":"PG-WPD","region":"Southern Region","country":"Papua Niugini","country_code":"pg"},"osm_type":"node","osm_id":7790903660,"type":"town","location":[142.2294035,-6.2929042],"bbox":[142.1894035,-6.3329042,142.2694035,-6.2529042]}
{"name":"Okapa","display_name":"Okapa, Eastern Highlands, Highlands Region, Papua Niugini","address":{"town":"Okapa","state":"Eastern Highlands","ISO3166-2-lvl4":"PG-EHG","region":"Highlands Region","country":"Papua Niugini","country_code":"pg"},"osm_type":"node","osm_id":7418624419,"type":"town","location":[145.600225,-6.52054],"bbox":[145.560225,-6.56054,145.640225,-6.48054]}
{"name":"Paiam","other_names":{"alt_name":"Payam;Paeam"},"display_name":"Paiam, Enga, Highlands Region, Papua Niugini","address":{"town":"Paiam","state":"Enga","ISO3166-2-lvl4":"PG-EPW","region":"Highlands Region","country":"Papua Niugini","country_code":"pg"},"population":30478,"osm_type":"node","osm_id":7262313986,"type":"town","location":[143.1511041,-5.464017],"bbox":[143.1111041,-5.504017,143.1911041,-5.424017]}
{"name":"Palmalmal","other_names":{"alt_name":"Palmalmal Station"},"display_name":"Palmalmal, East New Britain, Islands Region, Papua Niugini","address":{"town":"Palmalmal","state":"East New Britain","ISO3166-2-lvl4":"PG-EBR","region":"Islands Region","country":"Papua Niugini","country_code":"pg"},"population":15994,"osm_type":"node","osm_id":7920573537,"type":"town","location":[151.4940354,-5.6313924],"bbox":[151.4540354,-5.6713924,151.5340354,-5.5913924]}
{"name":"Pangia","other_names":{"alt_name":"Pangia Station"},"display_name":"Pangia, Southern Highlands, Highlands Region, Papua Niugini","address":{"town":"Pangia","state":"Southern Highlands","ISO3166-2-lvl4":"PG-SHM","region":"Highlands Region","country":"Papua Niugini","country_code":"pg"},"osm_type":"node","osm_id":1452962583,"type":"town","location":[144.1090524,-6.3806424],"bbox":[144.0690524,-6.4206424,144.1490524,-6.3406424]}
{"name":"Pindiu","other_names":{"alt_name":"Pindiu Station"},"display_name":"Pindiu, Finschhafen District, Morobe, Momase Region, Papua Niugini","address":{"town":"Pindiu","county":"Finschhafen District","state":"Morobe","ISO3166-2-lvl4":"PG-MPL","region":"Momase Region","country":"Papua Niugini","country_code":"pg"},"osm_type":"node","osm_id":6582230348,"type":"town","location":[147.5155545,-6.4443288],"bbox":[147.4755545,-6.4843288,147.5555545,-6.4043288]}
{"name":"Pomio","display_name":"Pomio, East New Britain, Islands Region, Papua Niugini","address":{"town":"Pomio","state":"East New Britain","ISO3166-2-lvl4":"PG-EBR","region":"Islands Region","country":"Papua Niugini","country_code":"pg"},"population":15699,"osm_type":"node","osm_id":6466325682,"type":"town","location":[151.5187333,-5.5223906],"bbox":[151.4787333,-5.5623906,151.5587333,-5.4823906]}
{"name":"Porebada","display_name":"Porebada, Central, Southern Region, Papua Niugini","address":{"town":"Porebada","state":"Central","ISO3166-2-lvl4":"PG-CPM","region":"Southern Region","country":"Papua Niugini","country_code":"pg"},"population":10907,"osm_type":"node","osm_id":274893712,"type":"town","location":[147.0419422,-9.4192873],"bbox":[147.0019422,-9.4592873,147.0819422,-9.3792873]}
{"name":"Porgera","other_names":{"alt_name":"Pogera"},"display_name":"Porgera, Enga, Highlands Region, Papua Niugini","address":{"town":"Porgera","state":"Enga","ISO3166-2-lvl4":"PG-EPW","region":"Highlands Region","country":"Papua Niugini","country_code":"pg"},"population":30467,"osm_type":"node","osm_id":3902504957,"type":"town","location":[143.1230921,-5.4795227],"bbox":[143.0830921,-5.5195227,143.1630921,-5.4395227]}
{"name":"Putput","display_name":"Putput, New Ireland, Islands Region, Papua Niugini","address":{"town":"Putput","state":"New Ireland","ISO3166-2-lvl4":"PG-NIK","region":"Islands Region","country":"Papua Niugini","country_code":"pg"},"population":2067,"osm_type":"node","osm_id":7598657809,"type":"town","location":[152.6594684,-3.1280732],"bbox":[152.6194684,-3.1680732,152.6994684,-3.0880732]}
{"name":"Rabaraba","other_names":{"alt_name":"Rabaraba Station"},"display_name":"Rabaraba, Baniara District, Milne Bay, Southern Region, Papua Niugini","address":{"town":"Rabaraba","county":"Baniara District","state":"Milne Bay","ISO3166-2-lvl4":"PG-MBA","region":"Southern Region","country":"Papua Niugini","country_code":"pg"},"population":25898,"osm_type":"node","osm_id":7791875915,"type":"town","location":[149.8383938,-9.9713115],"bbox":[149.7983938,-10.0113115,149.8783938,-9.9313115]}
{"name":"Saidor","other_names":{"alt_name":"Saidor Station"},"display_name":"Saidor, Madang, Momase Region, Papua Niugini","address":{"town":"Saidor","state":"Madang","ISO3166-2-lvl4":"PG-MPM","region":"Momase Region","country":"Papua Niugini","country_code":"pg"},"osm_type":"node","osm_id":7807044040,"type":"town","location":[146.457766,-5.6280274],"bbox":[146.417766,-5.6680274,146.497766,-5.5880274]}
{"name":"Samarai","display_name":"Samarai, Milne Bay, Southern Region, Papua Niugini","address":{"town":"Samarai","state":"Milne Bay","ISO3166-2-lvl4":"PG-MBA","region":"Southern Region","country":"Papua Niugini","country_code":"pg"},"population":460,"osm_type":"node","osm_id":7660921152,"type":"town","location":[150.6619362,-10.6106054],"bbox":[150.6219362,-10.6506054,150.7019362,-10.5706054]}
{"name":"Simbai","display_name":"Simbai, Madang, Momase Region, Papua Niugini","address":{"town":"Simbai","state":"Madang","ISO3166-2-lvl4":"PG-MPM","region":"Momase Region","country":"Papua Niugini","country_code":"pg"},"osm_type":"node","osm_id":5911827121,"type":"town","location":[144.5438307,-5.2737428],"bbox":[144.5038307,-5.3137428,144.5838307,-5.2337428]}
{"name":"Sogeri","display_name":"Sogeri, Central, Southern Region, Papua Niugini","address":{"town":"Sogeri","state":"Central","ISO3166-2-lvl4":"PG-CPM","region":"Southern Region","country":"Papua Niugini","country_code":"pg"},"osm_type":"node","osm_id":715956216,"type":"town","location":[147.4260564,-9.4176101],"bbox":[147.3860564,-9.4576101,147.4660564,-9.3776101]}
{"name":"Tabibuga","other_names":{"alt_name":"Tabibuga Station"},"display_name":"Tabibuga, Jimi District, Jiwaka, Highlands Region, Papua Niugini","address":{"town":"Tabibuga","county":"Jimi District","state":"Jiwaka","ISO3166-2-lvl4":"PG-JWK","region":"Highlands Region","country":"Papua Niugini","country_code":"pg"},"osm_type":"node","osm_id":8483142652,"type":"town","location":[144.6596498,-5.5696214],"bbox":[144.6196498,-5.6096214,144.6996498,-5.5296214]}
{"name":"Tabubil","display_name":"Tabubil, Western, Southern Region, 332, Papua Niugini","address":{"town":"Tabubil","state":"Western","ISO3166-2-lvl4":"PG-WPD","region":"Southern Region","postcode":"332","country":"Papua Niugini","country_code":"pg"},"population":19378,"osm_type":"node","osm_id":159124754,"type":"town","location":[141.2255685,-5.2716682],"bbox":[141.1855685,-5.3116682,141.2655685,-5.2316682],"border":{"name":"Tabubil","display_name":"Tabubil, Western, Southern Region, 332, Papua Niugini","address":{"town":"Tabubil","state":"Western","ISO3166-2-lvl4":"PG-WPD","region":"Southern Region","postcode":"332","country":"Papua Niugini","country_code":"pg"},"population":19378,"osm_type":"way","osm_id":16203895,"type":"town","location":[141.2255685,-5.2716682],"bbox":[141.218104,-5.2965397,141.2411066,-5.2527804]}}
{"name":"Tagula","other_names":{"alt_name":"Tagula Station"},"display_name":"Tagula, Milne Bay, Southern Region, Papua Niugini","address":{"town":"Tagula","state":"Milne Bay","ISO3166-2-lvl4":"PG-MBA","region":"Southern Region","country":"Papua Niugini","country_code":"pg"},"osm_type":"node","osm_id":1683790496,"type":"town","location":[153.2043462,-11.3272265],"bbox":[153.1643462,-11.3672265,153.2443462,-11.2872265]}
{"name":"Talasea","display_name":"Talasea, West New Britain, Islands Region, Papua Niugini","address":{"town":"Talasea","state":"West New Britain","ISO3166-2-lvl4":"PG-WBK","region":"Islands Region","country":"Papua Niugini","country_code":"pg"},"osm_type":"node","osm_id":8354985062,"type":"town","location":[150.0346524,-5.3060789],"bbox":[149.9946524,-5.3460789,150.0746524,-5.2660789]}
{"name":"Tambul","other_names":{"alt_name":"Tambul Station"},"display_name":"Tambul, Western Highlands, Highlands Region, Papua Niugini","address":{"town":"Tambul","state":"Western Highlands","ISO3166-2-lvl4":"PG-WHM","region":"Highlands Region","country":"Papua Niugini","country_code":"pg"},"osm_type":"node","osm_id":3788415515,"type":"town","location":[143.9573726,-5.8809307],"bbox":[143.9173726,-5.9209307,143.9973726,-5.8409307]}
{"name":"Tapini","display_name":"Tapini, Goilala District, Central, Southern Region, Papua Niugini","address":{"town":"Tapini","county":"Goilala District","state":"Central","ISO3166-2-lvl4":"PG-CPM","region":"Southern Region","country":"Papua Niugini","country_code":"pg"},"osm_type":"node","osm_id":7418672098,"type":"town","location":[146.9908191,-8.3574378],"bbox":[146.9508191,-8.3974378,147.0308191,-8.3174378]}
{"name":"Taskul","other_names":{"alt_name":"Taskul Station"},"display_name":"Taskul, New Ireland, Islands Region, Papua Niugini","address":{"town":"Taskul","state":"New Ireland","ISO3166-2-lvl4":"PG-NIK","region":"Islands Region","country":"Papua Niugini","country_code":"pg"},"osm_type":"node","osm_id":9237534481,"type":"town","location":[150.4532127,-2.5516545],"bbox":[150.4132127,-2.5916545,150.4932127,-2.5116545]}
{"name":"Taurama","display_name":"Taurama, National Capital District, Southern Region, Papua Niugini","address":{"town":"Taurama","county":"National Capital District","state":"National Capital District","ISO3166-2-lvl4":"PG-NCD","region":"Southern Region","country":"Papua Niugini","country_code":"pg"},"osm_type":"node","osm_id":274506530,"type":"town","location":[147.232746,-9.5072962],"bbox":[147.192746,-9.5472962,147.272746,-9.4672962]}
{"name":"Telefomin","display_name":"Telefomin, Sandaun, Momase Region, Papua Niugini","address":{"town":"Telefomin","state":"Sandaun","ISO3166-2-lvl4":"PG-SAN","region":"Momase Region","country":"Papua Niugini","country_code":"pg"},"osm_type":"node","osm_id":164363913,"type":"town","location":[141.6405108,-5.1238394],"bbox":[141.6005108,-5.1638394,141.6805108,-5.0838394]}
{"name":"Tinputz","other_names":{"alt_name":"Tinputz Station"},"display_name":"Tinputz, Autonomous Region of Bougainville, Islands Region, Papua Niugini","address":{"town":"Tinputz","state":"Autonomous Region of Bougainville","ISO3166-2-lvl4":"PG-NSB","region":"Islands Region","country":"Papua Niugini","country_code":"pg"},"osm_type":"node","osm_id":7109065474,"type":"town","location":[155.0081365,-5.5553667],"bbox":[154.9681365,-5.5953667,155.0481365,-5.5153667]}
{"name":"Torokina","display_name":"Torokina, Autonomous Region of Bougainville, Islands Region, Papua Niugini","address":{"town":"Torokina","state":"Autonomous Region of Bougainville","ISO3166-2-lvl4":"PG-NSB","region":"Islands Region","country":"Papua Niugini","country_code":"pg"},"osm_type":"node","osm_id":8062255349,"type":"town","location":[155.042206,-6.246289],"bbox":[155.002206,-6.286289,155.082206,-6.206289]}
{"name":"Tubusereia","display_name":"Tubusereia, Central, Southern Region, Papua Niugini","address":{"town":"Tubusereia","state":"Central","ISO3166-2-lvl4":"PG-CPM","region":"Southern Region","country":"Papua Niugini","country_code":"pg"},"population":5533,"osm_type":"node","osm_id":282727909,"type":"town","location":[147.3187828,-9.5495908],"bbox":[147.2787828,-9.5895908,147.3587828,-9.5095908]}
{"name":"Tufi","other_names":{"alt_name":"Tufi Station"},"display_name":"Tufi, Oro, Southern Region, Papua Niugini","address":{"town":"Tufi","state":"Oro","ISO3166-2-lvl4":"PG-NPP","region":"Southern Region","country":"Papua Niugini","country_code":"pg"},"osm_type":"node","osm_id":7794599877,"type":"town","location":[149.3176153,-9.0791764],"bbox":[149.2776153,-9.1191764,149.3576153,-9.0391764]}
{"name":"Ulamona","display_name":"Ulamona, West New Britain, Islands Region, Papua Niugini","address":{"town":"Ulamona","state":"West New Britain","ISO3166-2-lvl4":"PG-WBK","region":"Islands Region","country":"Papua Niugini","country_code":"pg"},"population":3677,"osm_type":"node","osm_id":6579663679,"type":"town","location":[151.2475026,-5.0026515],"bbox":[151.2075026,-5.0426515,151.2875026,-4.9626515]}
{"name":"Wakunai","other_names":{"alt_name":"Wakunai Station"},"display_name":"Wakunai, Autonomous Region of Bougainville, Islands Region, Papua Niugini","address":{"town":"Wakunai","state":"Autonomous Region of Bougainville","ISO3166-2-lvl4":"PG-NSB","region":"Islands Region","country":"Papua Niugini","country_code":"pg"},"osm_type":"node","osm_id":7109065577,"type":"town","location":[155.2113168,-5.868075],"bbox":[155.1713168,-5.908075,155.2513168,-5.828075]}
{"name":"Wantoat","other_names":{"alt_name":"Wantoat Station"},"display_name":"Wantoat, Morobe, Momase Region, Papua Niugini","address":{"town":"Wantoat","state":"Morobe","ISO3166-2-lvl4":"PG-MPL","region":"Momase Region","country":"Papua Niugini","country_code":"pg"},"osm_type":"node","osm_id":7470576650,"type":"town","location":[146.4693487,-6.1327179],"bbox":[146.4293487,-6.1727179,146.5093487,-6.0927179]}
{"name":"Wapenamanda","display_name":"Wapenamanda, Wapenamanda District, Enga, Highlands Region, Papua Niugini","address":{"town":"Wapenamanda","county":"Wapenamanda District","state":"Enga","ISO3166-2-lvl4":"PG-EPW","region":"Highlands Region","country":"Papua Niugini","country_code":"pg"},"osm_type":"node","osm_id":10775227372,"type":"town","location":[143.8918622,-5.6314531],"bbox":[143.8518622,-5.6714531,143.9318622,-5.5914531]}
{"name":"Wasu","other_names":{"alt_name":"Wasu Station"},"display_name":"Wasu, Morobe, Momase Region, Papua Niugini","address":{"town":"Wasu","state":"Morobe","ISO3166-2-lvl4":"PG-MPL","region":"Momase Region","country":"Papua Niugini","country_code":"pg"},"osm_type":"node","osm_id":3389921047,"type":"town","location":[147.1948655,-5.9603627],"bbox":[147.1548655,-6.0003627,147.2348655,-5.9203627]}
{"name":"Wau","display_name":"Wau, Morobe, Momase Region, 561, Papua Niugini","address":{"town":"Wau","state":"Morobe","ISO3166-2-lvl4":"PG-MPL","region":"Momase Region","postcode":"561","country":"Papua Niugini","country_code":"pg"},"osm_type":"node","osm_id":2086892141,"type":"town","location":[146.7172732,-7.3403142],"bbox":[146.6772732,-7.3803142,146.7572732,-7.3003142]}
{"name":"Wonenara","display_name":"Wonenara, Eastern Highlands, Highlands Region, Papua Niugini","address":{"town":"Wonenara","state":"Eastern Highlands","ISO3166-2-lvl4":"PG-EHG","region":"Highlands Region","country":"Papua Niugini","country_code":"pg"},"osm_type":"node","osm_id":7853432384,"type":"town","location":[145.891288,-6.7974008],"bbox":[145.851288,-6.8374008,145.931288,-6.7574008]}
{"name":"Wutung","other_names":{"alt_name":"Vutung;Wutung Station"},"display_name":"Wutung, Sandaun, Momase Region, Papua Niugini","address":{"town":"Wutung","state":"Sandaun","ISO3166-2-lvl4":"PG-SAN","region":"Momase Region","country":"Papua Niugini","country_code":"pg"},"population":10350,"osm_type":"node","osm_id":1250671835,"type":"town","location":[141.0085899,-2.6081649],"bbox":[140.9685899,-2.6481649,141.0485899,-2.5681649]}
