{"name":"Angol","display_name":"Angol, Provincia de Malleco, Región de la Araucanía, Chile","address":{"city":"Angol","county":"Provincia de Malleco","state":"Región de la Araucanía","ISO3166-2-lvl4":"CL-AR","country":"Chile","country_code":"cl"},"population":48608,"osm_type":"node","osm_id":214195857,"type":"city","location":[-72.7086097,-37.798787],"bbox":[-72.8686097,-37.958787,-72.5486097,-37.638787],"border":{"name":"Angol","display_name":"Angol, Provincia de Malleco, Región de la Araucanía, Chile","address":{"city":"Angol","county":"Provincia de Malleco","state":"Región de la Araucanía","ISO3166-2-lvl4":"CL-AR","country":"Chile","country_code":"cl"},"population":48608,"osm_type":"relation","osm_id":1742885,"type":"administrative","location":[-72.7086097,-37.798787],"bbox":[-73.1244347,-38.0239907,-72.4821436,-37.5817959]}}
{"name":"Antofagasta","other_names":{"name:en":"Antofagasta","name:ru":"Антофагаста","name:uk":"Антофагаста"},"display_name":"Antofagasta, Provincia de Antofagasta, Región de Antofagasta, Chile","address":{"city":"Antofagasta","county":"Provincia de Antofagasta","state":"Región de Antofagasta","ISO3166-2-lvl4":"CL-AN","country":"Chile","country_code":"cl"},"population":348517,"osm_type":"node","osm_id":214220794,"type":"city","location":[-70.3980033,-23.6463741],"bbox":[-70.5580033,-23.8063741,-70.2380033,-23.4863741],"border":{"name":"Antofagasta","other_names":{"name:es":"Antofagasta","name:en":"Antofagasta","name:ru":"Антофагаста","name:uk":"Антофагаста"},"display_name":"Antofagasta, Provincia de Antofagasta, Región de Antofagasta, Chile","address":{"city":"Antofagasta","county":"Provincia de Antofagasta","state":"Región de Antofagasta","ISO3166-2-lvl4":"CL-AN","country":"Chile","country_code":"cl"},"population":348517,"osm_type":"relation","osm_id":1561898,"type":"administrative","location":[-70.3980033,-23.6463741],"bbox":[-70.6286037,-25.4019573,-68.0670324,-23.0583169]}}
{"name":"Arica","other_names":{"name:ckb":"ئاریکا","old_name":"San Márcos de Arica"},"display_name":"Arica, Provincia de Arica, Región de Arica y Parinacota, Chile","address":{"city":"Arica","county":"Provincia de Arica","state":"Región de Arica y Parinacota","ISO3166-2-lvl4":"CL-AP","country":"Chile","country_code":"cl"},"population":202131,"osm_type":"node","osm_id":3444930202,"type":"city","location":[-70.3211394,-18.4785288],"bbox":[-70.4811394,-18.6385288,-70.1611394,-18.3185288],"border":{"name":"Arica","other_names":{"name:es":"Arica","name:ckb":"ئاریکا","old_name":"San Márcos de Arica"},"display_name":"Arica, Provincia de Arica, Región de Arica y Parinacota, Chile","address":{"city":"Arica","county":"Provincia de Arica","state":"Región de Arica y Parinacota","ISO3166-2-lvl4":"CL-AP","country":"Chile","country_code":"cl"},"population":202131,"osm_type":"relation","osm_id":269826,"type":"administrative","location":[-70.3211394,-18.4785288],"bbox":[-70.3778842,-18.9040283,-69.4889923,-18.0457729]}}
{"name":"Cabo de Hornos","other_names":{"name:de":"Kap Hoorn","name:en":"Cape Horn","name:es":"Cabo de Hornos","name:sk":"Hornský mys","old_name":"Navarino"},"display_name":"Cabo de Hornos, Provincia de la Antártica Chilena, Región de Magallanes y de la Antártica Chilena, Chile","address":{"city":"Cabo de Hornos","county":"Provincia de la Antártica Chilena","state":"Región de Magallanes y de la Antártica Chilena","ISO3166-2-lvl4":"CL-MA","country":"Chile","country_code":"cl"},"osm_type":"relation","osm_id":1979223,"type":"administrative","location":[-68.65892063432148,-55.17508345],"bbox":[-72.5616882,-56.5382985,-66.4159879,-54.3463015],"inferred_type":"city"}
{"name":"Calama","other_names":{"name:en":"Calama","name:ru":"Калама","name:uk":"Калама"},"display_name":"Calama, Provincia de El Loa, Región de Antofagasta, Chile","address":{"city":"Calama","county":"Provincia de El Loa","state":"Región de Antofagasta","ISO3166-2-lvl4":"CL-AN","country":"Chile","country_code":"cl"},"population":157575,"osm_type":"node","osm_id":214213958,"type":"city","location":[-68.9272181,-22.4623917],"bbox":[-69.0872181,-22.6223917,-68.7672181,-22.3023917],"border":{"name":"Calama","other_names":{"name:es":"Calama","name:en":"Calama","name:ru":"Калама","name:uk":"Калама"},"display_name":"Calama, Provincia de El Loa, Región de Antofagasta, Chile","address":{"city":"Calama","county":"Provincia de El Loa","state":"Región de Antofagasta","ISO3166-2-lvl4":"CL-AN","country":"Chile","country_code":"cl"},"population":157575,"osm_type":"relation","osm_id":1561886,"type":"administrative","location":[-68.9272181,-22.4623917],"bbox":[-69.1941303,-23.1567687,-67.9155493,-21.0650383]}}
{"name":"Canela","other_names":{"name:es":"Canela","old_name":"Mincha"},"display_name":"Canela, Provincia de Choapa, Región de Coquimbo, Chile","address":{"city":"Canela","county":"Provincia de Choapa","state":"Región de Coquimbo","ISO3166-2-lvl4":"CL-CO","country":"Chile","country_code":"cl"},"osm_type":"relation","osm_id":1591198,"type":"administrative","location":[-71.43491570348377,-31.4643996],"bbox":[-71.6472356,-31.787345,-71.0858131,-31.1414607],"inferred_type":"city"}
{"name":"Castro","other_names":{"name:ru":"Кастру"},"display_name":"Castro, Provincia de Chiloé, Región de Los Lagos, Chile","address":{"city":"Castro","county":"Provincia de Chiloé","state":"Región de Los Lagos","ISO3166-2-lvl4":"CL-LL","country":"Chile","country_code":"cl"},"population":33417,"osm_type":"node","osm_id":2972356933,"type":"city","location":[-73.7642918,-42.482375],"bbox":[-73.9242918,-42.642375,-73.6042918,-42.322375],"border":{"name":"Castro","other_names":{"name:es":"Castro","name:ru":"Кастру"},"display_name":"Castro, Provincia de Chiloé, Región de Los Lagos, Chile","address":{"city":"Castro","county":"Provincia de Chiloé","state":"Región de Los Lagos","ISO3166-2-lvl4":"CL-LL","country":"Chile","country_code":"cl"},"population":33417,"osm_type":"relation","osm_id":3076091,"type":"administrative","location":[-73.7642918,-42.482375],"bbox":[-74.1929001,-42.6905171,-73.3791796,-42.3518803]}}
{"name":"Cauquenes","display_name":"Cauquenes, Provincia de Cauquenes, Región del Maule, Chile","address":{"city":"Cauquenes","county":"Provincia de Cauquenes","state":"Región del Maule","ISO3166-2-lvl4":"CL-ML","country":"Chile","country_code":"cl"},"population":32135,"osm_type":"node","osm_id":214206410,"type":"city","location":[-72.315427,-35.9671286],"bbox":[-72.475427,-36.1271286,-72.155427,-35.8071286],"border":{"name":"Cauquenes","display_name":"Cauquenes, Provincia de Cauquenes, Región del Maule, Chile","address":{"city":"Cauquenes","county":"Provincia de Cauquenes","state":"Región del Maule","ISO3166-2-lvl4":"CL-ML","country":"Chile","country_code":"cl"},"population":32135,"osm_type":"relation","osm_id":255374,"type":"administrative","location":[-72.315427,-35.9671286],"bbox":[-72.6487953,-36.2614739,-71.9781976,-35.6739789]}}
{"name":"Chillán","other_names":{"name:ru":"Чильян"},"display_name":"Chillán, Provincia de Diguillín, Región de Ñuble, Chile","address":{"city":"Chillán","county":"Provincia de Diguillín","state":"Región de Ñuble","ISO3166-2-lvl4":"CL-NB","country":"Chile","country_code":"cl"},"population":164270,"osm_type":"node","osm_id":214189449,"type":"city","location":[-72.1033194,-36.6066616],"bbox":[-72.2633194,-36.7666616,-71.9433194,-36.4466616],"border":{"name":"Chillán","other_names":{"name:es":"Chillán","name:ru":"Чильян"},"display_name":"Chillán, Provincia de Diguillín, Región de Ñuble, Chile","address":{"city":"Chillán","county":"Provincia de Diguillín","state":"Región de Ñuble","ISO3166-2-lvl4":"CL-NB","country":"Chile","country_code":"cl"},"population":164270,"osm_type":"relation","osm_id":255340,"type":"administrative","location":[-72.1033194,-36.6066616],"bbox":[-72.4729782,-36.7504515,-71.8558675,-36.5057077]}}
{"name":"Colina","display_name":"Colina, Provincia de Chacabuco, Región Metropolitana de Santiago, Chile","address":{"city":"Colina","county":"Provincia de Chacabuco","state":"Región Metropolitana de Santiago","ISO3166-2-lvl4":"CL-RM","country":"Chile","country_code":"cl"},"population":88858,"osm_type":"node","osm_id":214209024,"type":"city","location":[-70.6749147,-33.202472],"bbox":[-70.8349147,-33.362472,-70.5149147,-33.042472],"border":{"name":"Colina","display_name":"Colina, Provincia de Chacabuco, Región Metropolitana de Santiago, Chile","address":{"city":"Colina","county":"Provincia de Chacabuco","state":"Región Metropolitana de Santiago","ISO3166-2-lvl4":"CL-RM","country":"Chile","country_code":"cl"},"population":88858,"osm_type":"relation","osm_id":164101,"type":"administrative","location":[-70.6749147,-33.202472],"bbox":[-70.7920402,-33.34253,-70.3725286,-32.9421947]}}
{"name":"Concepción","other_names":{"name:ab":"Консeпcион","name:am":"ኮንሴፕሲዮን","name:ar":"كونثبثيون","name:az":"Konsepsion","name:be":"Кансепсьён","name:bg":"Консепсион","name:el":"Κονσεπσιόν","name:eo":"Koncepciono","name:fa":"کنسپسیون، شیلی","name:he":"קונספסיון","name:hi":"कॉन्सेप्सिओन","name:hy":"Կոնսեպսիոն","name:ja":"コンセプシオン","name:ka":"კონსეფსიონი","name:ko":"콘셉시온","name:ky":"Консепсьон","name:lt":"Konsepsjonas","name:mn":"Консепшон","name:mr":"कन्सेप्सियान","name:pa":"ਕਾਂਸੇਪਸਿਉਂ","name:ru":"Консепсьон","name:sa":"कान्सेप्सियान्","name:sd":"ڪونسيپشيون، چلي","name:sr":"Консепсион","name:ta":"கன்செப்சியான்","name:th":"กอนเซปซิออน","name:tk":"Konsepsion","name:tt":"Консепсьон","name:uk":"Консепсьйон","name:ur":"کونسیپشیون","name:yi":"קאנסעפסיאן","name:ang":"Conþepþeon","name:arc":"ܩܘܢܣܦܣܝܘܢ","name:arz":"كونسبسيون","name:din":"Konsepcion","name:got":"𐌺𐌰𐌿𐌽𐍄𐍃𐌰𐌹𐍀𐍄𐍃𐌾𐍉𐌽"},"display_name":"Concepción, Provincia de Concepción, Región del Biobío, Chile","address":{"city":"Concepción","county":"Provincia de Concepción","state":"Región del Biobío","ISO3166-2-lvl4":"CL-BI","country":"Chile","country_code":"cl"},"population":217537,"osm_type":"node","osm_id":330756068,"type":"city","location":[-73.0502064,-36.8270698],"bbox":[-73.2102064,-36.9870698,-72.8902064,-36.6670698],"border":{"name":"Concepción","other_names":{"name:ab":"Консeпcион","name:am":"ኮንሴፕሲዮን","name:ar":"كونثبثيون","name:az":"Konsepsion","name:be":"Кансепсьён","name:bg":"Консепсион","name:el":"Κονσεπσιόν","name:en":"Concepcion","name:eo":"Koncepciono","name:es":"Concepción","name:fa":"کنسپسیون، شیلی","name:he":"קונספסיון","name:hi":"कॉन्सेप्सिओन","name:hy":"Կոնսեպսիոն","name:ja":"コンセプシオン","name:ka":"კონსეფსიონი","name:ko":"콘셉시온","name:ky":"Консепсьон","name:lt":"Konsepsjonas","name:mn":"Консепшон","name:mr":"कन्सेप्सियान","name:pa":"ਕਾਂਸੇਪਸਿਉਂ","name:ru":"Консепсьон","name:sa":"कान्सेप्सियान्","name:sd":"ڪونسيپشيون، چلي","name:sr":"Консепсион","name:ta":"கன்செப்சியான்","name:th":"กอนเซปซิออน","name:tk":"Konsepsion","name:tt":"Консепсьон","name:uk":"Консепсьйон","name:ur":"کونسیپشیون","name:yi":"קאנסעפסיאן","name:ang":"Conþepþeon","name:arc":"ܩܘܢܣܦܣܝܘܢ","name:arz":"كونسبسيون","name:din":"Konsepcion","name:got":"𐌺𐌰𐌿𐌽𐍄𐍃𐌰𐌹𐍀𐍄𐍃𐌾𐍉𐌽"},"display_name":"Concepción, Provincia de Concepción, Región del Biobío, Chile","address":{"city":"Concepción","county":"Provincia de Concepción","state":"Región del Biobío","ISO3166-2-lvl4":"CL-BI","country":"Chile","country_code":"cl"},"population":217537,"osm_type":"relation","osm_id":1620105,"type":"administrative","location":[-73.0502064,-36.8270698],"bbox":[-73.0915891,-36.9268099,-72.8446184,-36.7644238]}}
{"name":"Constitución","other_names":{"name:ru":"Конститусьон"},"display_name":"Constitución, Provincia de Talca, Región del Maule, Chile","address":{"city":"Constitución","county":"Provincia de Talca","state":"Región del Maule","ISO3166-2-lvl4":"CL-ML","country":"Chile","country_code":"cl"},"population":34022,"osm_type":"node","osm_id":656582484,"type":"city","location":[-72.4118998,-35.3318306],"bbox":[-72.5718998,-35.4918306,-72.2518998,-35.1718306],"border":{"name":"Constitución","other_names":{"name:es":"Constitución","name:ru":"Конститусьон"},"display_name":"Constitución, Provincia de Talca, Región del Maule, Chile","address":{"city":"Constitución","county":"Provincia de Talca","state":"Región del Maule","ISO3166-2-lvl4":"CL-ML","country":"Chile","country_code":"cl"},"population":34022,"osm_type":"relation","osm_id":296369,"type":"administrative","location":[-72.4118998,-35.3318306],"bbox":[-72.6197201,-35.5942302,-71.9957851,-35.1207089]}}
{"name":"Copiapó","other_names":{"name:en":"Copiapó","name:ru":"Копьяпо","name:uk":"Копіапо"},"display_name":"Copiapó, Provincia de Copiapó, Región de Atacama, 1530000, Chile","address":{"city":"Copiapó","county":"Provincia de Copiapó","state":"Región de Atacama","ISO3166-2-lvl4":"CL-AT","postcode":"1530000","country":"Chile","country_code":"cl"},"population":150804,"osm_type":"node","osm_id":214229792,"type":"city","location":[-70.3322753,-27.3664685],"bbox":[-70.4922753,-27.5264685,-70.1722753,-27.2064685],"border":{"name":"Copiapó","other_names":{"name:es":"Copiapó","name:en":"Copiapó","name:ru":"Копьяпо","name:uk":"Копіапо"},"display_name":"Copiapó, Provincia de Copiapó, Región de Atacama, Chile","address":{"city":"Copiapó","county":"Provincia de Copiapó","state":"Región de Atacama","ISO3166-2-lvl4":"CL-AT","country":"Chile","country_code":"cl"},"population":150804,"osm_type":"relation","osm_id":295922,"type":"administrative","location":[-70.3322753,-27.3664685],"bbox":[-71.14235,-28.183388,-68.2632053,-26.6643281]}}
{"name":"Coquimbo","other_names":{"name:ru":"Кокимбо"},"display_name":"Coquimbo, Provincia de Elqui, Región de Coquimbo, Chile","address":{"city":"Coquimbo","county":"Provincia de Elqui","state":"Región de Coquimbo","ISO3166-2-lvl4":"CL-CO","country":"Chile","country_code":"cl"},"population":204068,"osm_type":"node","osm_id":50022255,"type":"city","location":[-71.3379503,-29.9531851],"bbox":[-71.4979503,-30.1131851,-71.1779503,-29.7931851],"border":{"name":"Coquimbo","other_names":{"name:es":"Coquimbo","name:ru":"Кокимбо"},"display_name":"Coquimbo, Provincia de Elqui, Región de Coquimbo, Chile","address":{"city":"Coquimbo","county":"Provincia de Elqui","state":"Región de Coquimbo","ISO3166-2-lvl4":"CL-CO","country":"Chile","country_code":"cl"},"population":204068,"osm_type":"relation","osm_id":1588926,"type":"administrative","location":[-71.3379503,-29.9531851],"bbox":[-71.6709477,-30.5097728,-71.1100422,-29.9326236]}}
{"name":"Coronel","display_name":"Coronel, Provincia de Concepción, Región del Biobío, Chile","address":{"city":"Coronel","county":"Provincia de Concepción","state":"Región del Biobío","ISO3166-2-lvl4":"CL-BI","country":"Chile","country_code":"cl"},"population":112057,"osm_type":"node","osm_id":214215898,"type":"city","location":[-73.1561953,-37.0164712],"bbox":[-73.3161953,-37.1764712,-72.9961953,-36.8564712],"border":{"name":"Coronel","display_name":"Coronel, Provincia de Concepción, Región del Biobío, 4190000, Chile","address":{"city":"Coronel","county":"Provincia de Concepción","state":"Región del Biobío","ISO3166-2-lvl4":"CL-BI","postcode":"4190000","country":"Chile","country_code":"cl"},"population":112057,"osm_type":"relation","osm_id":1622313,"type":"administrative","location":[-73.1561953,-37.0164712],"bbox":[-73.555229,-37.1033491,-72.9513002,-36.9046844]}}
{"name":"Coyhaique","other_names":{"name:en":"Coyhaique","name:es":"Coyhaique","name:ru":"Койайке","alt_name":"Coihaique","old_name":"Baquedano"},"display_name":"Coyhaique, Provincia de Coyhaique, Región Aysén del General Carlos Ibáñez del Campo, Chile","address":{"city":"Coyhaique","county":"Provincia de Coyhaique","state":"Región Aysén del General Carlos Ibáñez del Campo","ISO3166-2-lvl4":"CL-AI","country":"Chile","country_code":"cl"},"population":49667,"osm_type":"node","osm_id":214210491,"type":"city","location":[-72.0684863,-45.5711804],"bbox":[-72.2284863,-45.7311804,-71.9084863,-45.4111804],"border":{"name":"Coyhaique","other_names":{"name:es":"Coyhaique","name:en":"Coyhaique","name:ru":"Койайке","alt_name":"Coihaique","old_name":"Baquedano"},"display_name":"Coyhaique, Provincia de Coyhaique, Región Aysén del General Carlos Ibáñez del Campo, Chile","address":{"city":"Coyhaique","county":"Provincia de Coyhaique","state":"Región Aysén del General Carlos Ibáñez del Campo","ISO3166-2-lvl4":"CL-AI","country":"Chile","country_code":"cl"},"population":63567,"osm_type":"relation","osm_id":1982302,"type":"administrative","location":[-72.0684863,-45.5711804],"bbox":[-72.9315093,-46.1397235,-71.3198465,-44.8307134]}}
{"name":"Curicó","other_names":{"name:ru":"Курико","name:uk":"Куріко"},"display_name":"Curicó, Provincia de Curicó, Región del Maule, Chile","address":{"city":"Curicó","county":"Provincia de Curicó","state":"Región del Maule","ISO3166-2-lvl4":"CL-ML","country":"Chile","country_code":"cl"},"population":125275,"osm_type":"node","osm_id":214180445,"type":"city","location":[-71.2393705,-34.985368],"bbox":[-71.3993705,-35.145368,-71.0793705,-34.825368],"border":{"name":"Curicó","other_names":{"name:es":"Curicó","name:ru":"Курико","name:uk":"Куріко"},"display_name":"Curicó, Provincia de Curicó, Región del Maule, Chile","address":{"city":"Curicó","county":"Provincia de Curicó","state":"Región del Maule","ISO3166-2-lvl4":"CL-ML","country":"Chile","country_code":"cl"},"population":125275,"osm_type":"relation","osm_id":544819,"type":"administrative","location":[-71.2393705,-34.985368],"bbox":[-71.3835919,-35.5595278,-70.367893,-34.8881267]}}
{"name":"Illapel","display_name":"Illapel, Provincia de Choapa, Región de Coquimbo, Chile","address":{"city":"Illapel","county":"Provincia de Choapa","state":"Región de Coquimbo","ISO3166-2-lvl4":"CL-CO","country":"Chile","country_code":"cl"},"population":20751,"osm_type":"node","osm_id":703306899,"type":"city","location":[-71.1683039,-31.6326932],"bbox":[-71.3283039,-31.7926932,-71.0083039,-31.4726932],"border":{"name":"Illapel","display_name":"Illapel, Provincia de Choapa, Región de Coquimbo, 1930000, Chile","address":{"city":"Illapel","county":"Provincia de Choapa","state":"Región de Coquimbo","ISO3166-2-lvl4":"CL-CO","postcode":"1930000","country":"Chile","country_code":"cl"},"population":20751,"osm_type":"relation","osm_id":1591199,"type":"administrative","location":[-71.1683039,-31.6326932],"bbox":[-71.3969278,-31.9011878,-70.527581,-31.2785467]}}
{"name":"Iquique","other_names":{"name:en":"Iquique","name:ru":"Икике","name:uk":"Ікіке"},"display_name":"Iquique, Provincia de Iquique, Región de Tarapacá, Chile","address":{"city":"Iquique","county":"Provincia de Iquique","state":"Región de Tarapacá","ISO3166-2-lvl4":"CL-TA","country":"Chile","country_code":"cl"},"population":188003,"osm_type":"node","osm_id":214203803,"type":"city","location":[-70.1524646,-20.2140657],"bbox":[-70.3124646,-20.3740657,-69.9924646,-20.0540657],"border":{"name":"Iquique","other_names":{"name:es":"Iquique","name:en":"Iquique","name:ru":"Икике","name:uk":"Ікіке"},"display_name":"Iquique, Provincia de Iquique, Región de Tarapacá, Chile","address":{"city":"Iquique","county":"Provincia de Iquique","state":"Región de Tarapacá","ISO3166-2-lvl4":"CL-TA","country":"Chile","country_code":"cl"},"population":188003,"osm_type":"relation","osm_id":239456,"type":"administrative","location":[-70.1524646,-20.2140657],"bbox":[-70.2108791,-21.4389984,-69.8188876,-20.060522]}}
{"name":"Isla de Pascua","other_names":{"name:ar":"جزيرة القيامة","name:cs":"Velikonoční ostrov","name:de":"Osterinsel","name:en":"Easter Island","name:es":"Isla de Pascua","name:fr":"Île de Pâques","name:hy":"Զատկի կղզի (նահանգ)","name:it":"Isola di Pasqua","name:ko":"이슬라데파스쿠아 현","name:pt":"Ilha de Páscoa","name:ru":"Исла-де-Паскуа","name:sk":"Veľkonočný ostrov","name:uk":"Острів Пасхи","name:ur":"جزیرہ ایسٹر","name:zh":"復活節島省","name:rap":"Rapa Nui"},"display_name":"Isla de Pascua, Provincia de Isla de Pascua, Región de Valparaíso, 2770000, Chile","address":{"city":"Isla de Pascua","county":"Provincia de Isla de Pascua","state":"Región de Valparaíso","ISO3166-2-lvl4":"CL-VS","postcode":"2770000","country":"Chile","country_code":"cl"},"osm_type":"relation","osm_id":1773341,"type":"administrative","location":[-109.3495887115113,-27.12593175],"bbox":[-109.4548678,-27.2023285,-105.3599757,-26.4700376],"inferred_type":"city"}
{"name":"La Ligua","other_names":{"name:ru":"Ла-Лигуа"},"display_name":"La Ligua, Provincia de Petorca, Región de Valparaíso, Chile","address":{"city":"La Ligua","county":"Provincia de Petorca","state":"Región de Valparaíso","ISO3166-2-lvl4":"CL-VS","country":"Chile","country_code":"cl"},"population":19127,"osm_type":"node","osm_id":214194150,"type":"city","location":[-71.2316695,-32.4496375],"bbox":[-71.3916695,-32.6096375,-71.0716695,-32.2896375],"border":{"name":"La Ligua","other_names":{"name:es":"La Ligua","name:ru":"Ла-Лигуа"},"display_name":"La Ligua, Provincia de Petorca, Región de Valparaíso, Chile","address":{"city":"La Ligua","county":"Provincia de Petorca","state":"Región de Valparaíso","ISO3166-2-lvl4":"CL-VS","country":"Chile","country_code":"cl"},"population":19127,"osm_type":"relation","osm_id":113201,"type":"administrative","location":[-71.2316695,-32.4496375],"bbox":[-71.5420566,-32.6209331,-71.0455504,-32.127327]}}
{"name":"La Serena","other_names":{"name:en":"La Serena","name:ru":"Ла-Серена","name:uk":"Ла-Серена"},"display_name":"La Serena, Provincia de Elqui, Región de Coquimbo, Chile","address":{"city":"La Serena","county":"Provincia de Elqui","state":"Región de Coquimbo","ISO3166-2-lvl4":"CL-CO","country":"Chile","country_code":"cl"},"population":195382,"osm_type":"node","osm_id":50020503,"type":"city","location":[-71.2520253,-29.902631],"bbox":[-71.4120253,-30.062631,-71.0920253,-29.742631],"border":{"name":"La Serena","other_names":{"name:es":"La Serena","name:en":"La Serena","name:ru":"Ла-Серена","name:uk":"Ла-Серена"},"display_name":"La Serena, Provincia de Elqui, Región de Coquimbo, Chile","address":{"city":"La Serena","county":"Provincia de Elqui","state":"Región de Coquimbo","ISO3166-2-lvl4":"CL-CO","country":"Chile","country_code":"cl"},"population":195382,"osm_type":"relation","osm_id":1588927,"type":"administrative","location":[-71.2520253,-29.902631],"bbox":[-71.3453838,-30.1371849,-70.6850264,-29.5297219]}}
{"name":"Lebu","other_names":{"name:ru":"Лебу"},"display_name":"Lebu, Provincia de Arauco, Región del Biobío, Chile","address":{"city":"Lebu","county":"Provincia de Arauco","state":"Región del Biobío","ISO3166-2-lvl4":"CL-BI","country":"Chile","country_code":"cl"},"population":20961,"osm_type":"node","osm_id":214233604,"type":"city","location":[-73.656055,-37.6102279],"bbox":[-73.816055,-37.7702279,-73.496055,-37.4502279],"border":{"name":"Lebu","other_names":{"name:es":"Lebu","name:ru":"Лебу"},"display_name":"Lebu, Provincia de Arauco, Región del Biobío, Chile","address":{"city":"Lebu","county":"Provincia de Arauco","state":"Región del Biobío","ISO3166-2-lvl4":"CL-BI","country":"Chile","country_code":"cl"},"population":20961,"osm_type":"relation","osm_id":1654913,"type":"administrative","location":[-73.656055,-37.6102279],"bbox":[-73.9608944,-38.4469908,-73.4188841,-37.4215502]}}
{"name":"Linares","other_names":{"name:ru":"Линарес","old_name":"Villa San Ambrosio de Linares"},"display_name":"Linares, Provincia de Linares, Región del Maule, Chile","address":{"city":"Linares","county":"Provincia de Linares","state":"Región del Maule","ISO3166-2-lvl4":"CL-ML","country":"Chile","country_code":"cl"},"population":73602,"osm_type":"node","osm_id":214211178,"type":"city","location":[-71.5977173,-35.8452905],"bbox":[-71.7577173,-36.0052905,-71.4377173,-35.6852905],"border":{"name":"Linares","other_names":{"name:es":"Linares","name:ru":"Линарес","old_name":"Villa San Ambrosio de Linares"},"display_name":"Linares, Provincia de Linares, Región del Maule, Chile","address":{"city":"Linares","county":"Provincia de Linares","state":"Región del Maule","ISO3166-2-lvl4":"CL-ML","country":"Chile","country_code":"cl"},"population":73602,"osm_type":"relation","osm_id":255309,"type":"administrative","location":[-71.5977173,-35.8452905],"bbox":[-71.7970973,-36.2259063,-71.0062783,-35.7033336]}}
{"name":"Los Andes","other_names":{"old_name":"Villa de Santa Rosa de Los Andes"},"display_name":"Los Andes, Provincia de Los Andes, Región de Valparaíso, Chile","address":{"city":"Los Andes","county":"Provincia de Los Andes","state":"Región de Valparaíso","ISO3166-2-lvl4":"CL-VS","country":"Chile","country_code":"cl"},"population":59388,"osm_type":"node","osm_id":214195569,"type":"city","location":[-70.5981609,-32.8336867],"bbox":[-70.7581609,-32.9936867,-70.4381609,-32.6736867],"border":{"name":"Los Andes","other_names":{"name:es":"Los Andes","old_name":"Villa de Santa Rosa de Los Andes"},"display_name":"Los Andes, Provincia de Los Andes, Región de Valparaíso, 2100000, Chile","address":{"city":"Los Andes","county":"Provincia de Los Andes","state":"Región de Valparaíso","ISO3166-2-lvl4":"CL-VS","postcode":"2100000","country":"Chile","country_code":"cl"},"population":59388,"osm_type":"relation","osm_id":166557,"type":"administrative","location":[-70.5981609,-32.8336867],"bbox":[-70.6589788,-33.1869218,-69.9891619,-32.7290934]}}
{"name":"Los Ángeles","other_names":{"name:en":"Los Ángeles","name:eo":"Los Anĝeleso","name:ru":"Лос-Анджелес","name:uk":"Лос-Анджелес"},"display_name":"Los Ángeles, Provincia de Bío-Bío, Región del Biobío, Chile","address":{"city":"Los Ángeles","county":"Provincia de Bío-Bío","state":"Región del Biobío","ISO3166-2-lvl4":"CL-BI","country":"Chile","country_code":"cl"},"population":143023,"osm_type":"node","osm_id":214202817,"type":"city","location":[-72.351686,-37.4707455],"bbox":[-72.511686,-37.6307455,-72.191686,-37.3107455],"border":{"name":"Los Ángeles","other_names":{"name:es":"Los Ángeles","name:en":"Los Ángeles","name:eo":"Los Anĝeleso","name:ru":"Лос-Анджелес","name:uk":"Лос-Анджелес"},"display_name":"Los Ángeles, Provincia de Bío-Bío, Región del Biobío, Chile","address":{"city":"Los Ángeles","county":"Provincia de Bío-Bío","state":"Región del Biobío","ISO3166-2-lvl4":"CL-BI","country":"Chile","country_code":"cl"},"population":143023,"osm_type":"relation","osm_id":1658515,"type":"administrative","location":[-72.351686,-37.4707455],"bbox":[-72.6836424,-37.6629358,-72.03901,-37.1785281]}}
{"name":"Melipilla","display_name":"Melipilla, Provincia de Melipilla, Región Metropolitana de Santiago, Chile","address":{"city":"Melipilla","county":"Provincia de Melipilla","state":"Región Metropolitana de Santiago","ISO3166-2-lvl4":"CL-RM","country":"Chile","country_code":"cl"},"population":72212,"osm_type":"node","osm_id":214203676,"type":"city","location":[-71.2145796,-33.6855134],"bbox":[-71.3745796,-33.8455134,-71.0545796,-33.5255134],"border":{"name":"Melipilla","display_name":"Melipilla, Provincia de Melipilla, Región Metropolitana de Santiago, Chile","address":{"city":"Melipilla","county":"Provincia de Melipilla","state":"Región Metropolitana de Santiago","ISO3166-2-lvl4":"CL-RM","country":"Chile","country_code":"cl"},"population":72212,"osm_type":"relation","osm_id":296835,"type":"administrative","location":[-71.2145796,-33.6855134],"bbox":[-71.4381158,-33.9641857,-70.9352018,-33.538822]}}
{"name":"Osorno","other_names":{"name:en":"Osorno","name:ru":"Осорно","name:uk":"Осорно"},"display_name":"Osorno, Provincia de Osorno, Región de Los Lagos, Chile","address":{"city":"Osorno","county":"Provincia de Osorno","state":"Región de Los Lagos","ISO3166-2-lvl4":"CL-LL","country":"Chile","country_code":"cl"},"population":147666,"osm_type":"node","osm_id":214200129,"type":"city","location":[-73.1358091,-40.5736955],"bbox":[-73.2958091,-40.7336955,-72.9758091,-40.4136955],"border":{"name":"Osorno","other_names":{"name:es":"Osorno","name:en":"Osorno","name:ru":"Осорно","name:uk":"Осорно"},"display_name":"Osorno, Provincia de Osorno, Región de Los Lagos, Chile","address":{"city":"Osorno","county":"Provincia de Osorno","state":"Región de Los Lagos","ISO3166-2-lvl4":"CL-LL","country":"Chile","country_code":"cl"},"population":147666,"osm_type":"relation","osm_id":1794711,"type":"administrative","location":[-73.1358091,-40.5736955],"bbox":[-73.4179825,-40.7883383,-72.7682657,-40.4194168]}}
{"name":"Ovalle","other_names":{"name:ru":"Овалье"},"display_name":"Ovalle, Provincia de Limarí, Región de Coquimbo, Chile","address":{"city":"Ovalle","county":"Provincia de Limarí","state":"Región de Coquimbo","ISO3166-2-lvl4":"CL-CO","country":"Chile","country_code":"cl"},"population":75864,"osm_type":"node","osm_id":214226485,"type":"city","location":[-71.2029894,-30.6030819],"bbox":[-71.3629894,-30.7630819,-71.0429894,-30.4430819],"border":{"name":"Ovalle","other_names":{"name:es":"Ovalle","name:ru":"Овалье"},"display_name":"Ovalle, Provincia de Limarí, Región de Coquimbo, Chile","address":{"city":"Ovalle","county":"Provincia de Limarí","state":"Región de Coquimbo","ISO3166-2-lvl4":"CL-CO","country":"Chile","country_code":"cl"},"population":75864,"osm_type":"relation","osm_id":1590028,"type":"administrative","location":[-71.2029894,-30.6030819],"bbox":[-71.7156279,-31.2165015,-70.8530295,-30.3104674]}}
{"name":"Puente Alto","other_names":{"name:en":"Puente Alto"},"display_name":"Puente Alto, Provincia de Cordillera, Región Metropolitana de Santiago, 8150000, Chile","address":{"city":"Puente Alto","county":"Provincia de Cordillera","state":"Región Metropolitana de Santiago","ISO3166-2-lvl4":"CL-RM","postcode":"8150000","country":"Chile","country_code":"cl"},"population":667904,"osm_type":"node","osm_id":214217235,"type":"city","location":[-70.5754736,-33.6095279],"bbox":[-70.7354736,-33.7695279,-70.4154736,-33.4495279],"border":{"name":"Puente Alto","other_names":{"name:en":"Puente Alto","name:es":"Puente Alto"},"display_name":"Puente Alto, Provincia de Cordillera, Región Metropolitana de Santiago, Chile","address":{"city":"Puente Alto","county":"Provincia de Cordillera","state":"Región Metropolitana de Santiago","ISO3166-2-lvl4":"CL-RM","country":"Chile","country_code":"cl"},"population":667904,"osm_type":"relation","osm_id":166571,"type":"administrative","location":[-70.5754736,-33.6095279],"bbox":[-70.6313258,-33.6433849,-70.4858251,-33.5427605]}}
{"name":"Puerto Aysén","other_names":{"name:es":"Puerto Aysén","name:ru":"Пуэрто-Айсен"},"display_name":"Puerto Aysén, Aysén, Provincia de Aysén, Región Aysén del General Carlos Ibáñez del Campo, 6000186, Chile","address":{"city":"Puerto Aysén","county":"Provincia de Aysén","state":"Región Aysén del General Carlos Ibáñez del Campo","ISO3166-2-lvl4":"CL-AI","postcode":"6000186","country":"Chile","country_code":"cl"},"population":17441,"osm_type":"node","osm_id":214215842,"type":"city","location":[-72.6976787,-45.4068167],"bbox":[-72.8576787,-45.5668167,-72.5376787,-45.2468167]}
{"name":"Puerto Montt","other_names":{"name:en":"Puerto Montt","name:ru":"Пуэрто-Монт","name:uk":"Пуерто-Монтт"},"display_name":"Puerto Montt, Provincia de Llanquihue, Región de Los Lagos, Chile","address":{"city":"Puerto Montt","county":"Provincia de Llanquihue","state":"Región de Los Lagos","ISO3166-2-lvl4":"CL-LL","country":"Chile","country_code":"cl"},"population":169736,"osm_type":"node","osm_id":84466877,"type":"city","location":[-72.9395915,-41.471798],"bbox":[-73.0995915,-41.631798,-72.7795915,-41.311798],"border":{"name":"Puerto Montt","other_names":{"name:es":"Puerto Montt","name:en":"Puerto Montt","name:ru":"Пуэрто-Монт","name:uk":"Пуерто-Монтт"},"display_name":"Puerto Montt, Provincia de Llanquihue, Región de Los Lagos, Chile","address":{"city":"Puerto Montt","county":"Provincia de Llanquihue","state":"Región de Los Lagos","ISO3166-2-lvl4":"CL-LL","country":"Chile","country_code":"cl"},"population":169736,"osm_type":"relation","osm_id":1798806,"type":"administrative","location":[-72.9395915,-41.471798],"bbox":[-73.3407408,-41.7128191,-72.3742285,-41.3298025]}}
{"name":"Puerto Natales","other_names":{"name:en":"Puerto Natales","name:es":"Puerto Natales","name:ko":"푸에르토나탈레스","name:ru":"Пуэрто-Наталес"},"display_name":"Puerto Natales, Provincia de Última Esperanza, Región de Magallanes y de la Antártica Chilena, 6160000, Chile","address":{"city":"Puerto Natales","county":"Provincia de Última Esperanza","state":"Región de Magallanes y de la Antártica Chilena","ISO3166-2-lvl4":"CL-MA","postcode":"6160000","country":"Chile","country_code":"cl"},"population":19023,"osm_type":"node","osm_id":3736621516,"type":"city","location":[-72.5059982,-51.7262003],"bbox":[-72.6659982,-51.8862003,-72.3459982,-51.5662003]}
{"name":"Punta Arenas","other_names":{"name:en":"Punta Arenas","name:ru":"Пунта-Аренас","name:uk":"Пунта-Аренас"},"display_name":"Punta Arenas, Provincia de Magallanes, Región de Magallanes y de la Antártica Chilena, Chile","address":{"city":"Punta Arenas","county":"Provincia de Magallanes","state":"Región de Magallanes y de la Antártica Chilena","ISO3166-2-lvl4":"CL-MA","country":"Chile","country_code":"cl"},"population":123403,"osm_type":"node","osm_id":181356942,"type":"city","location":[-70.907822,-53.1625688],"bbox":[-71.067822,-53.3225688,-70.747822,-53.0025688],"border":{"name":"Punta Arenas","other_names":{"name:es":"Punta Arenas","name:en":"Punta Arenas","name:ru":"Пунта-Аренас","name:uk":"Пунта-Аренас"},"display_name":"Punta Arenas, Provincia de Magallanes, Región de Magallanes y de la Antártica Chilena, Chile","address":{"city":"Punta Arenas","county":"Provincia de Magallanes","state":"Región de Magallanes y de la Antártica Chilena","ISO3166-2-lvl4":"CL-MA","country":"Chile","country_code":"cl"},"population":123403,"osm_type":"relation","osm_id":1979467,"type":"administrative","location":[-70.907822,-53.1625688],"bbox":[-74.7740489,-54.6592383,-70.1469755,-52.6154963]}}
{"name":"Quillota","other_names":{"name:ru":"Кильота"},"display_name":"Quillota, Provincia de Quillota, Región de Valparaíso, Chile","address":{"city":"Quillota","county":"Provincia de Quillota","state":"Región de Valparaíso","ISO3166-2-lvl4":"CL-VS","country":"Chile","country_code":"cl"},"population":73261,"osm_type":"node","osm_id":214203217,"type":"city","location":[-71.2473555,-32.879997],"bbox":[-71.4073555,-33.039997,-71.0873555,-32.719997],"border":{"name":"Quillota","other_names":{"name:es":"Quillota","name:ru":"Кильота"},"display_name":"Quillota, Provincia de Quillota, Región de Valparaíso, 2260000, Chile","address":{"city":"Quillota","county":"Provincia de Quillota","state":"Región de Valparaíso","ISO3166-2-lvl4":"CL-VS","postcode":"2260000","country":"Chile","country_code":"cl"},"population":73261,"osm_type":"relation","osm_id":113196,"type":"administrative","location":[-71.2473555,-32.879997],"bbox":[-71.4525538,-32.9734686,-71.1198428,-32.8300714]}}
{"name":"Quilpué","display_name":"Quilpué, Provincia de Marga Marga, Región de Valparaíso, Chile","address":{"city":"Quilpué","county":"Provincia de Marga Marga","state":"Región de Valparaíso","ISO3166-2-lvl4":"CL-VS","country":"Chile","country_code":"cl"},"population":147991,"osm_type":"node","osm_id":214217708,"type":"city","location":[-71.4415282,-33.0498135],"bbox":[-71.6015282,-33.2098135,-71.2815282,-32.8898135],"border":{"name":"Quilpué","display_name":"Quilpué, Provincia de Marga Marga, Región de Valparaíso, Chile","address":{"city":"Quilpué","county":"Provincia de Marga Marga","state":"Región de Valparaíso","ISO3166-2-lvl4":"CL-VS","country":"Chile","country_code":"cl"},"population":147991,"osm_type":"relation","osm_id":110807,"type":"administrative","location":[-71.4415282,-33.0498135],"bbox":[-71.4939299,-33.2465302,-70.9923466,-33.0003926]}}
{"name":"Rancagua","other_names":{"name:ru":"Ранкагуа"},"display_name":"Rancagua, Provincia de Cachapoal, Región del Libertador General Bernardo O'Higgins, Chile","address":{"city":"Rancagua","county":"Provincia de Cachapoal","state":"Región del Libertador General Bernardo O'Higgins","ISO3166-2-lvl4":"CL-LI","country":"Chile","country_code":"cl"},"population":231370,"osm_type":"node","osm_id":214204892,"type":"city","location":[-70.740718,-34.1702433],"bbox":[-70.900718,-34.3302433,-70.580718,-34.0102433],"border":{"name":"Rancagua","other_names":{"name:es":"Rancagua","name:ru":"Ранкагуа"},"display_name":"Rancagua, Provincia de Cachapoal, Región del Libertador General Bernardo O'Higgins, Chile","address":{"city":"Rancagua","county":"Provincia de Cachapoal","state":"Región del Libertador General Bernardo O'Higgins","ISO3166-2-lvl4":"CL-LI","country":"Chile","country_code":"cl"},"population":231370,"osm_type":"relation","osm_id":1662436,"type":"administrative","location":[-70.740718,-34.1702433],"bbox":[-70.9411671,-34.2136351,-70.676787,-34.028556]}}
{"name":"Rengo","other_names":{"old_name":"Aldea de Río Clarillo"},"display_name":"Rengo, Provincia de Cachapoal, Región del Libertador General Bernardo O'Higgins, Chile","address":{"city":"Rengo","county":"Provincia de Cachapoal","state":"Región del Libertador General Bernardo O'Higgins","ISO3166-2-lvl4":"CL-LI","country":"Chile","country_code":"cl"},"population":37721,"osm_type":"node","osm_id":214194368,"type":"city","location":[-70.8616583,-34.4088744],"bbox":[-71.0216583,-34.5688744,-70.7016583,-34.2488744],"border":{"name":"Rengo","other_names":{"name:es":"Rengo","old_name":"Aldea de Río Clarillo"},"display_name":"Rengo, Provincia de Cachapoal, Región del Libertador General Bernardo O'Higgins, Chile","address":{"city":"Rengo","county":"Provincia de Cachapoal","state":"Región del Libertador General Bernardo O'Higgins","ISO3166-2-lvl4":"CL-LI","country":"Chile","country_code":"cl"},"population":37721,"osm_type":"relation","osm_id":1665334,"type":"administrative","location":[-70.8616583,-34.4088744],"bbox":[-70.9595561,-34.608697,-70.4680046,-34.279186]}}
{"name":"San Antonio","other_names":{"name:ru":"Сан-Антонио"},"display_name":"San Antonio, Provincia de San Antonio, Región de Valparaíso, Chile","address":{"city":"San Antonio","county":"Provincia de San Antonio","state":"Región de Valparaíso","ISO3166-2-lvl4":"CL-VS","country":"Chile","country_code":"cl"},"population":86239,"osm_type":"node","osm_id":2430625428,"type":"city","location":[-71.6132377,-33.5808615],"bbox":[-71.7732377,-33.7408615,-71.4532377,-33.4208615],"border":{"name":"San Antonio","other_names":{"name:es":"San Antonio","name:ru":"Сан-Антонио"},"display_name":"San Antonio, Provincia de San Antonio, Región de Valparaíso, Chile","address":{"city":"San Antonio","county":"Provincia de San Antonio","state":"Región de Valparaíso","ISO3166-2-lvl4":"CL-VS","country":"Chile","country_code":"cl"},"population":86239,"osm_type":"relation","osm_id":296816,"type":"administrative","location":[-71.6132377,-33.5808615],"bbox":[-71.6302116,-33.7880182,-71.3290346,-33.5517292]}}
{"name":"San Felipe","other_names":{"name:ru":"Сан-Филипе","old_name":"Villa de San Felipe el Real","official_name":"San Felipe de Aconcagua"},"display_name":"San Felipe, Provincia de San Felipe de Aconcagua, Región de Valparaíso, Chile","address":{"city":"San Felipe","county":"Provincia de San Felipe de Aconcagua","state":"Región de Valparaíso","ISO3166-2-lvl4":"CL-VS","country":"Chile","country_code":"cl"},"population":64120,"osm_type":"node","osm_id":214190118,"type":"city","location":[-70.7252688,-32.750687],"bbox":[-70.8852688,-32.910687,-70.5652688,-32.590687],"border":{"name":"San Felipe","other_names":{"name:es":"San Felipe","name:ru":"Сан-Филипе","old_name":"Villa de San Felipe el Real","official_name":"San Felipe de Aconcagua"},"display_name":"San Felipe, Provincia de San Felipe de Aconcagua, Región de Valparaíso, Chile","address":{"city":"San Felipe","county":"Provincia de San Felipe de Aconcagua","state":"Región de Valparaíso","ISO3166-2-lvl4":"CL-VS","country":"Chile","country_code":"cl"},"population":64120,"osm_type":"relation","osm_id":176528,"type":"administrative","location":[-70.7252688,-32.750687],"bbox":[-70.8706723,-32.8252783,-70.6347063,-32.6453642]}}
{"name":"San Fernando","display_name":"San Fernando, Provincia de Colchagua, Región del Libertador General Bernardo O'Higgins, Chile","address":{"city":"San Fernando","county":"Provincia de Colchagua","state":"Región del Libertador General Bernardo O'Higgins","ISO3166-2-lvl4":"CL-LI","country":"Chile","country_code":"cl"},"population":58367,"osm_type":"node","osm_id":214204398,"type":"city","location":[-70.989122,-34.583791],"bbox":[-71.149122,-34.743791,-70.829122,-34.423791],"border":{"name":"San Fernando","display_name":"San Fernando, Provincia de Colchagua, Región del Libertador General Bernardo O'Higgins, Chile","address":{"city":"San Fernando","county":"Provincia de Colchagua","state":"Región del Libertador General Bernardo O'Higgins","ISO3166-2-lvl4":"CL-LI","country":"Chile","country_code":"cl"},"population":58367,"osm_type":"relation","osm_id":1675972,"type":"administrative","location":[-70.989122,-34.583791],"bbox":[-71.0472964,-35.0059157,-70.248186,-34.4774986]}}
{"name":"San Pedro de la Paz","display_name":"San Pedro de la Paz, Provincia de Concepción, Región del Biobío, Chile","address":{"city":"San Pedro de la Paz","county":"Provincia de Concepción","state":"Región del Biobío","ISO3166-2-lvl4":"CL-BI","country":"Chile","country_code":"cl"},"population":131521,"osm_type":"node","osm_id":1825646130,"type":"city","location":[-73.1039909,-36.8414183],"bbox":[-73.2639909,-37.0014183,-72.9439909,-36.6814183],"border":{"name":"San Pedro de la Paz","display_name":"San Pedro de la Paz, Provincia de Concepción, Región del Biobío, Chile","address":{"city":"San Pedro de la Paz","county":"Provincia de Concepción","state":"Región del Biobío","ISO3166-2-lvl4":"CL-BI","country":"Chile","country_code":"cl"},"population":131521,"osm_type":"relation","osm_id":1622326,"type":"administrative","location":[-73.1039909,-36.8414183],"bbox":[-73.1699953,-36.9750603,-73.032496,-36.8132359]}}
{"name":"Santiago","other_names":{"name:ab":"Сантиаго","name:am":"ሳንቲያጎ","name:ar":"سانتياغو","name:az":"Santyaqo","name:be":"Сант'яга","name:bg":"Сантяго","name:bn":"সান্তিয়াগো, চিলি","name:bo":"སཱན་ཏི་ཡ་གོ","name:ca":"Santiago de Xile","name:da":"Santiago de Chile","name:de":"Santiago","name:el":"Σαντιάγο","name:en":"Santiago","name:es":"Santiago","name:fa":"سانتیاگو","name:fr":"Santiago","name:he":"סנטיאגו דה צ'ילה","name:hi":"सेण्टियागो","name:hr":"Santiago","name:ht":"Santyago","name:hu":"Santiago de Chile","name:hy":"Սանտյագո","name:is":"Santíagó","name:ja":"サンティアゴ","name:ka":"სანტიაგო","name:kn":"ಸ್ಯಾಂಟಿಯಾಗೊ","name:ko":"산티아고","name:la":"Sanctiacobi","name:lt":"Santjagas","name:lv":"Santjago","name:mk":"Сантјаго","name:ml":"സാന്റിയാഗൊ","name:mn":"Сантъяго","name:mr":"सान्तियागो, चिली","name:my":"ဆန်တီယာဂိုမြို့","name:oc":"Santiago","name:os":"Сантьяго","name:pl":"Santiago","name:ru":"Сантьяго","name:sk":"Santiago","name:sl":"Santiago","name:sr":"Сантијаго де Чиле","name:sv":"Santiago","name:ta":"சான் டியேகோ","name:th":"ซานเตียโก","name:ug":"Santiyago","name:uk":"Сантьяго","name:ur":"سینٹیاگو","name:uz":"Santiyago","name:wa":"Santiago do Tchili","name:yi":"סאנטיאגא","name:zh":"聖地亞哥/圣地亚哥","name:ace":"Santiagô","name:ang":"Santiago","name:ast":"Santiago de Chile","name:ckb":"سانتیاگۆ","name:ltg":"Santjago","name:mzn":"سانتیاگو","name:pih":"Santi-ago","name:pnb":"سانتیاگو","name:scn":"Santiagu dû Cili","name:tet":"Santiagu","name:vep":"Santjago","name:vls":"Santiago","name:wuu":"圣地牙哥","name:yue":"聖地亞哥","old_name":"Santiago de Nueva Extremadura","short_name":"Stgo","name:bat-smg":"Santjags","name:zh-Hans":"圣地亚哥","official_name":"Santiago de Chile","name:be-tarask":"Сант’яга-дэ-Чылі","name:zh-Hant-CN":"聖地亞哥","name:zh-Hant-HK":"聖地牙哥","name:zh-Hant-TW":"聖地牙哥"},"display_name":"Santiago, Provincia de Santiago, Región Metropolitana de Santiago, 8320000, Chile","address":{"city":"Santiago","county":"Provincia de Santiago","state":"Región Metropolitana de Santiago","ISO3166-2-lvl4":"CL-RM","postcode":"8320000","country":"Chile","country_code":"cl"},"population":6139087,"osm_type":"node","osm_id":50016356,"type":"city","location":[-70.6504502,-33.4377756],"bbox":[-70.8104502,-33.5977756,-70.4904502,-33.2777756],"border":{"name":"Santiago","other_names":{"name:en":"Santiago","name:es":"Santiago","name:sk":"Santiago","name:ab":"Сантиаго","name:am":"ሳንቲያጎ","name:ar":"سانتياغو","name:az":"Santyaqo","name:be":"Сант'яга","name:bg":"Сантяго","name:bn":"সান্তিয়াগো, চিলি","name:bo":"སཱན་ཏི་ཡ་གོ","name:ca":"Santiago de Xile","name:da":"Santiago de Chile","name:de":"Santiago","name:el":"Σαντιάγο","name:fa":"سانتیاگو","name:fr":"Santiago","name:he":"סנטיאגו דה צ'ילה","name:hi":"सेण्टियागो","name:hr":"Santiago","name:ht":"Santyago","name:hu":"Santiago de Chile","name:hy":"Սանտյագո","name:is":"Santíagó","name:ja":"サンティアゴ","name:ka":"სანტიაგო","name:kn":"ಸ್ಯಾಂಟಿಯಾಗೊ","name:ko":"산티아고","name:la":"Sanctiacobi","name:lt":"Santjagas","name:lv":"Santjago","name:mk":"Сантјаго","name:ml":"സാന്റിയാഗൊ","name:mn":"Сантъяго","name:mr":"सान्तियागो, चिली","name:my":"ဆန်တီယာဂိုမြို့","name:oc":"Santiago","name:os":"Сантьяго","name:pl":"Santiago","name:ru":"Сантьяго","name:sl":"Santiago","name:sr":"Сантијаго де Чиле","name:sv":"Santiago","name:ta":"சான் டியேகோ","name:th":"ซานเตียโก","name:ug":"Santiyago","name:uk":"Сантьяго","name:ur":"سینٹیاگو","name:uz":"Santiyago","name:wa":"Santiago do Tchili","name:yi":"סאנטיאגא","name:zh":"聖地亞哥/圣地亚哥","name:ace":"Santiagô","name:ang":"Santiago","name:ast":"Santiago de Chile","name:ckb":"سانتیاگۆ","name:ltg":"Santjago","name:mzn":"سانتیاگو","name:pih":"Santi-ago","name:pnb":"سانتیاگو","name:scn":"Santiagu dû Cili","name:tet":"Santiagu","name:vep":"Santjago","name:vls":"Santiago","name:wuu":"圣地牙哥","name:yue":"聖地亞哥","old_name":"Santiago de Nueva Extremadura","short_name":"Stgo","name:bat-smg":"Santjags","name:zh-Hans":"圣地亚哥","official_name":"Santiago de Chile","name:be-tarask":"Сант’яга-дэ-Чылі","name:zh-Hant-CN":"聖地亞哥","name:zh-Hant-HK":"聖地牙哥","name:zh-Hant-TW":"聖地牙哥"},"display_name":"Santiago, Provincia de Santiago, Región Metropolitana de Santiago, Chile","address":{"city":"Santiago","county":"Provincia de Santiago","state":"Región Metropolitana de Santiago","ISO3166-2-lvl4":"CL-RM","country":"Chile","country_code":"cl"},"population":6139087,"osm_type":"relation","osm_id":164609,"type":"administrative","location":[-70.6504502,-33.4377756],"bbox":[-70.6920527,-33.4785698,-70.6249963,-33.425591]}}
{"name":"Talca","other_names":{"name:en":"Talca","name:ru":"Талька","name:uk":"Талька"},"display_name":"Talca, Provincia de Talca, Región del Maule, Chile","address":{"city":"Talca","county":"Provincia de Talca","state":"Región del Maule","ISO3166-2-lvl4":"CL-ML","country":"Chile","country_code":"cl"},"population":206069,"osm_type":"node","osm_id":50028181,"type":"city","location":[-71.6660322,-35.4265343],"bbox":[-71.8260322,-35.5865343,-71.5060322,-35.2665343],"border":{"name":"Talca","other_names":{"name:es":"Talca","name:en":"Talca","name:ru":"Талька","name:uk":"Талька"},"display_name":"Talca, Provincia de Talca, Región del Maule, Chile","address":{"city":"Talca","county":"Provincia de Talca","state":"Región del Maule","ISO3166-2-lvl4":"CL-ML","country":"Chile","country_code":"cl"},"population":206069,"osm_type":"relation","osm_id":541797,"type":"administrative","location":[-71.6660322,-35.4265343],"bbox":[-71.7213757,-35.5311065,-71.492511,-35.3115678]}}
{"name":"Talcahuano","other_names":{"name:lt":"Talkahuanas","name:ru":"Талькауано","name:uk":"Талькауано"},"display_name":"Talcahuano, Provincia de Concepción, Región del Biobío, Chile","address":{"city":"Talcahuano","county":"Provincia de Concepción","state":"Región del Biobío","ISO3166-2-lvl4":"CL-BI","country":"Chile","country_code":"cl"},"population":147831,"osm_type":"node","osm_id":1888417070,"type":"city","location":[-73.1141087,-36.7144863],"bbox":[-73.2741087,-36.8744863,-72.9541087,-36.5544863],"border":{"name":"Talcahuano","other_names":{"name:es":"Talcahuano","name:lt":"Talkahuanas","name:ru":"Талькауано","name:uk":"Талькауано"},"display_name":"Talcahuano, Provincia de Concepción, Región del Biobío, Chile","address":{"city":"Talcahuano","county":"Provincia de Concepción","state":"Región del Biobío","ISO3166-2-lvl4":"CL-BI","country":"Chile","country_code":"cl"},"population":147831,"osm_type":"relation","osm_id":1614638,"type":"administrative","location":[-73.1141087,-36.7144863],"bbox":[-73.1656442,-36.7955348,-73.0156812,-36.6019384]}}
{"name":"Temuco","other_names":{"name:ar":"تيموكو","name:en":"Temuco","name:ru":"Темуко","name:uk":"Темуко"},"display_name":"Temuco, Provincia de Cautín, Región de la Araucanía, Chile","address":{"city":"Temuco","county":"Provincia de Cautín","state":"Región de la Araucanía","ISO3166-2-lvl4":"CL-AR","country":"Chile","country_code":"cl"},"population":235509,"osm_type":"node","osm_id":1515015048,"type":"city","location":[-72.590538,-38.7358908],"bbox":[-72.750538,-38.8958908,-72.430538,-38.5758908],"border":{"name":"Temuco","other_names":{"name:ar":"تيموكو","name:es":"Temuco","name:en":"Temuco","name:ru":"Темуко","name:uk":"Темуко"},"display_name":"Temuco, Provincia de Cautín, Región de la Araucanía, Chile","address":{"city":"Temuco","county":"Provincia de Cautín","state":"Región de la Araucanía","ISO3166-2-lvl4":"CL-AR","country":"Chile","country_code":"cl"},"population":235509,"osm_type":"relation","osm_id":1767300,"type":"administrative","location":[-72.590538,-38.7358908],"bbox":[-72.8247432,-38.7819719,-72.4696463,-38.5493226]}}
{"name":"Tocopilla","other_names":{"name:ru":"Токопилья"},"display_name":"Tocopilla, Provincia de Tocopilla, Región de Antofagasta, Chile","address":{"city":"Tocopilla","county":"Provincia de Tocopilla","state":"Región de Antofagasta","ISO3166-2-lvl4":"CL-AN","country":"Chile","country_code":"cl"},"population":24521,"osm_type":"node","osm_id":214207175,"type":"city","location":[-70.1960657,-22.0887189],"bbox":[-70.3560657,-22.2487189,-70.0360657,-21.9287189],"border":{"name":"Tocopilla","other_names":{"name:es":"Tocopilla","name:ru":"Токопилья"},"display_name":"Tocopilla, Provincia de Tocopilla, Región de Antofagasta, Chile","address":{"city":"Tocopilla","county":"Provincia de Tocopilla","state":"Región de Antofagasta","ISO3166-2-lvl4":"CL-AN","country":"Chile","country_code":"cl"},"population":24521,"osm_type":"relation","osm_id":1562080,"type":"administrative","location":[-70.1960657,-22.0887189],"bbox":[-70.2849841,-22.636893,-69.7417924,-21.4229694]}}
{"name":"Torres del Paine","other_names":{"name:es":"Torres del Paine"},"display_name":"Torres del Paine, Provincia de Última Esperanza, Región de Magallanes y de la Antártica Chilena, 6170000, Chile","address":{"city":"Torres del Paine","county":"Provincia de Última Esperanza","state":"Región de Magallanes y de la Antártica Chilena","ISO3166-2-lvl4":"CL-MA","postcode":"6170000","country":"Chile","country_code":"cl"},"osm_type":"relation","osm_id":1980641,"type":"administrative","location":[-72.92544510768933,-51.08272495],"bbox":[-73.4688378,-51.5637467,-72.2459819,-50.6016846],"inferred_type":"city"}
{"name":"Valdivia","other_names":{"name:en":"Valdivia","name:ru":"Вальдивия","name:uk":"Вальдівія","name:zh-Hans":"瓦尔迪维亚","name:zh-Hant":"瓦爾迪維亞"},"display_name":"Valdivia, Provincia de Valdivia, Región de Los Ríos, Chile","address":{"city":"Valdivia","county":"Provincia de Valdivia","state":"Región de Los Ríos","ISO3166-2-lvl4":"CL-LR","country":"Chile","country_code":"cl"},"population":150048,"osm_type":"node","osm_id":3956170554,"type":"city","location":[-73.2459859,-39.8141262],"bbox":[-73.4059859,-39.9741262,-73.0859859,-39.6541262],"border":{"name":"Valdivia","other_names":{"name:es":"Valdivia","name:en":"Valdivia","name:ru":"Вальдивия","name:uk":"Вальдівія","name:zh-Hans":"瓦尔迪维亚","name:zh-Hant":"瓦爾迪維亞"},"display_name":"Valdivia, Provincia de Valdivia, Región de Los Ríos, Chile","address":{"city":"Valdivia","county":"Provincia de Valdivia","state":"Región de Los Ríos","ISO3166-2-lvl4":"CL-LR","country":"Chile","country_code":"cl"},"population":150048,"osm_type":"relation","osm_id":1785691,"type":"administrative","location":[-73.2459859,-39.8141262],"bbox":[-73.4139412,-40.0320178,-72.9208535,-39.6370796]}}
{"name":"Vallenar","other_names":{"name:ru":"Вальенар","old_name":"San Ambrosio de Ballenary"},"display_name":"Vallenar, Provincia de Huasco, Región de Atacama, Chile","address":{"city":"Vallenar","county":"Provincia de Huasco","state":"Región de Atacama","ISO3166-2-lvl4":"CL-AT","country":"Chile","country_code":"cl"},"population":45298,"osm_type":"node","osm_id":214224795,"type":"city","location":[-70.7616398,-28.5750438],"bbox":[-70.9216398,-28.7350438,-70.6016398,-28.4150438],"border":{"name":"Vallenar","other_names":{"name:es":"Vallenar","name:ru":"Вальенар","old_name":"San Ambrosio de Ballenary"},"display_name":"Vallenar, Provincia de Huasco, Región de Atacama, Chile","address":{"city":"Vallenar","county":"Provincia de Huasco","state":"Región de Atacama","ISO3166-2-lvl4":"CL-AT","country":"Chile","country_code":"cl"},"population":45298,"osm_type":"relation","osm_id":1572107,"type":"administrative","location":[-70.7616398,-28.5750438],"bbox":[-71.1997134,-29.3560379,-70.0034696,-28.0098642]}}
{"name":"Valparaíso","other_names":{"name:ru":"Вальпараисо"},"display_name":"Valparaíso, Provincia de Valparaíso, Región de Valparaíso, Chile","address":{"city":"Valparaíso","county":"Provincia de Valparaíso","state":"Región de Valparaíso","ISO3166-2-lvl4":"CL-VS","country":"Chile","country_code":"cl"},"population":251177,"osm_type":"node","osm_id":3298545361,"type":"city","location":[-71.6196749,-33.0458456],"bbox":[-71.7796749,-33.2058456,-71.4596749,-32.8858456],"border":{"name":"Valparaíso","other_names":{"name:es":"Valparaíso","name:ru":"Вальпараисо"},"display_name":"Valparaíso, Provincia de Valparaíso, Región de Valparaíso, Chile","address":{"city":"Valparaíso","county":"Provincia de Valparaíso","state":"Región de Valparaíso","ISO3166-2-lvl4":"CL-VS","country":"Chile","country_code":"cl"},"population":251177,"osm_type":"relation","osm_id":110808,"type":"administrative","location":[-71.6196749,-33.0458456],"bbox":[-80.1215134,-33.2129142,-71.3832191,-26.2733307]}}
{"name":"Villa Alemana","other_names":{"name:es":"Villa Alemana"},"display_name":"Villa Alemana, Provincia de Marga Marga, Región de Valparaíso, Chile","address":{"city":"Villa Alemana","county":"Provincia de Marga Marga","state":"Región de Valparaíso","ISO3166-2-lvl4":"CL-VS","country":"Chile","country_code":"cl"},"population":125140,"osm_type":"node","osm_id":214215141,"type":"city","location":[-71.3725464,-33.0441903],"bbox":[-71.5325464,-33.2041903,-71.2125464,-32.8841903],"border":{"name":"Villa Alemana","other_names":{"name:es":"Villa Alemana"},"display_name":"Villa Alemana, Provincia de Marga Marga, Región de Valparaíso, Chile","address":{"city":"Villa Alemana","county":"Provincia de Marga Marga","state":"Región de Valparaíso","ISO3166-2-lvl4":"CL-VS","country":"Chile","country_code":"cl"},"population":125140,"osm_type":"relation","osm_id":112799,"type":"administrative","location":[-71.3725464,-33.0441903],"bbox":[-71.400574,-33.1213204,-71.2570372,-33.0111485]}}
{"name":"Viña del Mar","other_names":{"name:ar":"فينيا ديل مار","name:ru":"Винья-дель-Мар","alt_name:ar":"فينا دل مار"},"display_name":"Viña del Mar, Provincia de Valparaíso, Región de Valparaíso, Chile","address":{"city":"Viña del Mar","county":"Provincia de Valparaíso","state":"Región de Valparaíso","ISO3166-2-lvl4":"CL-VS","country":"Chile","country_code":"cl"},"population":332875,"osm_type":"node","osm_id":50026147,"type":"city","location":[-71.5517636,-33.0244535],"bbox":[-71.7117636,-33.1844535,-71.3917636,-32.8644535],"border":{"name":"Viña del Mar","other_names":{"name:ar":"فينيا ديل مار","name:es":"Viña del Mar","alt_name:ar":"فينا دل مار","name:ru":"Винья-дель-Мар"},"display_name":"Viña del Mar, Provincia de Valparaíso, Región de Valparaíso, Chile","address":{"city":"Viña del Mar","county":"Provincia de Valparaíso","state":"Región de Valparaíso","ISO3166-2-lvl4":"CL-VS","country":"Chile","country_code":"cl"},"population":332875,"osm_type":"relation","osm_id":110804,"type":"administrative","location":[-71.5517636,-33.0244535],"bbox":[-71.5870644,-33.1042507,-71.4426332,-32.9452779]}}
