{"name":"'Esia","display_name":"'Esia, Vahe Niuafo'ou, Ongo Niua, Tonga","address":{"village":"'Esia","state_district":"Vahe Niuafo'ou","state":"Ongo Niua","ISO3166-2-lvl4":"TO-03","country":"Tonga","country_code":"to"},"population":137,"osm_type":"node","osm_id":3329701495,"type":"village","location":[-175.6387698,-15.5740081],"bbox":[-175.6587698,-15.5940081,-175.6187698,-15.5540081]}
{"name":"'O'ua","display_name":"'O'ua, Vahe Lulunga, Haʻapai, Tonga","address":{"village":"'O'ua","state_district":"Vahe Lulunga","state":"Haʻapai","ISO3166-2-lvl4":"TO-02","country":"Tonga","country_code":"to"},"population":144,"osm_type":"way","osm_id":304639972,"type":"village","location":[-174.68361106885231,-20.0386866],"bbox":[-174.6857518,-20.0400886,-174.6811369,-20.0374114]}
{"name":"'Uiha","display_name":"'Uiha, Vahe 'Uiha, Haʻapai, Tonga","address":{"village":"'Uiha","state_district":"Vahe 'Uiha","state":"Haʻapai","ISO3166-2-lvl4":"TO-02","country":"Tonga","country_code":"to"},"population":415,"osm_type":"node","osm_id":3390663834,"type":"village","location":[-174.4075596,-19.8912294],"bbox":[-174.4275596,-19.9112294,-174.3875596,-19.8712294]}
{"name":"'Utui","display_name":"'Utui, Vahe Neiafu, Vavaʻu, Tonga","address":{"village":"'Utui","state_district":"Vahe Neiafu","state":"Vavaʻu","ISO3166-2-lvl4":"TO-05","country":"Tonga","country_code":"to"},"population":302,"osm_type":"node","osm_id":2611844810,"type":"village","location":[-173.9569417,-18.6394662],"bbox":[-173.9769417,-18.6594662,-173.9369417,-18.6194662]}
{"name":"'Utulau","display_name":"'Utulau, Vahe Nukunuku, Tongatapu, Tonga","address":{"village":"'Utulau","state_district":"Vahe Nukunuku","state":"Tongatapu","ISO3166-2-lvl4":"TO-04","country":"Tonga","country_code":"to"},"population":680,"osm_type":"node","osm_id":1802086094,"type":"village","location":[-175.270766,-21.1884395],"bbox":[-175.290766,-21.2084395,-175.250766,-21.1684395]}
{"name":"'Utungake","display_name":"'Utungake, Vahe Pangai, Vavaʻu, Tonga","address":{"village":"'Utungake","state_district":"Vahe Pangai","state":"Vavaʻu","ISO3166-2-lvl4":"TO-05","country":"Tonga","country_code":"to"},"population":311,"osm_type":"node","osm_id":2611117204,"type":"village","location":[-174.0178289,-18.6658893],"bbox":[-174.0378289,-18.6858893,-173.9978289,-18.6458893]}
{"name":"Āfa","display_name":"Āfa, Vahe Lapaha, Tongatapu, Tonga","address":{"village":"Āfa","state_district":"Vahe Lapaha","state":"Tongatapu","ISO3166-2-lvl4":"TO-04","country":"Tonga","country_code":"to"},"population":401,"osm_type":"node","osm_id":2367748908,"type":"village","location":[-175.0561213,-21.1309794],"bbox":[-175.0761213,-21.1509794,-175.0361213,-21.1109794]}
{"name":"Angaha","display_name":"Angaha, Vahe 'Eua, ʻEua, Tonga","address":{"village":"Angaha","state_district":"Vahe 'Eua","state":"ʻEua","ISO3166-2-lvl4":"TO-01","country":"Tonga","country_code":"to"},"population":401,"osm_type":"node","osm_id":3215509569,"type":"village","location":[-174.9566865,-21.3626818],"bbox":[-174.9766865,-21.3826818,-174.9366865,-21.3426818]}
{"name":"Fāhefa","display_name":"Fāhefa, Vahe Hihifo, Tongatapu, Tonga","address":{"village":"Fāhefa","state_district":"Vahe Hihifo","state":"Tongatapu","ISO3166-2-lvl4":"TO-04","country":"Tonga","country_code":"to"},"population":415,"osm_type":"node","osm_id":1800780092,"type":"village","location":[-175.3333721,-21.1438548],"bbox":[-175.3533721,-21.1638548,-175.3133721,-21.1238548]}
{"name":"Faleloa","display_name":"Faleloa, Vahe Foa, Haʻapai, Tonga","address":{"village":"Faleloa","state_district":"Vahe Foa","state":"Haʻapai","ISO3166-2-lvl4":"TO-02","country":"Tonga","country_code":"to"},"population":342,"osm_type":"node","osm_id":2988195458,"type":"village","location":[-174.2896833,-19.732424],"bbox":[-174.3096833,-19.752424,-174.2696833,-19.712424]}
{"name":"Fatai","display_name":"Fatai, Vahe Nukunuku, Tongatapu, Tonga","address":{"village":"Fatai","state_district":"Vahe Nukunuku","state":"Tongatapu","ISO3166-2-lvl4":"TO-04","country":"Tonga","country_code":"to"},"population":312,"osm_type":"node","osm_id":3173231081,"type":"village","location":[-175.2759043,-21.1335539],"bbox":[-175.2959043,-21.1535539,-175.2559043,-21.1135539]}
{"name":"Fātumu","display_name":"Fātumu, Vahe Tatakamotonga, Tongatapu, Tonga","address":{"village":"Fātumu","state_district":"Vahe Tatakamotonga","state":"Tongatapu","ISO3166-2-lvl4":"TO-04","country":"Tonga","country_code":"to"},"population":449,"osm_type":"node","osm_id":1800613267,"type":"village","location":[-175.1096071,-21.2132203],"bbox":[-175.1296071,-21.2332203,-175.0896071,-21.1932203]}
{"name":"Feletoa","display_name":"Feletoa, Vahe Leimatu'a, Vavaʻu, Tonga","address":{"village":"Feletoa","state_district":"Vahe Leimatu'a","state":"Vavaʻu","ISO3166-2-lvl4":"TO-05","country":"Tonga","country_code":"to"},"population":388,"osm_type":"node","osm_id":2056324982,"type":"village","location":[-173.9693663,-18.6107887],"bbox":[-173.9893663,-18.6307887,-173.9493663,-18.5907887]}
{"name":"Folaha","display_name":"Folaha, Vahe Vaini, Tongatapu, Tonga","address":{"village":"Folaha","state_district":"Vahe Vaini","state":"Tongatapu","ISO3166-2-lvl4":"TO-04","country":"Tonga","country_code":"to"},"population":896,"osm_type":"node","osm_id":1802049725,"type":"village","location":[-175.1839704,-21.168866],"bbox":[-175.2039704,-21.188866,-175.1639704,-21.148866]}
{"name":"Fonoifua","display_name":"Fonoifua, Vahe Mu'omu'a, Haʻapai, Tonga","address":{"village":"Fonoifua","island":"Vahe Mu'omu'a","state":"Haʻapai","ISO3166-2-lvl4":"TO-02","country":"Tonga","country_code":"to"},"population":82,"osm_type":"way","osm_id":304969506,"type":"village","location":[-174.63259997561687,-20.2801236],"bbox":[-174.6349815,-20.2809678,-174.6288993,-20.2792902]}
{"name":"Fotuha'a","display_name":"Fotuha'a, Vahe Lulunga, Haʻapai, Tonga","address":{"village":"Fotuha'a","state_district":"Vahe Lulunga","state":"Haʻapai","ISO3166-2-lvl4":"TO-02","country":"Tonga","country_code":"to"},"osm_type":"node","osm_id":3176243582,"type":"village","location":[-174.7213097,-19.811254],"bbox":[-174.7413097,-19.831254,-174.7013097,-19.791254]}
{"name":"Foui","display_name":"Foui, Vahe Hihifo, Tongatapu, Tonga","address":{"village":"Foui","state_district":"Vahe Hihifo","state":"Tongatapu","ISO3166-2-lvl4":"TO-04","country":"Tonga","country_code":"to"},"population":572,"osm_type":"node","osm_id":1800780107,"type":"village","location":[-175.3393428,-21.1124187],"bbox":[-175.3593428,-21.1324187,-175.3193428,-21.0924187]}
{"name":"Futu","display_name":"Futu, Vahe 'Eua, ʻEua, Tonga","address":{"village":"Futu","state_district":"Vahe 'Eua","state":"ʻEua","ISO3166-2-lvl4":"TO-01","country":"Tonga","country_code":"to"},"population":262,"osm_type":"node","osm_id":3215509570,"type":"village","location":[-174.9564273,-21.3685354],"bbox":[-174.9764273,-21.3885354,-174.9364273,-21.3485354]}
{"name":"Ha'afeva","display_name":"Ha'afeva, Vahe Lulunga, Haʻapai, Tonga","address":{"village":"Ha'afeva","state_district":"Vahe Lulunga","state":"Haʻapai","ISO3166-2-lvl4":"TO-02","country":"Tonga","country_code":"to"},"osm_type":"node","osm_id":3194712024,"type":"village","location":[-174.7098697,-19.9512842],"bbox":[-174.7298697,-19.9712842,-174.6898697,-19.9312842]}
{"name":"Ha'akame","display_name":"Ha'akame, Vahe Nukunuku, Tongatapu, Tonga","address":{"village":"Ha'akame","state_district":"Vahe Nukunuku","state":"Tongatapu","ISO3166-2-lvl4":"TO-04","country":"Tonga","country_code":"to"},"population":735,"osm_type":"node","osm_id":3174514187,"type":"village","location":[-175.286123,-21.1821775],"bbox":[-175.306123,-21.2021775,-175.266123,-21.1621775]}
{"name":"Ha'alalo","display_name":"Ha'alalo, Vahe Nukunuku, Tongatapu, Tonga","address":{"village":"Ha'alalo","state_district":"Vahe Nukunuku","state":"Tongatapu","ISO3166-2-lvl4":"TO-04","country":"Tonga","country_code":"to"},"population":472,"osm_type":"node","osm_id":1802086102,"type":"village","location":[-175.2810157,-21.1837347],"bbox":[-175.3010157,-21.2037347,-175.2610157,-21.1637347]}
{"name":"Ha'asini","display_name":"Ha'asini, Vahe Tatakamotonga, Tongatapu, Tonga","address":{"village":"Ha'asini","state_district":"Vahe Tatakamotonga","state":"Tongatapu","ISO3166-2-lvl4":"TO-04","country":"Tonga","country_code":"to"},"population":422,"osm_type":"node","osm_id":3210247742,"type":"village","location":[-175.10989,-21.2499895],"bbox":[-175.12989,-21.2699895,-175.08989,-21.2299895]}
{"name":"Ha'atu'a","display_name":"Ha'atu'a, Vahe 'Eua, ʻEua, Tonga","address":{"village":"Ha'atu'a","state_district":"Vahe 'Eua","state":"ʻEua","ISO3166-2-lvl4":"TO-01","country":"Tonga","country_code":"to"},"population":490,"osm_type":"way","osm_id":306363553,"type":"village","location":[-174.95196451296482,-21.39089785],"bbox":[-174.9547708,-21.3952913,-174.9491187,-21.3865599]}
{"name":"Ha'avakatolo","display_name":"Ha'avakatolo, Vahe Hihifo, Tongatapu, Tonga","address":{"village":"Ha'avakatolo","state_district":"Vahe Hihifo","state":"Tongatapu","ISO3166-2-lvl4":"TO-04","country":"Tonga","country_code":"to"},"population":259,"osm_type":"node","osm_id":1800780108,"type":"village","location":[-175.3395513,-21.1072851],"bbox":[-175.3595513,-21.1272851,-175.3195513,-21.0872851]}
{"name":"Hamula","display_name":"Hamula, Vahe Tatakamotonga, Tongatapu, Tonga","address":{"village":"Hamula","state_district":"Vahe Tatakamotonga","state":"Tongatapu","ISO3166-2-lvl4":"TO-04","country":"Tonga","country_code":"to"},"population":421,"osm_type":"node","osm_id":1800613260,"type":"village","location":[-175.1125577,-21.2520963],"bbox":[-175.1325577,-21.2720963,-175.0925577,-21.2320963]}
{"name":"Hato'u","display_name":"Hato'u, Tuakolo Road, Hihifo, Vahe Lifuka, Haʻapai, Tonga","address":{"amenity":"Hato'u","road":"Tuakolo Road","village":"Hihifo","state_district":"Vahe Lifuka","state":"Haʻapai","ISO3166-2-lvl4":"TO-02","country":"Tonga","country_code":"to"},"osm_type":"node","osm_id":3136315850,"type":"place_of_worship","location":[-174.349726,-19.8078505],"bbox":[-174.349776,-19.8079005,-174.349676,-19.8078005]}
{"name":"Hihifo","display_name":"Hihifo, Vahe Lifuka, Haʻapai, Tonga","address":{"village":"Hihifo","state_district":"Vahe Lifuka","state":"Haʻapai","ISO3166-2-lvl4":"TO-02","country":"Tonga","country_code":"to"},"population":844,"osm_type":"node","osm_id":3136315851,"type":"village","location":[-174.354785,-19.8154297],"bbox":[-174.374785,-19.8354297,-174.334785,-19.7954297]}
{"name":"Hōfoa","display_name":"Hōfoa, Vahe Kolomotu'a, Tongatapu, Tonga","address":{"village":"Hōfoa","state_district":"Vahe Kolomotu'a","state":"Tongatapu","ISO3166-2-lvl4":"TO-04","country":"Tonga","country_code":"to"},"population":977,"osm_type":"node","osm_id":3173231083,"type":"village","location":[-175.2294419,-21.1328247],"bbox":[-175.2494419,-21.1528247,-175.2094419,-21.1128247]}
{"name":"Hoi","display_name":"Hoi, Vahe Lapaha, Tongatapu, Tonga","address":{"village":"Hoi","state_district":"Vahe Lapaha","state":"Tongatapu","ISO3166-2-lvl4":"TO-04","country":"Tonga","country_code":"to"},"population":450,"osm_type":"node","osm_id":1802049627,"type":"village","location":[-175.1123062,-21.1655748],"bbox":[-175.1323062,-21.1855748,-175.0923062,-21.1455748]}
{"name":"Holonga","display_name":"Holonga, Vahe Leimatu'a, Vavaʻu, Tonga","address":{"village":"Holonga","state_district":"Vahe Leimatu'a","state":"Vavaʻu","ISO3166-2-lvl4":"TO-05","country":"Tonga","country_code":"to"},"population":453,"osm_type":"node","osm_id":2056324724,"type":"village","location":[-173.9510559,-18.5895021],"bbox":[-173.9710559,-18.6095021,-173.9310559,-18.5695021]}
{"name":"Holonga","display_name":"Holonga, Vahe Tatakamotonga, Tongatapu, Tonga","address":{"village":"Holonga","state_district":"Vahe Tatakamotonga","state":"Tongatapu","ISO3166-2-lvl4":"TO-04","country":"Tonga","country_code":"to"},"population":582,"osm_type":"node","osm_id":1801367754,"type":"village","location":[-175.1434679,-21.1916152],"bbox":[-175.1634679,-21.2116152,-175.1234679,-21.1716152]}
{"name":"Houma","display_name":"Houma, Vahe 'Eua, ʻEua, Tonga","address":{"village":"Houma","state_district":"Vahe 'Eua","state":"ʻEua","ISO3166-2-lvl4":"TO-01","country":"Tonga","country_code":"to"},"population":270,"osm_type":"node","osm_id":3215509566,"type":"village","location":[-174.9320968,-21.3147457],"bbox":[-174.9520968,-21.3347457,-174.9120968,-21.2947457]}
{"name":"Kanokupolu","display_name":"Kanokupolu, Vahe Hihifo, Tongatapu, Tonga","address":{"village":"Kanokupolu","state_district":"Vahe Hihifo","state":"Tongatapu","ISO3166-2-lvl4":"TO-04","country":"Tonga","country_code":"to"},"population":313,"osm_type":"node","osm_id":1800780111,"type":"village","location":[-175.3347079,-21.0776797],"bbox":[-175.3547079,-21.0976797,-175.3147079,-21.0576797]}
{"name":"Kolovai","display_name":"Kolovai, Vahe Hihifo, Tongatapu, Tonga","address":{"village":"Kolovai","state_district":"Vahe Hihifo","state":"Tongatapu","ISO3166-2-lvl4":"TO-04","country":"Tonga","country_code":"to"},"population":607,"osm_type":"node","osm_id":1800780109,"type":"village","location":[-175.3400893,-21.1004337],"bbox":[-175.3600893,-21.1204337,-175.3200893,-21.0804337]}
{"name":"Kotu","display_name":"Kotu, Vahe Lulunga, Haʻapai, Tonga","address":{"village":"Kotu","state_district":"Vahe Lulunga","state":"Haʻapai","ISO3166-2-lvl4":"TO-02","country":"Tonga","country_code":"to"},"osm_type":"way","osm_id":304641451,"type":"village","location":[-174.79851560645517,-19.94596695],"bbox":[-174.8000191,-19.9480274,-174.7974423,-19.9442254]}
{"name":"Koulo","display_name":"Koulo, Vahe Lifuka, Haʻapai, Tonga","address":{"village":"Koulo","state_district":"Vahe Lifuka","state":"Haʻapai","ISO3166-2-lvl4":"TO-02","country":"Tonga","country_code":"to"},"population":214,"osm_type":"node","osm_id":3136315847,"type":"village","location":[-174.34361,-19.7766109],"bbox":[-174.36361,-19.7966109,-174.32361,-19.7566109]}
{"name":"Lakepa","display_name":"Lakepa, Vahe Nukunuku, Tongatapu, Tonga","address":{"village":"Lakepa","state_district":"Vahe Nukunuku","state":"Tongatapu","ISO3166-2-lvl4":"TO-04","country":"Tonga","country_code":"to"},"population":365,"osm_type":"node","osm_id":1802086679,"type":"village","location":[-175.2796368,-21.1414225],"bbox":[-175.2996368,-21.1614225,-175.2596368,-21.1214225]}
{"name":"Lavengatonga","display_name":"Lavengatonga, Vahe Tatakamotonga, Tongatapu, Tonga","address":{"village":"Lavengatonga","state_district":"Vahe Tatakamotonga","state":"Tongatapu","ISO3166-2-lvl4":"TO-04","country":"Tonga","country_code":"to"},"population":401,"osm_type":"node","osm_id":1800613261,"type":"village","location":[-175.1083063,-21.2346277],"bbox":[-175.1283063,-21.2546277,-175.0883063,-21.2146277]}
{"name":"Longomapu","display_name":"Longomapu, Vahe Hihifo, Vavaʻu, Tonga","address":{"village":"Longomapu","state_district":"Vahe Hihifo","state":"Vavaʻu","ISO3166-2-lvl4":"TO-05","country":"Tonga","country_code":"to"},"population":613,"osm_type":"node","osm_id":2611079207,"type":"village","location":[-174.0558051,-18.6460761],"bbox":[-174.0758051,-18.6660761,-174.0358051,-18.6260761]}
{"name":"Longoteme","display_name":"Longoteme, Vahe Vaini, Tongatapu, Tonga","address":{"village":"Longoteme","state_district":"Vahe Vaini","state":"Tongatapu","ISO3166-2-lvl4":"TO-04","country":"Tonga","country_code":"to"},"population":622,"osm_type":"node","osm_id":1802049753,"type":"village","location":[-175.1690875,-21.1799815],"bbox":[-175.1890875,-21.1999815,-175.1490875,-21.1599815]}
{"name":"Lotofoa","display_name":"Lotofoa, Vahe Foa, Haʻapai, Tonga","address":{"village":"Lotofoa","state_district":"Vahe Foa","state":"Haʻapai","ISO3166-2-lvl4":"TO-02","country":"Tonga","country_code":"to"},"population":410,"osm_type":"node","osm_id":2988195466,"type":"village","location":[-174.3072973,-19.7403389],"bbox":[-174.3272973,-19.7603389,-174.2872973,-19.7203389]}
{"name":"Makaunga","display_name":"Makaunga, Vahe Lapaha, Tongatapu, Tonga","address":{"village":"Makaunga","state_district":"Vahe Lapaha","state":"Tongatapu","ISO3166-2-lvl4":"TO-04","country":"Tonga","country_code":"to"},"population":390,"osm_type":"node","osm_id":1802566015,"type":"village","location":[-175.1209113,-21.1407884],"bbox":[-175.1409113,-21.1607884,-175.1009113,-21.1207884]}
{"name":"Makave","display_name":"Makave, Vahe Neiafu, Vavaʻu, Tonga","address":{"village":"Makave","state_district":"Vahe Neiafu","state":"Vavaʻu","ISO3166-2-lvl4":"TO-05","country":"Tonga","country_code":"to"},"population":443,"osm_type":"node","osm_id":2611844622,"type":"village","location":[-173.9639593,-18.6511525],"bbox":[-173.9839593,-18.6711525,-173.9439593,-18.6311525]}
{"name":"Malapo","display_name":"Malapo, Vahe Vaini, Tongatapu, Tonga","address":{"village":"Malapo","state_district":"Vahe Vaini","state":"Tongatapu","ISO3166-2-lvl4":"TO-04","country":"Tonga","country_code":"to"},"population":688,"osm_type":"node","osm_id":1801367713,"type":"village","location":[-175.1547625,-21.2009014],"bbox":[-175.1747625,-21.2209014,-175.1347625,-21.1809014]}
{"name":"Mango","display_name":"Mango, Vahe Mu'omu'a, Haʻapai, Tonga","address":{"village":"Mango","island":"Vahe Mu'omu'a","state":"Haʻapai","ISO3166-2-lvl4":"TO-02","country":"Tonga","country_code":"to"},"population":50,"osm_type":"way","osm_id":304202737,"type":"village","location":[-174.7147647124138,-20.3248804],"bbox":[-174.7168092,-20.3255069,-174.7122628,-20.3242467]}
{"name":"Manuka","display_name":"Manuka, Vahe Lapaha, Tongatapu, Tonga","address":{"village":"Manuka","state_district":"Vahe Lapaha","state":"Tongatapu","ISO3166-2-lvl4":"TO-04","country":"Tonga","country_code":"to"},"population":388,"osm_type":"node","osm_id":1802049613,"type":"village","location":[-175.0993274,-21.1222522],"bbox":[-175.1193274,-21.1422522,-175.0793274,-21.1022522]}
{"name":"Mata'aho","display_name":"Mata'aho, Vahe 'Eua, ʻEua, Tonga","address":{"village":"Mata'aho","state_district":"Vahe 'Eua","state":"ʻEua","ISO3166-2-lvl4":"TO-01","country":"Tonga","country_code":"to"},"population":269,"osm_type":"way","osm_id":306488586,"type":"village","location":[-174.9527003735052,-21.37408375],"bbox":[-174.9542675,-21.3764457,-174.9510894,-21.3715422]}
{"name":"Matahau","display_name":"Matahau, Vahe Nukunuku, Tongatapu, Tonga","address":{"village":"Matahau","state_district":"Vahe Nukunuku","state":"Tongatapu","ISO3166-2-lvl4":"TO-04","country":"Tonga","country_code":"to"},"population":628,"osm_type":"node","osm_id":2347014092,"type":"village","location":[-175.3138594,-21.1422562],"bbox":[-175.3338594,-21.1622562,-175.2938594,-21.1222562]}
{"name":"Mataika","display_name":"Mataika, Vahe Leimatu'a, Vavaʻu, Tonga","address":{"village":"Mataika","state_district":"Vahe Leimatu'a","state":"Vavaʻu","ISO3166-2-lvl4":"TO-05","country":"Tonga","country_code":"to"},"population":490,"osm_type":"node","osm_id":2056324998,"type":"village","location":[-173.9652534,-18.6163123],"bbox":[-173.9852534,-18.6363123,-173.9452534,-18.5963123]}
{"name":"Matuku","display_name":"Matuku, Vahe Lulunga, Haʻapai, Tonga","address":{"village":"Matuku","state_district":"Vahe Lulunga","state":"Haʻapai","ISO3166-2-lvl4":"TO-02","country":"Tonga","country_code":"to"},"osm_type":"node","osm_id":3194872960,"type":"village","location":[-174.747188,-19.9575176],"bbox":[-174.767188,-19.9775176,-174.727188,-19.9375176]}
{"name":"Nakolo","display_name":"Nakolo, Vahe Tatakamotonga, Tongatapu, Tonga","address":{"village":"Nakolo","state_district":"Vahe Tatakamotonga","state":"Tongatapu","ISO3166-2-lvl4":"TO-04","country":"Tonga","country_code":"to"},"population":463,"osm_type":"node","osm_id":1800613259,"type":"village","location":[-175.1247089,-21.2666569],"bbox":[-175.1447089,-21.2866569,-175.1047089,-21.2466569]}
{"name":"Navea","display_name":"Navea, Vahe Lifuka, Haʻapai, Tonga","address":{"village":"Navea","state_district":"Vahe Lifuka","state":"Haʻapai","ISO3166-2-lvl4":"TO-02","country":"Tonga","country_code":"to"},"osm_type":"node","osm_id":3136315849,"type":"village","location":[-174.3485956,-19.8025601],"bbox":[-174.3685956,-19.8225601,-174.3285956,-19.7825601]}
{"name":"Navutoka","display_name":"Navutoka, Vahe Lapaha, Tongatapu, Tonga","address":{"village":"Navutoka","state_district":"Vahe Lapaha","state":"Tongatapu","ISO3166-2-lvl4":"TO-04","country":"Tonga","country_code":"to"},"population":789,"osm_type":"node","osm_id":1802049612,"type":"village","location":[-175.1087608,-21.1264308],"bbox":[-175.1287608,-21.1464308,-175.0887608,-21.1064308]}
{"name":"Niutōua","other_names":{"name:en":"Niutōua","alt_name":"Ha'amene'uli"},"display_name":"Niutōua, Vahe Lapaha, Tongatapu, Tonga","address":{"village":"Niutōua","state_district":"Vahe Lapaha","state":"Tongatapu","ISO3166-2-lvl4":"TO-04","country":"Tonga","country_code":"to"},"population":740,"osm_type":"node","osm_id":2367748491,"type":"village","location":[-175.0431936,-21.1412325],"bbox":[-175.0631936,-21.1612325,-175.0231936,-21.1212325]}
{"name":"Nomuka","display_name":"Nomuka, Vahe Mu'omu'a, Haʻapai, Tonga","address":{"village":"Nomuka","island":"Vahe Mu'omu'a","state":"Haʻapai","ISO3166-2-lvl4":"TO-02","country":"Tonga","country_code":"to"},"population":477,"osm_type":"node","osm_id":3388971550,"type":"village","location":[-174.7977202,-20.2600832],"bbox":[-174.8177202,-20.2800832,-174.7777202,-20.2400832]}
{"name":"Nuapapu","display_name":"Nuapapu, Vahe Motu, Vavaʻu, Tonga","address":{"village":"Nuapapu","state_district":"Vahe Motu","state":"Vavaʻu","ISO3166-2-lvl4":"TO-05","country":"Tonga","country_code":"to"},"population":135,"osm_type":"node","osm_id":3165944351,"type":"village","location":[-174.072855,-18.7017131],"bbox":[-174.092855,-18.7217131,-174.052855,-18.6817131]}
{"name":"Nukuhetulu","display_name":"Nukuhetulu, Vahe Vaini, Tongatapu, Tonga","address":{"village":"Nukuhetulu","state_district":"Vahe Vaini","state":"Tongatapu","ISO3166-2-lvl4":"TO-04","country":"Tonga","country_code":"to"},"population":358,"osm_type":"node","osm_id":1802049726,"type":"village","location":[-175.1900284,-21.166447],"bbox":[-175.2100284,-21.186447,-175.1700284,-21.146447]}
{"name":"Nukuleka","display_name":"Nukuleka, Vahe Lapaha, Tongatapu, Tonga","address":{"village":"Nukuleka","state_district":"Vahe Lapaha","state":"Tongatapu","ISO3166-2-lvl4":"TO-04","country":"Tonga","country_code":"to"},"population":266,"osm_type":"node","osm_id":1802566058,"type":"village","location":[-175.126913,-21.1504781],"bbox":[-175.146913,-21.1704781,-175.106913,-21.1304781]}
{"name":"Ovaka","display_name":"Ovaka, Vahe Motu, Vavaʻu, Tonga","address":{"village":"Ovaka","state_district":"Vahe Motu","state":"Vavaʻu","ISO3166-2-lvl4":"TO-05","country":"Tonga","country_code":"to"},"population":85,"osm_type":"node","osm_id":3165944352,"type":"village","location":[-174.0958004,-18.7437754],"bbox":[-174.1158004,-18.7637754,-174.0758004,-18.7237754]}
{"name":"Pangai","display_name":"Pangai, Vahe 'Eua, ʻEua, Tonga","address":{"village":"Pangai","state_district":"Vahe 'Eua","state":"ʻEua","ISO3166-2-lvl4":"TO-01","country":"Tonga","country_code":"to"},"population":333,"osm_type":"node","osm_id":3215509568,"type":"village","location":[-174.9542558,-21.3638779],"bbox":[-174.9742558,-21.3838779,-174.9342558,-21.3438779]}
{"name":"Pangaimotu","display_name":"Pangaimotu, Vahe Pangai, Vavaʻu, Tonga","address":{"village":"Pangaimotu","state_district":"Vahe Pangai","state":"Vavaʻu","ISO3166-2-lvl4":"TO-05","country":"Tonga","country_code":"to"},"population":661,"osm_type":"node","osm_id":2611079209,"type":"village","location":[-173.995968,-18.6851405],"bbox":[-174.015968,-18.7051405,-173.975968,-18.6651405]}
{"name":"Pelehake","other_names":{"name:en":"Pelehake","alt_name":"Angaha"},"display_name":"Pelehake, Vahe Tatakamotonga, Tongatapu, Tonga","address":{"village":"Pelehake","state_district":"Vahe Tatakamotonga","state":"Tongatapu","ISO3166-2-lvl4":"TO-04","country":"Tonga","country_code":"to"},"population":836,"osm_type":"node","osm_id":1800629845,"type":"village","location":[-175.1399135,-21.2160267],"bbox":[-175.1599135,-21.2360267,-175.1199135,-21.1960267]}
{"name":"Petani","display_name":"Petani, Vahe 'Eua, ʻEua, Tonga","address":{"village":"Petani","state_district":"Vahe 'Eua","state":"ʻEua","ISO3166-2-lvl4":"TO-01","country":"Tonga","country_code":"to"},"population":313,"osm_type":"way","osm_id":306498430,"type":"village","location":[-174.9511653659867,-21.3836786],"bbox":[-174.9526314,-21.3860613,-174.9498953,-21.3812281]}
{"name":"Puke","display_name":"Puke, Vahe Kolomotu'a, Tongatapu, Tonga","address":{"village":"Puke","state_district":"Vahe Kolomotu'a","state":"Tongatapu","ISO3166-2-lvl4":"TO-04","country":"Tonga","country_code":"to"},"population":731,"osm_type":"node","osm_id":1802431698,"type":"village","location":[-175.2399121,-21.1313748],"bbox":[-175.2599121,-21.1513748,-175.2199121,-21.1113748]}
{"name":"Sia'atoutai","other_names":{"name:en":"Sia'atoutai","old_name":"Nafualu"},"display_name":"Sia'atoutai, Vahe Kolomotu'a, Tongatapu, Tonga","address":{"village":"Sia'atoutai","state_district":"Vahe Kolomotu'a","state":"Tongatapu","ISO3166-2-lvl4":"TO-04","country":"Tonga","country_code":"to"},"population":534,"osm_type":"node","osm_id":3173231082,"type":"village","location":[-175.2551522,-21.1353686],"bbox":[-175.2751522,-21.1553686,-175.2351522,-21.1153686]}
{"name":"Ta'anea","display_name":"Ta'anea, Vahe Ha'alaufuli, Vavaʻu, Tonga","address":{"village":"Ta'anea","state_district":"Vahe Ha'alaufuli","state":"Vavaʻu","ISO3166-2-lvl4":"TO-05","country":"Tonga","country_code":"to"},"population":706,"osm_type":"node","osm_id":2056324633,"type":"village","location":[-173.937302,-18.6095519],"bbox":[-173.957302,-18.6295519,-173.917302,-18.5895519]}
{"name":"Talafo'ou","display_name":"Talafo'ou, Vahe Lapaha, Tongatapu, Tonga","address":{"village":"Talafo'ou","state_district":"Vahe Lapaha","state":"Tongatapu","ISO3166-2-lvl4":"TO-04","country":"Tonga","country_code":"to"},"population":386,"osm_type":"node","osm_id":1802566017,"type":"village","location":[-175.119929,-21.1352591],"bbox":[-175.139929,-21.1552591,-175.099929,-21.1152591]}
{"name":"Talasiu","display_name":"Talasiu, Vahe Lapaha, Tongatapu, Tonga","address":{"village":"Talasiu","state_district":"Vahe Lapaha","state":"Tongatapu","ISO3166-2-lvl4":"TO-04","country":"Tonga","country_code":"to"},"population":287,"osm_type":"node","osm_id":3187993644,"type":"village","location":[-175.1106284,-21.1753587],"bbox":[-175.1306284,-21.1953587,-175.0906284,-21.1553587]}
{"name":"Taoa","display_name":"Taoa, Vahe Hihifo, Vavaʻu, Tonga","address":{"village":"Taoa","state_district":"Vahe Hihifo","state":"Vavaʻu","ISO3166-2-lvl4":"TO-05","country":"Tonga","country_code":"to"},"population":496,"osm_type":"node","osm_id":2611849201,"type":"village","location":[-173.9843797,-18.629089],"bbox":[-174.0043797,-18.649089,-173.9643797,-18.609089]}
{"name":"Te'ekiu","display_name":"Te'ekiu, Vahe Hihifo, Tongatapu, Tonga","address":{"village":"Te'ekiu","state_district":"Vahe Hihifo","state":"Tongatapu","ISO3166-2-lvl4":"TO-04","country":"Tonga","country_code":"to"},"population":552,"osm_type":"node","osm_id":3173231087,"type":"village","location":[-175.3193913,-21.1273978],"bbox":[-175.3393913,-21.1473978,-175.2993913,-21.1073978]}
{"name":"Tefisi","display_name":"Tefisi, Vahe Hihifo, Vavaʻu, Tonga","address":{"village":"Tefisi","state_district":"Vahe Hihifo","state":"Vavaʻu","ISO3166-2-lvl4":"TO-05","country":"Tonga","country_code":"to"},"population":588,"osm_type":"node","osm_id":2611079272,"type":"village","location":[-174.0102647,-18.6307356],"bbox":[-174.0302647,-18.6507356,-173.9902647,-18.6107356]}
{"name":"Toula","display_name":"Toula, Vahe Neiafu, Vavaʻu, Tonga","address":{"village":"Toula","state_district":"Vahe Neiafu","state":"Vavaʻu","ISO3166-2-lvl4":"TO-05","country":"Tonga","country_code":"to"},"population":411,"osm_type":"node","osm_id":2611079277,"type":"village","location":[-173.9821333,-18.6758411],"bbox":[-174.0021333,-18.6958411,-173.9621333,-18.6558411]}
{"name":"Tu'anekivale","display_name":"Tu'anekivale, Vahe Ha'alaufuli, Vavaʻu, Tonga","address":{"village":"Tu'anekivale","state_district":"Vahe Ha'alaufuli","state":"Vavaʻu","ISO3166-2-lvl4":"TO-05","country":"Tonga","country_code":"to"},"population":487,"osm_type":"node","osm_id":2056324601,"type":"village","location":[-173.9193334,-18.6284297],"bbox":[-173.9393334,-18.6484297,-173.8993334,-18.6084297]}
{"name":"Tukutonga","display_name":"Tukutonga, Vahe Kolofo'ou, Tongatapu, Tonga","address":{"village":"Tukutonga","state_district":"Vahe Kolofo'ou","state":"Tongatapu","ISO3166-2-lvl4":"TO-04","country":"Tonga","country_code":"to"},"population":578,"osm_type":"node","osm_id":3123441540,"type":"village","location":[-175.1587551,-21.1409674],"bbox":[-175.1787551,-21.1609674,-175.1387551,-21.1209674]}
{"name":"Tungua","display_name":"Tungua, Vahe Lulunga, Haʻapai, Tonga","address":{"village":"Tungua","state_district":"Vahe Lulunga","state":"Haʻapai","ISO3166-2-lvl4":"TO-02","country":"Tonga","country_code":"to"},"population":232,"osm_type":"way","osm_id":304641016,"type":"village","location":[-174.7606172821919,-20.01692655],"bbox":[-174.7624976,-20.0205923,-174.758871,-20.0131929]}
{"name":"Vaotu'u","display_name":"Vaotu'u, Vahe Nukunuku, Tongatapu, Tonga","address":{"village":"Vaotu'u","state_district":"Vahe Nukunuku","state":"Tongatapu","ISO3166-2-lvl4":"TO-04","country":"Tonga","country_code":"to"},"population":453,"osm_type":"node","osm_id":1800780090,"type":"village","location":[-175.3118436,-21.1603281],"bbox":[-175.3318436,-21.1803281,-175.2918436,-21.1403281]}
