{"name":"'Ahau","display_name":"'Ahau, Kolovai, Vahe Hihifo, Tongatapu, Tonga","address":{"hamlet":"'Ahau","village":"Kolovai","state_district":"Vahe Hihifo","state":"Tongatapu","ISO3166-2-lvl4":"TO-04","country":"Tonga","country_code":"to"},"population":200,"osm_type":"node","osm_id":1800780110,"type":"hamlet","location":[-175.3393929,-21.0930259],"bbox":[-175.3593929,-21.1130259,-175.3193929,-21.0730259]}
{"name":"'Alakifonua","display_name":"'Alakifonua, Tatakamotonga, Vahe Tatakamotonga, Tongatapu, Tonga","address":{"hamlet":"'Alakifonua","town":"Tatakamotonga","state_district":"Vahe Tatakamotonga","state":"Tongatapu","ISO3166-2-lvl4":"TO-04","country":"Tonga","country_code":"to"},"osm_type":"node","osm_id":1801367774,"type":"hamlet","location":[-175.1329781,-21.1920833],"bbox":[-175.1529781,-21.2120833,-175.1129781,-21.1720833]}
{"name":"'Alele'uta","display_name":"'Alele'uta, 'Esia, Vahe Niuafo'ou, Ongo Niua, Tonga","address":{"hamlet":"'Alele'uta","village":"'Esia","state_district":"Vahe Niuafo'ou","state":"Ongo Niua","ISO3166-2-lvl4":"TO-03","country":"Tonga","country_code":"to"},"osm_type":"node","osm_id":3329701494,"type":"hamlet","location":[-175.6317877,-15.5739025],"bbox":[-175.6517877,-15.5939025,-175.6117877,-15.5539025]}
{"name":"'Ānana","display_name":"'Ānana, Nukuʻalofa, Vahe Kolofo'ou, Tongatapu, Tonga","address":{"hamlet":"'Ānana","city":"Nukuʻalofa","state_district":"Vahe Kolofo'ou","state":"Tongatapu","ISO3166-2-lvl4":"TO-04","country":"Tonga","country_code":"to"},"osm_type":"node","osm_id":3123441536,"type":"hamlet","location":[-175.1812516,-21.1552144],"bbox":[-175.2012516,-21.1752144,-175.1612516,-21.1352144]}
{"name":"'Atatā","display_name":"'Atatā, Vahe Hihifo, Tongatapu, Tonga","address":{"hamlet":"'Atatā","state_district":"Vahe Hihifo","state":"Tongatapu","ISO3166-2-lvl4":"TO-04","country":"Tonga","country_code":"to"},"population":189,"osm_type":"node","osm_id":3398024547,"type":"hamlet","location":[-175.2540207,-21.0504527],"bbox":[-175.2740207,-21.0704527,-175.2340207,-21.0304527]}
{"name":"'Atele","display_name":"'Atele, Ha'ateiho, Vahe Vaini, Tongatapu, Tonga","address":{"hamlet":"'Atele","town":"Ha'ateiho","state_district":"Vahe Vaini","state":"Tongatapu","ISO3166-2-lvl4":"TO-04","country":"Tonga","country_code":"to"},"osm_type":"node","osm_id":3240511280,"type":"hamlet","location":[-175.2262266,-21.1810053],"bbox":[-175.2462266,-21.2010053,-175.2062266,-21.1610053]}
{"name":"'Esia","display_name":"'Esia, 'Eua Fo'ou, Vahe 'Eua, ʻEua, Tonga","address":{"hamlet":"'Esia","town":"'Eua Fo'ou","state_district":"Vahe 'Eua","state":"ʻEua","ISO3166-2-lvl4":"TO-01","country":"Tonga","country_code":"to"},"population":212,"osm_type":"node","osm_id":3215509571,"type":"hamlet","location":[-174.9560857,-21.3712966],"bbox":[-174.9760857,-21.3912966,-174.9360857,-21.3512966]}
{"name":"'Isileli","display_name":"'Isileli, Hōfoa, Vahe Kolomotu'a, Tongatapu, Tonga","address":{"hamlet":"'Isileli","village":"Hōfoa","state_district":"Vahe Kolomotu'a","state":"Tongatapu","ISO3166-2-lvl4":"TO-04","country":"Tonga","country_code":"to"},"osm_type":"node","osm_id":3123441519,"type":"hamlet","location":[-175.2216135,-21.1291771],"bbox":[-175.2416135,-21.1491771,-175.2016135,-21.1091771]}
{"name":"'Olo'ua","display_name":"'Olo'ua, Neiafu, Vahe Neiafu, Vavaʻu, Tonga","address":{"hamlet":"'Olo'ua","town":"Neiafu","state_district":"Vahe Neiafu","state":"Vavaʻu","ISO3166-2-lvl4":"TO-05","country":"Tonga","country_code":"to"},"population":140,"osm_type":"node","osm_id":3165951765,"type":"hamlet","location":[-173.9568629,-18.6720717],"bbox":[-173.9768629,-18.6920717,-173.9368629,-18.6520717]}
{"name":"'Otea","display_name":"'Otea, Vahe Motu, Vavaʻu, Tonga","address":{"hamlet":"'Otea","state_district":"Vahe Motu","state":"Vavaʻu","ISO3166-2-lvl4":"TO-05","country":"Tonga","country_code":"to"},"population":125,"osm_type":"node","osm_id":3165944339,"type":"hamlet","location":[-174.0335617,-18.6894015],"bbox":[-174.0535617,-18.7094015,-174.0135617,-18.6694015]}
{"name":"'Otumapa","display_name":"'Otumapa, Neiafu, Vahe Neiafu, Vavaʻu, Tonga","address":{"hamlet":"'Otumapa","town":"Neiafu","state_district":"Vahe Neiafu","state":"Vavaʻu","ISO3166-2-lvl4":"TO-05","country":"Tonga","country_code":"to"},"osm_type":"node","osm_id":3134793782,"type":"hamlet","location":[-173.9804097,-18.6520326],"bbox":[-174.0004097,-18.6720326,-173.9604097,-18.6320326]}
{"name":"'Ovava","display_name":"'Ovava, Neiafu, Vahe Neiafu, Vavaʻu, Tonga","address":{"hamlet":"'Ovava","town":"Neiafu","state_district":"Vahe Neiafu","state":"Vavaʻu","ISO3166-2-lvl4":"TO-05","country":"Tonga","country_code":"to"},"osm_type":"node","osm_id":3134809584,"type":"hamlet","location":[-173.9740162,-18.6476034],"bbox":[-173.9940162,-18.6676034,-173.9540162,-18.6276034]}
{"name":"'Umusī","display_name":"'Umusī, Nukuʻalofa, Vahe Kolofo'ou, Tongatapu, Tonga","address":{"hamlet":"'Umusī","city":"Nukuʻalofa","state_district":"Vahe Kolofo'ou","state":"Tongatapu","ISO3166-2-lvl4":"TO-04","country":"Tonga","country_code":"to"},"osm_type":"node","osm_id":3123441537,"type":"hamlet","location":[-175.1752864,-21.1547542],"bbox":[-175.1952864,-21.1747542,-175.1552864,-21.1347542]}
{"name":"'Utulangivaka","display_name":"'Utulangivaka, Neiafu, Vahe Neiafu, Vavaʻu, Tonga","address":{"hamlet":"'Utulangivaka","town":"Neiafu","state_district":"Vahe Neiafu","state":"Vavaʻu","ISO3166-2-lvl4":"TO-05","country":"Tonga","country_code":"to"},"osm_type":"node","osm_id":3134793787,"type":"hamlet","location":[-173.9797566,-18.6616859],"bbox":[-173.9997566,-18.6816859,-173.9597566,-18.6416859]}
{"name":"'Utulei","display_name":"'Utulei, Vahe Pangai, Vavaʻu, Tonga","address":{"hamlet":"'Utulei","state_district":"Vahe Pangai","state":"Vavaʻu","ISO3166-2-lvl4":"TO-05","country":"Tonga","country_code":"to"},"population":132,"osm_type":"node","osm_id":2611844811,"type":"hamlet","location":[-173.9950637,-18.6541408],"bbox":[-174.0150637,-18.6741408,-173.9750637,-18.6341408]}
{"name":"Coral Garden Villas","display_name":"Coral Garden Villas, Vahe Motu, Vavaʻu, Tonga","address":{"hamlet":"Coral Garden Villas","state_district":"Vahe Motu","state":"Vavaʻu","ISO3166-2-lvl4":"TO-05","country":"Tonga","country_code":"to"},"osm_type":"node","osm_id":3949246909,"type":"hamlet","location":[-174.0999653,-18.7084059],"bbox":[-174.1199653,-18.7284059,-174.0799653,-18.6884059]}
{"name":"Fā'imata","display_name":"Fā'imata, Vahe Lapaha, Tongatapu, Tonga","address":{"hamlet":"Fā'imata","state_district":"Vahe Lapaha","state":"Tongatapu","ISO3166-2-lvl4":"TO-04","country":"Tonga","country_code":"to"},"population":87,"osm_type":"node","osm_id":3305629741,"type":"hamlet","location":[-174.9846449,-21.1166041],"bbox":[-175.0046449,-21.1366041,-174.9646449,-21.0966041]}
{"name":"Fakakakai","display_name":"Fakakakai, Vahe Ha'ano, Haʻapai, Tonga","address":{"hamlet":"Fakakakai","state_district":"Vahe Ha'ano","state":"Haʻapai","ISO3166-2-lvl4":"TO-02","country":"Tonga","country_code":"to"},"population":176,"osm_type":"node","osm_id":2988195435,"type":"hamlet","location":[-174.2760852,-19.6836705],"bbox":[-174.2960852,-19.7036705,-174.2560852,-19.6636705]}
{"name":"Falaleu","display_name":"Falaleu, Neiafu, Vahe Neiafu, Vavaʻu, Tonga","address":{"hamlet":"Falaleu","town":"Neiafu","state_district":"Vahe Neiafu","state":"Vavaʻu","ISO3166-2-lvl4":"TO-05","country":"Tonga","country_code":"to"},"osm_type":"node","osm_id":3134793783,"type":"hamlet","location":[-173.9805398,-18.6544362],"bbox":[-174.0005398,-18.6744362,-173.9605398,-18.6344362]}
{"name":"Falehau","display_name":"Falehau, 'Ene 'Afio, Vahe Niuatoputapu, Ongo Niua, Tonga","address":{"hamlet":"Falehau","municipality":"'Ene 'Afio","state_district":"Vahe Niuatoputapu","state":"Ongo Niua","ISO3166-2-lvl4":"TO-03","country":"Tonga","country_code":"to"},"population":231,"osm_type":"node","osm_id":3362830129,"type":"hamlet","location":[-173.7658866,-15.945375],"bbox":[-173.7858866,-15.965375,-173.7458866,-15.925375]}
{"name":"Falehaufo'ou","display_name":"Falehaufo'ou, Tangipā, Vahe Niuatoputapu, Ongo Niua, Tonga","address":{"hamlet":"Falehaufo'ou","municipality":"Tangipā","state_district":"Vahe Niuatoputapu","state":"Ongo Niua","ISO3166-2-lvl4":"TO-03","country":"Tonga","country_code":"to"},"osm_type":"node","osm_id":3362830130,"type":"hamlet","location":[-173.7693317,-15.9492802],"bbox":[-173.7893317,-15.9692802,-173.7493317,-15.9292802]}
{"name":"Falevai","display_name":"Falevai, Vahe Motu, Vavaʻu, Tonga","address":{"hamlet":"Falevai","state_district":"Vahe Motu","state":"Vavaʻu","ISO3166-2-lvl4":"TO-05","country":"Tonga","country_code":"to"},"population":113,"osm_type":"node","osm_id":3165944347,"type":"hamlet","location":[-174.0341471,-18.7071696],"bbox":[-174.0541471,-18.7271696,-174.0141471,-18.6871696]}
{"name":"Fanga 'o Pilolevu","other_names":{"name:en":"Fanga 'o Pilolevu","alt_name":"Fanga 'o e Ta'ahine","old_name":"Tahi Mate"},"display_name":"Fanga 'o Pilolevu, Nukuʻalofa, Vahe Kolofo'ou, Tongatapu, Tonga","address":{"hamlet":"Fanga 'o Pilolevu","city":"Nukuʻalofa","state_district":"Vahe Kolofo'ou","state":"Tongatapu","ISO3166-2-lvl4":"TO-04","country":"Tonga","country_code":"to"},"osm_type":"node","osm_id":2354394878,"type":"hamlet","location":[-175.2113147,-21.1450392],"bbox":[-175.2313147,-21.1650392,-175.1913147,-21.1250392]}
{"name":"Fangale'ounga","display_name":"Fangale'ounga, Vahe Foa, Haʻapai, Tonga","address":{"hamlet":"Fangale'ounga","state_district":"Vahe Foa","state":"Haʻapai","ISO3166-2-lvl4":"TO-02","country":"Tonga","country_code":"to"},"population":174,"osm_type":"node","osm_id":2988195468,"type":"hamlet","location":[-174.3244524,-19.7528845],"bbox":[-174.3444524,-19.7728845,-174.3044524,-19.7328845]}
{"name":"Fangaloto","display_name":"Fangaloto, Popua, Vahe Kolofo'ou, Tongatapu, Tonga","address":{"hamlet":"Fangaloto","town":"Popua","state_district":"Vahe Kolofo'ou","state":"Tongatapu","ISO3166-2-lvl4":"TO-04","country":"Tonga","country_code":"to"},"osm_type":"node","osm_id":3123441538,"type":"hamlet","location":[-175.1686469,-21.1477092],"bbox":[-175.1886469,-21.1677092,-175.1486469,-21.1277092]}
{"name":"Fangatongo","display_name":"Fangatongo, Neiafu, Vahe Neiafu, Vavaʻu, Tonga","address":{"hamlet":"Fangatongo","town":"Neiafu","state_district":"Vahe Neiafu","state":"Vavaʻu","ISO3166-2-lvl4":"TO-05","country":"Tonga","country_code":"to"},"osm_type":"node","osm_id":3134793777,"type":"hamlet","location":[-173.9876448,-18.6472245],"bbox":[-174.0076448,-18.6672245,-173.9676448,-18.6272245]}
{"name":"Fasi mo e afi 'a Tungi","display_name":"Fasi mo e afi 'a Tungi, Nukuʻalofa, Vahe Kolofo'ou, Tongatapu, Tonga","address":{"hamlet":"Fasi mo e afi 'a Tungi","city":"Nukuʻalofa","state_district":"Vahe Kolofo'ou","state":"Tongatapu","ISO3166-2-lvl4":"TO-04","country":"Tonga","country_code":"to"},"osm_type":"node","osm_id":3123441528,"type":"hamlet","location":[-175.1948772,-21.1393444],"bbox":[-175.2148772,-21.1593444,-175.1748772,-21.1193444]}
{"name":"Fata'ulua","display_name":"Fata'ulua, 'Eua Fo'ou, Vahe 'Eua, ʻEua, Tonga","address":{"hamlet":"Fata'ulua","town":"'Eua Fo'ou","state_district":"Vahe 'Eua","state":"ʻEua","ISO3166-2-lvl4":"TO-01","country":"Tonga","country_code":"to"},"population":225,"osm_type":"way","osm_id":306498427,"type":"hamlet","location":[-174.95453922251346,-21.378452000000003],"bbox":[-174.9571715,-21.3817602,-174.9515405,-21.3762621]}
{"name":"Fata'ulua","display_name":"Fata'ulua, Vahe Niuafo'ou, Ongo Niua, Tonga","address":{"hamlet":"Fata'ulua","state_district":"Vahe Niuafo'ou","state":"Ongo Niua","ISO3166-2-lvl4":"TO-03","country":"Tonga","country_code":"to"},"population":56,"osm_type":"node","osm_id":3329701496,"type":"hamlet","location":[-175.6212171,-15.5785815],"bbox":[-175.6412171,-15.5985815,-175.6012171,-15.5585815]}
{"name":"Fatai","display_name":"Fatai, Neiafu, Vahe Neiafu, Vavaʻu, Tonga","address":{"hamlet":"Fatai","town":"Neiafu","state_district":"Vahe Neiafu","state":"Vavaʻu","ISO3166-2-lvl4":"TO-05","country":"Tonga","country_code":"to"},"osm_type":"node","osm_id":3134810051,"type":"hamlet","location":[-173.9735029,-18.6380541],"bbox":[-173.9935029,-18.6580541,-173.9535029,-18.6180541]}
{"name":"Felemea","display_name":"Felemea, Vahe 'Uiha, Haʻapai, Tonga","address":{"hamlet":"Felemea","state_district":"Vahe 'Uiha","state":"Haʻapai","ISO3166-2-lvl4":"TO-02","country":"Tonga","country_code":"to"},"population":137,"osm_type":"node","osm_id":3390663835,"type":"hamlet","location":[-174.4109737,-19.9076786],"bbox":[-174.4309737,-19.9276786,-174.3909737,-19.8876786]}
{"name":"Fotua","display_name":"Fotua, Lotofoa, Vahe Foa, Haʻapai, Tonga","address":{"hamlet":"Fotua","village":"Lotofoa","state_district":"Vahe Foa","state":"Haʻapai","ISO3166-2-lvl4":"TO-02","country":"Tonga","country_code":"to"},"population":226,"osm_type":"node","osm_id":2988195467,"type":"hamlet","location":[-174.3182718,-19.7482617],"bbox":[-174.3382718,-19.7682617,-174.2982718,-19.7282617]}
{"name":"Fualu","display_name":"Fualu, Pea, Vahe Vaini, Tongatapu, Tonga","address":{"hamlet":"Fualu","town":"Pea","state_district":"Vahe Vaini","state":"Tongatapu","ISO3166-2-lvl4":"TO-04","country":"Tonga","country_code":"to"},"osm_type":"node","osm_id":3598194191,"type":"hamlet","location":[-175.2445652,-21.1593621],"bbox":[-175.2645652,-21.1793621,-175.2245652,-21.1393621]}
{"name":"Fungamisi","display_name":"Fungamisi, Neiafu, Vahe Neiafu, Vavaʻu, Tonga","address":{"hamlet":"Fungamisi","town":"Neiafu","state_district":"Vahe Neiafu","state":"Vavaʻu","ISO3166-2-lvl4":"TO-05","country":"Tonga","country_code":"to"},"osm_type":"node","osm_id":3134793784,"type":"hamlet","location":[-173.9801657,-18.6567936],"bbox":[-174.0001657,-18.6767936,-173.9601657,-18.6367936]}
{"name":"Futu","display_name":"Futu, Vahe Niuafo'ou, Ongo Niua, Tonga","address":{"hamlet":"Futu","state_district":"Vahe Niuafo'ou","state":"Ongo Niua","ISO3166-2-lvl4":"TO-03","country":"Tonga","country_code":"to"},"population":0,"osm_type":"node","osm_id":3074745316,"type":"hamlet","location":[-175.6743798,-15.5921933],"bbox":[-175.6943798,-15.6121933,-175.6543798,-15.5721933]}
{"name":"Ha'afakahenga","display_name":"Ha'afakahenga, Faleloa, Vahe Foa, Haʻapai, Tonga","address":{"hamlet":"Ha'afakahenga","village":"Faleloa","state_district":"Vahe Foa","state":"Haʻapai","ISO3166-2-lvl4":"TO-02","country":"Tonga","country_code":"to"},"population":102,"osm_type":"node","osm_id":3139473257,"type":"hamlet","location":[-174.2908854,-19.7346052],"bbox":[-174.3108854,-19.7546052,-174.2708854,-19.7146052]}
{"name":"Ha'akili","display_name":"Ha'akili, Kolovai, Vahe Hihifo, Tongatapu, Tonga","address":{"hamlet":"Ha'akili","village":"Kolovai","state_district":"Vahe Hihifo","state":"Tongatapu","ISO3166-2-lvl4":"TO-04","country":"Tonga","country_code":"to"},"population":195,"osm_type":"node","osm_id":3398032131,"type":"hamlet","location":[-175.3389565,-21.0891505],"bbox":[-175.3589565,-21.1091505,-175.3189565,-21.0691505]}
{"name":"Ha'akio","display_name":"Ha'akio, Ta'anea, Vahe Ha'alaufuli, Vavaʻu, Tonga","address":{"hamlet":"Ha'akio","village":"Ta'anea","state_district":"Vahe Ha'alaufuli","state":"Vavaʻu","ISO3166-2-lvl4":"TO-05","country":"Tonga","country_code":"to"},"population":139,"osm_type":"node","osm_id":2056324837,"type":"hamlet","location":[-173.9419834,-18.6207938],"bbox":[-173.9619834,-18.6407938,-173.9219834,-18.6007938]}
{"name":"Ha'ano","display_name":"Ha'ano, Vahe Ha'ano, Haʻapai, Tonga","address":{"hamlet":"Ha'ano","state_district":"Vahe Ha'ano","state":"Haʻapai","ISO3166-2-lvl4":"TO-02","country":"Tonga","country_code":"to"},"population":115,"osm_type":"node","osm_id":2988194120,"type":"hamlet","location":[-174.2928393,-19.6617487],"bbox":[-174.3128393,-19.6817487,-174.2728393,-19.6417487]}
{"name":"Ha'atafu","display_name":"Ha'atafu, Kanokupolu, Vahe Hihifo, Tongatapu, Tonga","address":{"hamlet":"Ha'atafu","village":"Kanokupolu","state_district":"Vahe Hihifo","state":"Tongatapu","ISO3166-2-lvl4":"TO-04","country":"Tonga","country_code":"to"},"population":222,"osm_type":"node","osm_id":1800780112,"type":"hamlet","location":[-175.327989,-21.0702201],"bbox":[-175.347989,-21.0902201,-175.307989,-21.0502201]}
{"name":"Ha'ateiho Si'i","display_name":"Ha'ateiho Si'i, Faleloa, Vahe Foa, Haʻapai, Tonga","address":{"hamlet":"Ha'ateiho Si'i","village":"Faleloa","state_district":"Vahe Foa","state":"Haʻapai","ISO3166-2-lvl4":"TO-02","country":"Tonga","country_code":"to"},"population":105,"osm_type":"node","osm_id":3136315845,"type":"hamlet","location":[-174.2949974,-19.7374631],"bbox":[-174.3149974,-19.7574631,-174.2749974,-19.7174631]}
{"name":"Ha'ateiho","display_name":"Ha'ateiho, Mataika, Vahe Leimatu'a, Vavaʻu, Tonga","address":{"hamlet":"Ha'ateiho","village":"Mataika","state_district":"Vahe Leimatu'a","state":"Vavaʻu","ISO3166-2-lvl4":"TO-05","country":"Tonga","country_code":"to"},"osm_type":"node","osm_id":3134823091,"type":"hamlet","location":[-173.9649178,-18.6187074],"bbox":[-173.9849178,-18.6387074,-173.9449178,-18.5987074]}
{"name":"Ha'utu","display_name":"Ha'utu, Fāhefa, Vahe Hihifo, Tongatapu, Tonga","address":{"hamlet":"Ha'utu","village":"Fāhefa","state_district":"Vahe Hihifo","state":"Tongatapu","ISO3166-2-lvl4":"TO-04","country":"Tonga","country_code":"to"},"population":187,"osm_type":"node","osm_id":3210268642,"type":"hamlet","location":[-175.3311059,-21.1433712],"bbox":[-175.3511059,-21.1633712,-175.3111059,-21.1233712]}
{"name":"Hala 'o Vave","display_name":"Hala 'o Vave, Haveluloto, Vahe Kolomotu'a, Tongatapu, Tonga","address":{"hamlet":"Hala 'o Vave","town":"Haveluloto","state_district":"Vahe Kolomotu'a","state":"Tongatapu","ISO3166-2-lvl4":"TO-04","country":"Tonga","country_code":"to"},"osm_type":"node","osm_id":3123441520,"type":"hamlet","location":[-175.2176252,-21.1347348],"bbox":[-175.2376252,-21.1547348,-175.1976252,-21.1147348]}
{"name":"Halaleva","display_name":"Halaleva, Nukuʻalofa, Vahe Kolofo'ou, Tongatapu, Tonga","address":{"hamlet":"Halaleva","city":"Nukuʻalofa","state_district":"Vahe Kolofo'ou","state":"Tongatapu","ISO3166-2-lvl4":"TO-04","country":"Tonga","country_code":"to"},"osm_type":"node","osm_id":3123441535,"type":"hamlet","location":[-175.190926,-21.1522435],"bbox":[-175.210926,-21.1722435,-175.170926,-21.1322435]}
{"name":"Hauloto","display_name":"Hauloto, Tokomololo, Vahe Vaini, Tongatapu, Tonga","address":{"hamlet":"Hauloto","town":"Tokomololo","state_district":"Vahe Vaini","state":"Tongatapu","ISO3166-2-lvl4":"TO-04","country":"Tonga","country_code":"to"},"osm_type":"node","osm_id":3187994976,"type":"hamlet","location":[-175.2627116,-21.1672358],"bbox":[-175.2827116,-21.1872358,-175.2427116,-21.1472358]}
{"name":"Haveluliku","display_name":"Haveluliku, Fātumu, Vahe Tatakamotonga, Tongatapu, Tonga","address":{"hamlet":"Haveluliku","village":"Fātumu","state_district":"Vahe Tatakamotonga","state":"Tongatapu","ISO3166-2-lvl4":"TO-04","country":"Tonga","country_code":"to"},"population":174,"osm_type":"node","osm_id":1800613268,"type":"hamlet","location":[-175.1042339,-21.204315],"bbox":[-175.1242339,-21.224315,-175.0842339,-21.184315]}
{"name":"Hihifo","display_name":"Hihifo, Ma'atu, Vahe Niuatoputapu, Ongo Niua, Tonga","address":{"hamlet":"Hihifo","municipality":"Ma'atu","state_district":"Vahe Niuatoputapu","state":"Ongo Niua","ISO3166-2-lvl4":"TO-03","country":"Tonga","country_code":"to"},"population":284,"osm_type":"node","osm_id":3362830131,"type":"hamlet","location":[-173.7961799,-15.9566557],"bbox":[-173.8161799,-15.9766557,-173.7761799,-15.9366557]}
{"name":"Hihifofo'ou","display_name":"Hihifofo'ou, Ma'atu, Vahe Niuatoputapu, Ongo Niua, Tonga","address":{"hamlet":"Hihifofo'ou","municipality":"Ma'atu","state_district":"Vahe Niuatoputapu","state":"Ongo Niua","ISO3166-2-lvl4":"TO-03","country":"Tonga","country_code":"to"},"osm_type":"node","osm_id":3362830132,"type":"hamlet","location":[-173.7936115,-15.9571166],"bbox":[-173.8136115,-15.9771166,-173.7736115,-15.9371166]}
{"name":"Hinakauea","display_name":"Hinakauea, Vahe Pangai, Vavaʻu, Tonga","address":{"hamlet":"Hinakauea","state_district":"Vahe Pangai","state":"Vavaʻu","ISO3166-2-lvl4":"TO-05","country":"Tonga","country_code":"to"},"osm_type":"node","osm_id":3134809583,"type":"hamlet","location":[-173.988447,-18.7024154],"bbox":[-174.008447,-18.7224154,-173.968447,-18.6824154]}
{"name":"Holeva","display_name":"Holeva, Vahe Ha'alaufuli, Vavaʻu, Tonga","address":{"hamlet":"Holeva","state_district":"Vahe Ha'alaufuli","state":"Vavaʻu","ISO3166-2-lvl4":"TO-05","country":"Tonga","country_code":"to"},"population":116,"osm_type":"node","osm_id":2056324590,"type":"hamlet","location":[-173.9207381,-18.6413373],"bbox":[-173.9407381,-18.6613373,-173.9007381,-18.6213373]}
{"name":"Holopeka","display_name":"Holopeka, Koulo, Vahe Lifuka, Haʻapai, Tonga","address":{"hamlet":"Holopeka","village":"Koulo","state_district":"Vahe Lifuka","state":"Haʻapai","ISO3166-2-lvl4":"TO-02","country":"Tonga","country_code":"to"},"population":141,"osm_type":"node","osm_id":2988195469,"type":"hamlet","location":[-174.3428522,-19.7839264],"bbox":[-174.3628522,-19.8039264,-174.3228522,-19.7639264]}
{"name":"Houma","display_name":"Houma, Vahe Ha'alaufuli, Vavaʻu, Tonga","address":{"hamlet":"Houma","state_district":"Vahe Ha'alaufuli","state":"Vavaʻu","ISO3166-2-lvl4":"TO-05","country":"Tonga","country_code":"to"},"population":136,"osm_type":"node","osm_id":2611844621,"type":"hamlet","location":[-173.941362,-18.6304674],"bbox":[-173.961362,-18.6504674,-173.921362,-18.6104674]}
{"name":"Houmakelikao","display_name":"Houmakelikao, Ma'ufanga, Vahe Kolofo'ou, Tongatapu, Tonga","address":{"hamlet":"Houmakelikao","town":"Ma'ufanga","state_district":"Vahe Kolofo'ou","state":"Tongatapu","ISO3166-2-lvl4":"TO-04","country":"Tonga","country_code":"to"},"osm_type":"node","osm_id":3123441533,"type":"hamlet","location":[-175.1769815,-21.1474697],"bbox":[-175.1969815,-21.1674697,-175.1569815,-21.1274697]}
{"name":"Hunga","display_name":"Hunga, Vahe Motu, Vavaʻu, Tonga","address":{"hamlet":"Hunga","state_district":"Vahe Motu","state":"Vavaʻu","ISO3166-2-lvl4":"TO-05","country":"Tonga","country_code":"to"},"population":229,"osm_type":"node","osm_id":3165944355,"type":"hamlet","location":[-174.1196061,-18.6866736],"bbox":[-174.1396061,-18.7066736,-174.0996061,-18.6666736]}
{"name":"Kahoua","other_names":{"name:en":"Kahoua","old_name":"Fualu"},"display_name":"Kahoua, Tokomololo, Vahe Vaini, Tongatapu, Tonga","address":{"hamlet":"Kahoua","town":"Tokomololo","state_district":"Vahe Vaini","state":"Tongatapu","ISO3166-2-lvl4":"TO-04","country":"Tonga","country_code":"to"},"osm_type":"node","osm_id":3173231084,"type":"hamlet","location":[-175.2689088,-21.1598604],"bbox":[-175.2889088,-21.1798604,-175.2489088,-21.1398604]}
{"name":"Kala'au","display_name":"Kala'au, Fāhefa, Vahe Hihifo, Tongatapu, Tonga","address":{"hamlet":"Kala'au","village":"Fāhefa","state_district":"Vahe Hihifo","state":"Tongatapu","ISO3166-2-lvl4":"TO-04","country":"Tonga","country_code":"to"},"population":122,"osm_type":"node","osm_id":1800780094,"type":"hamlet","location":[-175.3373563,-21.1382335],"bbox":[-175.3573563,-21.1582335,-175.3173563,-21.1182335]}
{"name":"Kameli","display_name":"Kameli, Neiafu, Vahe Neiafu, Vavaʻu, Tonga","address":{"hamlet":"Kameli","town":"Neiafu","state_district":"Vahe Neiafu","state":"Vavaʻu","ISO3166-2-lvl4":"TO-05","country":"Tonga","country_code":"to"},"osm_type":"node","osm_id":3134793781,"type":"hamlet","location":[-173.9769134,-18.6465628],"bbox":[-173.9969134,-18.6665628,-173.9569134,-18.6265628]}
{"name":"Kapa","display_name":"Kapa, Vahe Motu, Vavaʻu, Tonga","address":{"hamlet":"Kapa","state_district":"Vahe Motu","state":"Vavaʻu","ISO3166-2-lvl4":"TO-05","country":"Tonga","country_code":"to"},"population":69,"osm_type":"node","osm_id":3165944348,"type":"hamlet","location":[-174.0224721,-18.721032],"bbox":[-174.0424721,-18.741032,-174.0024721,-18.701032]}
{"name":"Kauvai","display_name":"Kauvai, Vahe Vaini, Tongatapu, Tonga","address":{"hamlet":"Kauvai","state_district":"Vahe Vaini","state":"Tongatapu","ISO3166-2-lvl4":"TO-04","country":"Tonga","country_code":"to"},"osm_type":"node","osm_id":3208792646,"type":"hamlet","location":[-175.1408419,-21.1742619],"bbox":[-175.1608419,-21.1942619,-175.1208419,-21.1542619]}
{"name":"Keitahi","display_name":"Keitahi, Tu'anekivale, Vahe Ha'alaufuli, Vavaʻu, Tonga","address":{"hamlet":"Keitahi","village":"Tu'anekivale","state_district":"Vahe Ha'alaufuli","state":"Vavaʻu","ISO3166-2-lvl4":"TO-05","country":"Tonga","country_code":"to"},"osm_type":"node","osm_id":3404968501,"type":"hamlet","location":[-173.9161004,-18.6160579],"bbox":[-173.9361004,-18.6360579,-173.8961004,-18.5960579]}
{"name":"Koloa","display_name":"Koloa, Vahe Ha'alaufuli, Vavaʻu, Tonga","address":{"hamlet":"Koloa","state_district":"Vahe Ha'alaufuli","state":"Vavaʻu","ISO3166-2-lvl4":"TO-05","country":"Tonga","country_code":"to"},"population":197,"osm_type":"node","osm_id":2056324582,"type":"hamlet","location":[-173.9351774,-18.6447999],"bbox":[-173.9551774,-18.6647999,-173.9151774,-18.6247999]}
{"name":"Kolofo'ou","display_name":"Kolofo'ou, 'Esia, Vahe Niuafo'ou, Ongo Niua, Tonga","address":{"hamlet":"Kolofo'ou","village":"'Esia","state_district":"Vahe Niuafo'ou","state":"Ongo Niua","ISO3166-2-lvl4":"TO-03","country":"Tonga","country_code":"to"},"population":59,"osm_type":"node","osm_id":3329701497,"type":"hamlet","location":[-175.6350431,-15.5734749],"bbox":[-175.6550431,-15.5934749,-175.6150431,-15.5534749]}
{"name":"Kolofo'ou","display_name":"Kolofo'ou, Neiafu, Vahe Neiafu, Vavaʻu, Tonga","address":{"hamlet":"Kolofo'ou","town":"Neiafu","state_district":"Vahe Neiafu","state":"Vavaʻu","ISO3166-2-lvl4":"TO-05","country":"Tonga","country_code":"to"},"osm_type":"node","osm_id":3134793785,"type":"hamlet","location":[-173.9769134,-18.6571942],"bbox":[-173.9969134,-18.6771942,-173.9569134,-18.6371942]}
{"name":"Kolomaile","display_name":"Kolomaile, Ha'atu'a, Vahe 'Eua, ʻEua, Tonga","address":{"hamlet":"Kolomaile","village":"Ha'atu'a","state_district":"Vahe 'Eua","state":"ʻEua","ISO3166-2-lvl4":"TO-01","country":"Tonga","country_code":"to"},"osm_type":"node","osm_id":3359182607,"type":"hamlet","location":[-174.9499487,-21.3915717],"bbox":[-174.9699487,-21.4115717,-174.9299487,-21.3715717]}
{"name":"Koloua","display_name":"Koloua, Tofoa, Vahe Kolomotu'a, Tongatapu, Tonga","address":{"hamlet":"Koloua","town":"Tofoa","state_district":"Vahe Kolomotu'a","state":"Tongatapu","ISO3166-2-lvl4":"TO-04","country":"Tonga","country_code":"to"},"osm_type":"node","osm_id":3204030778,"type":"hamlet","location":[-175.226398,-21.1595257],"bbox":[-175.246398,-21.1795257,-175.206398,-21.1395257]}
{"name":"Lape","display_name":"Lape, Vahe Motu, Vavaʻu, Tonga","address":{"hamlet":"Lape","state_district":"Vahe Motu","state":"Vavaʻu","ISO3166-2-lvl4":"TO-05","country":"Tonga","country_code":"to"},"population":24,"osm_type":"node","osm_id":3299618673,"type":"hamlet","location":[-174.0850095,-18.7201895],"bbox":[-174.1050095,-18.7401895,-174.0650095,-18.7001895]}
{"name":"Lofanga","display_name":"Lofanga, Vahe 'Uiha, Haʻapai, Tonga","address":{"hamlet":"Lofanga","state_district":"Vahe 'Uiha","state":"Haʻapai","ISO3166-2-lvl4":"TO-02","country":"Tonga","country_code":"to"},"population":120,"osm_type":"node","osm_id":3176227854,"type":"hamlet","location":[-174.5530853,-19.8248137],"bbox":[-174.5730853,-19.8448137,-174.5330853,-19.8048137]}
{"name":"Lomaiviti","display_name":"Lomaiviti, Tokomololo, Vahe Vaini, Tongatapu, Tonga","address":{"hamlet":"Lomaiviti","town":"Tokomololo","state_district":"Vahe Vaini","state":"Tongatapu","ISO3166-2-lvl4":"TO-04","country":"Tonga","country_code":"to"},"osm_type":"node","osm_id":3174514186,"type":"hamlet","location":[-175.2576167,-21.168927],"bbox":[-175.2776167,-21.188927,-175.2376167,-21.148927]}
{"name":"Longolongo","display_name":"Longolongo, Haveluloto, Vahe Kolomotu'a, Tongatapu, Tonga","address":{"hamlet":"Longolongo","town":"Haveluloto","state_district":"Vahe Kolomotu'a","state":"Tongatapu","ISO3166-2-lvl4":"TO-04","country":"Tonga","country_code":"to"},"osm_type":"node","osm_id":3123441521,"type":"hamlet","location":[-175.2123905,-21.1384989],"bbox":[-175.2323905,-21.1584989,-175.1923905,-21.1184989]}
{"name":"Lotoha'apai","display_name":"Lotoha'apai, Veitongo, Vahe Vaini, Tongatapu, Tonga","address":{"hamlet":"Lotoha'apai","town":"Veitongo","state_district":"Vahe Vaini","state":"Tongatapu","ISO3166-2-lvl4":"TO-04","country":"Tonga","country_code":"to"},"osm_type":"node","osm_id":3240511279,"type":"hamlet","location":[-175.2157557,-21.1850304],"bbox":[-175.2357557,-21.2050304,-175.1957557,-21.1650304]}
{"name":"Makapaea","display_name":"Makapaea, Vahe Vaini, Tongatapu, Tonga","address":{"hamlet":"Makapaea","state_district":"Vahe Vaini","state":"Tongatapu","ISO3166-2-lvl4":"TO-04","country":"Tonga","country_code":"to"},"osm_type":"node","osm_id":3173231086,"type":"hamlet","location":[-175.2862915,-21.155095],"bbox":[-175.3062915,-21.175095,-175.2662915,-21.135095]}
{"name":"Mangia","display_name":"Mangia, Vahe Ha'alaufuli, Vavaʻu, Tonga","address":{"hamlet":"Mangia","state_district":"Vahe Ha'alaufuli","state":"Vavaʻu","ISO3166-2-lvl4":"TO-05","country":"Tonga","country_code":"to"},"population":104,"osm_type":"node","osm_id":2611844623,"type":"hamlet","location":[-173.9549483,-18.6252972],"bbox":[-173.9749483,-18.6452972,-173.9349483,-18.6052972]}
{"name":"Masilamea","display_name":"Masilamea, Te'ekiu, Vahe Hihifo, Tongatapu, Tonga","address":{"hamlet":"Masilamea","village":"Te'ekiu","state_district":"Vahe Hihifo","state":"Tongatapu","ISO3166-2-lvl4":"TO-04","country":"Tonga","country_code":"to"},"population":243,"osm_type":"node","osm_id":3173231088,"type":"hamlet","location":[-175.3255194,-21.1242964],"bbox":[-175.3455194,-21.1442964,-175.3055194,-21.1042964]}
{"name":"Mata'aho","display_name":"Mata'aho, Vahe Niuafo'ou, Ongo Niua, Tonga","address":{"hamlet":"Mata'aho","state_district":"Vahe Niuafo'ou","state":"Ongo Niua","ISO3166-2-lvl4":"TO-03","country":"Tonga","country_code":"to"},"population":23,"osm_type":"node","osm_id":3329701498,"type":"hamlet","location":[-175.6154462,-15.5837454],"bbox":[-175.6354462,-15.6037454,-175.5954462,-15.5637454]}
{"name":"Matafonua","display_name":"Matafonua, Fatai, Vahe Nukunuku, Tongatapu, Tonga","address":{"hamlet":"Matafonua","village":"Fatai","state_district":"Vahe Nukunuku","state":"Tongatapu","ISO3166-2-lvl4":"TO-04","country":"Tonga","country_code":"to"},"population":171,"osm_type":"node","osm_id":3173231080,"type":"hamlet","location":[-175.2799693,-21.1331408],"bbox":[-175.2999693,-21.1531408,-175.2599693,-21.1131408]}
{"name":"Mataika","display_name":"Mataika, Nukuʻalofa, Vahe Kolofo'ou, Tongatapu, Tonga","address":{"hamlet":"Mataika","city":"Nukuʻalofa","state_district":"Vahe Kolofo'ou","state":"Tongatapu","ISO3166-2-lvl4":"TO-04","country":"Tonga","country_code":"to"},"osm_type":"node","osm_id":3123441530,"type":"hamlet","location":[-175.1967225,-21.1498701],"bbox":[-175.2167225,-21.1698701,-175.1767225,-21.1298701]}
{"name":"Mataliku","display_name":"Mataliku, Tokomololo, 'Ene 'Afio, Vahe Vaini, Tongatapu, Tonga","address":{"hamlet":"Mataliku","town":"Tokomololo","municipality":"'Ene 'Afio","state_district":"Vahe Vaini","state":"Tongatapu","ISO3166-2-lvl4":"TO-04","country":"Tonga","country_code":"to"},"osm_type":"node","osm_id":3187994975,"type":"hamlet","location":[-175.2487608,-21.1739764],"bbox":[-175.2687608,-21.1939764,-175.2287608,-21.1539764]}
{"name":"Matamaka","display_name":"Matamaka, Nuapapu, Vahe Motu, Vavaʻu, Tonga","address":{"hamlet":"Matamaka","village":"Nuapapu","state_district":"Vahe Motu","state":"Vavaʻu","ISO3166-2-lvl4":"TO-05","country":"Tonga","country_code":"to"},"population":147,"osm_type":"node","osm_id":3165944350,"type":"hamlet","location":[-174.0665996,-18.7128322],"bbox":[-174.0865996,-18.7328322,-174.0465996,-18.6928322]}
{"name":"Matangiake","display_name":"Matangiake, Vahe Vaini, Tongatapu, Tonga","address":{"hamlet":"Matangiake","state_district":"Vahe Vaini","state":"Tongatapu","ISO3166-2-lvl4":"TO-04","country":"Tonga","country_code":"to"},"osm_type":"node","osm_id":3173231085,"type":"hamlet","location":[-175.2728947,-21.1646101],"bbox":[-175.2928947,-21.1846101,-175.2528947,-21.1446101]}
{"name":"Matavai","display_name":"Matavai, Pule'anga, Vahe Niuatoputapu, Ongo Niua, Tonga","address":{"hamlet":"Matavai","municipality":"Pule'anga","state_district":"Vahe Niuatoputapu","state":"Ongo Niua","ISO3166-2-lvl4":"TO-03","country":"Tonga","country_code":"to"},"osm_type":"node","osm_id":3076157294,"type":"hamlet","location":[-173.7926304,-15.9630353],"bbox":[-173.8126304,-15.9830353,-173.7726304,-15.9430353]}
{"name":"Matavaimo'ui","display_name":"Matavaimo'ui, Haveluloto, Vahe Kolomotu'a, Tongatapu, Tonga","address":{"hamlet":"Matavaimo'ui","town":"Haveluloto","state_district":"Vahe Kolomotu'a","state":"Tongatapu","ISO3166-2-lvl4":"TO-04","country":"Tonga","country_code":"to"},"osm_type":"node","osm_id":3840210706,"type":"hamlet","location":[-175.2072879,-21.1313665],"bbox":[-175.2272879,-21.1513665,-175.1872879,-21.1113665]}
{"name":"Mo'unga'one","display_name":"Mo'unga'one, Vahe Ha'ano, Haʻapai, Tonga","address":{"hamlet":"Mo'unga'one","state_district":"Vahe Ha'ano","state":"Haʻapai","ISO3166-2-lvl4":"TO-02","country":"Tonga","country_code":"to"},"population":92,"osm_type":"node","osm_id":3176187516,"type":"hamlet","location":[-174.4837635,-19.6387629],"bbox":[-174.5037635,-19.6587629,-174.4637635,-19.6187629]}
{"name":"Mu'a","display_name":"Mu'a, 'Eua Fo'ou, Vahe 'Eua, ʻEua, Tonga","address":{"hamlet":"Mu'a","town":"'Eua Fo'ou","state_district":"Vahe 'Eua","state":"ʻEua","ISO3166-2-lvl4":"TO-01","country":"Tonga","country_code":"to"},"population":174,"osm_type":"way","osm_id":306498428,"type":"hamlet","location":[-174.95436471693523,-21.38258475],"bbox":[-174.9564066,-21.3834715,-174.9523308,-21.3813225]}
{"name":"Mu'a","display_name":"Mu'a, Tatakamotonga, Vahe Tatakamotonga, Tongatapu, Tonga","address":{"hamlet":"Mu'a","town":"Tatakamotonga","state_district":"Vahe Tatakamotonga","state":"Tongatapu","ISO3166-2-lvl4":"TO-04","country":"Tonga","country_code":"to"},"osm_type":"node","osm_id":3255868009,"type":"hamlet","location":[-175.1221713,-21.1842075],"bbox":[-175.1421713,-21.2042075,-175.1021713,-21.1642075]}
{"name":"Mu'a","display_name":"Mu'a, Vahe Niuafo'ou, Ongo Niua, Tonga","address":{"hamlet":"Mu'a","state_district":"Vahe Niuafo'ou","state":"Ongo Niua","ISO3166-2-lvl4":"TO-03","country":"Tonga","country_code":"to"},"population":29,"osm_type":"node","osm_id":3074745323,"type":"hamlet","location":[-175.6086816,-15.6035217],"bbox":[-175.6286816,-15.6235217,-175.5886816,-15.5835217]}
{"name":"Muitoa","display_name":"Muitoa, Vahe Ha'ano, Haʻapai, Tonga","address":{"hamlet":"Muitoa","state_district":"Vahe Ha'ano","state":"Haʻapai","ISO3166-2-lvl4":"TO-02","country":"Tonga","country_code":"to"},"population":37,"osm_type":"node","osm_id":2988194117,"type":"hamlet","location":[-174.2958369,-19.6516945],"bbox":[-174.3158369,-19.6716945,-174.2758369,-19.6316945]}
{"name":"Neiafutahi","display_name":"Neiafutahi, Neiafu, Vahe Neiafu, Vavaʻu, Tonga","address":{"hamlet":"Neiafutahi","town":"Neiafu","state_district":"Vahe Neiafu","state":"Vavaʻu","ISO3166-2-lvl4":"TO-05","country":"Tonga","country_code":"to"},"osm_type":"node","osm_id":3134793786,"type":"hamlet","location":[-173.9774175,-18.6523716],"bbox":[-173.9974175,-18.6723716,-173.9574175,-18.6323716]}
{"name":"Nga'unoho","other_names":{"name:en":"Nga'unoho","alt_name":"Talihau"},"display_name":"Nga'unoho, Vahe Pangai, Vavaʻu, Tonga","address":{"hamlet":"Nga'unoho","state_district":"Vahe Pangai","state":"Vavaʻu","ISO3166-2-lvl4":"TO-05","country":"Tonga","country_code":"to"},"population":218,"osm_type":"node","osm_id":2611079267,"type":"hamlet","location":[-174.0199846,-18.6857557],"bbox":[-174.0399846,-18.7057557,-173.9999846,-18.6657557]}
{"name":"Ngele'ia","display_name":"Ngele'ia, Nukuʻalofa, Vahe Kolofo'ou, Tongatapu, Tonga","address":{"hamlet":"Ngele'ia","city":"Nukuʻalofa","state_district":"Vahe Kolofo'ou","state":"Tongatapu","ISO3166-2-lvl4":"TO-04","country":"Tonga","country_code":"to"},"osm_type":"node","osm_id":3123441529,"type":"hamlet","location":[-175.196744,-21.1442277],"bbox":[-175.216744,-21.1642277,-175.176744,-21.1242277]}
{"name":"Niponi","display_name":"Niponi, Neiafu, Vahe Neiafu, Vavaʻu, Tonga","address":{"hamlet":"Niponi","town":"Neiafu","state_district":"Vahe Neiafu","state":"Vavaʻu","ISO3166-2-lvl4":"TO-05","country":"Tonga","country_code":"to"},"osm_type":"node","osm_id":3463248582,"type":"hamlet","location":[-173.9708921,-18.6498384],"bbox":[-173.9908921,-18.6698384,-173.9508921,-18.6298384]}
{"name":"Niu a Kalo","display_name":"Niu a Kalo, Pangai, Vahe Lifuka, Haʻapai, Tonga","address":{"hamlet":"Niu a Kalo","town":"Pangai","state_district":"Vahe Lifuka","state":"Haʻapai","ISO3166-2-lvl4":"TO-02","country":"Tonga","country_code":"to"},"osm_type":"node","osm_id":3136315848,"type":"hamlet","location":[-174.3461876,-19.7905079],"bbox":[-174.3661876,-19.8105079,-174.3261876,-19.7705079]}
{"name":"Niumate","display_name":"Niumate, Nukunuku, Vahe Nukunuku, Tongatapu, Tonga","address":{"hamlet":"Niumate","town":"Nukunuku","state_district":"Vahe Nukunuku","state":"Tongatapu","ISO3166-2-lvl4":"TO-04","country":"Tonga","country_code":"to"},"osm_type":"node","osm_id":3313270242,"type":"hamlet","location":[-175.2913074,-21.1480144],"bbox":[-175.3113074,-21.1680144,-175.2713074,-21.1280144]}
{"name":"Nualei","display_name":"Nualei, Vainī, Vahe Vaini, Tongatapu, Tonga","address":{"hamlet":"Nualei","town":"Vainī","state_district":"Vahe Vaini","state":"Tongatapu","ISO3166-2-lvl4":"TO-04","country":"Tonga","country_code":"to"},"osm_type":"node","osm_id":3240510710,"type":"hamlet","location":[-175.1945009,-21.18844],"bbox":[-175.2145009,-21.20844,-175.1745009,-21.16844]}
{"name":"Ofu","display_name":"Ofu, Vahe Neiafu, Vavaʻu, Tonga","address":{"hamlet":"Ofu","state_district":"Vahe Neiafu","state":"Vavaʻu","ISO3166-2-lvl4":"TO-05","country":"Tonga","country_code":"to"},"population":161,"osm_type":"node","osm_id":3299618674,"type":"hamlet","location":[-173.9585075,-18.6948537],"bbox":[-173.9785075,-18.7148537,-173.9385075,-18.6748537]}
{"name":"Okoa","display_name":"Okoa, 'Utui, Vahe Neiafu, Vavaʻu, Tonga","address":{"hamlet":"Okoa","village":"'Utui","state_district":"Vahe Neiafu","state":"Vavaʻu","ISO3166-2-lvl4":"TO-05","country":"Tonga","country_code":"to"},"population":266,"osm_type":"node","osm_id":2611844624,"type":"hamlet","location":[-173.9502951,-18.6522396],"bbox":[-173.9702951,-18.6722396,-173.9302951,-18.6322396]}
{"name":"Pahu","display_name":"Pahu, Nukuʻalofa, Vahe Kolofo'ou, Tongatapu, Tonga","address":{"hamlet":"Pahu","city":"Nukuʻalofa","state_district":"Vahe Kolofo'ou","state":"Tongatapu","ISO3166-2-lvl4":"TO-04","country":"Tonga","country_code":"to"},"osm_type":"node","osm_id":3123441525,"type":"hamlet","location":[-175.2028595,-21.144668],"bbox":[-175.2228595,-21.164668,-175.1828595,-21.124668]}
{"name":"Patangata","display_name":"Patangata, Tukutonga, Vahe Kolofo'ou, Tongatapu, Tonga","address":{"hamlet":"Patangata","village":"Tukutonga","state_district":"Vahe Kolofo'ou","state":"Tongatapu","ISO3166-2-lvl4":"TO-04","country":"Tonga","country_code":"to"},"osm_type":"node","osm_id":3285371163,"type":"hamlet","location":[-175.1539486,-21.1395414],"bbox":[-175.1739486,-21.1595414,-175.1339486,-21.1195414]}
{"name":"Petani","display_name":"Petani, Vahe Niuafo'ou, Ongo Niua, Tonga","address":{"hamlet":"Petani","state_district":"Vahe Niuafo'ou","state":"Ongo Niua","ISO3166-2-lvl4":"TO-03","country":"Tonga","country_code":"to"},"population":68,"osm_type":"node","osm_id":3333271793,"type":"hamlet","location":[-175.6175601,-15.6240532],"bbox":[-175.6375601,-15.6440532,-175.5975601,-15.6040532]}
{"name":"Pili","display_name":"Pili, Nukuʻalofa, Vahe Kolofo'ou, Tongatapu, Tonga","address":{"hamlet":"Pili","city":"Nukuʻalofa","state_district":"Vahe Kolofo'ou","state":"Tongatapu","ISO3166-2-lvl4":"TO-04","country":"Tonga","country_code":"to"},"osm_type":"node","osm_id":3123441531,"type":"hamlet","location":[-175.1921521,-21.1476499],"bbox":[-175.2121521,-21.1676499,-175.1721521,-21.1276499]}
{"name":"Poutaha","display_name":"Poutaha, Tofoa, Vahe Kolomotu'a, Tongatapu, Tonga","address":{"hamlet":"Poutaha","town":"Tofoa","state_district":"Vahe Kolomotu'a","state":"Tongatapu","ISO3166-2-lvl4":"TO-04","country":"Tonga","country_code":"to"},"osm_type":"node","osm_id":3456887949,"type":"hamlet","location":[-175.2304516,-21.1609988],"bbox":[-175.2504516,-21.1809988,-175.2104516,-21.1409988]}
{"name":"Pukotala","display_name":"Pukotala, Vahe Ha'ano, Haʻapai, Tonga","address":{"hamlet":"Pukotala","state_district":"Vahe Ha'ano","state":"Haʻapai","ISO3166-2-lvl4":"TO-02","country":"Tonga","country_code":"to"},"population":91,"osm_type":"node","osm_id":2988194126,"type":"hamlet","location":[-174.2816151,-19.6786538],"bbox":[-174.3016151,-19.6986538,-174.2616151,-19.6586538]}
{"name":"Sailoame","display_name":"Sailoame, Neiafu, Vahe Neiafu, Vavaʻu, Tonga","address":{"hamlet":"Sailoame","town":"Neiafu","state_district":"Vahe Neiafu","state":"Vavaʻu","ISO3166-2-lvl4":"TO-05","country":"Tonga","country_code":"to"},"osm_type":"node","osm_id":3134793779,"type":"hamlet","location":[-173.9808568,-18.6487496],"bbox":[-174.0008568,-18.6687496,-173.9608568,-18.6287496]}
{"name":"Sapa'ata","display_name":"Sapa'ata, 'Esia, Vahe Niuafo'ou, Ongo Niua, Tonga","address":{"hamlet":"Sapa'ata","village":"'Esia","state_district":"Vahe Niuafo'ou","state":"Ongo Niua","ISO3166-2-lvl4":"TO-03","country":"Tonga","country_code":"to"},"population":106,"osm_type":"node","osm_id":3329701499,"type":"hamlet","location":[-175.6279897,-15.5743248],"bbox":[-175.6479897,-15.5943248,-175.6079897,-15.5543248]}
{"name":"Sapa'ata","display_name":"Sapa'ata, 'Eua Fo'ou, Vahe 'Eua, ʻEua, Tonga","address":{"hamlet":"Sapa'ata","town":"'Eua Fo'ou","state_district":"Vahe 'Eua","state":"ʻEua","ISO3166-2-lvl4":"TO-01","country":"Tonga","country_code":"to"},"population":150,"osm_type":"way","osm_id":306488587,"type":"hamlet","location":[-174.95580128467873,-21.3744884],"bbox":[-174.9581128,-21.3769021,-174.9535234,-21.3719324]}
{"name":"Siesia","display_name":"Siesia, Popua, Vahe Kolofo'ou, Tongatapu, Tonga","address":{"hamlet":"Siesia","town":"Popua","state_district":"Vahe Kolofo'ou","state":"Tongatapu","ISO3166-2-lvl4":"TO-04","country":"Tonga","country_code":"to"},"population":28,"osm_type":"node","osm_id":3210228450,"type":"hamlet","location":[-175.1512107,-21.1391308],"bbox":[-175.1712107,-21.1591308,-175.1312107,-21.1191308]}
{"name":"Small Industries Centre","display_name":"Small Industries Centre, Nukuʻalofa, Vahe Kolofo'ou, Tongatapu, Tonga","address":{"hamlet":"Small Industries Centre","city":"Nukuʻalofa","state_district":"Vahe Kolofo'ou","state":"Tongatapu","ISO3166-2-lvl4":"TO-04","country":"Tonga","country_code":"to"},"osm_type":"node","osm_id":3123441534,"type":"hamlet","location":[-175.1817237,-21.1525929],"bbox":[-175.2017237,-21.1725929,-175.1617237,-21.1325929]}
{"name":"Sopu 'o Tāufa'ahāu","display_name":"Sopu 'o Tāufa'ahāu, Haveluloto, Vahe Kolomotu'a, Tongatapu, Tonga","address":{"hamlet":"Sopu 'o Tāufa'ahāu","town":"Haveluloto","state_district":"Vahe Kolomotu'a","state":"Tongatapu","ISO3166-2-lvl4":"TO-04","country":"Tonga","country_code":"to"},"osm_type":"node","osm_id":3123441518,"type":"hamlet","location":[-175.21859,-21.1266967],"bbox":[-175.23859,-21.1466967,-175.19859,-21.1066967]}
{"name":"Ta'anga","display_name":"Ta'anga, ʻOhonua, Vahe 'Eua, ʻEua, Tonga","address":{"hamlet":"Ta'anga","town":"ʻOhonua","state_district":"Vahe 'Eua","state":"ʻEua","ISO3166-2-lvl4":"TO-01","country":"Tonga","country_code":"to"},"osm_type":"node","osm_id":3215509565,"type":"hamlet","location":[-174.9501795,-21.3389921],"bbox":[-174.9701795,-21.3589921,-174.9301795,-21.3189921]}
{"name":"Tafahi","display_name":"Tafahi, Pule'anga, Vahe Niuatoputapu, Ongo Niua, Tonga","address":{"hamlet":"Tafahi","municipality":"Pule'anga","state_district":"Vahe Niuatoputapu","state":"Ongo Niua","ISO3166-2-lvl4":"TO-03","country":"Tonga","country_code":"to"},"population":43,"osm_type":"node","osm_id":3392272544,"type":"hamlet","location":[-173.751653,-15.8406538],"bbox":[-173.771653,-15.8606538,-173.731653,-15.8206538]}
{"name":"Talau","display_name":"Talau, Neiafu, Vahe Neiafu, Vavaʻu, Tonga","address":{"hamlet":"Talau","town":"Neiafu","state_district":"Vahe Neiafu","state":"Vavaʻu","ISO3166-2-lvl4":"TO-05","country":"Tonga","country_code":"to"},"osm_type":"node","osm_id":3134793778,"type":"hamlet","location":[-173.9862314,-18.6498755],"bbox":[-174.0062314,-18.6698755,-173.9662314,-18.6298755]}
{"name":"Tamata'epele","display_name":"Tamata'epele, Lotofoa, Vahe Foa, Haʻapai, Tonga","address":{"hamlet":"Tamata'epele","village":"Lotofoa","state_district":"Vahe Foa","state":"Haʻapai","ISO3166-2-lvl4":"TO-02","country":"Tonga","country_code":"to"},"osm_type":"node","osm_id":3136315846,"type":"hamlet","location":[-174.3137738,-19.7439769],"bbox":[-174.3337738,-19.7639769,-174.2937738,-19.7239769]}
{"name":"Tapuhia","display_name":"Tapuhia, Vainī, Vahe Vaini, Tongatapu, Tonga","address":{"hamlet":"Tapuhia","town":"Vainī","state_district":"Vahe Vaini","state":"Tongatapu","ISO3166-2-lvl4":"TO-04","country":"Tonga","country_code":"to"},"osm_type":"node","osm_id":3408044631,"type":"hamlet","location":[-175.1857814,-21.1899206],"bbox":[-175.2057814,-21.2099206,-175.1657814,-21.1699206]}
{"name":"Taunga","display_name":"Taunga, Vahe Motu, Vavaʻu, Tonga","address":{"hamlet":"Taunga","state_district":"Vahe Motu","state":"Vavaʻu","ISO3166-2-lvl4":"TO-05","country":"Tonga","country_code":"to"},"population":39,"osm_type":"node","osm_id":3165944349,"type":"hamlet","location":[-174.0126105,-18.7438119],"bbox":[-174.0326105,-18.7638119,-173.9926105,-18.7238119]}
{"name":"Tongama","display_name":"Tongama, Tokomololo, Vahe Vaini, Tongatapu, Tonga","address":{"hamlet":"Tongama","town":"Tokomololo","state_district":"Vahe Vaini","state":"Tongatapu","ISO3166-2-lvl4":"TO-04","country":"Tonga","country_code":"to"},"osm_type":"node","osm_id":3598194190,"type":"hamlet","location":[-175.256567,-21.1497733],"bbox":[-175.276567,-21.1697733,-175.236567,-21.1297733]}
{"name":"Tongamama'o","display_name":"Tongamama'o, 'Eua Fo'ou, Vahe 'Eua, ʻEua, Tonga","address":{"hamlet":"Tongamama'o","town":"'Eua Fo'ou","state_district":"Vahe 'Eua","state":"ʻEua","ISO3166-2-lvl4":"TO-01","country":"Tonga","country_code":"to"},"population":158,"osm_type":"way","osm_id":306498432,"type":"hamlet","location":[-174.95357638561404,-21.38453405],"bbox":[-174.9552423,-21.3860075,-174.9519875,-21.3829392]}
{"name":"Tongamama'o","display_name":"Tongamama'o, Vahe Niuafo'ou, Ongo Niua, Tonga","address":{"hamlet":"Tongamama'o","state_district":"Vahe Niuafo'ou","state":"Ongo Niua","ISO3166-2-lvl4":"TO-03","country":"Tonga","country_code":"to"},"population":49,"osm_type":"node","osm_id":3333271794,"type":"hamlet","location":[-175.6122816,-15.6209539],"bbox":[-175.6322816,-15.6409539,-175.5922816,-15.6009539]}
{"name":"Tongata'eapa","display_name":"Tongata'eapa, Haveluloto, Vahe Kolomotu'a, Tongatapu, Tonga","address":{"hamlet":"Tongata'eapa","town":"Haveluloto","state_district":"Vahe Kolomotu'a","state":"Tongatapu","ISO3166-2-lvl4":"TO-04","country":"Tonga","country_code":"to"},"osm_type":"node","osm_id":3123441516,"type":"hamlet","location":[-175.2090822,-21.1294173],"bbox":[-175.2290822,-21.1494173,-175.1890822,-21.1094173]}
{"name":"Touliki","display_name":"Touliki, Nukuʻalofa, Vahe Kolofo'ou, Tongatapu, Tonga","address":{"hamlet":"Touliki","city":"Nukuʻalofa","state_district":"Vahe Kolofo'ou","state":"Tongatapu","ISO3166-2-lvl4":"TO-04","country":"Tonga","country_code":"to"},"osm_type":"node","osm_id":3456887957,"type":"hamlet","location":[-175.1734425,-21.1417323],"bbox":[-175.1934425,-21.1617323,-175.1534425,-21.1217323]}
{"name":"Tu'akātakilangi","display_name":"Tu'akātakilangi, Haveluloto, Vahe Kolomotu'a, Tongatapu, Tonga","address":{"hamlet":"Tu'akātakilangi","town":"Haveluloto","state_district":"Vahe Kolomotu'a","state":"Tongatapu","ISO3166-2-lvl4":"TO-04","country":"Tonga","country_code":"to"},"osm_type":"node","osm_id":3123434015,"type":"hamlet","location":[-175.2190088,-21.1392981],"bbox":[-175.2390088,-21.1592981,-175.1990088,-21.1192981]}
{"name":"Tu'anuku","display_name":"Tu'anuku, Vahe Hihifo, Vavaʻu, Tonga","address":{"hamlet":"Tu'anuku","state_district":"Vahe Hihifo","state":"Vavaʻu","ISO3166-2-lvl4":"TO-05","country":"Tonga","country_code":"to"},"population":313,"osm_type":"node","osm_id":2611844809,"type":"hamlet","location":[-174.0307845,-18.6642146],"bbox":[-174.0507845,-18.6842146,-174.0107845,-18.6442146]}
{"name":"Tufuenga","display_name":"Tufuenga, Haveluloto, Vahe Kolomotu'a, Tongatapu, Tonga","address":{"hamlet":"Tufuenga","town":"Haveluloto","state_district":"Vahe Kolomotu'a","state":"Tongatapu","ISO3166-2-lvl4":"TO-04","country":"Tonga","country_code":"to"},"osm_type":"node","osm_id":3123441517,"type":"hamlet","location":[-175.2106472,-21.1334057],"bbox":[-175.2306472,-21.1534057,-175.1906472,-21.1134057]}
{"name":"Tufuvai","display_name":"Tufuvai, 'Eua Fo'ou, Vahe 'Eua, ʻEua, Tonga","address":{"hamlet":"Tufuvai","town":"'Eua Fo'ou","state_district":"Vahe 'Eua","state":"ʻEua","ISO3166-2-lvl4":"TO-01","country":"Tonga","country_code":"to"},"population":231,"osm_type":"node","osm_id":3215509567,"type":"hamlet","location":[-174.9667095,-21.3613908],"bbox":[-174.9867095,-21.3813908,-174.9467095,-21.3413908]}
{"name":"Vaimalo","display_name":"Vaimalo, Tefisi, Vahe Hihifo, Vavaʻu, Tonga","address":{"hamlet":"Vaimalo","village":"Tefisi","state_district":"Vahe Hihifo","state":"Vavaʻu","ISO3166-2-lvl4":"TO-05","country":"Tonga","country_code":"to"},"population":95,"osm_type":"node","osm_id":3164247873,"type":"hamlet","location":[-174.004133,-18.6392544],"bbox":[-174.024133,-18.6592544,-173.984133,-18.6192544]}
{"name":"Vaipoa","display_name":"Vaipoa, Ma'atu, Vahe Niuatoputapu, Ongo Niua, Tonga","address":{"hamlet":"Vaipoa","municipality":"Ma'atu","state_district":"Vahe Niuatoputapu","state":"Ongo Niua","ISO3166-2-lvl4":"TO-03","country":"Tonga","country_code":"to"},"population":201,"osm_type":"node","osm_id":3362830133,"type":"hamlet","location":[-173.7821805,-15.9476668],"bbox":[-173.8021805,-15.9676668,-173.7621805,-15.9276668]}
{"name":"Vaipoafo'ou","display_name":"Vaipoafo'ou, Ma'atu, Vahe Niuatoputapu, Ongo Niua, Tonga","address":{"hamlet":"Vaipoafo'ou","municipality":"Ma'atu","state_district":"Vahe Niuatoputapu","state":"Ongo Niua","ISO3166-2-lvl4":"TO-03","country":"Tonga","country_code":"to"},"osm_type":"node","osm_id":3362830134,"type":"hamlet","location":[-173.7841941,-15.950156],"bbox":[-173.8041941,-15.970156,-173.7641941,-15.930156]}
{"name":"Vaitaki","display_name":"Vaitaki, Ha'atu'a, Vahe 'Eua, ʻEua, Tonga","address":{"hamlet":"Vaitaki","village":"Ha'atu'a","state_district":"Vahe 'Eua","state":"ʻEua","ISO3166-2-lvl4":"TO-01","country":"Tonga","country_code":"to"},"osm_type":"node","osm_id":3359182608,"type":"hamlet","location":[-174.9510686,-21.3875784],"bbox":[-174.9710686,-21.4075784,-174.9310686,-21.3675784]}
{"name":"Vaolōloa","display_name":"Vaolōloa, Haveluloto, Vahe Kolomotu'a, Tongatapu, Tonga","address":{"hamlet":"Vaolōloa","town":"Haveluloto","state_district":"Vahe Kolomotu'a","state":"Tongatapu","ISO3166-2-lvl4":"TO-04","country":"Tonga","country_code":"to"},"osm_type":"node","osm_id":3123441522,"type":"hamlet","location":[-175.2143179,-21.141646],"bbox":[-175.2343179,-21.161646,-175.1943179,-21.121646]}
