{"name":"Abim","display_name":"Abim, Labwor, Abim, Northern Region, Uganda","address":{"town":"Abim","county":"Labwor","state":"Abim","ISO3166-2-lvl4":"UG-314","ISO3166-2-lvl3":"UG-N","country":"Uganda","country_code":"ug"},"osm_type":"node","osm_id":2903312081,"type":"town","location":[33.6637951,2.7161309],"bbox":[33.6237951,2.6761309,33.7037951,2.7561309]}
{"name":"Achol-Pii","display_name":"Achol-Pii, Agago, Northern Region, Uganda","address":{"town":"Achol-Pii","state":"Agago","ISO3166-2-lvl4":"UG-322","ISO3166-2-lvl3":"UG-N","country":"Uganda","country_code":"ug"},"osm_type":"node","osm_id":4240233977,"type":"town","location":[33.1245827,2.6581302],"bbox":[33.0845827,2.6181302,33.1645827,2.6981302]}
{"name":"Adjumani","other_names":{"name:ru":"Аджумани"},"display_name":"Adjumani, Northern Region, Uganda","address":{"town":"Adjumani","state":"Adjumani","ISO3166-2-lvl4":"UG-301","ISO3166-2-lvl3":"UG-N","country":"Uganda","country_code":"ug"},"osm_type":"node","osm_id":1763348001,"type":"town","location":[31.7905912,3.3769442],"bbox":[31.7505912,3.3369442,31.8305912,3.4169442]}
{"name":"Agago","display_name":"Agago, Northern Region, Uganda","address":{"town":"Agago","state":"Agago","ISO3166-2-lvl4":"UG-322","ISO3166-2-lvl3":"UG-N","country":"Uganda","country_code":"ug"},"osm_type":"node","osm_id":2912552688,"type":"town","location":[33.34,2.833056],"bbox":[33.3,2.793056,33.38,2.873056]}
{"name":"Agweng Town Council","display_name":"Agweng Town Council, Lira District, Northern Region, Uganda","address":{"town":"Agweng Town Council","state":"Lira District","ISO3166-2-lvl4":"UG-307","ISO3166-2-lvl3":"UG-N","country":"Uganda","country_code":"ug"},"osm_type":"way","osm_id":388487170,"type":"town","location":[32.93483431812883,2.4864618],"bbox":[32.9328508,2.4820028,32.939036,2.4912477]}
{"name":"Akademothy","display_name":"Akademothy, Kotido, Northern Region, Uganda","address":{"town":"Akademothy","state":"Kotido","ISO3166-2-lvl4":"UG-306","ISO3166-2-lvl3":"UG-N","country":"Uganda","country_code":"ug"},"osm_type":"node","osm_id":1818512598,"type":"town","location":[34.1851064,2.976311],"bbox":[34.1451064,2.936311,34.2251064,3.016311]}
{"name":"Amudat","display_name":"Amudat, Northern Region, Uganda","address":{"town":"Amudat","state":"Amudat","ISO3166-2-lvl4":"UG-324","ISO3166-2-lvl3":"UG-N","country":"Uganda","country_code":"ug"},"osm_type":"node","osm_id":4000176308,"type":"town","location":[34.9457755,1.953842],"bbox":[34.9057755,1.913842,34.9857755,1.993842]}
{"name":"Amuria","display_name":"Amuria, Eastern Region, Uganda","address":{"town":"Amuria","state":"Amuria","ISO3166-2-lvl4":"UG-216","region":"Eastern Region","ISO3166-2-lvl3":"UG-E","country":"Uganda","country_code":"ug"},"osm_type":"node","osm_id":302685419,"type":"town","location":[33.6448462,2.032565],"bbox":[33.6048462,1.992565,33.6848462,2.072565]}
{"name":"Amuru","display_name":"Amuru, Northern Region, Uganda","address":{"town":"Amuru","state":"Amuru","ISO3166-2-lvl4":"UG-316","ISO3166-2-lvl3":"UG-N","country":"Uganda","country_code":"ug"},"osm_type":"node","osm_id":4808889640,"type":"town","location":[31.9371868,2.814198],"bbox":[31.8971868,2.774198,31.9771868,2.854198]}
{"name":"Anaka","display_name":"Anaka, Nwoya, Northern Region, Uganda","address":{"town":"Anaka","state":"Nwoya","ISO3166-2-lvl4":"UG-328","ISO3166-2-lvl3":"UG-N","country":"Uganda","country_code":"ug"},"osm_type":"node","osm_id":2229100142,"type":"town","location":[31.9472678,2.5988654],"bbox":[31.9072678,2.5588654,31.9872678,2.6388654]}
{"name":"Apac","display_name":"Apac, Northern Region, Uganda","address":{"town":"Apac","state":"Apac","ISO3166-2-lvl4":"UG-302","ISO3166-2-lvl3":"UG-N","country":"Uganda","country_code":"ug"},"population":13700,"osm_type":"node","osm_id":1656035909,"type":"town","location":[32.5342155,1.9847397],"bbox":[32.4942155,1.9447397,32.5742155,2.0247397]}
{"name":"Arua","other_names":{"name:ko":"아루아"},"display_name":"Arua, Arua City, Northern Region, Uganda","address":{"town":"Arua","state":"Northern Region","ISO3166-2-lvl3":"UG-N","country":"Uganda","country_code":"ug"},"population":62657,"osm_type":"node","osm_id":1999485035,"type":"town","location":[30.9104823,3.0225076],"bbox":[30.8704823,2.9825076,30.9504823,3.0625076],"border":{"name":"Arua City","other_names":{"name:ko":"아루아","alt":"Arua"},"display_name":"Arua City, Northern Region, Uganda","address":{"town":"Arua City","state":"Northern Region","ISO3166-2-lvl3":"UG-N","country":"Uganda","country_code":"ug"},"population":62657,"osm_type":"relation","osm_id":18488872,"type":"administrative","location":[30.9104823,3.0225076],"bbox":[30.7679924,2.9625917,31.1245711,3.1380282]}}
{"name":"Atiak","display_name":"Atiak, Amuru, Northern Region, Uganda","address":{"town":"Atiak","state":"Amuru","ISO3166-2-lvl4":"UG-316","ISO3166-2-lvl3":"UG-N","country":"Uganda","country_code":"ug"},"osm_type":"node","osm_id":304818146,"type":"town","location":[32.1236674,3.2588262],"bbox":[32.0836674,3.2188262,32.1636674,3.2988262]}
{"name":"Atutur","display_name":"Atutur, Kumi, Eastern Region, Uganda","address":{"town":"Atutur","state":"Kumi","ISO3166-2-lvl4":"UG-208","region":"Eastern Region","ISO3166-2-lvl3":"UG-E","country":"Uganda","country_code":"ug"},"osm_type":"node","osm_id":1655767165,"type":"town","location":[33.9910496,1.4121093],"bbox":[33.9510496,1.3721093,34.0310496,1.4521093]}
{"name":"Bamunanika","display_name":"Bamunanika, Luweero, Central Region, Uganda","address":{"town":"Bamunanika","state":"Luweero","ISO3166-2-lvl4":"UG-104","ISO3166-2-lvl3":"UG-C","country":"Uganda","country_code":"ug"},"osm_type":"node","osm_id":2229100882,"type":"town","location":[32.60796,0.686682],"bbox":[32.56796,0.646682,32.64796,0.726682]}
{"name":"Biira","display_name":"Biira, Wakiso, Central Region, Uganda","address":{"town":"Biira","state":"Wakiso","ISO3166-2-lvl4":"UG-113","ISO3166-2-lvl3":"UG-C","country":"Uganda","country_code":"ug"},"osm_type":"node","osm_id":3713786985,"type":"town","location":[32.5090504,0.3373452],"bbox":[32.4690504,0.2973452,32.5490504,0.3773452]}
{"name":"Bombo","other_names":{"name:ru":"Бомбо"},"display_name":"Bombo, Luweero, Central Region, Uganda","address":{"town":"Bombo","state":"Luweero","ISO3166-2-lvl4":"UG-104","ISO3166-2-lvl3":"UG-C","country":"Uganda","country_code":"ug"},"population":26370,"osm_type":"node","osm_id":3533063859,"type":"town","location":[32.5370142,0.5770175],"bbox":[32.4970142,0.5370175,32.5770142,0.6170175]}
{"name":"Bubulo","display_name":"Bubulo, Bugisa sub-region, Manafwa, Eastern Region, Uganda","address":{"town":"Bubulo","county":"Bugisa sub-region","state":"Manafwa","ISO3166-2-lvl4":"UG-223","region":"Eastern Region","ISO3166-2-lvl3":"UG-E","country":"Uganda","country_code":"ug"},"osm_type":"node","osm_id":1420816777,"type":"town","location":[34.2764411,0.9488858],"bbox":[34.2364411,0.9088858,34.3164411,0.9888858]}
{"name":"Bubutu","display_name":"Bubutu, Bugisa sub-region, Namisindwa, Eastern Region, Uganda","address":{"town":"Bubutu","county":"Bugisa sub-region","state":"Namisindwa","ISO3166-2-lvl4":"UG-234","region":"Eastern Region","ISO3166-2-lvl3":"UG-E","country":"Uganda","country_code":"ug"},"osm_type":"node","osm_id":1420813332,"type":"town","location":[34.3247105,0.8145089],"bbox":[34.2847105,0.7745089,34.3647105,0.8545089]}
{"name":"Bubwa","display_name":"Bubwa, Bugisa sub-region, Manafwa, Eastern Region, Uganda","address":{"town":"Bubwa","county":"Bugisa sub-region","state":"Manafwa","ISO3166-2-lvl4":"UG-223","region":"Eastern Region","ISO3166-2-lvl3":"UG-E","country":"Uganda","country_code":"ug"},"osm_type":"node","osm_id":1504093872,"type":"town","location":[34.2964312,0.9613113],"bbox":[34.2564312,0.9213113,34.3364312,1.0013113]}
{"name":"Budaka","display_name":"Budaka, Eastern Region, Uganda","address":{"town":"Budaka","state":"Budaka","ISO3166-2-lvl4":"UG-217","region":"Eastern Region","ISO3166-2-lvl3":"UG-E","country":"Uganda","country_code":"ug"},"population":178900,"osm_type":"node","osm_id":3302462647,"type":"town","location":[33.9490661,1.0158418],"bbox":[33.9090661,0.9758418,33.9890661,1.0558418]}
{"name":"Bugiri","display_name":"Bugiri, Eastern Region, Uganda","address":{"town":"Bugiri","state":"Bugiri","ISO3166-2-lvl4":"UG-201","region":"Eastern Region","ISO3166-2-lvl3":"UG-E","country":"Uganda","country_code":"ug"},"osm_type":"node","osm_id":311733902,"type":"town","location":[33.7518189,0.5651366],"bbox":[33.7118189,0.5251366,33.7918189,0.6051366]}
{"name":"Bugobero","display_name":"Bugobero, Bugisa sub-region, Manafwa, Eastern Region, Uganda","address":{"town":"Bugobero","county":"Bugisa sub-region","state":"Manafwa","ISO3166-2-lvl4":"UG-223","region":"Eastern Region","ISO3166-2-lvl3":"UG-E","country":"Uganda","country_code":"ug"},"osm_type":"node","osm_id":1420813327,"type":"town","location":[34.2637681,0.8921145],"bbox":[34.2237681,0.8521145,34.3037681,0.9321145]}
{"name":"Buhuka","display_name":"Buhuka, Kikuube, Western Region, Uganda","address":{"town":"Buhuka","state":"Kikuube","ISO3166-2-lvl4":"UG-432","ISO3166-2-lvl3":"UG-W","country":"Uganda","country_code":"ug"},"osm_type":"node","osm_id":2229101338,"type":"town","location":[30.7410255,1.2386199],"bbox":[30.7010255,1.1986199,30.7810255,1.2786199]}
{"name":"Bukalasi","display_name":"Bukalasi, Bugisa sub-region, Bududa, Eastern Region, Uganda","address":{"town":"Bukalasi","county":"Bugisa sub-region","state":"Bududa","ISO3166-2-lvl4":"UG-218","region":"Eastern Region","ISO3166-2-lvl3":"UG-E","country":"Uganda","country_code":"ug"},"osm_type":"node","osm_id":1504093873,"type":"town","location":[34.4022139,1.0067003],"bbox":[34.3622139,0.9667003,34.4422139,1.0467003]}
{"name":"Bukedea","display_name":"Bukedea, Eastern Region, Uganda","address":{"town":"Bukedea","state":"Bukedea","ISO3166-2-lvl4":"UG-219","region":"Eastern Region","ISO3166-2-lvl3":"UG-E","country":"Uganda","country_code":"ug"},"osm_type":"node","osm_id":311727206,"type":"town","location":[34.044521,1.347405],"bbox":[34.004521,1.307405,34.084521,1.387405]}
{"name":"Bukomansimbi","display_name":"Bukomansimbi, Central Region, Uganda","address":{"town":"Bukomansimbi","state":"Bukomansimbi","ISO3166-2-lvl4":"UG-118","ISO3166-2-lvl3":"UG-C","country":"Uganda","country_code":"ug"},"osm_type":"node","osm_id":3983738355,"type":"town","location":[31.6197672,-0.1673291],"bbox":[31.5797672,-0.2073291,31.6597672,-0.1273291]}
{"name":"Bulisa","other_names":{"alt_name":"Buliisa"},"display_name":"Bulisa, Buliisa, Western Region, Uganda","address":{"town":"Bulisa","state":"Buliisa","ISO3166-2-lvl4":"UG-416","ISO3166-2-lvl3":"UG-W","country":"Uganda","country_code":"ug"},"osm_type":"node","osm_id":3355564477,"type":"town","location":[31.4115209,2.1180255],"bbox":[31.3715209,2.0780255,31.4515209,2.1580255]}
{"name":"Bumangi","display_name":"Bumangi, Mugoye, Bujumba, Kalangala, Central Region, Uganda","address":{"town":"Bumangi","county":"Mugoye","state_district":"Bujumba","state":"Kalangala","ISO3166-2-lvl4":"UG-101","ISO3166-2-lvl3":"UG-C","country":"Uganda","country_code":"ug"},"osm_type":"node","osm_id":2229101815,"type":"town","location":[32.2369919,-0.318124],"bbox":[32.1969919,-0.358124,32.2769919,-0.278124]}
{"name":"Bumbo","display_name":"Bumbo, Bugisa sub-region, Namisindwa, Eastern Region, Uganda","address":{"town":"Bumbo","county":"Bugisa sub-region","state":"Namisindwa","ISO3166-2-lvl4":"UG-234","region":"Eastern Region","ISO3166-2-lvl3":"UG-E","country":"Uganda","country_code":"ug"},"osm_type":"node","osm_id":2229101874,"type":"town","location":[34.3977046,0.8610681],"bbox":[34.3577046,0.8210681,34.4377046,0.9010681]}
{"name":"Bunamwaya","display_name":"Bunamwaya, Wakiso, Central Region, Uganda","address":{"town":"Bunamwaya","state":"Wakiso","ISO3166-2-lvl4":"UG-113","ISO3166-2-lvl3":"UG-C","country":"Uganda","country_code":"ug"},"osm_type":"node","osm_id":3911468159,"type":"town","location":[32.5460443,0.2651317],"bbox":[32.5060443,0.2251317,32.5860443,0.3051317]}
{"name":"Bundibugyo","display_name":"Bundibugyo, Bundibugyo Town Council, Bundibugyo, Western Region, Uganda","address":{"town":"Bundibugyo","subcounty":"Bundibugyo Town Council","state":"Bundibugyo","ISO3166-2-lvl4":"UG-401","ISO3166-2-lvl3":"UG-W","country":"Uganda","country_code":"ug"},"osm_type":"node","osm_id":3338197104,"type":"town","location":[30.0638456,0.7074204],"bbox":[30.0238456,0.6674204,30.1038456,0.7474204]}
{"name":"Bupoto Town Council","display_name":"Bupoto Town Council, Bugisa sub-region, Namisindwa, Eastern Region, Uganda","address":{"town":"Bupoto Town Council","county":"Bugisa sub-region","state":"Namisindwa","ISO3166-2-lvl4":"UG-234","region":"Eastern Region","ISO3166-2-lvl3":"UG-E","country":"Uganda","country_code":"ug"},"osm_type":"node","osm_id":5539312514,"type":"town","location":[34.3572053,0.906121],"bbox":[34.3172053,0.866121,34.3972053,0.946121]}
{"name":"Busembatia","display_name":"Busembatia, Bugweri, Eastern Region, Uganda","address":{"town":"Busembatia","state":"Bugweri","ISO3166-2-lvl4":"UG-235","region":"Eastern Region","ISO3166-2-lvl3":"UG-E","country":"Uganda","country_code":"ug"},"osm_type":"node","osm_id":311733100,"type":"town","location":[33.6237787,0.7748431],"bbox":[33.5837787,0.7348431,33.6637787,0.8148431]}
{"name":"Busesa","display_name":"Busesa, Bugweri, Eastern Region, Uganda","address":{"town":"Busesa","state":"Bugweri","ISO3166-2-lvl4":"UG-235","region":"Eastern Region","ISO3166-2-lvl3":"UG-E","country":"Uganda","country_code":"ug"},"osm_type":"node","osm_id":311733117,"type":"town","location":[33.5988202,0.6261914],"bbox":[33.5588202,0.5861914,33.6388202,0.6661914]}
{"name":"Bushenyi","display_name":"Bushenyi, Western Region, Uganda","address":{"town":"Bushenyi","state":"Bushenyi","ISO3166-2-lvl4":"UG-402","ISO3166-2-lvl3":"UG-W","country":"Uganda","country_code":"ug"},"population":41063,"osm_type":"node","osm_id":7724528513,"type":"town","location":[30.1887749,-0.5409995],"bbox":[30.1487749,-0.5809995,30.2287749,-0.5009995]}
{"name":"Busia","other_names":{"name:ru":"Бусиа"},"display_name":"Busia, Eastern Region, Uganda","address":{"town":"Busia","state":"Busia","ISO3166-2-lvl4":"UG-202","region":"Eastern Region","ISO3166-2-lvl3":"UG-E","country":"Uganda","country_code":"ug"},"osm_type":"node","osm_id":1429946815,"type":"town","location":[34.0904896,0.4675812],"bbox":[34.0504896,0.4275812,34.1304896,0.5075812]}
{"name":"Busolwe","display_name":"Busolwe, Butaleja, Eastern Region, Uganda","address":{"town":"Busolwe","state":"Butaleja","ISO3166-2-lvl4":"UG-221","region":"Eastern Region","ISO3166-2-lvl3":"UG-E","country":"Uganda","country_code":"ug"},"osm_type":"node","osm_id":1937158006,"type":"town","location":[33.9263202,0.8499097],"bbox":[33.8863202,0.8099097,33.9663202,0.8899097]}
{"name":"Busunju","display_name":"Busunju, Mityana, Central Region, Uganda","address":{"village":"Busunju","state":"Mityana","ISO3166-2-lvl4":"UG-115","ISO3166-2-lvl3":"UG-C","country":"Uganda","country_code":"ug"},"osm_type":"way","osm_id":281309394,"type":"town","location":[32.2055112,0.5651175],"bbox":[32.2008877,0.5613671,32.2113306,0.5741275]}
{"name":"Butaleja","display_name":"Butaleja, Eastern Region, Uganda","address":{"town":"Butaleja","state":"Butaleja","ISO3166-2-lvl4":"UG-221","region":"Eastern Region","ISO3166-2-lvl3":"UG-E","country":"Uganda","country_code":"ug"},"osm_type":"node","osm_id":1937158013,"type":"town","location":[33.9601383,0.9167711],"bbox":[33.9201383,0.8767711,34.0001383,0.9567711]}
{"name":"Butogota","display_name":"Butogota, Kayonza Sub-County, Kanungu, Western Region, Uganda","address":{"town":"Butogota","state_district":"Kayonza Sub-County","state":"Kanungu","ISO3166-2-lvl4":"UG-414","ISO3166-2-lvl3":"UG-W","country":"Uganda","country_code":"ug"},"osm_type":"node","osm_id":10721603643,"type":"town","location":[29.6365213,-0.8862886],"bbox":[29.5965213,-0.9262886,29.6765213,-0.8462886]}
{"name":"Buwenge","display_name":"Buwenge, Jinja, Eastern Region, Uganda","address":{"town":"Buwenge","state":"Jinja","ISO3166-2-lvl4":"UG-204","region":"Eastern Region","ISO3166-2-lvl3":"UG-E","country":"Uganda","country_code":"ug"},"population":22000,"osm_type":"node","osm_id":2229104438,"type":"town","location":[33.1706213,0.6490172],"bbox":[33.1306213,0.6090172,33.2106213,0.6890172]}
{"name":"Buyende","display_name":"Buyende, Eastern Region, Uganda","address":{"town":"Buyende","state":"Buyende","ISO3166-2-lvl4":"UG-226","region":"Eastern Region","ISO3166-2-lvl3":"UG-E","country":"Uganda","country_code":"ug"},"osm_type":"node","osm_id":3983483023,"type":"town","location":[33.1579126,1.168977],"bbox":[33.1179126,1.128977,33.1979126,1.208977]}
{"name":"Bwera","display_name":"Bwera, Kasese, Western Region, Uganda","address":{"town":"Bwera","state":"Kasese","ISO3166-2-lvl4":"UG-406","ISO3166-2-lvl3":"UG-W","country":"Uganda","country_code":"ug"},"osm_type":"node","osm_id":5722687647,"type":"town","location":[29.7593621,0.0335241],"bbox":[29.7193621,-0.0064759,29.7993621,0.0735241]}
{"name":"Bweyale","display_name":"Bweyale, Kiryandongo, Western Region, Uganda","address":{"town":"Bweyale","state":"Kiryandongo","ISO3166-2-lvl4":"UG-421","ISO3166-2-lvl3":"UG-W","country":"Uganda","country_code":"ug"},"osm_type":"node","osm_id":1655766731,"type":"town","location":[32.1360313,1.9478196],"bbox":[32.0960313,1.9078196,32.1760313,1.9878196]}
{"name":"Bwizibwera","display_name":"Bwizibwera, Mbarara, Western Region, Uganda","address":{"town":"Bwizibwera","state":"Mbarara","ISO3166-2-lvl4":"UG-410","ISO3166-2-lvl3":"UG-W","country":"Uganda","country_code":"ug"},"osm_type":"node","osm_id":5659105236,"type":"town","location":[30.5726122,-0.4405414],"bbox":[30.5326122,-0.4805414,30.6126122,-0.4005414]}
{"name":"Dokolo","display_name":"Dokolo, Northern Region, Uganda","address":{"town":"Dokolo","state":"Dokolo","ISO3166-2-lvl4":"UG-317","ISO3166-2-lvl3":"UG-N","country":"Uganda","country_code":"ug"},"osm_type":"node","osm_id":3189545156,"type":"town","location":[33.1717366,1.9174324],"bbox":[33.1317366,1.8774324,33.2117366,1.9574324]}
{"name":"Dubayi","display_name":"Dubayi, Maracha, Northern Region, Uganda","address":{"town":"Dubayi","state":"Maracha","ISO3166-2-lvl4":"UG-320","ISO3166-2-lvl3":"UG-N","country":"Uganda","country_code":"ug"},"osm_type":"node","osm_id":6084177513,"type":"town","location":[30.8772138,3.3047748],"bbox":[30.8372138,3.2647748,30.9172138,3.3447748]}
{"name":"Endinzi","other_names":{"alt_name":"Endiinzi Trading Center"},"display_name":"Endinzi, Endiinzi Town board, Isingiro, Western Region, Uganda","address":{"town":"Endinzi","city":"Endiinzi Town board","state":"Isingiro","ISO3166-2-lvl4":"UG-418","ISO3166-2-lvl3":"UG-W","country":"Uganda","country_code":"ug"},"osm_type":"node","osm_id":4416406347,"type":"town","location":[31.1470036,-0.8636957],"bbox":[31.1070036,-0.9036957,31.1870036,-0.8236957],"border":{"name":"Endiinzi","other_names":{"alt_name":"Endinzi"},"display_name":"Endiinzi, Isingiro, Western Region, Uganda","address":{"city":"Endiinzi","state":"Isingiro","ISO3166-2-lvl4":"UG-418","ISO3166-2-lvl3":"UG-W","country":"Uganda","country_code":"ug"},"osm_type":"relation","osm_id":8319522,"type":"administrative","location":[31.18727621623622,-0.8573873000000001],"bbox":[31.0488245,-0.9999846,31.2701344,-0.7147841]}}
{"name":"Gayaza Namavundu village","display_name":"Gayaza Namavundu village, Wakiso, Central Region, Uganda","address":{"town":"Gayaza Namavundu village","state":"Wakiso","ISO3166-2-lvl4":"UG-113","ISO3166-2-lvl3":"UG-C","country":"Uganda","country_code":"ug"},"osm_type":"way","osm_id":1327216732,"type":"town","location":[32.61602347261949,0.4471031],"bbox":[32.6110592,0.4445658,32.6218846,0.4494366]}
{"name":"Gayaza Town","display_name":"Gayaza Town, Wakiso, Central Region, Uganda","address":{"town":"Gayaza Town","state":"Wakiso","ISO3166-2-lvl4":"UG-113","ISO3166-2-lvl3":"UG-C","country":"Uganda","country_code":"ug"},"osm_type":"node","osm_id":12278511680,"type":"town","location":[32.6118006,0.4487981],"bbox":[32.5718006,0.4087981,32.6518006,0.4887981]}
{"name":"Gayaza","display_name":"Gayaza, Wakiso, Central Region, Uganda","address":{"town":"Gayaza","state":"Wakiso","ISO3166-2-lvl4":"UG-113","ISO3166-2-lvl3":"UG-C","country":"Uganda","country_code":"ug"},"osm_type":"node","osm_id":3761892989,"type":"town","location":[32.611144,0.451786],"bbox":[32.571144,0.411786,32.651144,0.491786]}
{"display_name":"Hoima, Western Region, Uganda","address":{"state":"Hoima","ISO3166-2-lvl4":"UG-403","ISO3166-2-lvl3":"UG-W","country":"Uganda","country_code":"ug"},"osm_type":"way","osm_id":635348360,"type":"town","location":[31.260619071430725,1.56872965],"bbox":[31.2569816,1.5659987,31.2639492,1.5716286]}
{"name":"Ibanda","other_names":{"alt_name":"Bamugaya"},"display_name":"Ibanda, Western Region, Uganda","address":{"town":"Ibanda","state":"Ibanda","ISO3166-2-lvl4":"UG-417","ISO3166-2-lvl3":"UG-W","country":"Uganda","country_code":"ug"},"osm_type":"node","osm_id":3233724239,"type":"town","location":[30.4956961,-0.1328418],"bbox":[30.4556961,-0.1728418,30.5356961,-0.0928418]}
{"display_name":"Ibanda, Western Region, Uganda","address":{"state":"Ibanda","ISO3166-2-lvl4":"UG-417","ISO3166-2-lvl3":"UG-W","country":"Uganda","country_code":"ug"},"osm_type":"way","osm_id":1212738750,"type":"town","location":[30.494526804736566,-0.01777065],"bbox":[30.4924832,-0.0185953,30.4964046,-0.0167054]}
{"name":"Igorora","display_name":"Igorora, Ibanda, Western Region, Uganda","address":{"town":"Igorora","state":"Ibanda","ISO3166-2-lvl4":"UG-417","ISO3166-2-lvl3":"UG-W","country":"Uganda","country_code":"ug"},"osm_type":"node","osm_id":2229108359,"type":"town","location":[30.5475,-0.221111],"bbox":[30.5075,-0.261111,30.5875,-0.181111]}
{"name":"Ishaka","display_name":"Ishaka, Bushenyi, Western Region, Uganda","address":{"town":"Ishaka","state":"Bushenyi","ISO3166-2-lvl4":"UG-402","ISO3166-2-lvl3":"UG-W","country":"Uganda","country_code":"ug"},"osm_type":"node","osm_id":2229108598,"type":"town","location":[30.1372286,-0.5433369],"bbox":[30.0972286,-0.5833369,30.1772286,-0.5033369]}
{"name":"Isingiro","other_names":{"alt_name":"Aharyabiri"},"display_name":"Isingiro, Western Region, Uganda","address":{"town":"Isingiro","state":"Isingiro","ISO3166-2-lvl4":"UG-418","ISO3166-2-lvl3":"UG-W","country":"Uganda","country_code":"ug"},"osm_type":"node","osm_id":3233780070,"type":"town","location":[30.8171008,-0.795591],"bbox":[30.7771008,-0.835591,30.8571008,-0.755591]}
{"name":"Jezza","display_name":"Jezza, Mpigi, Central Region, Uganda","address":{"town":"Jezza","state":"Mpigi","ISO3166-2-lvl4":"UG-106","ISO3166-2-lvl3":"UG-C","country":"Uganda","country_code":"ug"},"osm_type":"node","osm_id":3734405742,"type":"town","location":[32.2675826,0.37571],"bbox":[32.2275826,0.33571,32.3075826,0.41571]}
{"name":"Kaabong","display_name":"Kaabong, Northern Region, Uganda","address":{"town":"Kaabong","state":"Kaabong","ISO3166-2-lvl4":"UG-318","ISO3166-2-lvl3":"UG-N","country":"Uganda","country_code":"ug"},"population":23900,"osm_type":"node","osm_id":1818076420,"type":"town","location":[34.137534,3.5091967],"bbox":[34.097534,3.4691967,34.177534,3.5491967]}
{"name":"Kabale","display_name":"Kabale, Western Region, Uganda","address":{"town":"Kabale","state":"Kabale","ISO3166-2-lvl4":"UG-404","ISO3166-2-lvl3":"UG-W","country":"Uganda","country_code":"ug"},"osm_type":"node","osm_id":293901231,"type":"town","location":[29.9905385,-1.2560641],"bbox":[29.9505385,-1.2960641,30.0305385,-1.2160641]}
{"name":"Kabarwa Trading Centre","display_name":"Kabarwa Trading Centre, Bukedea, Eastern Region, Uganda","address":{"town":"Kabarwa Trading Centre","state":"Bukedea","ISO3166-2-lvl4":"UG-219","region":"Eastern Region","ISO3166-2-lvl3":"UG-E","country":"Uganda","country_code":"ug"},"osm_type":"node","osm_id":3956651972,"type":"town","location":[34.1291218,1.440004],"bbox":[34.0891218,1.400004,34.1691218,1.480004]}
{"name":"Kaberamaido","other_names":{"name:ru":"Каберамаидо"},"display_name":"Kaberamaido, Eastern Region, Uganda","address":{"town":"Kaberamaido","state":"Kaberamaido","ISO3166-2-lvl4":"UG-213","region":"Eastern Region","ISO3166-2-lvl3":"UG-E","country":"Uganda","country_code":"ug"},"osm_type":"node","osm_id":3189524884,"type":"town","location":[33.1572065,1.7638442],"bbox":[33.1172065,1.7238442,33.1972065,1.8038442]}
{"name":"Kabwohe","display_name":"Kabwohe, Sheema, Western Region, Uganda","address":{"town":"Kabwohe","state":"Sheema","ISO3166-2-lvl4":"UG-426","ISO3166-2-lvl3":"UG-W","country":"Uganda","country_code":"ug"},"osm_type":"node","osm_id":3964665260,"type":"town","location":[30.3781454,-0.5809757],"bbox":[30.3381454,-0.6209757,30.4181454,-0.5409757]}
{"name":"Kagadi","display_name":"Kagadi, Western Region, Uganda","address":{"town":"Kagadi","state":"Kagadi","ISO3166-2-lvl4":"UG-427","ISO3166-2-lvl3":"UG-W","country":"Uganda","country_code":"ug"},"osm_type":"node","osm_id":10095911308,"type":"town","location":[30.8102587,0.9382538],"bbox":[30.7702587,0.8982538,30.8502587,0.9782538]}
{"name":"Kagoma","display_name":"Kagoma, Kikuube, Western Region, Uganda","address":{"town":"Kagoma","state":"Kikuube","ISO3166-2-lvl4":"UG-432","ISO3166-2-lvl3":"UG-W","country":"Uganda","country_code":"ug"},"osm_type":"node","osm_id":5607296025,"type":"town","location":[30.753659,1.1543899],"bbox":[30.713659,1.1143899,30.793659,1.1943899]}
{"name":"Kajjansi","other_names":{"alt_name":"Kajansi"},"display_name":"Kajjansi, Entebbe City, Central Region, Uganda","address":{"town":"Kajjansi","city":"Entebbe City","state":"Central Region","ISO3166-2-lvl3":"UG-C","country":"Uganda","country_code":"ug"},"osm_type":"node","osm_id":292850770,"type":"town","location":[32.5426683,0.2105412],"bbox":[32.5026683,0.1705412,32.5826683,0.2505412]}
{"name":"Kakindu","display_name":"Kakindu, Mityana, Central Region, Uganda","address":{"town":"Kakindu","state":"Mityana","ISO3166-2-lvl4":"UG-115","ISO3166-2-lvl3":"UG-C","country":"Uganda","country_code":"ug"},"osm_type":"node","osm_id":1224486778,"type":"town","location":[32.1499134,0.309646],"bbox":[32.1099134,0.269646,32.1899134,0.349646]}
{"name":"Kakiri","display_name":"Kakiri, Wakiso, Central Region, Uganda","address":{"town":"Kakiri","state":"Wakiso","ISO3166-2-lvl4":"UG-113","ISO3166-2-lvl3":"UG-C","country":"Uganda","country_code":"ug"},"osm_type":"node","osm_id":4894978820,"type":"town","location":[32.3907615,0.4187326],"bbox":[32.3507615,0.3787326,32.4307615,0.4587326]}
{"name":"Kakumiro","display_name":"Kakumiro, Western Region, Uganda","address":{"town":"Kakumiro","state":"Kakumiro","ISO3166-2-lvl4":"UG-428","ISO3166-2-lvl3":"UG-W","country":"Uganda","country_code":"ug"},"osm_type":"node","osm_id":2229110510,"type":"town","location":[31.32445,0.7812042],"bbox":[31.28445,0.7412042,31.36445,0.8212042]}
{"name":"Kal Centre","display_name":"Kal Centre, Amuru, Northern Region, Uganda","address":{"town":"Kal Centre","state":"Amuru","ISO3166-2-lvl4":"UG-316","ISO3166-2-lvl3":"UG-N","country":"Uganda","country_code":"ug"},"osm_type":"node","osm_id":5456937672,"type":"town","location":[32.143826,2.9999899],"bbox":[32.103826,2.9599899,32.183826,3.0399899]}
{"name":"Kalagi","display_name":"Kalagi, Mukono, Central Region, Uganda","address":{"town":"Kalagi","state":"Mukono","ISO3166-2-lvl4":"UG-108","ISO3166-2-lvl3":"UG-C","country":"Uganda","country_code":"ug"},"osm_type":"node","osm_id":3333906388,"type":"town","location":[32.7495408,0.5038574],"bbox":[32.7095408,0.4638574,32.7895408,0.5438574]}
{"name":"Kalaki","display_name":"Kalaki, Eastern Region, Uganda","address":{"town":"Kalaki","state":"Kalaki","ISO3166-2-lvl4":"UG-237","region":"Eastern Region","ISO3166-2-lvl3":"UG-E","country":"Uganda","country_code":"ug"},"osm_type":"node","osm_id":10092679973,"type":"town","location":[33.337369,1.8149082],"bbox":[33.297369,1.7749082,33.377369,1.8549082]}
{"name":"Kalangala","display_name":"Kalangala, Mugoye, Bujumba, Kalangala, Central Region, Uganda","address":{"town":"Kalangala","county":"Mugoye","state_district":"Bujumba","state":"Kalangala","ISO3166-2-lvl4":"UG-101","ISO3166-2-lvl3":"UG-C","country":"Uganda","country_code":"ug"},"osm_type":"node","osm_id":1765484011,"type":"town","location":[32.2924243,-0.3201069],"bbox":[32.2524243,-0.3601069,32.3324243,-0.2801069]}
{"name":"Kaliro Town","display_name":"Kaliro Town, Kaliro, Eastern Region, Uganda","address":{"town":"Kaliro Town","state":"Kaliro","ISO3166-2-lvl4":"UG-222","region":"Eastern Region","ISO3166-2-lvl3":"UG-E","country":"Uganda","country_code":"ug"},"osm_type":"node","osm_id":3983483024,"type":"town","location":[33.5057882,0.8941798],"bbox":[33.4657882,0.8541798,33.5457882,0.9341798]}
{"name":"Kalisizo","display_name":"Kalisizo, Kyotera, Central Region, Uganda","address":{"town":"Kalisizo","state":"Kyotera","ISO3166-2-lvl4":"UG-125","ISO3166-2-lvl3":"UG-C","country":"Uganda","country_code":"ug"},"population":32700,"osm_type":"node","osm_id":2229110603,"type":"town","location":[31.6211959,-0.5340073],"bbox":[31.5811959,-0.5740073,31.6611959,-0.4940073]}
{"name":"Kalongo","display_name":"Kalongo, Agago, Northern Region, Uganda","address":{"town":"Kalongo","state":"Agago","ISO3166-2-lvl4":"UG-322","ISO3166-2-lvl3":"UG-N","country":"Uganda","country_code":"ug"},"population":1500,"osm_type":"node","osm_id":2912552689,"type":"town","location":[33.37162,3.03894],"bbox":[33.33162,2.99894,33.41162,3.07894]}
{"name":"Kalungu Town Council","display_name":"Kalungu Town Council, Kalungu, Central Region, Uganda","address":{"town":"Kalungu Town Council","state":"Kalungu","ISO3166-2-lvl4":"UG-122","ISO3166-2-lvl3":"UG-C","country":"Uganda","country_code":"ug"},"osm_type":"node","osm_id":2097768705,"type":"town","location":[31.7580904,-0.1710285],"bbox":[31.7180904,-0.2110285,31.7980904,-0.1310285]}
{"name":"Kamonkoli","display_name":"Kamonkoli, Budaka, Eastern Region, Uganda","address":{"town":"Kamonkoli","state":"Budaka","ISO3166-2-lvl4":"UG-217","region":"Eastern Region","ISO3166-2-lvl3":"UG-E","country":"Uganda","country_code":"ug"},"osm_type":"node","osm_id":311730609,"type":"town","location":[34.0953454,1.0736792],"bbox":[34.0553454,1.0336792,34.1353454,1.1136792]}
{"name":"Kamuli","other_names":{"name:ru":"Камули"},"display_name":"Kamuli, Eastern Region, Uganda","address":{"town":"Kamuli","state":"Kamuli","ISO3166-2-lvl4":"UG-205","region":"Eastern Region","ISO3166-2-lvl3":"UG-E","country":"Uganda","country_code":"ug"},"osm_type":"node","osm_id":2277979854,"type":"town","location":[33.1236818,0.9445873],"bbox":[33.0836818,0.9045873,33.1636818,0.9845873]}
{"name":"Kangulumira","display_name":"Kangulumira, Kayunga, Central Region, Uganda","address":{"town":"Kangulumira","state":"Kayunga","ISO3166-2-lvl4":"UG-112","ISO3166-2-lvl3":"UG-C","country":"Uganda","country_code":"ug"},"osm_type":"node","osm_id":2229110757,"type":"town","location":[33.029444,0.581667],"bbox":[32.989444,0.541667,33.069444,0.621667]}
{"name":"Kanungu","display_name":"Kanungu, Kanungu Town Council, Kanungu, Western Region, Uganda","address":{"town":"Kanungu","state_district":"Kanungu Town Council","state":"Kanungu","ISO3166-2-lvl4":"UG-414","ISO3166-2-lvl3":"UG-W","country":"Uganda","country_code":"ug"},"osm_type":"node","osm_id":4387180835,"type":"town","location":[29.7755034,-0.8969671],"bbox":[29.7355034,-0.9369671,29.8155034,-0.8569671]}
{"name":"Kapedo","display_name":"Kapedo, Karenga, Northern Region, Uganda","address":{"town":"Kapedo","state":"Karenga","ISO3166-2-lvl4":"UG-335","ISO3166-2-lvl3":"UG-N","country":"Uganda","country_code":"ug"},"osm_type":"node","osm_id":1816765620,"type":"town","location":[33.9503885,3.6858423],"bbox":[33.9103885,3.6458423,33.9903885,3.7258423]}
{"name":"Kapelebyong","display_name":"Kapelebyong, Eastern Region, Uganda","address":{"town":"Kapelebyong","state":"Kapelebyong","ISO3166-2-lvl4":"UG-236","region":"Eastern Region","ISO3166-2-lvl3":"UG-E","country":"Uganda","country_code":"ug"},"osm_type":"node","osm_id":2229110809,"type":"town","location":[33.7745334,2.2741115],"bbox":[33.7345334,2.2341115,33.8145334,2.3141115]}
{"name":"Kapir","display_name":"Kapir, Ngora, Eastern Region, Uganda","address":{"town":"Kapir","state":"Ngora","ISO3166-2-lvl4":"UG-231","region":"Eastern Region","ISO3166-2-lvl3":"UG-E","country":"Uganda","country_code":"ug"},"osm_type":"node","osm_id":311726804,"type":"town","location":[33.7865097,1.6537334],"bbox":[33.7465097,1.6137334,33.8265097,1.6937334]}
{"name":"Karenga","display_name":"Karenga, Northern Region, Uganda","address":{"town":"Karenga","state":"Karenga","ISO3166-2-lvl4":"UG-335","ISO3166-2-lvl3":"UG-N","country":"Uganda","country_code":"ug"},"osm_type":"node","osm_id":1818106249,"type":"town","location":[33.6950902,3.5676805],"bbox":[33.6550902,3.5276805,33.7350902,3.6076805]}
{"name":"Kasangati","display_name":"Kasangati, Wakiso, Central Region, Uganda","address":{"town":"Kasangati","state":"Wakiso","ISO3166-2-lvl4":"UG-113","ISO3166-2-lvl3":"UG-C","country":"Uganda","country_code":"ug"},"osm_type":"node","osm_id":2229110955,"type":"town","location":[32.604922,0.437682],"bbox":[32.564922,0.397682,32.644922,0.477682]}
{"name":"Kasonga","display_name":"Kasonga, Kikuube, Western Region, Uganda","address":{"town":"Kasonga","state":"Kikuube","ISO3166-2-lvl4":"UG-432","ISO3166-2-lvl3":"UG-W","country":"Uganda","country_code":"ug"},"osm_type":"node","osm_id":2229111808,"type":"town","location":[30.7821622,1.1890684],"bbox":[30.7421622,1.1490684,30.8221622,1.2290684]}
{"name":"Katakwi","other_names":{"name:ru":"Катакви"},"display_name":"Katakwi, Eastern Region, Uganda","address":{"town":"Katakwi","state":"Katakwi","ISO3166-2-lvl4":"UG-207","region":"Eastern Region","ISO3166-2-lvl3":"UG-E","country":"Uganda","country_code":"ug"},"osm_type":"node","osm_id":305385710,"type":"town","location":[33.9587933,1.9125082],"bbox":[33.9187933,1.8725082,33.9987933,1.9525082]}
{"name":"Katenga town","display_name":"Katenga town, Mitooma, Western Region, Uganda","address":{"town":"Katenga town","state":"Mitooma","ISO3166-2-lvl4":"UG-423","ISO3166-2-lvl3":"UG-W","country":"Uganda","country_code":"ug"},"osm_type":"node","osm_id":9903849404,"type":"town","location":[30.0817653,-0.6147677],"bbox":[30.0417653,-0.6547677,30.1217653,-0.5747677]}
{"name":"Katerera","display_name":"Katerera, Rubirizi, Western Region, Uganda","address":{"town":"Katerera","state":"Rubirizi","ISO3166-2-lvl4":"UG-425","ISO3166-2-lvl3":"UG-W","country":"Uganda","country_code":"ug"},"osm_type":"node","osm_id":732482044,"type":"town","location":[30.1699442,-0.1978884],"bbox":[30.1299442,-0.2378884,30.2099442,-0.1578884]}
{"name":"Katuna","display_name":"Katuna, Kabale, Western Region, Uganda","address":{"town":"Katuna","state":"Kabale","ISO3166-2-lvl4":"UG-404","ISO3166-2-lvl3":"UG-W","country":"Uganda","country_code":"ug"},"osm_type":"node","osm_id":281721577,"type":"town","location":[30.0098485,-1.421437],"bbox":[29.9698485,-1.461437,30.0498485,-1.381437]}
{"name":"Kayanja","display_name":"Kayanja, Mukono, Central Region, Uganda","address":{"town":"Kayanja","state":"Mukono","ISO3166-2-lvl4":"UG-108","ISO3166-2-lvl3":"UG-C","country":"Uganda","country_code":"ug"},"osm_type":"node","osm_id":1656002508,"type":"town","location":[32.8594394,0.3871487],"bbox":[32.8194394,0.3471487,32.8994394,0.4271487]}
{"name":"Kayunga","display_name":"Kayunga, Central Region, Uganda","address":{"town":"Kayunga","state":"Kayunga","ISO3166-2-lvl4":"UG-112","ISO3166-2-lvl3":"UG-C","country":"Uganda","country_code":"ug"},"osm_type":"node","osm_id":3333899889,"type":"town","location":[32.9035171,0.7012322],"bbox":[32.8635171,0.6612322,32.9435171,0.7412322]}
{"display_name":"Kazo, Western Region, Uganda","address":{"state":"Kazo","ISO3166-2-lvl4":"UG-433","ISO3166-2-lvl3":"UG-W","country":"Uganda","country_code":"ug"},"osm_type":"way","osm_id":1255242533,"type":"town","location":[30.635794000150195,-0.0606731],"bbox":[30.6319909,-0.0654638,30.6403218,-0.057149]}
{"display_name":"Kazo, Western Region, Uganda","address":{"state":"Kazo","ISO3166-2-lvl4":"UG-433","ISO3166-2-lvl3":"UG-W","country":"Uganda","country_code":"ug"},"osm_type":"way","osm_id":1230580887,"type":"town","location":[30.593975182221733,-0.02756845],"bbox":[30.5930428,-0.0282901,30.5947681,-0.0269523]}
{"display_name":"Kazo, Western Region, Uganda","address":{"state":"Kazo","ISO3166-2-lvl4":"UG-433","ISO3166-2-lvl3":"UG-W","country":"Uganda","country_code":"ug"},"osm_type":"way","osm_id":1257809585,"type":"town","location":[30.669682589634697,-0.0502103],"bbox":[30.6676468,-0.0516698,30.671635,-0.0494866]}
{"name":"Kibingo","display_name":"Kibingo, Sheema, Western Region, Uganda","address":{"town":"Kibingo","state":"Sheema","ISO3166-2-lvl4":"UG-426","ISO3166-2-lvl3":"UG-W","country":"Uganda","country_code":"ug"},"osm_type":"node","osm_id":7746494442,"type":"town","location":[30.358148,-0.5960241],"bbox":[30.318148,-0.6360241,30.398148,-0.5560241]}
{"name":"Kiboga","other_names":{"name:ru":"Кибога"},"display_name":"Kiboga, Central Region, Uganda","address":{"town":"Kiboga","state":"Kiboga","ISO3166-2-lvl4":"UG-103","ISO3166-2-lvl3":"UG-C","country":"Uganda","country_code":"ug"},"osm_type":"node","osm_id":2880935697,"type":"town","location":[31.7668345,0.9155667],"bbox":[31.7268345,0.8755667,31.8068345,0.9555667]}
{"name":"Kibuku","display_name":"Kibuku, Eastern Region, Uganda","address":{"town":"Kibuku","state":"Kibuku","ISO3166-2-lvl4":"UG-227","region":"Eastern Region","ISO3166-2-lvl3":"UG-E","country":"Uganda","country_code":"ug"},"osm_type":"node","osm_id":3300131844,"type":"town","location":[33.7998306,1.0461879],"bbox":[33.7598306,1.0061879,33.8398306,1.0861879]}
{"name":"Kigumba","display_name":"Kigumba, Kiryandongo, Western Region, Uganda","address":{"town":"Kigumba","state":"Kiryandongo","ISO3166-2-lvl4":"UG-421","ISO3166-2-lvl3":"UG-W","country":"Uganda","country_code":"ug"},"osm_type":"node","osm_id":1655787297,"type":"town","location":[32.0115646,1.8105308],"bbox":[31.9715646,1.7705308,32.0515646,1.8505308],"border":{"name":"Kigumba","display_name":"Kigumba, Kiryandongo, Western Region, Uganda","address":{"village":"Kigumba","state":"Kiryandongo","ISO3166-2-lvl4":"UG-421","ISO3166-2-lvl3":"UG-W","country":"Uganda","country_code":"ug"},"osm_type":"way","osm_id":443953521,"type":"town","location":[32.005016,1.808379],"bbox":[31.995408,1.7861382,32.0262641,1.8293914]}}
{"name":"Kikingura Trading Centre","display_name":"Kikingura Trading Centre, Masindi, Western Region, Uganda","address":{"town":"Kikingura Trading Centre","state":"Masindi","ISO3166-2-lvl4":"UG-409","ISO3166-2-lvl3":"UG-W","country":"Uganda","country_code":"ug"},"osm_type":"node","osm_id":5758348926,"type":"town","location":[31.6477681,1.4895661],"bbox":[31.6077681,1.4495661,31.6877681,1.5295661]}
{"name":"Kikuube","display_name":"Kikuube, Western Region, Uganda","address":{"town":"Kikuube","state":"Kikuube","ISO3166-2-lvl4":"UG-432","ISO3166-2-lvl3":"UG-W","country":"Uganda","country_code":"ug"},"osm_type":"node","osm_id":10097651935,"type":"town","location":[31.2212777,1.3395984],"bbox":[31.1812777,1.2995984,31.2612777,1.3795984]}
{"name":"Kinoni","display_name":"Kinoni, Lwengo, Central Region, Uganda","address":{"town":"Kinoni","state":"Lwengo","ISO3166-2-lvl4":"UG-124","ISO3166-2-lvl3":"UG-C","country":"Uganda","country_code":"ug"},"osm_type":"node","osm_id":2229116591,"type":"town","location":[31.5558403,-0.3544011],"bbox":[31.5158403,-0.3944011,31.5958403,-0.3144011]}
{"name":"Kiruhura","display_name":"Kiruhura, Western Region, Uganda","address":{"town":"Kiruhura","state":"Kiruhura","ISO3166-2-lvl4":"UG-419","ISO3166-2-lvl3":"UG-W","country":"Uganda","country_code":"ug"},"osm_type":"node","osm_id":3233732148,"type":"town","location":[30.8390492,-0.210196],"bbox":[30.7990492,-0.250196,30.8790492,-0.170196]}
{"name":"Kiryandongo","display_name":"Kiryandongo, Western Region, Uganda","address":{"town":"Kiryandongo","state":"Kiryandongo","ISO3166-2-lvl4":"UG-421","ISO3166-2-lvl3":"UG-W","country":"Uganda","country_code":"ug"},"osm_type":"node","osm_id":1655766715,"type":"town","location":[32.0623888,1.877935],"bbox":[32.0223888,1.837935,32.1023888,1.917935]}
{"name":"Kisoro","other_names":{"name:ru":"Кисоро"},"display_name":"Kisoro, Cyanika, Kisoro, Western Region, Uganda","address":{"town":"Kisoro","county":"Cyanika","state":"Kisoro","ISO3166-2-lvl4":"UG-408","ISO3166-2-lvl3":"UG-W","country":"Uganda","country_code":"ug"},"population":17561,"osm_type":"node","osm_id":435662822,"type":"town","location":[29.6926665,-1.2822138],"bbox":[29.6526665,-1.3222138,29.7326665,-1.2422138]}
{"name":"Kitagwenda","display_name":"Kitagwenda, Western Region, Uganda","address":{"town":"Kitagwenda","state":"Kitagwenda","ISO3166-2-lvl4":"UG-434","ISO3166-2-lvl3":"UG-W","country":"Uganda","country_code":"ug"},"osm_type":"node","osm_id":10089506778,"type":"town","location":[30.3705293,0.0089425],"bbox":[30.3305293,-0.0310575,30.4105293,0.0489425]}
{"name":"Kitagwenda","display_name":"Kitagwenda, Western Region, Uganda","address":{"town":"Kitagwenda","state":"Kitagwenda","ISO3166-2-lvl4":"UG-434","ISO3166-2-lvl3":"UG-W","country":"Uganda","country_code":"ug"},"osm_type":"node","osm_id":10089412005,"type":"town","location":[30.3409566,-0.0268798],"bbox":[30.3009566,-0.0668798,30.3809566,0.0131202]}
{"name":"Kitebi","display_name":"Kitebi, Kampala, Central Region, Uganda","address":{"town":"Kitebi","city":"Kampala","ISO3166-2-lvl4":"UG-102","state":"Central Region","ISO3166-2-lvl3":"UG-C","country":"Uganda","country_code":"ug"},"osm_type":"node","osm_id":3911665471,"type":"town","location":[32.5469043,0.2735481],"bbox":[32.5069043,0.2335481,32.5869043,0.3135481]}
{"name":"Kitemu","display_name":"Kitemu, Wakiso, Central Region, Uganda","address":{"town":"Kitemu","state":"Wakiso","ISO3166-2-lvl4":"UG-113","ISO3166-2-lvl3":"UG-C","country":"Uganda","country_code":"ug"},"osm_type":"node","osm_id":3939176312,"type":"town","location":[32.4661463,0.2736248],"bbox":[32.4261463,0.2336248,32.5061463,0.3136248]}
{"name":"Kitgum","other_names":{"name:ru":"Китгум"},"display_name":"Kitgum, Northern Region, Uganda","address":{"town":"Kitgum","state":"Kitgum","ISO3166-2-lvl4":"UG-305","ISO3166-2-lvl3":"UG-N","country":"Uganda","country_code":"ug"},"osm_type":"node","osm_id":942775032,"type":"town","location":[32.881839,3.296481],"bbox":[32.841839,3.256481,32.921839,3.336481]}
{"name":"Koboko","display_name":"Koboko, Northern Region, Uganda","address":{"town":"Koboko","state":"Koboko","ISO3166-2-lvl4":"UG-319","ISO3166-2-lvl3":"UG-N","country":"Uganda","country_code":"ug"},"osm_type":"node","osm_id":1157841131,"type":"town","location":[30.9603105,3.4097256],"bbox":[30.9203105,3.3697256,31.0003105,3.4497256]}
{"name":"Kole","display_name":"Kole, Northern Region, Uganda","address":{"town":"Kole","state":"Kole","ISO3166-2-lvl4":"UG-325","ISO3166-2-lvl3":"UG-N","country":"Uganda","country_code":"ug"},"osm_type":"node","osm_id":4011301193,"type":"town","location":[32.8009593,2.4283032],"bbox":[32.7609593,2.3883032,32.8409593,2.4683032]}
{"name":"Kolir","display_name":"Kolir, Bukedea, Eastern Region, Uganda","address":{"town":"Kolir","state":"Bukedea","ISO3166-2-lvl4":"UG-219","region":"Eastern Region","ISO3166-2-lvl3":"UG-E","country":"Uganda","country_code":"ug"},"osm_type":"node","osm_id":3978443242,"type":"town","location":[34.1649737,1.3203215],"bbox":[34.1249737,1.2803215,34.2049737,1.3603215]}
{"name":"Koloin","display_name":"Koloin, Ngora, Eastern Region, Uganda","address":{"town":"Koloin","state":"Ngora","ISO3166-2-lvl4":"UG-231","region":"Eastern Region","ISO3166-2-lvl3":"UG-E","country":"Uganda","country_code":"ug"},"osm_type":"node","osm_id":1655781867,"type":"town","location":[33.8132189,1.6113762],"bbox":[33.7732189,1.5713762,33.8532189,1.6513762]}
{"name":"Koreng Trading Centre","display_name":"Koreng Trading Centre, Bukedea, Eastern Region, Uganda","address":{"town":"Koreng Trading Centre","state":"Bukedea","ISO3166-2-lvl4":"UG-219","region":"Eastern Region","ISO3166-2-lvl3":"UG-E","country":"Uganda","country_code":"ug"},"osm_type":"node","osm_id":3956651975,"type":"town","location":[34.0881997,1.4787205],"bbox":[34.0481997,1.4387205,34.1281997,1.5187205]}
{"name":"Kotido","other_names":{"name:ro":"Kotido","name:sw":"Kotido"},"display_name":"Kotido, Northern Region, Uganda","address":{"town":"Kotido","state":"Kotido","ISO3166-2-lvl4":"UG-306","ISO3166-2-lvl3":"UG-N","country":"Uganda","country_code":"ug"},"population":22900,"osm_type":"node","osm_id":2242410078,"type":"town","location":[34.115341,3.008143],"bbox":[34.075341,2.968143,34.155341,3.048143]}
{"name":"Kotiokot Trading Centre","display_name":"Kotiokot Trading Centre, Bukedea, Eastern Region, Uganda","address":{"town":"Kotiokot Trading Centre","state":"Bukedea","ISO3166-2-lvl4":"UG-219","region":"Eastern Region","ISO3166-2-lvl3":"UG-E","country":"Uganda","country_code":"ug"},"osm_type":"node","osm_id":3956651977,"type":"town","location":[34.1422376,1.3961137],"bbox":[34.1022376,1.3561137,34.1822376,1.4361137]}
{"name":"Kumi","display_name":"Kumi, Eastern Region, Uganda","address":{"town":"Kumi","state":"Kumi","ISO3166-2-lvl4":"UG-208","region":"Eastern Region","ISO3166-2-lvl3":"UG-E","country":"Uganda","country_code":"ug"},"population":13000,"osm_type":"node","osm_id":4534154091,"type":"town","location":[33.9331264,1.4862082],"bbox":[33.8931264,1.4462082,33.9731264,1.5262082]}
{"name":"Kwapa","display_name":"Kwapa, Tororo, Eastern Region, Uganda","address":{"town":"Kwapa","state":"Tororo","ISO3166-2-lvl4":"UG-212","region":"Eastern Region","ISO3166-2-lvl3":"UG-E","country":"Uganda","country_code":"ug"},"osm_type":"node","osm_id":1430275362,"type":"town","location":[34.2378868,0.7505615],"bbox":[34.1978868,0.7105615,34.2778868,0.7905615]}
{"name":"Kyangwali","display_name":"Kyangwali, Kikuube, Western Region, Uganda","address":{"town":"Kyangwali","state":"Kikuube","ISO3166-2-lvl4":"UG-432","ISO3166-2-lvl3":"UG-W","country":"Uganda","country_code":"ug"},"population":40026,"osm_type":"node","osm_id":2229117829,"type":"town","location":[30.8192486,1.2273353],"bbox":[30.7792486,1.1873353,30.8592486,1.2673353]}
{"name":"Kyazanga","display_name":"Kyazanga, Lwengo, Central Region, Uganda","address":{"town":"Kyazanga","state":"Lwengo","ISO3166-2-lvl4":"UG-124","ISO3166-2-lvl3":"UG-C","country":"Uganda","country_code":"ug"},"osm_type":"node","osm_id":1852759003,"type":"town","location":[31.3222303,-0.386769],"bbox":[31.2822303,-0.426769,31.3622303,-0.346769]}
{"name":"Kyegegwa","display_name":"Kyegegwa, Western Region, Uganda","address":{"town":"Kyegegwa","state":"Kyegegwa","ISO3166-2-lvl4":"UG-422","ISO3166-2-lvl3":"UG-W","country":"Uganda","country_code":"ug"},"osm_type":"node","osm_id":3983483025,"type":"town","location":[31.0552771,0.4812655],"bbox":[31.0152771,0.4412655,31.0952771,0.5212655]}
{"name":"Kyengera","display_name":"Kyengera, Wakiso, Central Region, Uganda","address":{"town":"Kyengera","state":"Wakiso","ISO3166-2-lvl4":"UG-113","ISO3166-2-lvl3":"UG-C","country":"Uganda","country_code":"ug"},"osm_type":"node","osm_id":3257743314,"type":"town","location":[32.5020999,0.2946117],"bbox":[32.4620999,0.2546117,32.5420999,0.3346117]}
{"name":"Kyenjojo","display_name":"Kyenjojo, Western Region, Uganda","address":{"town":"Kyenjojo","state":"Kyenjojo","ISO3166-2-lvl4":"UG-415","ISO3166-2-lvl3":"UG-W","country":"Uganda","country_code":"ug"},"osm_type":"node","osm_id":2685378594,"type":"town","location":[30.6433854,0.6113332],"bbox":[30.6033854,0.5713332,30.6833854,0.6513332]}
{"name":"Kyetume","display_name":"Kyetume, Lwengo, Central Region, Uganda","address":{"town":"Kyetume","state":"Lwengo","ISO3166-2-lvl4":"UG-124","ISO3166-2-lvl3":"UG-C","country":"Uganda","country_code":"ug"},"osm_type":"node","osm_id":1473711355,"type":"town","location":[31.4091916,-0.3988894],"bbox":[31.3691916,-0.4388894,31.4491916,-0.3588894]}
{"name":"Kyotera","display_name":"Kyotera, Central Region, Uganda","address":{"town":"Kyotera","state":"Kyotera","ISO3166-2-lvl4":"UG-125","ISO3166-2-lvl3":"UG-C","country":"Uganda","country_code":"ug"},"osm_type":"node","osm_id":9396366020,"type":"town","location":[31.5332856,-0.6436697],"bbox":[31.4932856,-0.6836697,31.5732856,-0.6036697]}
{"name":"Laropi","display_name":"Laropi, Moyo, Northern Region, Uganda","address":{"town":"Laropi","state":"Moyo","ISO3166-2-lvl4":"UG-309","ISO3166-2-lvl3":"UG-N","country":"Uganda","country_code":"ug"},"osm_type":"node","osm_id":5425944500,"type":"town","location":[31.8186982,3.5589782],"bbox":[31.7786982,3.5189782,31.8586982,3.5989782]}
{"name":"Latayi","display_name":"Latayi, Pader, Northern Region, Uganda","address":{"town":"Latayi","state":"Pader","ISO3166-2-lvl4":"UG-312","ISO3166-2-lvl3":"UG-N","country":"Uganda","country_code":"ug"},"osm_type":"node","osm_id":5774738806,"type":"town","location":[32.9540491,3.1697775],"bbox":[32.9140491,3.1297775,32.9940491,3.2097775]}
{"name":"Lubanyi Trading Center","display_name":"Lubanyi Trading Center, Bugiri, Eastern Region, Uganda","address":{"town":"Lubanyi Trading Center","state":"Bugiri","ISO3166-2-lvl4":"UG-201","region":"Eastern Region","ISO3166-2-lvl3":"UG-E","country":"Uganda","country_code":"ug"},"osm_type":"node","osm_id":4398579212,"type":"town","location":[33.7534185,0.4683087],"bbox":[33.7134185,0.4283087,33.7934185,0.5083087]}
{"name":"Lugazi","display_name":"Lugazi, Buikwe, Central Region, Uganda","address":{"town":"Lugazi","state":"Buikwe","ISO3166-2-lvl4":"UG-117","ISO3166-2-lvl3":"UG-C","country":"Uganda","country_code":"ug"},"osm_type":"node","osm_id":1656002479,"type":"town","location":[32.9367405,0.3693191],"bbox":[32.8967405,0.3293191,32.9767405,0.4093191]}
{"name":"Lukaya","display_name":"Lukaya, Kalungu, Central Region, Uganda","address":{"town":"Lukaya","state":"Kalungu","ISO3166-2-lvl4":"UG-122","ISO3166-2-lvl3":"UG-C","country":"Uganda","country_code":"ug"},"osm_type":"node","osm_id":3071968994,"type":"town","location":[31.874753,-0.148895],"bbox":[31.834753,-0.188895,31.914753,-0.108895]}
{"name":"Luweero","other_names":{"alt_name":"Luwero"},"display_name":"Luweero, Central Region, Uganda","address":{"town":"Luweero","state":"Luweero","ISO3166-2-lvl4":"UG-104","ISO3166-2-lvl3":"UG-C","country":"Uganda","country_code":"ug"},"population":42734,"osm_type":"node","osm_id":3496962324,"type":"town","location":[32.4935273,0.8409356],"bbox":[32.4535273,0.8009356,32.5335273,0.8809356]}
{"name":"Lwakhakha","display_name":"Lwakhakha, Bugisa sub-region, Namisindwa, Eastern Region, Uganda","address":{"town":"Lwakhakha","county":"Bugisa sub-region","state":"Namisindwa","ISO3166-2-lvl4":"UG-234","region":"Eastern Region","ISO3166-2-lvl3":"UG-E","country":"Uganda","country_code":"ug"},"osm_type":"node","osm_id":1504278933,"type":"town","location":[34.3779663,0.797781],"bbox":[34.3379663,0.757781,34.4179663,0.837781]}
{"name":"Lwemiyaga","display_name":"Lwemiyaga, Sembabule, Central Region, Uganda","address":{"town":"Lwemiyaga","county":"Lwemiyaga","state":"Sembabule","ISO3166-2-lvl4":"UG-111","ISO3166-2-lvl3":"UG-C","country":"Uganda","country_code":"ug"},"osm_type":"node","osm_id":4062555961,"type":"town","location":[31.0969766,0.0830141],"bbox":[31.0569766,0.0430141,31.1369766,0.1230141],"border":[{"name":"Lwemiyaga","other_names":{"alt_name":"Lwemiyaga County"},"display_name":"Lwemiyaga, Sembabule, Central Region, Uganda","address":{"county":"Lwemiyaga","state":"Sembabule","ISO3166-2-lvl4":"UG-111","ISO3166-2-lvl3":"UG-C","country":"Uganda","country_code":"ug"},"osm_type":"relation","osm_id":5994232,"type":"administrative","location":[31.182148608306022,0.0725353],"bbox":[31.0123828,-0.0913086,31.3176014,0.2357822]},{"name":"Lwemiyaga","other_names":{"alt_name":"Lwemiyaga County"},"display_name":"Lwemiyaga, Sembabule, Central Region, Uganda","address":{"town":"Lwemiyaga","county":"Lwemiyaga","state":"Sembabule","ISO3166-2-lvl4":"UG-111","ISO3166-2-lvl3":"UG-C","country":"Uganda","country_code":"ug"},"osm_type":"relation","osm_id":5994234,"type":"administrative","location":[31.0969766,0.0830141],"bbox":[31.0123828,-0.0411604,31.1979357,0.2357822]}]}
{"name":"Lwengo","display_name":"Lwengo, Central Region, Uganda","address":{"town":"Lwengo","state":"Lwengo","ISO3166-2-lvl4":"UG-124","ISO3166-2-lvl3":"UG-C","country":"Uganda","country_code":"ug"},"osm_type":"node","osm_id":1795753995,"type":"town","location":[31.4414682,-0.4372181],"bbox":[31.4014682,-0.4772181,31.4814682,-0.3972181]}
{"name":"Lyantonde","display_name":"Lyantonde, Central Region, Uganda","address":{"town":"Lyantonde","state":"Lyantonde","ISO3166-2-lvl4":"UG-114","ISO3166-2-lvl3":"UG-C","country":"Uganda","country_code":"ug"},"osm_type":"node","osm_id":1771221134,"type":"town","location":[31.1535628,-0.4064197],"bbox":[31.1135628,-0.4464197,31.1935628,-0.3664197]}
{"name":"Madi Opei","display_name":"Madi Opei, Lamwo, Northern Region, Uganda","address":{"town":"Madi Opei","state":"Lamwo","ISO3166-2-lvl4":"UG-326","ISO3166-2-lvl3":"UG-N","country":"Uganda","country_code":"ug"},"osm_type":"way","osm_id":170134966,"type":"town","location":[33.08958114706891,3.6098295499999997],"bbox":[33.0817079,3.6005837,33.0975492,3.6183951]}
{"name":"Malaba","display_name":"Malaba, Tororo, Eastern Region, Uganda","address":{"town":"Malaba","state":"Tororo","ISO3166-2-lvl4":"UG-212","region":"Eastern Region","ISO3166-2-lvl3":"UG-E","country":"Uganda","country_code":"ug"},"osm_type":"node","osm_id":1430275363,"type":"town","location":[34.2629562,0.6407313],"bbox":[34.2229562,0.6007313,34.3029562,0.6807313]}
{"name":"Manafwa","display_name":"Manafwa, Bumulyanyima, Bugisa sub-region, Manafwa, Eastern Region, Uganda","address":{"town":"Manafwa","village":"Bumulyanyima","county":"Bugisa sub-region","state":"Manafwa","ISO3166-2-lvl4":"UG-223","region":"Eastern Region","ISO3166-2-lvl3":"UG-E","country":"Uganda","country_code":"ug"},"osm_type":"node","osm_id":8398071230,"type":"town","location":[34.274388,0.9504133],"bbox":[34.234388,0.9104133,34.314388,0.9904133]}
{"name":"Maracha","display_name":"Maracha, Northern Region, Uganda","address":{"town":"Maracha","state":"Maracha","ISO3166-2-lvl4":"UG-320","ISO3166-2-lvl3":"UG-N","country":"Uganda","country_code":"ug"},"osm_type":"node","osm_id":7746488526,"type":"town","location":[30.9235336,3.2368538],"bbox":[30.8835336,3.1968538,30.9635336,3.2768538]}
{"name":"Masindi-Port","other_names":{"name:ru":"Масинди-Порт","alt_name":"Masindi Port"},"display_name":"Masindi-Port, Kiryandongo, Western Region, Uganda","address":{"town":"Masindi-Port","state":"Kiryandongo","ISO3166-2-lvl4":"UG-421","ISO3166-2-lvl3":"UG-W","country":"Uganda","country_code":"ug"},"population":8800,"osm_type":"node","osm_id":2229119150,"type":"town","location":[32.0926749,1.6946279],"bbox":[32.0526749,1.6546279,32.1326749,1.7346279]}
{"display_name":"Mawogola, Sembabule, Central Region, Uganda","address":{"county":"Mawogola","state":"Sembabule","ISO3166-2-lvl4":"UG-111","ISO3166-2-lvl3":"UG-C","country":"Uganda","country_code":"ug"},"osm_type":"node","osm_id":1999306049,"type":"town","location":[31.4881996,-0.2416937],"bbox":[31.4481996,-0.2816937,31.5281996,-0.2016937]}
{"name":"Mbiriizi","display_name":"Mbiriizi, Lwengo Town Council, Lwengo, Central Region, Uganda","address":{"town":"Mbiriizi","city":"Lwengo Town Council","state":"Lwengo","ISO3166-2-lvl4":"UG-124","ISO3166-2-lvl3":"UG-C","country":"Uganda","country_code":"ug"},"osm_type":"node","osm_id":1795750538,"type":"town","location":[31.4584442,-0.3926896],"bbox":[31.4184442,-0.4326896,31.4984442,-0.3526896]}
{"name":"Migyera","other_names":{"alt_name":"Migera"},"display_name":"Migyera, Nakasongola, Central Region, Uganda","address":{"town":"Migyera","state":"Nakasongola","ISO3166-2-lvl4":"UG-109","ISO3166-2-lvl3":"UG-C","country":"Uganda","country_code":"ug"},"osm_type":"node","osm_id":2229119796,"type":"town","location":[32.2606525,1.4073138],"bbox":[32.2206525,1.3673138,32.3006525,1.4473138]}
{"name":"Moroto","other_names":{"name:ru":"Морото"},"display_name":"Moroto, Northern Region, Uganda","address":{"town":"Moroto","state":"Moroto","ISO3166-2-lvl4":"UG-308","ISO3166-2-lvl3":"UG-N","country":"Uganda","country_code":"ug"},"osm_type":"node","osm_id":1818469748,"type":"town","location":[34.658727,2.5286192],"bbox":[34.618727,2.4886192,34.698727,2.5686192]}
{"name":"Moyo","display_name":"Moyo, Northern Region, Uganda","address":{"town":"Moyo","state":"Moyo","ISO3166-2-lvl4":"UG-309","ISO3166-2-lvl3":"UG-N","country":"Uganda","country_code":"ug"},"osm_type":"node","osm_id":3078556157,"type":"town","location":[31.7245222,3.6537619],"bbox":[31.6845222,3.6137619,31.7645222,3.6937619]}
{"name":"Mubende","display_name":"Mubende, Central Region, Uganda","address":{"town":"Mubende","state":"Mubende","ISO3166-2-lvl4":"UG-107","ISO3166-2-lvl3":"UG-C","country":"Uganda","country_code":"ug"},"osm_type":"node","osm_id":2649307992,"type":"town","location":[31.3950855,0.5553135],"bbox":[31.3550855,0.5153135,31.4350855,0.5953135]}
{"name":"Mukongoro","display_name":"Mukongoro, Kumi, Eastern Region, Uganda","address":{"town":"Mukongoro","state":"Kumi","ISO3166-2-lvl4":"UG-208","region":"Eastern Region","ISO3166-2-lvl3":"UG-E","country":"Uganda","country_code":"ug"},"osm_type":"node","osm_id":2229119843,"type":"town","location":[33.8878029,1.3258771],"bbox":[33.8478029,1.2858771,33.9278029,1.3658771]}
{"name":"Mukono","display_name":"Mukono, Central Region, Uganda","address":{"town":"Mukono","state":"Mukono","ISO3166-2-lvl4":"UG-108","ISO3166-2-lvl3":"UG-C","country":"Uganda","country_code":"ug"},"population":161996,"osm_type":"node","osm_id":256588128,"type":"town","location":[32.7460874,0.360848],"bbox":[32.7060874,0.320848,32.7860874,0.400848]}
{"name":"Mulungu","display_name":"Mulungu, Kampala, Central Region, Uganda","address":{"town":"Mulungu","city":"Kampala","ISO3166-2-lvl4":"UG-102","state":"Central Region","ISO3166-2-lvl3":"UG-C","country":"Uganda","country_code":"ug"},"osm_type":"node","osm_id":3857061861,"type":"town","location":[32.6226168,0.231946],"bbox":[32.5826168,0.191946,32.6626168,0.271946]}
{"name":"Munkaga Center","display_name":"Munkaga Center, Mbale City, Bugisa sub-region, Eastern Region, Uganda","address":{"town":"Munkaga Center","city":"Mbale City","county":"Bugisa sub-region","region":"Eastern Region","ISO3166-2-lvl3":"UG-E","country":"Uganda","country_code":"ug"},"osm_type":"node","osm_id":560557033,"type":"town","location":[34.1792139,1.0496128],"bbox":[34.1392139,1.0096128,34.2192139,1.0896128]}
{"name":"Naboa","display_name":"Naboa, Budaka, Eastern Region, Uganda","address":{"town":"Naboa","state":"Budaka","ISO3166-2-lvl4":"UG-217","region":"Eastern Region","ISO3166-2-lvl3":"UG-E","country":"Uganda","country_code":"ug"},"osm_type":"node","osm_id":311730669,"type":"town","location":[34.0204881,1.0408846],"bbox":[33.9804881,1.0008846,34.0604881,1.0808846]}
{"name":"Nagalama","display_name":"Nagalama, Mukono, Central Region, Uganda","address":{"town":"Nagalama","state":"Mukono","ISO3166-2-lvl4":"UG-108","ISO3166-2-lvl3":"UG-C","country":"Uganda","country_code":"ug"},"osm_type":"node","osm_id":3333906389,"type":"town","location":[32.7709556,0.5136417],"bbox":[32.7309556,0.4736417,32.8109556,0.5536417]}
{"name":"Nagongera B","display_name":"Nagongera B, Tororo, Eastern Region, Uganda","address":{"town":"Nagongera B","state":"Tororo","ISO3166-2-lvl4":"UG-212","region":"Eastern Region","ISO3166-2-lvl3":"UG-E","country":"Uganda","country_code":"ug"},"osm_type":"node","osm_id":1437525611,"type":"town","location":[34.0379924,0.76505],"bbox":[33.9979924,0.72505,34.0779924,0.80505]}
{"name":"Nakalama","display_name":"Nakalama, Iganga, Eastern Region, Uganda","address":{"town":"Nakalama","state":"Iganga","ISO3166-2-lvl4":"UG-203","region":"Eastern Region","ISO3166-2-lvl3":"UG-E","country":"Uganda","country_code":"ug"},"osm_type":"node","osm_id":538034344,"type":"town","location":[33.5193199,0.6289568],"bbox":[33.4793199,0.5889568,33.5593199,0.6689568]}
{"name":"Nakaloke","display_name":"Nakaloke, Mbale City, Bugisa sub-region, Eastern Region, Uganda","address":{"town":"Nakaloke","city":"Mbale City","county":"Bugisa sub-region","region":"Eastern Region","ISO3166-2-lvl3":"UG-E","country":"Uganda","country_code":"ug"},"osm_type":"node","osm_id":538026580,"type":"town","location":[34.1643059,1.1424699],"bbox":[34.1243059,1.1024699,34.2043059,1.1824699]}
{"name":"Nakaseke","display_name":"Nakaseke, Central Region, Uganda","address":{"town":"Nakaseke","state":"Nakaseke","ISO3166-2-lvl4":"UG-116","ISO3166-2-lvl3":"UG-C","country":"Uganda","country_code":"ug"},"osm_type":"node","osm_id":2880951653,"type":"town","location":[32.413328,0.7290485],"bbox":[32.373328,0.6890485,32.453328,0.7690485]}
{"name":"Nakasongola","other_names":{"name:ru":"Накасонгола"},"display_name":"Nakasongola, Central Region, Uganda","address":{"town":"Nakasongola","state":"Nakasongola","ISO3166-2-lvl4":"UG-109","ISO3166-2-lvl3":"UG-C","country":"Uganda","country_code":"ug"},"osm_type":"node","osm_id":1655924498,"type":"town","location":[32.4651618,1.3164753],"bbox":[32.4251618,1.2764753,32.5051618,1.3564753]}
{"name":"Namatumba","display_name":"Namatumba, Namutumba, Eastern Region, Uganda","address":{"town":"Namatumba","state":"Namutumba","ISO3166-2-lvl4":"UG-224","region":"Eastern Region","ISO3166-2-lvl3":"UG-E","country":"Uganda","country_code":"ug"},"osm_type":"node","osm_id":311731779,"type":"town","location":[33.6844437,0.8354422],"bbox":[33.6444437,0.7954422,33.7244437,0.8754422]}
{"name":"Namayingo","display_name":"Namayingo, Eastern Region, Uganda","address":{"town":"Namayingo","state":"Namayingo","ISO3166-2-lvl4":"UG-230","region":"Eastern Region","ISO3166-2-lvl3":"UG-E","country":"Uganda","country_code":"ug"},"osm_type":"node","osm_id":3956360112,"type":"town","location":[33.8215525,0.2732441],"bbox":[33.7815525,0.2332441,33.8615525,0.3132441]}
{"name":"Namayingo","display_name":"Namayingo, Eastern Region, Uganda","address":{"town":"Namayingo","state":"Namayingo","ISO3166-2-lvl4":"UG-230","region":"Eastern Region","ISO3166-2-lvl3":"UG-E","country":"Uganda","country_code":"ug"},"osm_type":"node","osm_id":5347579671,"type":"town","location":[33.8781988,0.3417411],"bbox":[33.8381988,0.3017411,33.9181988,0.3817411]}
{"name":"Namokora","other_names":{"alt_name":"Naam Okora"},"display_name":"Namokora, Kitgum, Northern Region, Uganda","address":{"town":"Namokora","state":"Kitgum","ISO3166-2-lvl4":"UG-305","ISO3166-2-lvl3":"UG-N","country":"Uganda","country_code":"ug"},"population":19300,"osm_type":"node","osm_id":2229120413,"type":"town","location":[33.3343672,3.3483484],"bbox":[33.2943672,3.3083484,33.3743672,3.3883484]}
{"name":"Napak","display_name":"Napak, Northern Region, Uganda","address":{"town":"Napak","state":"Napak","ISO3166-2-lvl4":"UG-327","ISO3166-2-lvl3":"UG-N","country":"Uganda","country_code":"ug"},"osm_type":"node","osm_id":3984083145,"type":"town","location":[34.2269432,2.1167734],"bbox":[34.1869432,2.0767734,34.2669432,2.1567734]}
{"name":"Ndagwe","display_name":"Ndagwe, Lwengo, Central Region, Uganda","address":{"town":"Ndagwe","state":"Lwengo","ISO3166-2-lvl4":"UG-124","ISO3166-2-lvl3":"UG-C","country":"Uganda","country_code":"ug"},"osm_type":"node","osm_id":1999452781,"type":"town","location":[31.3818183,-0.533933],"bbox":[31.3418183,-0.573933,31.4218183,-0.493933]}
{"name":"Ndeeba","display_name":"Ndeeba, Lwengo, Central Region, Uganda","address":{"town":"Ndeeba","state":"Lwengo","ISO3166-2-lvl4":"UG-124","ISO3166-2-lvl3":"UG-C","country":"Uganda","country_code":"ug"},"osm_type":"node","osm_id":8070881360,"type":"town","location":[31.427445,-0.5186327],"bbox":[31.387445,-0.5586327,31.467445,-0.4786327]}
{"name":"Ndejje","display_name":"Ndejje, Luweero, Central Region, Uganda","address":{"town":"Ndejje","state":"Luweero","ISO3166-2-lvl4":"UG-104","ISO3166-2-lvl3":"UG-C","country":"Uganda","country_code":"ug"},"osm_type":"node","osm_id":2229121310,"type":"town","location":[32.47535,0.6041555],"bbox":[32.43535,0.5641555,32.51535,0.6441555]}
{"name":"Nebbi","other_names":{"name:ru":"Неби"},"display_name":"Nebbi, Northern Region, Uganda","address":{"town":"Nebbi","state":"Nebbi","ISO3166-2-lvl4":"UG-310","ISO3166-2-lvl3":"UG-N","country":"Uganda","country_code":"ug"},"osm_type":"node","osm_id":311736627,"type":"town","location":[31.0899897,2.4785503],"bbox":[31.0499897,2.4385503,31.1299897,2.5185503]}
{"name":"Ngora","display_name":"Ngora, Eastern Region, Uganda","address":{"town":"Ngora","state":"Ngora","ISO3166-2-lvl4":"UG-231","region":"Eastern Region","ISO3166-2-lvl3":"UG-E","country":"Uganda","country_code":"ug"},"osm_type":"node","osm_id":311727613,"type":"town","location":[33.7766823,1.4566794],"bbox":[33.7366823,1.4166794,33.8166823,1.4966794]}
{"name":"Nkoni","display_name":"Nkoni, Lwengo, Central Region, Uganda","address":{"town":"Nkoni","state":"Lwengo","ISO3166-2-lvl4":"UG-124","ISO3166-2-lvl3":"UG-C","country":"Uganda","country_code":"ug"},"osm_type":"node","osm_id":1994438260,"type":"town","location":[31.6382664,-0.3430934],"bbox":[31.5982664,-0.3830934,31.6782664,-0.3030934]}
{"name":"Ntoroko","display_name":"Ntoroko, Western Region, Uganda","address":{"town":"Ntoroko","state":"Ntoroko","ISO3166-2-lvl4":"UG-424","ISO3166-2-lvl3":"UG-W","country":"Uganda","country_code":"ug"},"osm_type":"node","osm_id":2826289418,"type":"town","location":[30.5372592,1.0519631],"bbox":[30.4972592,1.0119631,30.5772592,1.0919631]}
{"name":"Ntungamo","display_name":"Ntungamo, Western Region, Uganda","address":{"town":"Ntungamo","state":"Ntungamo","ISO3166-2-lvl4":"UG-411","ISO3166-2-lvl3":"UG-W","country":"Uganda","country_code":"ug"},"osm_type":"node","osm_id":3504042566,"type":"town","location":[30.2675905,-0.8715424],"bbox":[30.2275905,-0.9115424,30.3075905,-0.8315424]}
{"display_name":"Nwoya, Northern Region, Uganda","address":{"state":"Nwoya","ISO3166-2-lvl4":"UG-328","ISO3166-2-lvl3":"UG-N","country":"Uganda","country_code":"ug"},"osm_type":"node","osm_id":5777239970,"type":"town","location":[31.950096,2.5412205],"bbox":[31.910096,2.5012205,31.990096,2.5812205]}
{"display_name":"Nwoya, Northern Region, Uganda","address":{"state":"Nwoya","ISO3166-2-lvl4":"UG-328","ISO3166-2-lvl3":"UG-N","country":"Uganda","country_code":"ug"},"osm_type":"way","osm_id":609985485,"type":"town","location":[31.950370448861847,2.5415553500000003],"bbox":[31.9474871,2.5400007,31.9518387,2.5430449]}
{"name":"nyakashara","display_name":"nyakashara, Kiruhura, Western Region, Uganda","address":{"town":"nyakashara","state":"Kiruhura","ISO3166-2-lvl4":"UG-419","ISO3166-2-lvl3":"UG-W","country":"Uganda","country_code":"ug"},"population":600,"osm_type":"node","osm_id":9500262579,"type":"town","location":[30.9610912,-0.2363696],"bbox":[30.9210912,-0.2763696,31.0010912,-0.1963696]}
{"name":"Obongi","display_name":"Obongi, Northern Region, Uganda","address":{"town":"Obongi","state":"Obongi","ISO3166-2-lvl4":"UG-337","ISO3166-2-lvl3":"UG-N","country":"Uganda","country_code":"ug"},"osm_type":"node","osm_id":2229122978,"type":"town","location":[31.551931,3.241824],"bbox":[31.511931,3.201824,31.591931,3.281824]}
{"name":"Okollo","display_name":"Okollo, Madi Okollo, Northern Region, Uganda","address":{"town":"Okollo","subcounty":"Okollo","state":"Madi Okollo","ISO3166-2-lvl4":"UG-336","ISO3166-2-lvl3":"UG-N","country":"Uganda","country_code":"ug"},"osm_type":"node","osm_id":311737042,"type":"town","location":[31.1453527,2.6520198],"bbox":[31.1053527,2.6120198,31.1853527,2.6920198],"border":{"name":"Okollo","display_name":"Okollo, Madi Okollo, Northern Region, Uganda","address":{"subcounty":"Okollo","state":"Madi Okollo","ISO3166-2-lvl4":"UG-336","ISO3166-2-lvl3":"UG-N","country":"Uganda","country_code":"ug"},"population":19061,"osm_type":"relation","osm_id":8768528,"type":"administrative","location":[31.1453527,2.6520198],"bbox":[31.0679085,2.5970718,31.3307317,2.8190482]}}
{"name":"Olevu","display_name":"Olevu, Ajia, Arua, Northern Region, Uganda","address":{"town":"Olevu","village":"Ajia","state":"Arua","ISO3166-2-lvl3":"UG-N","country":"Uganda","country_code":"ug"},"osm_type":"node","osm_id":435339521,"type":"town","location":[30.963141,2.9465995],"bbox":[30.923141,2.9065995,31.003141,2.9865995]}
{"name":"Omiya Anyima","display_name":"Omiya Anyima, Kitgum, Northern Region, Uganda","address":{"town":"Omiya Anyima","state":"Kitgum","ISO3166-2-lvl4":"UG-305","ISO3166-2-lvl3":"UG-N","country":"Uganda","country_code":"ug"},"osm_type":"node","osm_id":940733344,"type":"town","location":[33.2086393,3.2670235],"bbox":[33.1686393,3.2270235,33.2486393,3.3070235]}
{"name":"Omukitaro","display_name":"Omukitaro, Bushenyi, Western Region, Uganda","address":{"town":"Omukitaro","state":"Bushenyi","ISO3166-2-lvl4":"UG-402","ISO3166-2-lvl3":"UG-W","country":"Uganda","country_code":"ug"},"osm_type":"node","osm_id":3328300786,"type":"town","location":[30.1963468,-0.5746314],"bbox":[30.1563468,-0.6146314,30.2363468,-0.5346314]}
{"name":"Orom","display_name":"Orom, Kitgum, Northern Region, Uganda","address":{"town":"Orom","state":"Kitgum","ISO3166-2-lvl4":"UG-305","ISO3166-2-lvl3":"UG-N","country":"Uganda","country_code":"ug"},"osm_type":"node","osm_id":1818106237,"type":"town","location":[33.4692912,3.3998302],"bbox":[33.4292912,3.3598302,33.5092912,3.4398302]}
{"name":"Ovujo","display_name":"Ovujo, Maracha, Northern Region, Uganda","address":{"town":"Ovujo","state":"Maracha","ISO3166-2-lvl4":"UG-320","ISO3166-2-lvl3":"UG-N","country":"Uganda","country_code":"ug"},"osm_type":"node","osm_id":2229123824,"type":"town","location":[30.9192615,3.2343635],"bbox":[30.8792615,3.1943635,30.9592615,3.2743635]}
{"name":"Oyam","display_name":"Oyam, Northern Region, Uganda","address":{"town":"Oyam","state":"Oyam","ISO3166-2-lvl4":"UG-321","ISO3166-2-lvl3":"UG-N","country":"Uganda","country_code":"ug"},"osm_type":"node","osm_id":3983949171,"type":"town","location":[32.3703233,2.214069],"bbox":[32.3303233,2.174069,32.4103233,2.254069]}
{"name":"Pader","display_name":"Pader, Northern Region, Uganda","address":{"town":"Pader","state":"Pader","ISO3166-2-lvl4":"UG-312","ISO3166-2-lvl3":"UG-N","country":"Uganda","country_code":"ug"},"population":13500,"osm_type":"node","osm_id":2229123931,"type":"town","location":[33.085819,2.8792604],"bbox":[33.045819,2.8392604,33.125819,2.9192604]}
{"name":"Paidha","display_name":"Paidha, Zombo, Northern Region, Uganda","address":{"town":"Paidha","state":"Zombo","ISO3166-2-lvl4":"UG-330","ISO3166-2-lvl3":"UG-N","country":"Uganda","country_code":"ug"},"osm_type":"node","osm_id":1157859693,"type":"town","location":[30.9853389,2.4166898],"bbox":[30.9453389,2.3766898,31.0253389,2.4566898]}
{"name":"Pallisa","display_name":"Pallisa, Eastern Region, Uganda","address":{"town":"Pallisa","state":"Pallisa","ISO3166-2-lvl4":"UG-210","region":"Eastern Region","ISO3166-2-lvl3":"UG-E","country":"Uganda","country_code":"ug"},"osm_type":"node","osm_id":311734768,"type":"town","location":[33.7097019,1.1676921],"bbox":[33.6697019,1.1276921,33.7497019,1.2076921]}
{"name":"Rakai","display_name":"Rakai, Central Region, Uganda","address":{"town":"Rakai","state":"Rakai","ISO3166-2-lvl4":"UG-110","ISO3166-2-lvl3":"UG-C","country":"Uganda","country_code":"ug"},"osm_type":"node","osm_id":3983816051,"type":"town","location":[31.4044819,-0.7079013],"bbox":[31.3644819,-0.7479013,31.4444819,-0.6679013]}
{"name":"Rubindi","display_name":"Rubindi, Mbarara, Western Region, Uganda","address":{"town":"Rubindi","state":"Mbarara","ISO3166-2-lvl4":"UG-410","ISO3166-2-lvl3":"UG-W","country":"Uganda","country_code":"ug"},"osm_type":"node","osm_id":5659173666,"type":"town","location":[30.5831588,-0.3231947],"bbox":[30.5431588,-0.3631947,30.6231588,-0.2831947]}
{"name":"Rubirizi","display_name":"Rubirizi, Western Region, Uganda","address":{"town":"Rubirizi","state":"Rubirizi","ISO3166-2-lvl4":"UG-425","ISO3166-2-lvl3":"UG-W","country":"Uganda","country_code":"ug"},"osm_type":"node","osm_id":4052390189,"type":"town","location":[30.1088372,-0.2768867],"bbox":[30.0688372,-0.3168867,30.1488372,-0.2368867]}
{"name":"Rukiga","display_name":"Rukiga, Western Region, Uganda","address":{"town":"Rukiga","state":"Rukiga","ISO3166-2-lvl4":"UG-431","ISO3166-2-lvl3":"UG-W","country":"Uganda","country_code":"ug"},"osm_type":"node","osm_id":10100530055,"type":"town","location":[30.0329438,-1.113744],"bbox":[29.9929438,-1.153744,30.0729438,-1.073744]}
{"name":"Rukungiri","display_name":"Rukungiri, Western Region, Uganda","address":{"town":"Rukungiri","state":"Rukungiri","ISO3166-2-lvl4":"UG-412","ISO3166-2-lvl3":"UG-W","country":"Uganda","country_code":"ug"},"osm_type":"node","osm_id":2141552511,"type":"town","location":[29.9248663,-0.7911133],"bbox":[29.8848663,-0.8311133,29.9648663,-0.7511133]}
{"name":"Rwahi","display_name":"Rwahi, Ntungamo, Western Region, Uganda","address":{"town":"Rwahi","state":"Ntungamo","ISO3166-2-lvl4":"UG-411","ISO3166-2-lvl3":"UG-W","country":"Uganda","country_code":"ug"},"osm_type":"node","osm_id":2229126738,"type":"town","location":[30.127218,-1.140221],"bbox":[30.087218,-1.180221,30.167218,-1.100221]}
{"name":"Sembabule","display_name":"Sembabule, Mawogola, Sembabule, Central Region, Uganda","address":{"town":"Sembabule","county":"Mawogola","state":"Sembabule","ISO3166-2-lvl4":"UG-111","ISO3166-2-lvl3":"UG-C","country":"Uganda","country_code":"ug"},"osm_type":"node","osm_id":3983739059,"type":"town","location":[31.460307,-0.0809318],"bbox":[31.420307,-0.1209318,31.500307,-0.0409318]}
{"name":"Semuto","display_name":"Semuto, Nakaseke, Central Region, Uganda","address":{"town":"Semuto","state":"Nakaseke","ISO3166-2-lvl4":"UG-116","ISO3166-2-lvl3":"UG-C","country":"Uganda","country_code":"ug"},"osm_type":"node","osm_id":2229127503,"type":"town","location":[32.3298012,0.6200762],"bbox":[32.2898012,0.5800762,32.3698012,0.6600762]}
{"name":"Serere","display_name":"Serere, Eastern Region, Uganda","address":{"town":"Serere","state":"Serere","ISO3166-2-lvl4":"UG-232","region":"Eastern Region","ISO3166-2-lvl3":"UG-E","country":"Uganda","country_code":"ug"},"osm_type":"node","osm_id":3190512188,"type":"town","location":[33.5469939,1.5004066],"bbox":[33.5069939,1.4604066,33.5869939,1.5404066]}
{"name":"Sironko","other_names":{"name:ru":"Сиронко"},"display_name":"Sironko, Bugisa sub-region, Sironko, Eastern Region, Uganda","address":{"town":"Sironko","county":"Bugisa sub-region","state":"Sironko","ISO3166-2-lvl4":"UG-215","region":"Eastern Region","ISO3166-2-lvl3":"UG-E","country":"Uganda","country_code":"ug"},"osm_type":"node","osm_id":938641746,"type":"town","location":[34.2457702,1.2315295],"bbox":[34.2057702,1.1915295,34.2857702,1.2715295]}
{"name":"Soroti","other_names":{"name:ru":"Сороти"},"display_name":"Soroti, Soroti City, Eastern Region, Uganda","address":{"town":"Soroti","state":"Soroti City","region":"Eastern Region","ISO3166-2-lvl3":"UG-E","country":"Uganda","country_code":"ug"},"osm_type":"node","osm_id":87491965,"type":"town","location":[33.6112948,1.7139501],"bbox":[33.5712948,1.6739501,33.6512948,1.7539501]}
{"name":"Suam","display_name":"Suam, Bukwo, Eastern Region, Uganda","address":{"town":"Suam","state":"Bukwo","ISO3166-2-lvl4":"UG-220","region":"Eastern Region","ISO3166-2-lvl3":"UG-E","country":"Uganda","country_code":"ug"},"osm_type":"node","osm_id":4863093415,"type":"town","location":[34.7343223,1.2196227],"bbox":[34.6943223,1.1796227,34.7743223,1.2596227]}
{"name":"Tiriri","display_name":"Tiriri, Soroti, Eastern Region, Uganda","address":{"town":"Tiriri","state":"Soroti","ISO3166-2-lvl4":"UG-211","region":"Eastern Region","ISO3166-2-lvl3":"UG-E","country":"Uganda","country_code":"ug"},"osm_type":"node","osm_id":311726473,"type":"town","location":[33.4593231,1.9009783],"bbox":[33.4193231,1.8609783,33.4993231,1.9409783]}
{"name":"Tororo","display_name":"Tororo, Eastern Region, Uganda","address":{"town":"Tororo","state":"Tororo","ISO3166-2-lvl4":"UG-212","region":"Eastern Region","ISO3166-2-lvl3":"UG-E","country":"Uganda","country_code":"ug"},"osm_type":"node","osm_id":305374567,"type":"town","location":[34.1790712,0.6917855],"bbox":[34.1390712,0.6517855,34.2190712,0.7317855]}
{"name":"Uleppi","display_name":"Uleppi, Madi Okollo, Northern Region, Uganda","address":{"town":"Uleppi","subcounty":"Uleppi","state":"Madi Okollo","ISO3166-2-lvl4":"UG-336","ISO3166-2-lvl3":"UG-N","country":"Uganda","country_code":"ug"},"osm_type":"node","osm_id":311737373,"type":"town","location":[31.0388143,2.775482],"bbox":[30.9988143,2.735482,31.0788143,2.815482],"border":{"name":"Uleppi","display_name":"Uleppi, Madi Okollo, Northern Region, Uganda","address":{"subcounty":"Uleppi","state":"Madi Okollo","ISO3166-2-lvl4":"UG-336","ISO3166-2-lvl3":"UG-N","country":"Uganda","country_code":"ug"},"population":8781,"osm_type":"relation","osm_id":8774974,"type":"administrative","location":[31.0388143,2.775482],"bbox":[31.0059632,2.7277914,31.1294093,2.8388297]}}
{"name":"Vura","display_name":"Vura, Vurra, Arua, Northern Region, Uganda","address":{"town":"Vura","subcounty":"Vurra","state":"Arua","ISO3166-2-lvl3":"UG-N","country":"Uganda","country_code":"ug"},"osm_type":"node","osm_id":2229128938,"type":"town","location":[30.882478,2.909063],"bbox":[30.842478,2.869063,30.922478,2.949063]}
{"name":"Wairaka","display_name":"Wairaka, Jinja, Eastern Region, Uganda","address":{"town":"Wairaka","state":"Jinja","ISO3166-2-lvl4":"UG-204","region":"Eastern Region","ISO3166-2-lvl3":"UG-E","country":"Uganda","country_code":"ug"},"osm_type":"node","osm_id":8630416797,"type":"town","location":[33.2640724,0.4761974],"bbox":[33.2240724,0.4361974,33.3040724,0.5161974]}
{"name":"Wandageya","display_name":"Wandageya, Mukono, Central Region, Uganda","address":{"town":"Wandageya","state":"Mukono","ISO3166-2-lvl4":"UG-108","ISO3166-2-lvl3":"UG-C","country":"Uganda","country_code":"ug"},"osm_type":"way","osm_id":149868650,"type":"town","location":[32.740978089821624,0.3597325],"bbox":[32.7402075,0.3590428,32.7412865,0.3604436]}
{"name":"Wobulenzi","display_name":"Wobulenzi, Luweero, Central Region, Uganda","address":{"town":"Wobulenzi","state":"Luweero","ISO3166-2-lvl4":"UG-104","ISO3166-2-lvl3":"UG-C","country":"Uganda","country_code":"ug"},"population":27027,"osm_type":"node","osm_id":1655924532,"type":"town","location":[32.5285573,0.7190602],"bbox":[32.4885573,0.6790602,32.5685573,0.7590602]}
{"name":"Zigoti","display_name":"Zigoti, Mityana, Central Region, Uganda","address":{"town":"Zigoti","state":"Mityana","ISO3166-2-lvl4":"UG-115","ISO3166-2-lvl3":"UG-C","country":"Uganda","country_code":"ug"},"osm_type":"node","osm_id":3143989393,"type":"town","location":[32.165727,0.379045],"bbox":[32.125727,0.339045,32.205727,0.419045]}
{"name":"Zirobwe","other_names":{"alt_name":"Ziroobwe"},"display_name":"Zirobwe, Luweero, Central Region, Uganda","address":{"town":"Zirobwe","state":"Luweero","ISO3166-2-lvl4":"UG-104","ISO3166-2-lvl3":"UG-C","country":"Uganda","country_code":"ug"},"population":5000,"osm_type":"node","osm_id":2229129942,"type":"town","location":[32.7020274,0.6815068],"bbox":[32.6620274,0.6415068,32.7420274,0.7215068]}
{"name":"Zombo","display_name":"Zombo, Northern Region, Uganda","address":{"town":"Zombo","state":"Zombo","ISO3166-2-lvl4":"UG-330","ISO3166-2-lvl3":"UG-N","country":"Uganda","country_code":"ug"},"osm_type":"node","osm_id":3984083147,"type":"town","location":[30.9089608,2.5135255],"bbox":[30.8689608,2.4735255,30.9489608,2.5535255]}
{"display_name":"Zombo, Northern Region, Uganda","address":{"state":"Zombo","ISO3166-2-lvl4":"UG-330","ISO3166-2-lvl3":"UG-N","country":"Uganda","country_code":"ug"},"osm_type":"node","osm_id":8065817130,"type":"town","location":[30.903275,2.4187411],"bbox":[30.863275,2.3787411,30.943275,2.4587411]}
