{"name":"Agostinho Neto","display_name":"Agostinho Neto, Guadalupe, Lobata, São Tomé e Príncipe","address":{"village":"Agostinho Neto","municipality":"Guadalupe","county":"Lobata","ISO3166-2-lvl6":"ST-05","country":"São Tomé e Príncipe","country_code":"st"},"osm_type":"node","osm_id":2321984434,"type":"village","location":[6.6434092,0.3667144],"bbox":[6.6234092,0.3467144,6.6634092,0.3867144]}
{"name":"Agua Arroz","display_name":"Agua Arroz, São Tomé, Água Grande, São Tomé e Príncipe","address":{"village":"Agua Arroz","municipality":"São Tomé","county":"Água Grande","ISO3166-2-lvl6":"ST-01","country":"São Tomé e Príncipe","country_code":"st"},"osm_type":"node","osm_id":2164106722,"type":"village","location":[6.7270462,0.3235508],"bbox":[6.7070462,0.3035508,6.7470462,0.3435508]}
{"name":"Agua Casada","display_name":"Agua Casada, Conde, Lobata, São Tomé e Príncipe","address":{"village":"Agua Casada","municipality":"Conde","county":"Lobata","ISO3166-2-lvl6":"ST-05","country":"São Tomé e Príncipe","country_code":"st"},"osm_type":"node","osm_id":2325400068,"type":"village","location":[6.6722952,0.3741901],"bbox":[6.6522952,0.3541901,6.6922952,0.3941901]}
{"name":"Agua Ize","display_name":"Agua Ize, Ribeira Afonso, Cantagalo, São Tomé e Príncipe","address":{"village":"Agua Ize","municipality":"Ribeira Afonso","county":"Cantagalo","ISO3166-2-lvl6":"ST-02","country":"São Tomé e Príncipe","country_code":"st"},"osm_type":"node","osm_id":1600876907,"type":"village","location":[6.7272015,0.2186125],"bbox":[6.7072015,0.1986125,6.7472015,0.2386125]}
{"name":"Agua Porca","display_name":"Agua Porca, São Tomé, Água Grande, São Tomé e Príncipe","address":{"village":"Agua Porca","municipality":"São Tomé","county":"Água Grande","ISO3166-2-lvl6":"ST-01","country":"São Tomé e Príncipe","country_code":"st"},"osm_type":"node","osm_id":2165620213,"type":"village","location":[6.7105746,0.3308568],"bbox":[6.6905746,0.3108568,6.7305746,0.3508568]}
{"name":"Almas","display_name":"Almas, Mé-Zóchi, São Tomé e Príncipe","address":{"village":"Almas","municipality":"Almas","county":"Mé-Zóchi","ISO3166-2-lvl6":"ST-06","country":"São Tomé e Príncipe","country_code":"st"},"population":1255,"osm_type":"node","osm_id":836363056,"type":"village","location":[6.7440351,0.2987655],"bbox":[6.7240351,0.2787655,6.7640351,0.3187655],"border":{"name":"Almas","display_name":"Almas, Mé-Zóchi, São Tomé e Príncipe","address":{"municipality":"Almas","county":"Mé-Zóchi","ISO3166-2-lvl6":"ST-06","country":"São Tomé e Príncipe","country_code":"st"},"osm_type":"relation","osm_id":15061852,"type":"administrative","location":[6.733632101253354,0.29704865],"bbox":[6.7166228,0.2886608,6.7533238,0.3053758]}}
{"name":"Almeirim","display_name":"Almeirim, São Tomé, Água Grande, São Tomé e Príncipe","address":{"village":"Almeirim","municipality":"São Tomé","county":"Água Grande","ISO3166-2-lvl6":"ST-01","country":"São Tomé e Príncipe","country_code":"st"},"osm_type":"node","osm_id":2164113130,"type":"village","location":[6.7220734,0.3199083],"bbox":[6.7020734,0.2999083,6.7420734,0.3399083]}
{"name":"Amparo II","display_name":"Amparo II, Caixao Grande, Mé-Zóchi, São Tomé e Príncipe","address":{"village":"Amparo II","municipality":"Caixao Grande","county":"Mé-Zóchi","ISO3166-2-lvl6":"ST-06","country":"São Tomé e Príncipe","country_code":"st"},"osm_type":"node","osm_id":2315939756,"type":"village","location":[6.7133828,0.3124495],"bbox":[6.6933828,0.2924495,6.7333828,0.3324495]}
{"name":"Bela Vista","display_name":"Bela Vista, Santo Amaro, Lobata, São Tomé e Príncipe","address":{"village":"Bela Vista","municipality":"Santo Amaro","county":"Lobata","ISO3166-2-lvl6":"ST-05","country":"São Tomé e Príncipe","country_code":"st"},"osm_type":"node","osm_id":1600956544,"type":"village","location":[6.6890052,0.358728],"bbox":[6.6690052,0.338728,6.7090052,0.378728]}
{"name":"Belo Monte","display_name":"Belo Monte, Pagué, Príncipe, São Tomé e Príncipe","address":{"village":"Belo Monte","county":"Pagué","state":"Príncipe","ISO3166-2-lvl4":"ST-P","country":"São Tomé e Príncipe","country_code":"st"},"osm_type":"node","osm_id":2389435605,"type":"village","location":[7.4430928,1.6846442],"bbox":[7.4230928,1.6646442,7.4630928,1.7046442]}
{"name":"Boa Entrada","display_name":"Boa Entrada, Santo Amaro, Lobata, São Tomé e Príncipe","address":{"village":"Boa Entrada","municipality":"Santo Amaro","county":"Lobata","ISO3166-2-lvl6":"ST-05","country":"São Tomé e Príncipe","country_code":"st"},"osm_type":"node","osm_id":1600956566,"type":"village","location":[6.6634118,0.3518565],"bbox":[6.6434118,0.3318565,6.6834118,0.3718565]}
{"name":"Boa Morte","display_name":"Boa Morte, São Tomé, Água Grande, São Tomé e Príncipe","address":{"village":"Boa Morte","municipality":"São Tomé","county":"Água Grande","ISO3166-2-lvl6":"ST-01","country":"São Tomé e Príncipe","country_code":"st"},"osm_type":"node","osm_id":2178272462,"type":"village","location":[6.7177572,0.3403204],"bbox":[6.6977572,0.3203204,6.7377572,0.3603204]}
{"name":"Bobo Forro","display_name":"Bobo Forro, São Tomé, Água Grande, São Tomé e Príncipe","address":{"village":"Bobo Forro","municipality":"São Tomé","county":"Água Grande","ISO3166-2-lvl6":"ST-01","country":"São Tomé e Príncipe","country_code":"st"},"osm_type":"node","osm_id":2165540943,"type":"village","location":[6.7043519,0.3243124],"bbox":[6.6843519,0.3043124,6.7243519,0.3443124]}
{"name":"Bom Bom","display_name":"Bom Bom, Bombom, Mé-Zóchi, São Tomé e Príncipe","address":{"village":"Bom Bom","municipality":"Bombom","county":"Mé-Zóchi","ISO3166-2-lvl6":"ST-06","country":"São Tomé e Príncipe","country_code":"st"},"osm_type":"node","osm_id":2165506443,"type":"village","location":[6.7288791,0.3112867],"bbox":[6.7088791,0.2912867,6.7488791,0.3312867]}
{"name":"Caixao Grande","display_name":"Caixao Grande, Mé-Zóchi, São Tomé e Príncipe","address":{"village":"Caixao Grande","municipality":"Caixao Grande","county":"Mé-Zóchi","ISO3166-2-lvl6":"ST-06","country":"São Tomé e Príncipe","country_code":"st"},"osm_type":"node","osm_id":2323296335,"type":"village","location":[6.7083992,0.2977864],"bbox":[6.6883992,0.2777864,6.7283992,0.3177864],"border":{"name":"Caixao Grande","display_name":"Caixao Grande, Mé-Zóchi, São Tomé e Príncipe","address":{"municipality":"Caixao Grande","county":"Mé-Zóchi","ISO3166-2-lvl6":"ST-06","country":"São Tomé e Príncipe","country_code":"st"},"osm_type":"relation","osm_id":15061851,"type":"administrative","location":[6.7074354253572155,0.2960408],"bbox":[6.6798062,0.2750874,6.7208738,0.3168238]}}
{"name":"Changra","display_name":"Changra, Santo Amaro, Lobata, São Tomé e Príncipe","address":{"village":"Changra","municipality":"Santo Amaro","county":"Lobata","ISO3166-2-lvl6":"ST-05","country":"São Tomé e Príncipe","country_code":"st"},"osm_type":"node","osm_id":2325400062,"type":"village","location":[6.6862047,0.3500496],"bbox":[6.6662047,0.3300496,6.7062047,0.3700496]}
{"name":"Colonia Acoreana","display_name":"Colonia Acoreana, Ribeira Afonso, Cantagalo, São Tomé e Príncipe","address":{"village":"Colonia Acoreana","municipality":"Ribeira Afonso","county":"Cantagalo","ISO3166-2-lvl6":"ST-02","country":"São Tomé e Príncipe","country_code":"st"},"osm_type":"node","osm_id":1600858181,"type":"village","location":[6.6860849,0.1864073],"bbox":[6.6660849,0.1664073,6.7060849,0.2064073]}
{"name":"Conde","display_name":"Conde, Lobata, São Tomé e Príncipe","address":{"village":"Conde","municipality":"Conde","county":"Lobata","ISO3166-2-lvl6":"ST-05","country":"São Tomé e Príncipe","country_code":"st"},"osm_type":"node","osm_id":2176866490,"type":"village","location":[6.6635471,0.3758448],"bbox":[6.6435471,0.3558448,6.6835471,0.3958448],"border":{"name":"Conde","display_name":"Conde, Lobata, São Tomé e Príncipe","address":{"municipality":"Conde","county":"Lobata","ISO3166-2-lvl6":"ST-05","country":"São Tomé e Príncipe","country_code":"st"},"osm_type":"relation","osm_id":15061210,"type":"administrative","location":[6.67267370969163,0.37603895],"bbox":[6.642004,0.3500913,6.6992871,0.4018825]}}
{"name":"Cova Agua","display_name":"Cova Agua, Santana, Cantagalo, São Tomé e Príncipe","address":{"village":"Cova Agua","municipality":"Santana","county":"Cantagalo","ISO3166-2-lvl6":"ST-02","country":"São Tomé e Príncipe","country_code":"st"},"osm_type":"node","osm_id":1597809940,"type":"village","location":[6.7418928,0.2621328],"bbox":[6.7218928,0.2421328,6.7618928,0.2821328]}
{"name":"Cruzeiro","display_name":"Cruzeiro, Trindade, Mé-Zóchi, São Tomé e Príncipe","address":{"village":"Cruzeiro","municipality":"Trindade","county":"Mé-Zóchi","ISO3166-2-lvl6":"ST-06","country":"São Tomé e Príncipe","country_code":"st"},"osm_type":"node","osm_id":2331879716,"type":"village","location":[6.6811333,0.2906993],"bbox":[6.6611333,0.2706993,6.7011333,0.3106993]}
{"name":"Diogo Vaz","display_name":"Diogo Vaz, Neves, Lembá, São Tomé e Príncipe","address":{"village":"Diogo Vaz","municipality":"Neves","county":"Lembá","ISO3166-2-lvl6":"ST-04","country":"São Tomé e Príncipe","country_code":"st"},"osm_type":"node","osm_id":2375267108,"type":"village","location":[6.4981751,0.3167312],"bbox":[6.4781751,0.2967312,6.5181751,0.3367312]}
{"name":"Madalena","display_name":"Madalena, Mé-Zóchi, São Tomé e Príncipe","address":{"village":"Madalena","municipality":"Madalena","county":"Mé-Zóchi","ISO3166-2-lvl6":"ST-06","country":"São Tomé e Príncipe","country_code":"st"},"osm_type":"node","osm_id":1600956577,"type":"village","location":[6.6653126,0.329305],"bbox":[6.6453126,0.309305,6.6853126,0.349305],"border":{"name":"Madalena","display_name":"Madalena, Mé-Zóchi, São Tomé e Príncipe","address":{"municipality":"Madalena","county":"Mé-Zóchi","ISO3166-2-lvl6":"ST-06","country":"São Tomé e Príncipe","country_code":"st"},"osm_type":"relation","osm_id":15061454,"type":"administrative","location":[6.651572118621582,0.3314072],"bbox":[6.6258926,0.3121432,6.7003964,0.350677]}}
{"name":"Malanza","display_name":"Malanza, Caué, São Tomé e Príncipe","address":{"village":"Malanza","municipality":"Malanza","county":"Caué","ISO3166-2-lvl6":"ST-03","country":"São Tomé e Príncipe","country_code":"st"},"osm_type":"node","osm_id":2509958262,"type":"village","location":[6.5353821,0.0481359],"bbox":[6.5153821,0.0281359,6.5553821,0.0681359],"border":{"name":"Malanza","display_name":"Malanza, Caué, São Tomé e Príncipe","address":{"municipality":"Malanza","county":"Caué","ISO3166-2-lvl6":"ST-03","country":"São Tomé e Príncipe","country_code":"st"},"osm_type":"relation","osm_id":15060811,"type":"administrative","location":[6.5470214581760775,0.1441568],"bbox":[6.4909297,-0.0139216,6.621382,0.2694303]}}
{"name":"Mestro Antonio","display_name":"Mestro Antonio, Santana, Cantagalo, São Tomé e Príncipe","address":{"village":"Mestro Antonio","municipality":"Santana","county":"Cantagalo","ISO3166-2-lvl6":"ST-02","country":"São Tomé e Príncipe","country_code":"st"},"osm_type":"node","osm_id":2326828291,"type":"village","location":[6.7325957,0.2506045],"bbox":[6.7125957,0.2306045,6.7525957,0.2706045]}
{"name":"Micoló","display_name":"Micoló, Micolo, Lobata, São Tomé e Príncipe","address":{"village":"Micoló","municipality":"Micolo","county":"Lobata","ISO3166-2-lvl6":"ST-05","country":"São Tomé e Príncipe","country_code":"st"},"osm_type":"node","osm_id":2176867477,"type":"village","location":[6.68824,0.4027627],"bbox":[6.66824,0.3827627,6.70824,0.4227627]}
{"name":"Milagrosa","display_name":"Milagrosa, Trindade, Mé-Zóchi, São Tomé e Príncipe","address":{"village":"Milagrosa","municipality":"Trindade","county":"Mé-Zóchi","ISO3166-2-lvl6":"ST-06","country":"São Tomé e Príncipe","country_code":"st"},"osm_type":"node","osm_id":1600925285,"type":"village","location":[6.660243,0.2792866],"bbox":[6.640243,0.2592866,6.680243,0.2992866]}
{"name":"Monte Café","display_name":"Monte Café, Trindade, Mé-Zóchi, São Tomé e Príncipe","address":{"village":"Monte Café","municipality":"Trindade","county":"Mé-Zóchi","ISO3166-2-lvl6":"ST-06","country":"São Tomé e Príncipe","country_code":"st"},"osm_type":"node","osm_id":1600938434,"type":"village","location":[6.6397022,0.2996638],"bbox":[6.6197022,0.2796638,6.6597022,0.3196638]}
{"name":"Morro Peixe","display_name":"Morro Peixe, Guadalupe, Lobata, São Tomé e Príncipe","address":{"village":"Morro Peixe","municipality":"Guadalupe","county":"Lobata","ISO3166-2-lvl6":"ST-05","country":"São Tomé e Príncipe","country_code":"st"},"osm_type":"node","osm_id":2343222446,"type":"village","location":[6.6388402,0.4058911],"bbox":[6.6188402,0.3858911,6.6588402,0.4258911]}
{"name":"Nova Estrela","display_name":"Nova Estrela, Pagué, Príncipe, São Tomé e Príncipe","address":{"village":"Nova Estrela","county":"Pagué","state":"Príncipe","ISO3166-2-lvl4":"ST-P","country":"São Tomé e Príncipe","country_code":"st"},"osm_type":"node","osm_id":2501487239,"type":"village","location":[7.4308329,1.6195754],"bbox":[7.4108329,1.5995754,7.4508329,1.6395754]}
{"name":"Oque del Rel","display_name":"Oque del Rel, São Tomé, Água Grande, São Tomé e Príncipe","address":{"village":"Oque del Rel","municipality":"São Tomé","county":"Água Grande","ISO3166-2-lvl6":"ST-01","country":"São Tomé e Príncipe","country_code":"st"},"osm_type":"node","osm_id":2178293783,"type":"village","location":[6.7124258,0.3487857],"bbox":[6.6924258,0.3287857,6.7324258,0.3687857]}
{"name":"Pantufo","display_name":"Pantufo, Água Grande, São Tomé e Príncipe","address":{"village":"Pantufo","municipality":"Pantufo","county":"Água Grande","ISO3166-2-lvl6":"ST-01","country":"São Tomé e Príncipe","country_code":"st"},"population":1836,"osm_type":"node","osm_id":2386585746,"type":"village","location":[6.7437648,0.3150403],"bbox":[6.7237648,0.2950403,6.7637648,0.3350403],"border":{"name":"Pantufo","display_name":"Pantufo, Água Grande, São Tomé e Príncipe","address":{"municipality":"Pantufo","county":"Água Grande","ISO3166-2-lvl6":"ST-01","country":"São Tomé e Príncipe","country_code":"st"},"osm_type":"relation","osm_id":15061359,"type":"administrative","location":[6.744127820916335,0.31428690000000004],"bbox":[6.7390563,0.3104543,6.7490522,0.3181422]}}
{"name":"Passadeira","display_name":"Passadeira, São Tomé, Água Grande, São Tomé e Príncipe","address":{"village":"Passadeira","municipality":"São Tomé","county":"Água Grande","ISO3166-2-lvl6":"ST-01","country":"São Tomé e Príncipe","country_code":"st"},"osm_type":"node","osm_id":2165508278,"type":"village","location":[6.7214858,0.35991],"bbox":[6.7014858,0.33991,6.7414858,0.37991]}
{"name":"Piedade","display_name":"Piedade, Trindade, Mé-Zóchi, São Tomé e Príncipe","address":{"village":"Piedade","municipality":"Trindade","county":"Mé-Zóchi","ISO3166-2-lvl6":"ST-06","country":"São Tomé e Príncipe","country_code":"st"},"osm_type":"node","osm_id":2331865224,"type":"village","location":[6.6643672,0.2957263],"bbox":[6.6443672,0.2757263,6.6843672,0.3157263]}
{"name":"Pinheira","display_name":"Pinheira, Santana, Cantagalo, São Tomé e Príncipe","address":{"village":"Pinheira","municipality":"Santana","county":"Cantagalo","ISO3166-2-lvl6":"ST-02","country":"São Tomé e Príncipe","country_code":"st"},"osm_type":"node","osm_id":2322004779,"type":"village","location":[6.7181361,0.2869909],"bbox":[6.6981361,0.2669909,6.7381361,0.3069909]}
{"name":"Ponta Figo","display_name":"Ponta Figo, Neves, Lembá, São Tomé e Príncipe","address":{"village":"Ponta Figo","municipality":"Neves","county":"Lembá","ISO3166-2-lvl6":"ST-04","country":"São Tomé e Príncipe","country_code":"st"},"osm_type":"node","osm_id":2375264739,"type":"village","location":[6.544005,0.3450014],"bbox":[6.524005,0.3250014,6.564005,0.3650014]}
{"name":"Porto Alegre","display_name":"Porto Alegre, Malanza, Caué, São Tomé e Príncipe","address":{"village":"Porto Alegre","municipality":"Malanza","county":"Caué","ISO3166-2-lvl6":"ST-03","country":"São Tomé e Príncipe","country_code":"st"},"osm_type":"node","osm_id":2374897015,"type":"village","location":[6.5352131,0.0343796],"bbox":[6.5152131,0.0143796,6.5552131,0.0543796]}
{"name":"Porto Real","display_name":"Porto Real, Pagué, Príncipe, São Tomé e Príncipe","address":{"village":"Porto Real","county":"Pagué","state":"Príncipe","ISO3166-2-lvl4":"ST-P","country":"São Tomé e Príncipe","country_code":"st"},"osm_type":"node","osm_id":2190973154,"type":"village","location":[7.4060943,1.6245575],"bbox":[7.3860943,1.6045575,7.4260943,1.6445575]}
{"name":"Praia Abade","display_name":"Praia Abade, Pagué, Príncipe, São Tomé e Príncipe","address":{"village":"Praia Abade","county":"Pagué","state":"Príncipe","ISO3166-2-lvl4":"ST-P","country":"São Tomé e Príncipe","country_code":"st"},"osm_type":"node","osm_id":2501487242,"type":"village","location":[7.4551681,1.6308374],"bbox":[7.4351681,1.6108374,7.4751681,1.6508374]}
{"name":"Praia Almoxarife","display_name":"Praia Almoxarife, Santana, Cantagalo, São Tomé e Príncipe","address":{"village":"Praia Almoxarife","municipality":"Santana","county":"Cantagalo","ISO3166-2-lvl6":"ST-02","country":"São Tomé e Príncipe","country_code":"st"},"osm_type":"node","osm_id":2335282733,"type":"village","location":[6.7441996,0.2773799],"bbox":[6.7241996,0.2573799,6.7641996,0.2973799]}
{"name":"Praia Gamboa","display_name":"Praia Gamboa, São Tomé, Água Grande, São Tomé e Príncipe","address":{"village":"Praia Gamboa","municipality":"São Tomé","county":"Água Grande","ISO3166-2-lvl6":"ST-01","country":"São Tomé e Príncipe","country_code":"st"},"osm_type":"node","osm_id":2165534842,"type":"village","location":[6.7122719,0.3820753],"bbox":[6.6922719,0.3620753,6.7322719,0.4020753]}
{"name":"Praia Melão","display_name":"Praia Melão, Almas, Mé-Zóchi, São Tomé e Príncipe","address":{"village":"Praia Melão","municipality":"Almas","county":"Mé-Zóchi","ISO3166-2-lvl6":"ST-06","country":"São Tomé e Príncipe","country_code":"st"},"population":2668,"osm_type":"node","osm_id":2165504641,"type":"village","location":[6.7506157,0.3039493],"bbox":[6.7306157,0.2839493,6.7706157,0.3239493]}
{"name":"Praia Messias Alves","display_name":"Praia Messias Alves, Santana, Cantagalo, São Tomé e Príncipe","address":{"village":"Praia Messias Alves","municipality":"Santana","county":"Cantagalo","ISO3166-2-lvl6":"ST-02","country":"São Tomé e Príncipe","country_code":"st"},"osm_type":"node","osm_id":2335466040,"type":"village","location":[6.7426639,0.2470333],"bbox":[6.7226639,0.2270333,6.7626639,0.2670333]}
{"name":"Quinta Santo António","display_name":"Quinta Santo António, São Tomé, Água Grande, São Tomé e Príncipe","address":{"village":"Quinta Santo António","municipality":"São Tomé","county":"Água Grande","ISO3166-2-lvl6":"ST-01","country":"São Tomé e Príncipe","country_code":"st"},"osm_type":"node","osm_id":2164098610,"type":"village","location":[6.7334186,0.3264666],"bbox":[6.7134186,0.3064666,6.7534186,0.3464666]}
{"name":"Ribeira Afonso","display_name":"Ribeira Afonso, Cantagalo, São Tomé e Príncipe","address":{"village":"Ribeira Afonso","municipality":"Ribeira Afonso","county":"Cantagalo","ISO3166-2-lvl6":"ST-02","country":"São Tomé e Príncipe","country_code":"st"},"osm_type":"node","osm_id":1600858409,"type":"village","location":[6.7006967,0.1957815],"bbox":[6.6806967,0.1757815,6.7206967,0.2157815],"border":{"name":"Ribeira Afonso","display_name":"Ribeira Afonso, Cantagalo, São Tomé e Príncipe","address":{"municipality":"Ribeira Afonso","county":"Cantagalo","ISO3166-2-lvl6":"ST-02","country":"São Tomé e Príncipe","country_code":"st"},"osm_type":"relation","osm_id":15060780,"type":"administrative","location":[6.6704857852093875,0.20357694999999998],"bbox":[6.6121242,0.1581501,6.734002,0.2489858]}}
{"name":"Ribeira Peixe","display_name":"Ribeira Peixe, São João dos Angolares, Caué, São Tomé e Príncipe","address":{"village":"Ribeira Peixe","municipality":"São João dos Angolares","county":"Caué","ISO3166-2-lvl6":"ST-03","country":"São Tomé e Príncipe","country_code":"st"},"osm_type":"node","osm_id":2374891792,"type":"village","location":[6.6153776,0.0903849],"bbox":[6.5953776,0.0703849,6.6353776,0.1103849]}
{"name":"Riboque Santana","display_name":"Riboque Santana, Santana, Cantagalo, São Tomé e Príncipe","address":{"village":"Riboque Santana","municipality":"Santana","county":"Cantagalo","ISO3166-2-lvl6":"ST-02","country":"São Tomé e Príncipe","country_code":"st"},"osm_type":"node","osm_id":2326831874,"type":"village","location":[6.7401819,0.2509415],"bbox":[6.7201819,0.2309415,6.7601819,0.2709415]}
{"name":"Rolas","display_name":"Rolas, Malanza, Caué, São Tomé e Príncipe","address":{"village":"Rolas","municipality":"Malanza","county":"Caué","ISO3166-2-lvl6":"ST-03","country":"São Tomé e Príncipe","country_code":"st"},"osm_type":"node","osm_id":1600805905,"type":"village","location":[6.5235434,-0.0001931],"bbox":[6.5035434,-0.0201931,6.5435434,0.0198069]}
{"name":"Santa Catarina","display_name":"Santa Catarina, Lembá, São Tomé e Príncipe","address":{"village":"Santa Catarina","municipality":"Santa Catarina","county":"Lembá","ISO3166-2-lvl6":"ST-04","country":"São Tomé e Príncipe","country_code":"st"},"osm_type":"node","osm_id":2323324019,"type":"village","location":[6.4724202,0.2689578],"bbox":[6.4524202,0.2489578,6.4924202,0.2889578],"border":{"name":"Santa Catarina","display_name":"Santa Catarina, Lembá, São Tomé e Príncipe","address":{"municipality":"Santa Catarina","county":"Lembá","ISO3166-2-lvl6":"ST-04","country":"São Tomé e Príncipe","country_code":"st"},"osm_type":"relation","osm_id":15060886,"type":"administrative","location":[6.508695534966019,0.20520175000000002],"bbox":[6.4601915,0.1268526,6.5572929,0.283563]}}
{"name":"Santa Margarida","display_name":"Santa Margarida, Madalena, Mé-Zóchi, São Tomé e Príncipe","address":{"village":"Santa Margarida","municipality":"Madalena","county":"Mé-Zóchi","ISO3166-2-lvl6":"ST-06","country":"São Tomé e Príncipe","country_code":"st"},"osm_type":"node","osm_id":2331871925,"type":"village","location":[6.6587241,0.3245319],"bbox":[6.6387241,0.3045319,6.6787241,0.3445319]}
{"name":"Santa Rita","display_name":"Santa Rita, Pagué, Príncipe, São Tomé e Príncipe","address":{"village":"Santa Rita","county":"Pagué","state":"Príncipe","ISO3166-2-lvl4":"ST-P","country":"São Tomé e Príncipe","country_code":"st"},"osm_type":"node","osm_id":2389411186,"type":"village","location":[7.4108437,1.6758638],"bbox":[7.3908437,1.6558638,7.4308437,1.6958638]}
{"name":"Santo Amaro","display_name":"Santo Amaro, Lobata, São Tomé e Príncipe","address":{"village":"Santo Amaro","municipality":"Santo Amaro","county":"Lobata","ISO3166-2-lvl6":"ST-05","country":"São Tomé e Príncipe","country_code":"st"},"osm_type":"node","osm_id":1600956620,"type":"village","location":[6.6897601,0.366728],"bbox":[6.6697601,0.346728,6.7097601,0.386728],"border":{"name":"Santo Amaro","display_name":"Santo Amaro, Lobata, São Tomé e Príncipe","address":{"municipality":"Santo Amaro","county":"Lobata","ISO3166-2-lvl6":"ST-05","country":"São Tomé e Príncipe","country_code":"st"},"osm_type":"relation","osm_id":15061257,"type":"administrative","location":[6.681651220489085,0.35385314999999995],"bbox":[6.6350928,0.327252,6.7099546,0.3805824]}}
{"name":"São João da Vargem","display_name":"São João da Vargem, São Tomé, Água Grande, São Tomé e Príncipe","address":{"village":"São João da Vargem","municipality":"São Tomé","county":"Água Grande","ISO3166-2-lvl6":"ST-01","country":"São Tomé e Príncipe","country_code":"st"},"osm_type":"node","osm_id":2178271734,"type":"village","location":[6.7216796,0.3427794],"bbox":[6.7016796,0.3227794,6.7416796,0.3627794]}
{"name":"São Marçal","display_name":"São Marçal, São Tomé, Água Grande, São Tomé e Príncipe","address":{"village":"São Marçal","municipality":"São Tomé","county":"Água Grande","ISO3166-2-lvl6":"ST-01","country":"São Tomé e Príncipe","country_code":"st"},"osm_type":"node","osm_id":2164090853,"type":"village","location":[6.7363744,0.3189871],"bbox":[6.7163744,0.2989871,6.7563744,0.3389871]}
{"name":"Sundy (Sede)","display_name":"Sundy (Sede), Pagué, Príncipe, São Tomé e Príncipe","address":{"village":"Sundy (Sede)","county":"Pagué","state":"Príncipe","ISO3166-2-lvl4":"ST-P","country":"São Tomé e Príncipe","country_code":"st"},"osm_type":"node","osm_id":2190973153,"type":"village","location":[7.3841494,1.669417],"bbox":[7.3641494,1.649417,7.4041494,1.689417]}
{"name":"Terra Prometida","display_name":"Terra Prometida, Pagué, Príncipe, São Tomé e Príncipe","address":{"village":"Terra Prometida","county":"Pagué","state":"Príncipe","ISO3166-2-lvl4":"ST-P","country":"São Tomé e Príncipe","country_code":"st"},"osm_type":"node","osm_id":11295436547,"type":"village","location":[7.3968321,1.6508571],"bbox":[7.3768321,1.6308571,7.4168321,1.6708571]}
{"name":"Uba Budo","display_name":"Uba Budo, Santana, Cantagalo, São Tomé e Príncipe","address":{"village":"Uba Budo","municipality":"Santana","county":"Cantagalo","ISO3166-2-lvl6":"ST-02","country":"São Tomé e Príncipe","country_code":"st"},"osm_type":"node","osm_id":2333187909,"type":"village","location":[6.7023939,0.2622109],"bbox":[6.6823939,0.2422109,6.7223939,0.2822109]}
{"name":"Vila Maria","display_name":"Vila Maria, São Tomé, Água Grande, São Tomé e Príncipe","address":{"village":"Vila Maria","municipality":"São Tomé","county":"Água Grande","ISO3166-2-lvl6":"ST-01","country":"São Tomé e Príncipe","country_code":"st"},"osm_type":"node","osm_id":2386586737,"type":"village","location":[6.73845,0.3309964],"bbox":[6.71845,0.3109964,6.75845,0.3509964]}
