{"name":"Babati","other_names":{"name:ar":"باباتي","name:lt":"Babatis","name:ru":"Бабати","name:uk":"Бабаті"},"display_name":"Babati, Babati Municipal, Manyara, Northern Zone, Tanzania","address":{"town":"Babati","state_district":"Babati Municipal","state":"Manyara","ISO3166-2-lvl4":"TZ-26","region":"Northern Zone","country":"Tanzania","country_code":"tz"},"population":67445,"osm_type":"node","osm_id":3247454356,"type":"town","location":[35.7491485,-4.2100638],"bbox":[35.7091485,-4.2500638,35.7891485,-4.1700638]}
{"name":"Bagamoyo","other_names":{"name:ru":"Багамойо","name:uk":"Багамойо"},"display_name":"Bagamoyo, Pwani, Coastal Zone, Tanzania","address":{"town":"Bagamoyo","state_district":"Bagamoyo","state":"Pwani","ISO3166-2-lvl4":"TZ-19","region":"Coastal Zone","country":"Tanzania","country_code":"tz"},"population":55000,"osm_type":"node","osm_id":258155223,"type":"town","location":[38.9062189,-6.4422075],"bbox":[38.8662189,-6.4822075,38.9462189,-6.4022075]}
{"display_name":"Bariadi, Simiyu, Lake Zone, Tanzania","address":{"state_district":"Bariadi","state":"Simiyu","ISO3166-2-lvl4":"TZ-30","region":"Lake Zone","country":"Tanzania","country_code":"tz"},"osm_type":"way","osm_id":169825213,"type":"town","location":[33.96768525232797,-2.512126],"bbox":[33.9585048,-2.5192613,33.9765647,-2.5041188]}
{"name":"Biharamulo","other_names":{"name:ru":"Бихарамуло","name:uk":"Біхарамуло"},"display_name":"Biharamulo, Kagera, Lake Zone, Tanzania","address":{"town":"Biharamulo","state_district":"Biharamulo","state":"Kagera","ISO3166-2-lvl4":"TZ-05","region":"Lake Zone","country":"Tanzania","country_code":"tz"},"osm_type":"node","osm_id":259704375,"type":"town","location":[31.31104,-2.6340289],"bbox":[31.27104,-2.6740289,31.35104,-2.5940289]}
{"name":"Bisumwa","display_name":"Bisumwa, Butiama, Mara, Lake Zone, Tanzania","address":{"town":"Bisumwa","state_district":"Butiama","state":"Mara","ISO3166-2-lvl4":"TZ-13","region":"Lake Zone","country":"Tanzania","country_code":"tz"},"osm_type":"way","osm_id":299647391,"type":"town","location":[33.80848758868419,-1.5962876000000001],"bbox":[33.7948579,-1.6162127,33.8198211,-1.5763218]}
{"name":"Bonga","display_name":"Bonga, Babati Municipal, Manyara, Northern Zone, Tanzania","address":{"town":"Bonga","state_district":"Babati Municipal","state":"Manyara","ISO3166-2-lvl4":"TZ-26","region":"Northern Zone","country":"Tanzania","country_code":"tz"},"osm_type":"node","osm_id":2449081680,"type":"town","location":[35.7367959,-4.3485191],"bbox":[35.6967959,-4.3885191,35.7767959,-4.3085191]}
{"name":"Bubango","display_name":"Bubango, Kigoma Rural, Kigoma, Western Zone, Tanzania","address":{"town":"Bubango","state_district":"Kigoma Rural","state":"Kigoma","ISO3166-2-lvl4":"TZ-08","region":"Western Zone","country":"Tanzania","country_code":"tz"},"population":8261,"osm_type":"node","osm_id":7604112469,"type":"town","location":[29.6734261,-4.7139759],"bbox":[29.6334261,-4.7539759,29.7134261,-4.6739759]}
{"name":"Bububu","display_name":"Bububu, Magharibi A, Unguja Mjini Magharibi, Zanzibar زنجبار, Tanzania","address":{"town":"Bububu","state_district":"Magharibi A","state":"Unguja Mjini Magharibi","ISO3166-2-lvl4":"TZ-15","region":"Zanzibar زنجبار","country":"Tanzania","country_code":"tz"},"osm_type":"node","osm_id":27252328,"type":"town","location":[39.220446,-6.098863],"bbox":[39.180446,-6.138863,39.260446,-6.058863]}
{"name":"Bugarama","display_name":"Bugarama, Msalala, Shinyanga, Lake Zone, Tanzania","address":{"town":"Bugarama","state_district":"Msalala","state":"Shinyanga","ISO3166-2-lvl4":"TZ-22","region":"Lake Zone","country":"Tanzania","country_code":"tz"},"osm_type":"node","osm_id":3832490468,"type":"town","location":[32.4232908,-3.2666463],"bbox":[32.3832908,-3.3066463,32.4632908,-3.2266463]}
{"name":"Bugene","display_name":"Bugene, Karagwe, Kagera, Lake Zone, Tanzania","address":{"town":"Bugene","state_district":"Karagwe","state":"Kagera","ISO3166-2-lvl4":"TZ-05","region":"Lake Zone","country":"Tanzania","country_code":"tz"},"osm_type":"node","osm_id":1886332700,"type":"town","location":[31.1407066,-1.5924464],"bbox":[31.1007066,-1.6324464,31.1807066,-1.5524464]}
{"name":"Bukene","display_name":"Bukene, Nzega, Tabora, Central Zone, Tanzania","address":{"town":"Bukene","state_district":"Nzega","state":"Tabora","ISO3166-2-lvl4":"TZ-24","region":"Central Zone","country":"Tanzania","country_code":"tz"},"osm_type":"node","osm_id":3632360348,"type":"town","location":[32.8877456,-4.2241937],"bbox":[32.8477456,-4.2641937,32.9277456,-4.1841937]}
{"name":"Bukoli","display_name":"Bukoli, Geita, Lake Zone, Tanzania","address":{"town":"Bukoli","state_district":"Geita","state":"Geita","ISO3166-2-lvl4":"TZ-27","region":"Lake Zone","country":"Tanzania","country_code":"tz"},"osm_type":"node","osm_id":3652358154,"type":"town","location":[32.3220116,-3.1969025],"bbox":[32.2820116,-3.2369025,32.3620116,-3.1569025]}
{"name":"Bungu","display_name":"Bungu, Kibiti, Pwani, Coastal Zone, Tanzania","address":{"town":"Bungu","state_district":"Kibiti","state":"Pwani","ISO3166-2-lvl4":"TZ-19","region":"Coastal Zone","country":"Tanzania","country_code":"tz"},"osm_type":"node","osm_id":262089551,"type":"town","location":[39.0628746,-7.6316319],"bbox":[39.0228746,-7.6716319,39.1028746,-7.5916319]}
{"name":"Buseresere","display_name":"Buseresere, Chato DC, Geita, Lake Zone, Tanzania","address":{"town":"Buseresere","state_district":"Chato DC","state":"Geita","ISO3166-2-lvl4":"TZ-27","region":"Lake Zone","country":"Tanzania","country_code":"tz"},"osm_type":"node","osm_id":3406660864,"type":"town","location":[31.9191707,-3.0052661],"bbox":[31.8791707,-3.0452661,31.9591707,-2.9652661]}
{"name":"Butiama","display_name":"Butiama, Mara, Lake Zone, Tanzania","address":{"town":"Butiama","state_district":"Butiama","state":"Mara","ISO3166-2-lvl4":"TZ-13","region":"Lake Zone","country":"Tanzania","country_code":"tz"},"osm_type":"node","osm_id":3369644036,"type":"town","location":[33.965171,-1.766117],"bbox":[33.925171,-1.806117,34.005171,-1.726117]}
{"name":"Chake-Chake","display_name":"Chake-Chake, Chake-Chake District, Kusini Pemba, Zanzibar زنجبار, Tanzania","address":{"town":"Chake-Chake","state_district":"Chake-Chake District","state":"Kusini Pemba","ISO3166-2-lvl4":"TZ-10","region":"Zanzibar زنجبار","country":"Tanzania","country_code":"tz"},"population":52047,"osm_type":"node","osm_id":622514835,"type":"town","location":[39.7685075,-5.2440346],"bbox":[39.7285075,-5.2840346,39.8085075,-5.2040346]}
{"name":"Chala","display_name":"Chala, Nkasi, Rukwa, Southern Highlands Zone, Tanzania","address":{"town":"Chala","state_district":"Nkasi","state":"Rukwa","ISO3166-2-lvl4":"TZ-20","region":"Southern Highlands Zone","country":"Tanzania","country_code":"tz"},"osm_type":"node","osm_id":262094692,"type":"town","location":[31.2700999,-7.5966056],"bbox":[31.2300999,-7.6366056,31.3100999,-7.5566056]}
{"name":"Chalinze","display_name":"Chalinze, Pwani, Coastal Zone, Tanzania","address":{"town":"Chalinze","state_district":"Chalinze","state":"Pwani","ISO3166-2-lvl4":"TZ-19","region":"Coastal Zone","country":"Tanzania","country_code":"tz"},"osm_type":"node","osm_id":255615379,"type":"town","location":[38.3524926,-6.6382192],"bbox":[38.3124926,-6.6782192,38.3924926,-6.5982192]}
{"name":"Chato","display_name":"Chato, Chato DC, Geita, Lake Zone, Tanzania","address":{"town":"Chato","state_district":"Chato DC","state":"Geita","ISO3166-2-lvl4":"TZ-27","region":"Lake Zone","country":"Tanzania","country_code":"tz"},"osm_type":"node","osm_id":3221257265,"type":"town","location":[31.7655918,-2.6390341],"bbox":[31.7255918,-2.6790341,31.8055918,-2.5990341]}
{"name":"Chimala","display_name":"Chimala, Mbarali, Mbeya, Southern Highlands Zone, Tanzania","address":{"town":"Chimala","state_district":"Mbarali","state":"Mbeya","ISO3166-2-lvl4":"TZ-14","region":"Southern Highlands Zone","country":"Tanzania","country_code":"tz"},"osm_type":"node","osm_id":258502196,"type":"town","location":[34.0237048,-8.8564454],"bbox":[33.9837048,-8.8964454,34.0637048,-8.8164454]}
{"name":"Choma","display_name":"Choma, Igunga, Tabora, Central Zone, Tanzania","address":{"town":"Choma","state_district":"Igunga","state":"Tabora","ISO3166-2-lvl4":"TZ-24","region":"Central Zone","country":"Tanzania","country_code":"tz"},"osm_type":"node","osm_id":3737100132,"type":"town","location":[33.3574959,-4.0215807],"bbox":[33.3174959,-4.0615807,33.3974959,-3.9815807]}
{"name":"Chwaka","display_name":"Chwaka, Kati, Unguja Kusini, Zanzibar زنجبار, Tanzania","address":{"town":"Chwaka","state_district":"Kati","state":"Unguja Kusini","ISO3166-2-lvl4":"TZ-11","region":"Zanzibar زنجبار","country":"Tanzania","country_code":"tz"},"osm_type":"node","osm_id":3607854202,"type":"town","location":[39.4351267,-6.1652125],"bbox":[39.3951267,-6.2052125,39.4751267,-6.1252125]}
{"name":"Didia","display_name":"Didia, Shinyanga Rural, Shinyanga, Lake Zone, Tanzania","address":{"town":"Didia","district":"Shinyanga Rural","state":"Shinyanga","ISO3166-2-lvl4":"TZ-22","region":"Lake Zone","country":"Tanzania","country_code":"tz"},"osm_type":"node","osm_id":3152593100,"type":"town","location":[33.0831188,-3.8210727],"bbox":[33.0431188,-3.8610727,33.1231188,-3.7810727]}
{"name":"Dutwa","display_name":"Dutwa, Bariadi, Simiyu, Lake Zone, Tanzania","address":{"town":"Dutwa","state_district":"Bariadi","state":"Simiyu","ISO3166-2-lvl4":"TZ-30","region":"Lake Zone","country":"Tanzania","country_code":"tz"},"osm_type":"node","osm_id":3045117934,"type":"town","location":[33.9686528,-2.5093101],"bbox":[33.9286528,-2.5493101,34.0086528,-2.4693101]}
{"name":"Eleng'ata Dapash","display_name":"Eleng'ata Dapash, Longido, Arusha, Northern Zone, Tanzania","address":{"town":"Eleng'ata Dapash","state_district":"Longido","state":"Arusha","ISO3166-2-lvl4":"TZ-01","region":"Northern Zone","country":"Tanzania","country_code":"tz"},"osm_type":"node","osm_id":9491413472,"type":"town","location":[36.2660693,-2.979943],"bbox":[36.2260693,-3.019943,36.3060693,-2.939943]}
{"name":"Endagikot","display_name":"Endagikot, Margereza Street, Mbulu, Mbulu Town, Manyara, Northern Zone, Tanzania","address":{"amenity":"Endagikot","road":"Margereza Street","town":"Mbulu","state_district":"Mbulu Town","state":"Manyara","ISO3166-2-lvl4":"TZ-26","region":"Northern Zone","country":"Tanzania","country_code":"tz"},"osm_type":"node","osm_id":2021603217,"type":"place_of_worship","location":[35.52787,-3.87475],"bbox":[35.52782,-3.8748,35.52792,-3.8747]}
{"name":"Endasak","display_name":"Endasak, Hanang, Manyara, Northern Zone, Tanzania","address":{"town":"Endasak","state_district":"Hanang","state":"Manyara","ISO3166-2-lvl4":"TZ-26","region":"Northern Zone","country":"Tanzania","country_code":"tz"},"osm_type":"node","osm_id":3157807814,"type":"town","location":[35.5119457,-4.4205602],"bbox":[35.4719457,-4.4605602,35.5519457,-4.3805602]}
{"name":"Gairo","display_name":"Gairo, Morogoro, Coastal Zone, Tanzania","address":{"town":"Gairo","state_district":"Gairo","state":"Morogoro","ISO3166-2-lvl4":"TZ-16","region":"Coastal Zone","country":"Tanzania","country_code":"tz"},"osm_type":"node","osm_id":259074461,"type":"town","location":[36.86907,-6.1402715],"bbox":[36.82907,-6.1802715,36.90907,-6.1002715]}
{"name":"Gulwe","display_name":"Gulwe, Mpwapwa, Dodoma, Central Zone, Tanzania","address":{"town":"Gulwe","state_district":"Mpwapwa","state":"Dodoma","ISO3166-2-lvl4":"TZ-03","region":"Central Zone","country":"Tanzania","country_code":"tz"},"osm_type":"node","osm_id":4055514921,"type":"town","location":[36.4095287,-6.4495485],"bbox":[36.3695287,-6.4895485,36.4495287,-6.4095485]}
{"name":"Haydom","display_name":"Haydom, Mbulu, Manyara, Northern Zone, Tanzania","address":{"town":"Haydom","state_district":"Mbulu","state":"Manyara","ISO3166-2-lvl4":"TZ-26","region":"Northern Zone","country":"Tanzania","country_code":"tz"},"osm_type":"node","osm_id":3014830337,"type":"town","location":[35.0188502,-4.1879932],"bbox":[34.9788502,-4.2279932,35.0588502,-4.1479932]}
{"name":"Himo","display_name":"Himo, Moshi Rural, Kilimanjaro, Northern Zone, Tanzania","address":{"town":"Himo","state_district":"Moshi Rural","state":"Kilimanjaro","ISO3166-2-lvl4":"TZ-09","region":"Northern Zone","country":"Tanzania","country_code":"tz"},"osm_type":"node","osm_id":255603972,"type":"town","location":[37.5467977,-3.3881209],"bbox":[37.5067977,-3.4281209,37.5867977,-3.3481209]}
{"name":"Holili","display_name":"Holili, Rombo, Kilimanjaro, Northern Zone, Tanzania","address":{"town":"Holili","state_district":"Rombo","state":"Kilimanjaro","ISO3166-2-lvl4":"TZ-09","region":"Northern Zone","country":"Tanzania","country_code":"tz"},"osm_type":"node","osm_id":3886079725,"type":"town","location":[37.6351976,-3.3777136],"bbox":[37.5951976,-3.4177136,37.6751976,-3.3377136]}
{"name":"Idodi","display_name":"Idodi, Iringa, Southern Highlands Zone, Tanzania","address":{"town":"Idodi","state_district":"Iringa","state":"Iringa","ISO3166-2-lvl4":"TZ-04","region":"Southern Highlands Zone","country":"Tanzania","country_code":"tz"},"osm_type":"node","osm_id":1489195792,"type":"town","location":[35.199388,-7.778731],"bbox":[35.159388,-7.818731,35.239388,-7.738731]}
{"name":"Iguguno","display_name":"Iguguno, Mkalama, Singida, Central Zone, Tanzania","address":{"town":"Iguguno","state_district":"Mkalama","state":"Singida","ISO3166-2-lvl4":"TZ-23","region":"Central Zone","country":"Tanzania","country_code":"tz"},"osm_type":"node","osm_id":258507896,"type":"town","location":[34.627497,-4.569747],"bbox":[34.587497,-4.609747,34.667497,-4.529747]}
{"name":"Igunga","display_name":"Igunga, Tabora, Central Zone, Tanzania","address":{"town":"Igunga","state_district":"Igunga","state":"Tabora","ISO3166-2-lvl4":"TZ-24","region":"Central Zone","country":"Tanzania","country_code":"tz"},"osm_type":"node","osm_id":259067269,"type":"town","location":[33.8771249,-4.2854224],"bbox":[33.8371249,-4.3254224,33.9171249,-4.2454224]}
{"name":"Igurubi","display_name":"Igurubi, Igunga, Tabora, Central Zone, Tanzania","address":{"town":"Igurubi","state_district":"Igunga","state":"Tabora","ISO3166-2-lvl4":"TZ-24","region":"Central Zone","country":"Tanzania","country_code":"tz"},"osm_type":"node","osm_id":3152554072,"type":"town","location":[33.7125115,-4.000576],"bbox":[33.6725115,-4.040576,33.7525115,-3.960576]}
{"name":"Igurusi","display_name":"Igurusi, Mbarali, Mbeya, Southern Highlands Zone, Tanzania","address":{"town":"Igurusi","state_district":"Mbarali","state":"Mbeya","ISO3166-2-lvl4":"TZ-14","region":"Southern Highlands Zone","country":"Tanzania","country_code":"tz"},"osm_type":"node","osm_id":258501715,"type":"town","location":[33.8527195,-8.8221652],"bbox":[33.8127195,-8.8621652,33.8927195,-8.7821652]}
{"name":"Ikonda","display_name":"Ikonda, Makete, Njombe, Southern Highlands Zone, Tanzania","address":{"town":"Ikonda","state_district":"Makete","state":"Njombe","ISO3166-2-lvl4":"TZ-29","region":"Southern Highlands Zone","country":"Tanzania","country_code":"tz"},"osm_type":"node","osm_id":6383622955,"type":"town","location":[34.2323509,-9.3727799],"bbox":[34.1923509,-9.4127799,34.2723509,-9.3327799]}
{"name":"Ikondo","display_name":"Ikondo, Njombe, Southern Highlands Zone, Tanzania","address":{"town":"Ikondo","state_district":"Njombe","state":"Njombe","ISO3166-2-lvl4":"TZ-29","region":"Southern Highlands Zone","country":"Tanzania","country_code":"tz"},"osm_type":"node","osm_id":9970253079,"type":"town","location":[35.2405215,-9.0789609],"bbox":[35.2005215,-9.1189609,35.2805215,-9.0389609]}
{"name":"Ikungi","display_name":"Ikungi, Singida, Central Zone, Tanzania","address":{"town":"Ikungi","state_district":"Ikungi","state":"Singida","ISO3166-2-lvl4":"TZ-23","region":"Central Zone","country":"Tanzania","country_code":"tz"},"osm_type":"node","osm_id":4054695961,"type":"town","location":[34.771308,-5.134581],"bbox":[34.731308,-5.174581,34.811308,-5.094581]}
{"name":"Ikwiriri","display_name":"Ikwiriri, Rufiji, Pwani, Coastal Zone, Tanzania","address":{"town":"Ikwiriri","state_district":"Rufiji","state":"Pwani","ISO3166-2-lvl4":"TZ-19","region":"Coastal Zone","country":"Tanzania","country_code":"tz"},"osm_type":"node","osm_id":1038265913,"type":"town","location":[38.9879489,-7.957739],"bbox":[38.9479489,-7.997739,39.0279489,-7.917739]}
{"name":"Ileje","display_name":"Ileje, Songwe, Southern Highlands Zone, Tanzania","address":{"town":"Ileje","state_district":"Ileje","state":"Songwe","ISO3166-2-lvl4":"TZ-31","region":"Southern Highlands Zone","country":"Tanzania","country_code":"tz"},"osm_type":"node","osm_id":2162986927,"type":"town","location":[33.1854892,-9.4115204],"bbox":[33.1454892,-9.4515204,33.2254892,-9.3715204]}
{"name":"Ilembula","display_name":"Ilembula, Wanging'ombe, Njombe, Southern Highlands Zone, Tanzania","address":{"town":"Ilembula","state_district":"Wanging'ombe","state":"Njombe","ISO3166-2-lvl4":"TZ-29","region":"Southern Highlands Zone","country":"Tanzania","country_code":"tz"},"osm_type":"node","osm_id":2156340018,"type":"town","location":[34.5812751,-8.8973933],"bbox":[34.5412751,-8.9373933,34.6212751,-8.8573933]}
{"name":"Ilongero","display_name":"Ilongero, Singida, Central Zone, Tanzania","address":{"town":"Ilongero","state_district":"Singida","state":"Singida","ISO3166-2-lvl4":"TZ-23","region":"Central Zone","country":"Tanzania","country_code":"tz"},"osm_type":"node","osm_id":3157807815,"type":"town","location":[34.871984,-4.66857],"bbox":[34.831984,-4.70857,34.911984,-4.62857]}
{"name":"Ilula","display_name":"Ilula, Kilolo, Iringa, Southern Highlands Zone, Tanzania","address":{"town":"Ilula","state_district":"Kilolo","state":"Iringa","ISO3166-2-lvl4":"TZ-04","region":"Southern Highlands Zone","country":"Tanzania","country_code":"tz"},"osm_type":"node","osm_id":1484695769,"type":"town","location":[36.0388429,-7.6773807],"bbox":[35.9988429,-7.7173807,36.0788429,-7.6373807]}
{"name":"Ilunda","display_name":"Ilunda, Makambako Town, Njombe, Southern Highlands Zone, Tanzania","address":{"town":"Ilunda","state_district":"Makambako Town","state":"Njombe","ISO3166-2-lvl4":"TZ-29","region":"Southern Highlands Zone","country":"Tanzania","country_code":"tz"},"osm_type":"node","osm_id":2877242635,"type":"town","location":[34.8297391,-8.9916991],"bbox":[34.7897391,-9.0316991,34.8697391,-8.9516991]}
{"name":"Iparamasa","display_name":"Iparamasa, Chato DC, Geita, Lake Zone, Tanzania","address":{"town":"Iparamasa","state_district":"Chato DC","state":"Geita","ISO3166-2-lvl4":"TZ-27","region":"Lake Zone","country":"Tanzania","country_code":"tz"},"osm_type":"node","osm_id":3221243157,"type":"town","location":[31.8883853,-3.1576132],"bbox":[31.8483853,-3.1976132,31.9283853,-3.1176132]}
{"name":"Isaka","display_name":"Isaka, Msalala, Shinyanga, Lake Zone, Tanzania","address":{"town":"Isaka","state_district":"Msalala","state":"Shinyanga","ISO3166-2-lvl4":"TZ-22","region":"Lake Zone","country":"Tanzania","country_code":"tz"},"osm_type":"node","osm_id":255590784,"type":"town","location":[32.9459933,-3.9050436],"bbox":[32.9059933,-3.9450436,32.9859933,-3.8650436]}
{"name":"Itigi","other_names":{"name:ru":"Итиги","name:uk":"Ітіґі"},"display_name":"Itigi, Singida, Central Zone, Tanzania","address":{"town":"Itigi","state_district":"Itigi","state":"Singida","ISO3166-2-lvl4":"TZ-23","region":"Central Zone","country":"Tanzania","country_code":"tz"},"osm_type":"node","osm_id":258309920,"type":"town","location":[34.4985823,-5.7022934],"bbox":[34.4585823,-5.7422934,34.5385823,-5.6622934]}
{"name":"Iwawa","display_name":"Iwawa, Makete, Njombe, Southern Highlands Zone, Tanzania","address":{"town":"Iwawa","state_district":"Makete","state":"Njombe","ISO3166-2-lvl4":"TZ-29","region":"Southern Highlands Zone","country":"Tanzania","country_code":"tz"},"osm_type":"node","osm_id":2548514968,"type":"town","location":[34.0933651,-9.2548442],"bbox":[34.0533651,-9.2948442,34.1333651,-9.2148442]}
{"name":"Kabwe","display_name":"Kabwe, Nkasi, Rukwa, Southern Highlands Zone, Tanzania","address":{"town":"Kabwe","state_district":"Nkasi","state":"Rukwa","ISO3166-2-lvl4":"TZ-20","region":"Southern Highlands Zone","country":"Tanzania","country_code":"tz"},"osm_type":"way","osm_id":354213147,"type":"town","location":[30.558574351719862,-7.0440957],"bbox":[30.5517681,-7.0494603,30.5652831,-7.0389796]}
{"name":"Kagongwa","display_name":"Kagongwa, Kahama Urban, Shinyanga, Lake Zone, Tanzania","address":{"town":"Kagongwa","state_district":"Kahama Urban","state":"Shinyanga","ISO3166-2-lvl4":"TZ-22","region":"Lake Zone","country":"Tanzania","country_code":"tz"},"osm_type":"node","osm_id":3522097232,"type":"town","location":[32.7679976,-3.8752972],"bbox":[32.7279976,-3.9152972,32.8079976,-3.8352972]}
{"name":"Kakonko","other_names":{"name:ru":"Каконко","name:uk":"Каконко"},"display_name":"Kakonko, Kigoma, Western Zone, Tanzania","address":{"town":"Kakonko","state_district":"Kakonko","state":"Kigoma","ISO3166-2-lvl4":"TZ-08","region":"Western Zone","country":"Tanzania","country_code":"tz"},"osm_type":"node","osm_id":259712892,"type":"town","location":[30.9659582,-3.2821339],"bbox":[30.9259582,-3.3221339,31.0059582,-3.2421339]}
{"name":"Kaliua","display_name":"Kaliua, Tabora, Central Zone, Tanzania","address":{"town":"Kaliua","state_district":"Kaliua","state":"Tabora","ISO3166-2-lvl4":"TZ-24","region":"Central Zone","country":"Tanzania","country_code":"tz"},"osm_type":"node","osm_id":255588572,"type":"town","location":[31.792861,-5.059465],"bbox":[31.752861,-5.099465,31.832861,-5.019465]}
{"name":"Karatu","display_name":"Karatu, Arusha, Northern Zone, 23601, Tanzania","address":{"town":"Karatu","state_district":"Karatu","state":"Arusha","ISO3166-2-lvl4":"TZ-01","region":"Northern Zone","postcode":"23601","country":"Tanzania","country_code":"tz"},"osm_type":"node","osm_id":255653806,"type":"town","location":[35.6733489,-3.3386568],"bbox":[35.6333489,-3.3786568,35.7133489,-3.2986568]}
{"name":"Kasamwa","display_name":"Kasamwa, Geita Town, Geita, Lake Zone, Tanzania","address":{"town":"Kasamwa","city":"Geita Town","state":"Geita","ISO3166-2-lvl4":"TZ-27","region":"Lake Zone","country":"Tanzania","country_code":"tz"},"osm_type":"node","osm_id":259706481,"type":"town","location":[32.4235486,-2.8427991],"bbox":[32.3835486,-2.8827991,32.4635486,-2.8027991]}
{"name":"Kasumulu","display_name":"Kasumulu, Kyela, Mbeya, Southern Highlands Zone, Tanzania","address":{"town":"Kasumulu","state_district":"Kyela","state":"Mbeya","ISO3166-2-lvl4":"TZ-14","region":"Southern Highlands Zone","country":"Tanzania","country_code":"tz"},"osm_type":"node","osm_id":7816197695,"type":"town","location":[33.7724201,-9.5726966],"bbox":[33.7324201,-9.6126966,33.8124201,-9.5326966]}
{"name":"Katali","display_name":"Katali, Kalambo, Rukwa, Southern Highlands Zone, Tanzania","address":{"town":"Katali","state_district":"Kalambo","state":"Rukwa","ISO3166-2-lvl4":"TZ-20","region":"Southern Highlands Zone","country":"Tanzania","country_code":"tz"},"osm_type":"node","osm_id":938286406,"type":"town","location":[31.7394412,-8.5350786],"bbox":[31.6994412,-8.5750786,31.7794412,-8.4950786]}
{"name":"Katesh","display_name":"Katesh, Hanang, Manyara, Northern Zone, Tanzania","address":{"town":"Katesh","state_district":"Hanang","state":"Manyara","ISO3166-2-lvl4":"TZ-26","region":"Northern Zone","country":"Tanzania","country_code":"tz"},"osm_type":"node","osm_id":3604840285,"type":"town","location":[35.3885779,-4.5226895],"bbox":[35.3485779,-4.5626895,35.4285779,-4.4826895]}
{"name":"Katoro","display_name":"Katoro, Geita, Lake Zone, Tanzania","address":{"town":"Katoro","state_district":"Geita","state":"Geita","ISO3166-2-lvl4":"TZ-27","region":"Lake Zone","country":"Tanzania","country_code":"tz"},"population":75000,"osm_type":"node","osm_id":258932063,"type":"town","location":[31.927419,-3.0048496],"bbox":[31.887419,-3.0448496,31.967419,-2.9648496]}
{"name":"Kayanga","display_name":"Kayanga, Karagwe, Kagera, Lake Zone, Tanzania","address":{"town":"Kayanga","state_district":"Karagwe","state":"Kagera","ISO3166-2-lvl4":"TZ-05","region":"Lake Zone","country":"Tanzania","country_code":"tz"},"population":16590,"osm_type":"node","osm_id":2619615640,"type":"town","location":[31.1511361,-1.5302676],"bbox":[31.1111361,-1.5702676,31.1911361,-1.4902676]}
{"name":"Kemondo","display_name":"Kemondo, Bukoba, Kagera, Lake Zone, Tanzania","address":{"town":"Kemondo","state_district":"Bukoba","state":"Kagera","ISO3166-2-lvl4":"TZ-05","region":"Lake Zone","country":"Tanzania","country_code":"tz"},"osm_type":"node","osm_id":3103897164,"type":"town","location":[31.7452427,-1.4724058],"bbox":[31.7052427,-1.5124058,31.7852427,-1.4324058]}
{"name":"Kibakwe","display_name":"Kibakwe, Mpwapwa, Dodoma, Central Zone, Tanzania","address":{"town":"Kibakwe","state_district":"Mpwapwa","state":"Dodoma","ISO3166-2-lvl4":"TZ-03","region":"Central Zone","country":"Tanzania","country_code":"tz"},"population":10000,"osm_type":"node","osm_id":965844399,"type":"town","location":[36.371526,-6.713716],"bbox":[36.331526,-6.753716,36.411526,-6.673716]}
{"name":"Kibaya","display_name":"Kibaya, Kiteto, Manyara, Northern Zone, Tanzania","address":{"town":"Kibaya","state_district":"Kiteto","state":"Manyara","ISO3166-2-lvl4":"TZ-26","region":"Northern Zone","country":"Tanzania","country_code":"tz"},"osm_type":"node","osm_id":259069787,"type":"town","location":[36.5614253,-5.313419],"bbox":[36.5214253,-5.353419,36.6014253,-5.273419]}
{"name":"Kibiti","display_name":"Kibiti, Pwani, Coastal Zone, Tanzania","address":{"town":"Kibiti","state_district":"Kibiti","state":"Pwani","ISO3166-2-lvl4":"TZ-19","region":"Coastal Zone","country":"Tanzania","country_code":"tz"},"osm_type":"node","osm_id":2177167781,"type":"town","location":[38.9364704,-7.7214333],"bbox":[38.8964704,-7.7614333,38.9764704,-7.6814333],"border":{"name":"Kibiti","display_name":"Kibiti, Pwani, Coastal Zone, Tanzania","address":{"town":"Kibiti","state_district":"Kibiti","state":"Pwani","ISO3166-2-lvl4":"TZ-19","region":"Coastal Zone","country":"Tanzania","country_code":"tz"},"osm_type":"way","osm_id":207462369,"type":"town","location":[38.9364704,-7.7214333],"bbox":[38.926208,-7.7360937,38.9480927,-7.7106609]}}
{"name":"Kibondo","display_name":"Kibondo, Kigoma, Western Zone, 47401, Tanzania","address":{"town":"Kibondo","state_district":"Kibondo","state":"Kigoma","ISO3166-2-lvl4":"TZ-08","region":"Western Zone","postcode":"47401","country":"Tanzania","country_code":"tz"},"osm_type":"node","osm_id":259075705,"type":"town","location":[30.7198006,-3.5863517],"bbox":[30.6798006,-3.6263517,30.7598006,-3.5463517]}
{"name":"Kigadye","display_name":"Kigadye, Kasulu, Kigoma, Western Zone, Tanzania","address":{"town":"Kigadye","state_district":"Kasulu","state":"Kigoma","ISO3166-2-lvl4":"TZ-08","region":"Western Zone","country":"Tanzania","country_code":"tz"},"osm_type":"node","osm_id":5525015258,"type":"town","location":[30.2649535,-4.0610052],"bbox":[30.2249535,-4.1010052,30.3049535,-4.0210052]}
{"name":"Kigonsera","display_name":"Kigonsera, Mbinga, Ruvuma, Southern Highlands Zone, Tanzania","address":{"town":"Kigonsera","state_district":"Mbinga","state":"Ruvuma","ISO3166-2-lvl4":"TZ-21","region":"Southern Highlands Zone","country":"Tanzania","country_code":"tz"},"osm_type":"node","osm_id":2469969665,"type":"town","location":[35.0766783,-10.7985862],"bbox":[35.0366783,-10.8385862,35.1166783,-10.7585862]}
{"name":"Kilindoni","display_name":"Kilindoni, Mafia, Pwani, Coastal Zone, Tanzania","address":{"town":"Kilindoni","state_district":"Mafia","state":"Pwani","ISO3166-2-lvl4":"TZ-19","region":"Coastal Zone","country":"Tanzania","country_code":"tz"},"osm_type":"node","osm_id":608071188,"type":"town","location":[39.6671536,-7.9113546],"bbox":[39.6271536,-7.9513546,39.7071536,-7.8713546]}
{"name":"Kilosa","other_names":{"name:ru":"Килоса","name:uk":"Кілоса"},"display_name":"Kilosa, Morogoro, Coastal Zone, Tanzania","address":{"town":"Kilosa","state_district":"Kilosa","state":"Morogoro","ISO3166-2-lvl4":"TZ-16","region":"Coastal Zone","country":"Tanzania","country_code":"tz"},"osm_type":"node","osm_id":258144545,"type":"town","location":[36.985732,-6.8363175],"bbox":[36.945732,-6.8763175,37.025732,-6.7963175]}
{"name":"Kilwa Kivinje","display_name":"Kilwa Kivinje, Kilwa, Lindi, Coastal Zone, Tanzania","address":{"town":"Kilwa Kivinje","state_district":"Kilwa","state":"Lindi","ISO3166-2-lvl4":"TZ-12","region":"Coastal Zone","country":"Tanzania","country_code":"tz"},"osm_type":"node","osm_id":965844897,"type":"town","location":[39.412637,-8.7488423],"bbox":[39.372637,-8.7888423,39.452637,-8.7088423]}
{"name":"Kilwa Masoko","display_name":"Kilwa Masoko, Kilwa, Lindi, Coastal Zone, Tanzania","address":{"town":"Kilwa Masoko","state_district":"Kilwa","state":"Lindi","ISO3166-2-lvl4":"TZ-12","region":"Coastal Zone","country":"Tanzania","country_code":"tz"},"osm_type":"node","osm_id":1136001371,"type":"town","location":[39.5143664,-8.9326308],"bbox":[39.4743664,-8.9726308,39.5543664,-8.8926308]}
{"name":"Kimamba A","display_name":"Kimamba A, Kilosa, Morogoro, Coastal Zone, Tanzania","address":{"town":"Kimamba A","state_district":"Kilosa","state":"Morogoro","ISO3166-2-lvl4":"TZ-16","region":"Coastal Zone","country":"Tanzania","country_code":"tz"},"osm_type":"node","osm_id":259083992,"type":"town","location":[37.1398564,-6.788788],"bbox":[37.0998564,-6.828788,37.1798564,-6.748788]}
{"name":"Kirando","display_name":"Kirando, Nkasi, Rukwa, Southern Highlands Zone, Tanzania","address":{"town":"Kirando","state_district":"Nkasi","state":"Rukwa","ISO3166-2-lvl4":"TZ-20","region":"Southern Highlands Zone","country":"Tanzania","country_code":"tz"},"osm_type":"node","osm_id":435760995,"type":"town","location":[30.6236463,-7.3698203],"bbox":[30.5836463,-7.4098203,30.6636463,-7.3298203]}
{"display_name":"Kisarawe, Pwani, Coastal Zone, Tanzania","address":{"state_district":"Kisarawe","state":"Pwani","ISO3166-2-lvl4":"TZ-19","region":"Coastal Zone","country":"Tanzania","country_code":"tz"},"osm_type":"node","osm_id":5090950185,"type":"town","location":[39.074573,-6.9072735],"bbox":[39.034573,-6.9472735,39.114573,-6.8672735]}
{"name":"Kisesa 'A'","display_name":"Kisesa 'A', Magu, Mwanza, Lake Zone, Tanzania","address":{"town":"Kisesa 'A'","state_district":"Magu","state":"Mwanza","ISO3166-2-lvl4":"TZ-18","region":"Lake Zone","country":"Tanzania","country_code":"tz"},"population":21707,"osm_type":"node","osm_id":259709135,"type":"town","location":[33.0450063,-2.5546303],"bbox":[33.0050063,-2.5946303,33.0850063,-2.5146303]}
{"name":"Kisorya","display_name":"Kisorya, Bunda, Mara, Lake Zone, Tanzania","address":{"town":"Kisorya","state_district":"Bunda","state":"Mara","ISO3166-2-lvl4":"TZ-13","region":"Lake Zone","country":"Tanzania","country_code":"tz"},"osm_type":"node","osm_id":4547457881,"type":"town","location":[33.2128698,-2.1106067],"bbox":[33.1728698,-2.1506067,33.2528698,-2.0706067]}
{"display_name":"Kiteto, Manyara, Northern Zone, Tanzania","address":{"state_district":"Kiteto","state":"Manyara","ISO3166-2-lvl4":"TZ-26","region":"Northern Zone","country":"Tanzania","country_code":"tz"},"osm_type":"node","osm_id":12856842733,"type":"town","location":[36.7464042,-5.3073046],"bbox":[36.7064042,-5.3473046,36.7864042,-5.2673046]}
{"name":"Kiwengwa","display_name":"Kiwengwa, Kaskazini B, Unguja Kaskazini, Zanzibar زنجبار, 73209, Tanzania","address":{"town":"Kiwengwa","state_district":"Kaskazini B","state":"Unguja Kaskazini","ISO3166-2-lvl4":"TZ-07","region":"Zanzibar زنجبار","postcode":"73209","country":"Tanzania","country_code":"tz"},"osm_type":"node","osm_id":31553371,"type":"town","location":[39.3760766,-5.9901036],"bbox":[39.3360766,-6.0301036,39.4160766,-5.9501036]}
{"name":"Kondoa","display_name":"Kondoa, Kondoa Town, Dodoma, Central Zone, Tanzania","address":{"town":"Kondoa","state_district":"Kondoa Town","state":"Dodoma","ISO3166-2-lvl4":"TZ-03","region":"Central Zone","country":"Tanzania","country_code":"tz"},"population":80443,"osm_type":"node","osm_id":258589880,"type":"town","location":[35.7796312,-4.9065127],"bbox":[35.7396312,-4.9465127,35.8196312,-4.8665127]}
{"name":"Kongwa","display_name":"Kongwa, Dodoma, Central Zone, Tanzania","address":{"town":"Kongwa","state_district":"Kongwa","state":"Dodoma","ISO3166-2-lvl4":"TZ-03","region":"Central Zone","country":"Tanzania","country_code":"tz"},"population":309973,"osm_type":"node","osm_id":943235403,"type":"town","location":[36.4072433,-6.1925662],"bbox":[36.3672433,-6.2325662,36.4472433,-6.1525662]}
{"name":"Korogwe","other_names":{"name:ru":"Корогве","name:uk":"Корогве"},"display_name":"Korogwe, Korogwe Town, Tanga, Northern Zone, Tanzania","address":{"town":"Korogwe","state_district":"Korogwe Town","state":"Tanga","ISO3166-2-lvl4":"TZ-25","region":"Northern Zone","country":"Tanzania","country_code":"tz"},"population":62032,"osm_type":"node","osm_id":255655635,"type":"town","location":[38.4522634,-5.1592095],"bbox":[38.4122634,-5.1992095,38.4922634,-5.1192095]}
{"name":"Korongwe","display_name":"Korongwe, Nkasi, Rukwa, Southern Highlands Zone, Tanzania","address":{"town":"Korongwe","state_district":"Nkasi","state":"Rukwa","ISO3166-2-lvl4":"TZ-20","region":"Southern Highlands Zone","country":"Tanzania","country_code":"tz"},"osm_type":"way","osm_id":354212555,"type":"town","location":[30.539868041299584,-7.1643194],"bbox":[30.5312757,-7.1742584,30.5446755,-7.1541866]}
{"name":"Kukirango","display_name":"Kukirango, Butiama, Mara, Lake Zone, 31201, Tanzania","address":{"town":"Kukirango","state_district":"Butiama","state":"Mara","ISO3166-2-lvl4":"TZ-13","region":"Lake Zone","postcode":"31201","country":"Tanzania","country_code":"tz"},"osm_type":"node","osm_id":259710135,"type":"town","location":[33.8567103,-1.7649275],"bbox":[33.8167103,-1.8049275,33.8967103,-1.7249275]}
{"display_name":"Kwimba, Mwanza, Lake Zone, Tanzania","address":{"state_district":"Kwimba","state":"Mwanza","ISO3166-2-lvl4":"TZ-18","region":"Lake Zone","country":"Tanzania","country_code":"tz"},"osm_type":"node","osm_id":3152556338,"type":"town","location":[33.1096359,-3.3816359],"bbox":[33.0696359,-3.4216359,33.1496359,-3.3416359]}
{"name":"Kyela","display_name":"Kyela, Mbeya, Southern Highlands Zone, Tanzania","address":{"town":"Kyela","state_district":"Kyela","state":"Mbeya","ISO3166-2-lvl4":"TZ-14","region":"Southern Highlands Zone","country":"Tanzania","country_code":"tz"},"osm_type":"node","osm_id":262109073,"type":"town","location":[33.8698055,-9.5905693],"bbox":[33.8298055,-9.6305693,33.9098055,-9.5505693],"border":{"name":"Kyela","display_name":"Kyela, Mbeya, Southern Highlands Zone, Tanzania","address":{"ward":"Kyela","state_district":"Kyela","state":"Mbeya","ISO3166-2-lvl4":"TZ-14","region":"Southern Highlands Zone","country":"Tanzania","country_code":"tz"},"osm_type":"relation","osm_id":7269314,"type":"administrative","location":[33.872888861016236,-9.5929651],"bbox":[33.8395832,-9.6260205,33.9033363,-9.5598305]}}
{"name":"Laela","display_name":"Laela, Sumbawanga Rural, Rukwa, Southern Highlands Zone, Tanzania","address":{"town":"Laela","state_district":"Sumbawanga Rural","state":"Rukwa","ISO3166-2-lvl4":"TZ-20","region":"Southern Highlands Zone","country":"Tanzania","country_code":"tz"},"osm_type":"node","osm_id":938286125,"type":"town","location":[32.046977,-8.5724624],"bbox":[32.006977,-8.6124624,32.086977,-8.5324624]}
{"name":"Lamadi","display_name":"Lamadi, Busega, Simiyu, Lake Zone, Tanzania","address":{"town":"Lamadi","state_district":"Busega","state":"Simiyu","ISO3166-2-lvl4":"TZ-30","region":"Lake Zone","country":"Tanzania","country_code":"tz"},"osm_type":"node","osm_id":566128754,"type":"town","location":[33.8512523,-2.2448598],"bbox":[33.8112523,-2.2848598,33.8912523,-2.2048598]}
{"name":"Likonde","display_name":"Likonde, Mbinga, Ruvuma, Southern Highlands Zone, Tanzania","address":{"town":"Likonde","state_district":"Mbinga","state":"Ruvuma","ISO3166-2-lvl4":"TZ-21","region":"Southern Highlands Zone","country":"Tanzania","country_code":"tz"},"osm_type":"node","osm_id":2469799352,"type":"town","location":[35.1422427,-10.7514517],"bbox":[35.1022427,-10.7914517,35.1822427,-10.7114517]}
{"name":"Lindi","other_names":{"name:lt":"Lindis","name:ru":"Линди","name:uk":"Лінді"},"display_name":"Lindi, Lindi Municipal, Lindi, Coastal Zone, Tanzania","address":{"town":"Lindi","state_district":"Lindi Municipal","state":"Lindi","ISO3166-2-lvl4":"TZ-12","region":"Coastal Zone","country":"Tanzania","country_code":"tz"},"population":95096,"osm_type":"node","osm_id":258162403,"type":"town","location":[39.7137313,-9.9989181],"bbox":[39.6737313,-10.0389181,39.7537313,-9.9589181]}
{"name":"Loliondo","display_name":"Loliondo, Ngorongoro, Arusha, Northern Zone, Tanzania","address":{"town":"Loliondo","state_district":"Ngorongoro","state":"Arusha","ISO3166-2-lvl4":"TZ-01","region":"Northern Zone","country":"Tanzania","country_code":"tz"},"osm_type":"node","osm_id":7813570014,"type":"town","location":[35.6219564,-2.0554127],"bbox":[35.5819564,-2.0954127,35.6619564,-2.0154127]}
{"name":"Longido","display_name":"Longido, Arusha, Northern Zone, Tanzania","address":{"town":"Longido","state_district":"Longido","state":"Arusha","ISO3166-2-lvl4":"TZ-01","region":"Northern Zone","country":"Tanzania","country_code":"tz"},"osm_type":"node","osm_id":258922908,"type":"town","location":[36.6963548,-2.7319396],"bbox":[36.6563548,-2.7719396,36.7363548,-2.6919396]}
{"name":"Lukuledi","display_name":"Lukuledi, Masasi, Mtwara, Coastal Zone, Tanzania","address":{"town":"Lukuledi","state_district":"Masasi","state":"Mtwara","ISO3166-2-lvl4":"TZ-17","region":"Coastal Zone","country":"Tanzania","country_code":"tz"},"osm_type":"node","osm_id":259080003,"type":"town","location":[38.8053215,-10.5676159],"bbox":[38.7653215,-10.6076159,38.8453215,-10.5276159]}
{"name":"Lulembela","display_name":"Lulembela, Mbogwe, Geita, Lake Zone, Tanzania","address":{"town":"Lulembela","state_district":"Mbogwe","state":"Geita","ISO3166-2-lvl4":"TZ-27","region":"Lake Zone","country":"Tanzania","country_code":"tz"},"osm_type":"node","osm_id":3471529571,"type":"town","location":[31.9089887,-3.2510039],"bbox":[31.8689887,-3.2910039,31.9489887,-3.2110039]}
{"name":"Lunguza","display_name":"Lunguza, Lushoto, Tanga, Northern Zone, Tanzania","address":{"town":"Lunguza","state_district":"Lushoto","state":"Tanga","ISO3166-2-lvl4":"TZ-25","region":"Northern Zone","country":"Tanzania","country_code":"tz"},"osm_type":"node","osm_id":7924772349,"type":"town","location":[38.3925651,-4.5094406],"bbox":[38.3525651,-4.5494406,38.4325651,-4.4694406]}
{"name":"Lushoto","display_name":"Lushoto, Tanga, Northern Zone, Tanzania","address":{"town":"Lushoto","state_district":"Lushoto","state":"Tanga","ISO3166-2-lvl4":"TZ-25","region":"Northern Zone","country":"Tanzania","country_code":"tz"},"osm_type":"node","osm_id":257916259,"type":"town","location":[38.290511,-4.795146],"bbox":[38.250511,-4.835146,38.330511,-4.755146]}
{"display_name":"Madaba, Ruvuma, Southern Highlands Zone, Tanzania","address":{"state_district":"Madaba","state":"Ruvuma","ISO3166-2-lvl4":"TZ-21","region":"Southern Highlands Zone","country":"Tanzania","country_code":"tz"},"osm_type":"node","osm_id":2489856749,"type":"town","location":[35.6642759,-10.4023738],"bbox":[35.6242759,-10.4423738,35.7042759,-10.3623738]}
{"name":"Madibira","display_name":"Madibira, Mbarali, Mbeya, Southern Highlands Zone, Tanzania","address":{"town":"Madibira","state_district":"Mbarali","state":"Mbeya","ISO3166-2-lvl4":"TZ-14","region":"Southern Highlands Zone","country":"Tanzania","country_code":"tz"},"osm_type":"node","osm_id":965845041,"type":"town","location":[34.8064,-8.212508],"bbox":[34.7664,-8.252508,34.8464,-8.172508]}
{"name":"Mafinga","display_name":"Mafinga, Mafinga Town, Iringa, Southern Highlands Zone, Tanzania","address":{"town":"Mafinga","state_district":"Mafinga Town","state":"Iringa","ISO3166-2-lvl4":"TZ-04","region":"Southern Highlands Zone","country":"Tanzania","country_code":"tz"},"population":99305,"osm_type":"node","osm_id":258505599,"type":"town","location":[35.2989116,-8.3015336],"bbox":[35.2589116,-8.3415336,35.3389116,-8.2615336]}
{"name":"Mafuriko","display_name":"Mafuriko, Tanga, Northern Zone, Tanzania","address":{"town":"Mafuriko","city":"Tanga","state":"Tanga","ISO3166-2-lvl4":"TZ-25","region":"Northern Zone","country":"Tanzania","country_code":"tz"},"osm_type":"node","osm_id":7552521980,"type":"town","location":[39.054358,-5.0560358],"bbox":[39.014358,-5.0960358,39.094358,-5.0160358]}
{"name":"Magu","display_name":"Magu, Mwanza, Lake Zone, Tanzania","address":{"town":"Magu","state_district":"Magu","state":"Mwanza","ISO3166-2-lvl4":"TZ-18","region":"Lake Zone","country":"Tanzania","country_code":"tz"},"population":23822,"osm_type":"node","osm_id":566128650,"type":"town","location":[33.4445308,-2.5899613],"bbox":[33.4045308,-2.6299613,33.4845308,-2.5499613]}
{"name":"Mahenge","display_name":"Mahenge, Ulanga, Morogoro, Coastal Zone, Tanzania","address":{"town":"Mahenge","state_district":"Ulanga","state":"Morogoro","ISO3166-2-lvl4":"TZ-16","region":"Coastal Zone","country":"Tanzania","country_code":"tz"},"osm_type":"node","osm_id":965845001,"type":"town","location":[36.718668,-8.6837495],"bbox":[36.678668,-8.7237495,36.758668,-8.6437495]}
{"name":"Mahonda","display_name":"Mahonda, Kaskazini B, Unguja Kaskazini, Zanzibar زنجبار, Tanzania","address":{"town":"Mahonda","state_district":"Kaskazini B","state":"Unguja Kaskazini","ISO3166-2-lvl4":"TZ-07","region":"Zanzibar زنجبار","country":"Tanzania","country_code":"tz"},"osm_type":"node","osm_id":27251989,"type":"town","location":[39.2499504,-5.9883421],"bbox":[39.2099504,-6.0283421,39.2899504,-5.9483421]}
{"name":"Mahuta","display_name":"Mahuta, Tandahimba, Mtwara, Coastal Zone, Tanzania","address":{"town":"Mahuta","state_district":"Tandahimba","state":"Mtwara","ISO3166-2-lvl4":"TZ-17","region":"Coastal Zone","country":"Tanzania","country_code":"tz"},"osm_type":"node","osm_id":3679709718,"type":"town","location":[39.4236818,-10.8729547],"bbox":[39.3836818,-10.9129547,39.4636818,-10.8329547]}
{"name":"Majimoto","display_name":"Majimoto, Mpimbwe, Katavi, Western Zone, Tanzania","address":{"town":"Majimoto","state_district":"Mpimbwe","state":"Katavi","ISO3166-2-lvl4":"TZ-28","region":"Western Zone","country":"Tanzania","country_code":"tz"},"osm_type":"node","osm_id":7693251325,"type":"town","location":[31.3962489,-7.2523572],"bbox":[31.3562489,-7.2923572,31.4362489,-7.2123572]}
{"name":"Makongolosi","display_name":"Makongolosi, Chunya, Mbeya, Southern Highlands Zone, Tanzania","address":{"town":"Makongolosi","state_district":"Chunya","state":"Mbeya","ISO3166-2-lvl4":"TZ-14","region":"Southern Highlands Zone","country":"Tanzania","country_code":"tz"},"osm_type":"node","osm_id":259071670,"type":"town","location":[33.1608406,-8.4176914],"bbox":[33.1208406,-8.4576914,33.2008406,-8.3776914]}
{"name":"Makunduchi","display_name":"Makunduchi, Kusini, Unguja Kusini, Zanzibar زنجبار, 72103, Tanzania","address":{"town":"Makunduchi","state_district":"Kusini","state":"Unguja Kusini","ISO3166-2-lvl4":"TZ-11","region":"Zanzibar زنجبار","postcode":"72103","country":"Tanzania","country_code":"tz"},"osm_type":"node","osm_id":5257834936,"type":"town","location":[39.5533652,-6.412746],"bbox":[39.5133652,-6.452746,39.5933652,-6.372746]}
{"name":"Makuyuni","display_name":"Makuyuni, Monduli, Arusha, Northern Zone, Tanzania","address":{"town":"Makuyuni","state_district":"Monduli","state":"Arusha","ISO3166-2-lvl4":"TZ-01","region":"Northern Zone","country":"Tanzania","country_code":"tz"},"osm_type":"node","osm_id":255619853,"type":"town","location":[36.1020802,-3.5502319],"bbox":[36.0620802,-3.5902319,36.1420802,-3.5102319]}
{"name":"Malinyi","display_name":"Malinyi, Morogoro, Coastal Zone, Tanzania","address":{"town":"Malinyi","state_district":"Malinyi","state":"Morogoro","ISO3166-2-lvl4":"TZ-16","region":"Coastal Zone","country":"Tanzania","country_code":"tz"},"osm_type":"node","osm_id":3394975761,"type":"town","location":[36.1368593,-8.943947],"bbox":[36.0968593,-8.983947,36.1768593,-8.903947]}
{"name":"Mang'ola Barazani","display_name":"Mang'ola Barazani, Mang'ola, Karatu, Arusha, Northern Zone, Tanzania","address":{"town":"Mang'ola Barazani","state_district":"Karatu","state":"Arusha","ISO3166-2-lvl4":"TZ-01","region":"Northern Zone","country":"Tanzania","country_code":"tz"},"osm_type":"node","osm_id":910420562,"type":"town","location":[35.3380425,-3.5171587],"bbox":[35.2980425,-3.5571587,35.3780425,-3.4771587]}
{"name":"Mang'ola","display_name":"Mang'ola, Karatu, Arusha, Northern Zone, Tanzania","address":{"town":"Mang'ola","state_district":"Karatu","state":"Arusha","ISO3166-2-lvl4":"TZ-01","region":"Northern Zone","country":"Tanzania","country_code":"tz"},"osm_type":"relation","osm_id":3972954,"type":"town","location":[35.339573299287935,-3.51913345],"bbox":[35.3294964,-3.5308656,35.3488032,-3.507705]}
{"name":"Mangaka","other_names":{"name:en":"Mangaka"},"display_name":"Mangaka, Nanyumbu, Mtwara, Coastal Zone, Tanzania","address":{"town":"Mangaka","state_district":"Nanyumbu","state":"Mtwara","ISO3166-2-lvl4":"TZ-17","region":"Coastal Zone","country":"Tanzania","country_code":"tz"},"osm_type":"node","osm_id":4699952292,"type":"town","location":[38.3839933,-10.9336082],"bbox":[38.3439933,-10.9736082,38.4239933,-10.8936082]}
{"name":"Manyoni","display_name":"Manyoni, Singida, Central Zone, Tanzania","address":{"town":"Manyoni","state_district":"Manyoni","state":"Singida","ISO3166-2-lvl4":"TZ-23","region":"Central Zone","country":"Tanzania","country_code":"tz"},"osm_type":"node","osm_id":3184797350,"type":"town","location":[34.8382186,-5.7467028],"bbox":[34.7982186,-5.7867028,34.8782186,-5.7067028]}
{"name":"Manyovu","display_name":"Manyovu, Buhigwe, Kigoma, Western Zone, Tanzania","address":{"town":"Manyovu","state_district":"Buhigwe","state":"Kigoma","ISO3166-2-lvl4":"TZ-08","region":"Western Zone","country":"Tanzania","country_code":"tz"},"osm_type":"node","osm_id":965844581,"type":"town","location":[29.7953426,-4.4449822],"bbox":[29.7553426,-4.4849822,29.8353426,-4.4049822]}
{"name":"Maore","display_name":"Maore, Same, Kilimanjaro, Northern Zone, Tanzania","address":{"town":"Maore","state_district":"Same","state":"Kilimanjaro","ISO3166-2-lvl4":"TZ-09","region":"Northern Zone","country":"Tanzania","country_code":"tz"},"osm_type":"node","osm_id":4076925775,"type":"town","location":[38.0516523,-4.266845],"bbox":[38.0116523,-4.306845,38.0916523,-4.226845]}
{"name":"Mapogoro","display_name":"Mapogoro, Iringa, Southern Highlands Zone, Tanzania","address":{"town":"Mapogoro","state_district":"Iringa","state":"Iringa","ISO3166-2-lvl4":"TZ-04","region":"Southern Highlands Zone","country":"Tanzania","country_code":"tz"},"osm_type":"node","osm_id":1489195813,"type":"town","location":[35.1233858,-7.8125919],"bbox":[35.0833858,-7.8525919,35.1633858,-7.7725919]}
{"name":"Marangu","display_name":"Marangu, Moshi Rural, Kilimanjaro, Northern Zone, Tanzania","address":{"town":"Marangu","state_district":"Moshi Rural","state":"Kilimanjaro","ISO3166-2-lvl4":"TZ-09","region":"Northern Zone","country":"Tanzania","country_code":"tz"},"osm_type":"node","osm_id":387793210,"type":"town","location":[37.522982,-3.283763],"bbox":[37.482982,-3.323763,37.562982,-3.243763]}
{"name":"Masasi","other_names":{"name:ru":"Масаси","name:uk":"Масасі"},"display_name":"Masasi, Masasi Town, Mtwara, Coastal Zone, Tanzania","address":{"town":"Masasi","state_district":"Masasi Town","state":"Mtwara","ISO3166-2-lvl4":"TZ-17","region":"Coastal Zone","country":"Tanzania","country_code":"tz"},"population":89700,"osm_type":"node","osm_id":258502528,"type":"town","location":[38.8052732,-10.7283309],"bbox":[38.7652732,-10.7683309,38.8452732,-10.6883309]}
{"name":"Masumbwe","display_name":"Masumbwe, Mbogwe, Geita, Lake Zone, Tanzania","address":{"town":"Masumbwe","state_district":"Mbogwe","state":"Geita","ISO3166-2-lvl4":"TZ-27","region":"Lake Zone","country":"Tanzania","country_code":"tz"},"population":50000,"osm_type":"node","osm_id":259713894,"type":"town","location":[32.164209,-3.6461603],"bbox":[32.124209,-3.6861603,32.204209,-3.6061603]}
{"name":"Maswa","display_name":"Maswa, Simiyu, Lake Zone, Tanzania","address":{"town":"Maswa","state_district":"Maswa","state":"Simiyu","ISO3166-2-lvl4":"TZ-30","region":"Lake Zone","country":"Tanzania","country_code":"tz"},"osm_type":"node","osm_id":3044103583,"type":"town","location":[33.7729412,-3.17922],"bbox":[33.7329412,-3.21922,33.8129412,-3.13922]}
{"name":"Matai","display_name":"Matai, Kalambo, Rukwa, Southern Highlands Zone, Tanzania","address":{"town":"Matai","state_district":"Kalambo","state":"Rukwa","ISO3166-2-lvl4":"TZ-20","region":"Southern Highlands Zone","country":"Tanzania","country_code":"tz"},"osm_type":"node","osm_id":262102482,"type":"town","location":[31.5214305,-8.29633],"bbox":[31.4814305,-8.33633,31.5614305,-8.25633]}
{"name":"Mbamba Bay","display_name":"Mbamba Bay, Nyasa, Ruvuma, Southern Highlands Zone, Tanzania","address":{"town":"Mbamba Bay","state_district":"Nyasa","state":"Ruvuma","ISO3166-2-lvl4":"TZ-21","region":"Southern Highlands Zone","country":"Tanzania","country_code":"tz"},"osm_type":"node","osm_id":2471745761,"type":"town","location":[34.8033475,-11.2854443],"bbox":[34.7633475,-11.3254443,34.8433475,-11.2454443]}
{"name":"Mbinga","display_name":"Mbinga, Mbinga Town, Ruvuma, Southern Highlands Zone, Tanzania","address":{"town":"Mbinga","state_district":"Mbinga Town","state":"Ruvuma","ISO3166-2-lvl4":"TZ-21","region":"Southern Highlands Zone","country":"Tanzania","country_code":"tz"},"population":60868,"osm_type":"node","osm_id":258514275,"type":"town","location":[34.996754,-10.9498503],"bbox":[34.956754,-10.9898503,35.036754,-10.9098503]}
{"name":"Mbulu","display_name":"Mbulu, Mbulu Town, Manyara, Northern Zone, Tanzania","address":{"town":"Mbulu","state_district":"Mbulu Town","state":"Manyara","ISO3166-2-lvl4":"TZ-26","region":"Northern Zone","country":"Tanzania","country_code":"tz"},"osm_type":"node","osm_id":259068983,"type":"town","location":[35.5436105,-3.856242],"bbox":[35.5036105,-3.896242,35.5836105,-3.816242]}
{"name":"Mbuyuni","display_name":"Mbuyuni, Masasi, Mtwara, Coastal Zone, Tanzania","address":{"town":"Mbuyuni","state_district":"Masasi","state":"Mtwara","ISO3166-2-lvl4":"TZ-17","region":"Coastal Zone","country":"Tanzania","country_code":"tz"},"osm_type":"node","osm_id":10173683517,"type":"town","location":[39.0434751,-10.9097403],"bbox":[39.0034751,-10.9497403,39.0834751,-10.8697403]}
{"name":"Mhunze","display_name":"Mhunze, Kishapu, Shinyanga, Lake Zone, Tanzania","address":{"town":"Mhunze","state_district":"Kishapu","state":"Shinyanga","ISO3166-2-lvl4":"TZ-22","region":"Lake Zone","country":"Tanzania","country_code":"tz"},"osm_type":"node","osm_id":3373156436,"type":"town","location":[33.8105358,-3.618364],"bbox":[33.7705358,-3.658364,33.8505358,-3.578364]}
{"name":"Mikumi","display_name":"Mikumi, Kilosa, Morogoro, Coastal Zone, Tanzania","address":{"town":"Mikumi","state_district":"Kilosa","state":"Morogoro","ISO3166-2-lvl4":"TZ-16","region":"Coastal Zone","country":"Tanzania","country_code":"tz"},"osm_type":"node","osm_id":1484695822,"type":"town","location":[36.9770319,-7.4048524],"bbox":[36.9370319,-7.4448524,37.0170319,-7.3648524]}
{"name":"Miono","display_name":"Miono, Chalinze, Pwani, Coastal Zone, Tanzania","address":{"town":"Miono","state_district":"Chalinze","state":"Pwani","ISO3166-2-lvl4":"TZ-19","region":"Coastal Zone","country":"Tanzania","country_code":"tz"},"osm_type":"node","osm_id":965845024,"type":"town","location":[38.4075437,-6.1207108],"bbox":[38.3675437,-6.1607108,38.4475437,-6.0807108]}
{"name":"Mirerani","display_name":"Mirerani, Simanjiro, Manyara, Northern Zone, Tanzania","address":{"town":"Mirerani","state_district":"Simanjiro","state":"Manyara","ISO3166-2-lvl4":"TZ-26","region":"Northern Zone","country":"Tanzania","country_code":"tz"},"osm_type":"node","osm_id":262017801,"type":"town","location":[36.9835742,-3.5589907],"bbox":[36.9435742,-3.5989907,37.0235742,-3.5189907]}
{"name":"Misungwi","display_name":"Misungwi, Mwanza, Lake Zone, Tanzania","address":{"town":"Misungwi","state_district":"Misungwi","state":"Mwanza","ISO3166-2-lvl4":"TZ-18","region":"Lake Zone","country":"Tanzania","country_code":"tz"},"population":30728,"osm_type":"node","osm_id":259066734,"type":"town","location":[33.0866061,-2.8429665],"bbox":[33.0466061,-2.8829665,33.1266061,-2.8029665]}
{"name":"Mkata","display_name":"Mkata, Handeni, Tanga, Northern Zone, Tanzania","address":{"town":"Mkata","state_district":"Handeni","state":"Tanga","ISO3166-2-lvl4":"TZ-25","region":"Northern Zone","country":"Tanzania","country_code":"tz"},"osm_type":"node","osm_id":1389809956,"type":"town","location":[38.2916519,-5.7870408],"bbox":[38.2516519,-5.8270408,38.3316519,-5.7470408]}
{"name":"Mkoani","display_name":"Mkoani, Kusini Pemba, Zanzibar زنجبار, Tanzania","address":{"town":"Mkoani","state_district":"Mkoani","state":"Kusini Pemba","ISO3166-2-lvl4":"TZ-10","region":"Zanzibar زنجبار","country":"Tanzania","country_code":"tz"},"osm_type":"node","osm_id":622514838,"type":"town","location":[39.648449,-5.359994],"bbox":[39.608449,-5.399994,39.688449,-5.319994]}
{"name":"Mkokotoni","other_names":{"name:ru":"Мкокотони","name:uk":"Мкокотоні"},"display_name":"Mkokotoni, Kaskazini A, Unguja Kaskazini, Zanzibar زنجبار, Tanzania","address":{"town":"Mkokotoni","state_district":"Kaskazini A","state":"Unguja Kaskazini","ISO3166-2-lvl4":"TZ-07","region":"Zanzibar زنجبار","country":"Tanzania","country_code":"tz"},"osm_type":"node","osm_id":31556298,"type":"town","location":[39.2558883,-5.8748653],"bbox":[39.2158883,-5.9148653,39.2958883,-5.8348653]}
{"name":"Mkuranga","display_name":"Mkuranga, Pwani, Coastal Zone, Tanzania","address":{"town":"Mkuranga","state_district":"Mkuranga","state":"Pwani","ISO3166-2-lvl4":"TZ-19","region":"Coastal Zone","country":"Tanzania","country_code":"tz"},"osm_type":"node","osm_id":262088828,"type":"town","location":[39.2115013,-7.1199031],"bbox":[39.1715013,-7.1599031,39.2515013,-7.0799031]}
{"name":"Mkuu","display_name":"Mkuu, Rombo, Kilimanjaro, Northern Zone, Tanzania","address":{"town":"Mkuu","state_district":"Rombo","state":"Kilimanjaro","ISO3166-2-lvl4":"TZ-09","region":"Northern Zone","country":"Tanzania","country_code":"tz"},"osm_type":"node","osm_id":4580952274,"type":"town","location":[37.6170834,-3.1905023],"bbox":[37.5770834,-3.2305023,37.6570834,-3.1505023]}
{"name":"Mkuyuni","display_name":"Mkuyuni, Morogoro, Coastal Zone, Tanzania","address":{"town":"Mkuyuni","state_district":"Morogoro","state":"Morogoro","ISO3166-2-lvl4":"TZ-16","region":"Coastal Zone","country":"Tanzania","country_code":"tz"},"osm_type":"node","osm_id":929222852,"type":"town","location":[37.8133832,-6.9517228],"bbox":[37.7733832,-6.9917228,37.8533832,-6.9117228]}
{"name":"Mlalo","display_name":"Mlalo, Lushoto, Tanga, Northern Zone, Tanzania","address":{"town":"Mlalo","state_district":"Lushoto","state":"Tanga","ISO3166-2-lvl4":"TZ-25","region":"Northern Zone","country":"Tanzania","country_code":"tz"},"osm_type":"node","osm_id":727003327,"type":"town","location":[38.3474494,-4.5790517],"bbox":[38.3074494,-4.6190517,38.3874494,-4.5390517]}
{"name":"Mlandizi","display_name":"Mlandizi, Kibaha, Pwani, Coastal Zone, Tanzania","address":{"town":"Mlandizi","state_district":"Kibaha","state":"Pwani","ISO3166-2-lvl4":"TZ-19","region":"Coastal Zone","country":"Tanzania","country_code":"tz"},"osm_type":"node","osm_id":262088666,"type":"town","location":[38.7388981,-6.7169041],"bbox":[38.6988981,-6.7569041,38.7788981,-6.6769041]}
{"name":"Mlimba","display_name":"Mlimba, Kilombero, Morogoro, Coastal Zone, Tanzania","address":{"town":"Mlimba","state_district":"Kilombero","state":"Morogoro","ISO3166-2-lvl4":"TZ-16","region":"Coastal Zone","country":"Tanzania","country_code":"tz"},"osm_type":"node","osm_id":262050530,"type":"town","location":[35.8110019,-8.7845624],"bbox":[35.7710019,-8.8245624,35.8510019,-8.7445624]}
{"name":"Mombo","display_name":"Mombo, Korogwe, Tanga, Northern Zone, Tanzania","address":{"town":"Mombo","state_district":"Korogwe","state":"Tanga","ISO3166-2-lvl4":"TZ-25","region":"Northern Zone","country":"Tanzania","country_code":"tz"},"osm_type":"node","osm_id":255655408,"type":"town","location":[38.2898369,-4.8888042],"bbox":[38.2498369,-4.9288042,38.3298369,-4.8488042]}
{"name":"Mpwapwa","display_name":"Mpwapwa, Dodoma, Central Zone, 20481, Tanzania","address":{"town":"Mpwapwa","state_district":"Mpwapwa","state":"Dodoma","ISO3166-2-lvl4":"TZ-03","region":"Central Zone","postcode":"20481","country":"Tanzania","country_code":"tz"},"osm_type":"node","osm_id":2402547640,"type":"town","location":[36.486661,-6.3484065],"bbox":[36.446661,-6.3884065,36.526661,-6.3084065]}
{"name":"Msente","display_name":"Msente, Kilindi, Tanga, Northern Zone, Tanzania","address":{"town":"Msente","state_district":"Kilindi","state":"Tanga","ISO3166-2-lvl4":"TZ-25","region":"Northern Zone","country":"Tanzania","country_code":"tz"},"osm_type":"node","osm_id":12875675248,"type":"town","location":[37.9213929,-5.4218024],"bbox":[37.8813929,-5.4618024,37.9613929,-5.3818024]}
{"name":"Mtinko","display_name":"Mtinko, Singida, Central Zone, Tanzania","address":{"town":"Mtinko","state_district":"Singida","state":"Singida","ISO3166-2-lvl4":"TZ-23","region":"Central Zone","country":"Tanzania","country_code":"tz"},"osm_type":"node","osm_id":261979650,"type":"town","location":[34.843648,-4.5499236],"bbox":[34.803648,-4.5899236,34.883648,-4.5099236]}
{"name":"Mto wa Mbu","display_name":"Mto wa Mbu, Monduli, Arusha, Northern Zone, Tanzania","address":{"town":"Mto wa Mbu","state_district":"Monduli","state":"Arusha","ISO3166-2-lvl4":"TZ-01","region":"Northern Zone","country":"Tanzania","country_code":"tz"},"population":11405,"osm_type":"node","osm_id":255620128,"type":"town","location":[35.8558004,-3.3767101],"bbox":[35.8158004,-3.4167101,35.8958004,-3.3367101]}
{"name":"Muganza","display_name":"Muganza, Chato DC, Geita, Lake Zone, Tanzania","address":{"town":"Muganza","state_district":"Chato DC","state":"Geita","ISO3166-2-lvl4":"TZ-27","region":"Lake Zone","country":"Tanzania","country_code":"tz"},"osm_type":"node","osm_id":3401984226,"type":"town","location":[31.7358274,-2.3758186],"bbox":[31.6958274,-2.4158186,31.7758274,-2.3358186]}
{"name":"Mugumu","other_names":{"name:en":"Mugumu","name:sw":"Mugumu Mjini"},"display_name":"Mugumu, Serengeti, Mara, Lake Zone, Tanzania","address":{"town":"Mugumu","state_district":"Serengeti","state":"Mara","ISO3166-2-lvl4":"TZ-13","region":"Lake Zone","country":"Tanzania","country_code":"tz"},"osm_type":"node","osm_id":566342259,"type":"town","location":[34.6741255,-1.83975],"bbox":[34.6341255,-1.87975,34.7141255,-1.79975],"border":{"name":"Mugumu","other_names":{"name:sw":"Mugumu"},"display_name":"Mugumu, Serengeti, Mara, Lake Zone, Tanzania","address":{"ward":"Mugumu","state_district":"Serengeti","state":"Mara","ISO3166-2-lvl4":"TZ-13","region":"Lake Zone","country":"Tanzania","country_code":"tz"},"osm_type":"relation","osm_id":7235961,"type":"administrative","location":[34.660698669178245,-1.8335501],"bbox":[34.6406643,-1.8534596,34.6764285,-1.8154396]}}
{"name":"Muheza","display_name":"Muheza, Tanga, Northern Zone, Tanzania","address":{"town":"Muheza","state_district":"Muheza","state":"Tanga","ISO3166-2-lvl4":"TZ-25","region":"Northern Zone","country":"Tanzania","country_code":"tz"},"osm_type":"node","osm_id":5672289211,"type":"town","location":[38.7899105,-5.175611],"bbox":[38.7499105,-5.215611,38.8299105,-5.135611]}
{"name":"Muleba","display_name":"Muleba, Ijumbi, Muleba, Kagera, Lake Zone, Tanzania","address":{"town":"Muleba","county":"Ijumbi","state_district":"Muleba","state":"Kagera","ISO3166-2-lvl4":"TZ-05","region":"Lake Zone","country":"Tanzania","country_code":"tz"},"osm_type":"node","osm_id":965845239,"type":"town","location":[31.6549612,-1.8416894],"bbox":[31.6149612,-1.8816894,31.6949612,-1.8016894]}
{"name":"Mungaa","display_name":"Mungaa, Ikungi, Singida, Central Zone, Tanzania","address":{"town":"Mungaa","state_district":"Ikungi","state":"Singida","ISO3166-2-lvl4":"TZ-23","region":"Central Zone","country":"Tanzania","country_code":"tz"},"osm_type":"node","osm_id":3182899637,"type":"town","location":[34.863397,-4.967557],"bbox":[34.823397,-5.007557,34.903397,-4.927557]}
{"name":"Mvomero","display_name":"Mvomero, Morogoro, Coastal Zone, Tanzania","address":{"town":"Mvomero","state_district":"Mvomero","state":"Morogoro","ISO3166-2-lvl4":"TZ-16","region":"Coastal Zone","country":"Tanzania","country_code":"tz"},"osm_type":"node","osm_id":262088125,"type":"town","location":[37.4477829,-6.3042153],"bbox":[37.4077829,-6.3442153,37.4877829,-6.2642153]}
{"name":"Mwandoya","display_name":"Mwandoya, Meatu, Simiyu, Lake Zone, Tanzania","address":{"village":"Mwandoya","state_district":"Meatu","state":"Simiyu","ISO3166-2-lvl4":"TZ-30","region":"Lake Zone","country":"Tanzania","country_code":"tz"},"osm_type":"way","osm_id":299344050,"type":"town","location":[34.2139547,-3.2286425],"bbox":[34.2044471,-3.2396206,34.2258929,-3.225841]}
{"name":"Mwanga","display_name":"Mwanga, Kilimanjaro, Northern Zone, Tanzania","address":{"town":"Mwanga","state_district":"Mwanga","state":"Kilimanjaro","ISO3166-2-lvl4":"TZ-09","region":"Northern Zone","country":"Tanzania","country_code":"tz"},"osm_type":"node","osm_id":255654749,"type":"town","location":[37.5781694,-3.661164],"bbox":[37.5381694,-3.701164,37.6181694,-3.621164]}
{"name":"Mwanhuzi","display_name":"Mwanhuzi, Meatu, Simiyu, Lake Zone, Tanzania","address":{"town":"Mwanhuzi","state_district":"Meatu","state":"Simiyu","ISO3166-2-lvl4":"TZ-30","region":"Lake Zone","country":"Tanzania","country_code":"tz"},"osm_type":"node","osm_id":3029361901,"type":"town","location":[34.3137624,-3.5296462],"bbox":[34.2737624,-3.5696462,34.3537624,-3.4896462]}
{"name":"Mwaya","display_name":"Mwaya, Ulanga, Morogoro, Coastal Zone, Tanzania","address":{"town":"Mwaya","state_district":"Ulanga","state":"Morogoro","ISO3166-2-lvl4":"TZ-16","region":"Coastal Zone","country":"Tanzania","country_code":"tz"},"osm_type":"node","osm_id":965844028,"type":"town","location":[36.8267798,-8.9148169],"bbox":[36.7867798,-8.9548169,36.8667798,-8.8748169]}
{"name":"Mwera","display_name":"Mwera, Magharibi A, Unguja Mjini Magharibi, Zanzibar زنجبار, 71117, Tanzania","address":{"town":"Mwera","state_district":"Magharibi A","state":"Unguja Mjini Magharibi","ISO3166-2-lvl4":"TZ-15","region":"Zanzibar زنجبار","postcode":"71117","country":"Tanzania","country_code":"tz"},"osm_type":"node","osm_id":3609646085,"type":"town","location":[39.2585309,-6.1462912],"bbox":[39.2185309,-6.1862912,39.2985309,-6.1062912]}
{"name":"Mwibagi","display_name":"Mwibagi, Butiama, Mara, Lake Zone, Tanzania","address":{"town":"Mwibagi","state_district":"Butiama","state":"Mara","ISO3166-2-lvl4":"TZ-13","region":"Lake Zone","country":"Tanzania","country_code":"tz"},"osm_type":"node","osm_id":3020991140,"type":"town","location":[33.8378199,-1.8534104],"bbox":[33.7978199,-1.8934104,33.8778199,-1.8134104]}
{"name":"Mwika","display_name":"Mwika, Moshi Rural, Kilimanjaro, Northern Zone, 25218, Tanzania","address":{"town":"Mwika","state_district":"Moshi Rural","state":"Kilimanjaro","ISO3166-2-lvl4":"TZ-09","region":"Northern Zone","postcode":"25218","country":"Tanzania","country_code":"tz"},"osm_type":"node","osm_id":4580952273,"type":"town","location":[37.5802904,-3.2807227],"bbox":[37.5402904,-3.3207227,37.6202904,-3.2407227]}
{"name":"Mwimbi","display_name":"Mwimbi, Kalambo, Rukwa, Southern Highlands Zone, Tanzania","address":{"town":"Mwimbi","state_district":"Kalambo","state":"Rukwa","ISO3166-2-lvl4":"TZ-20","region":"Southern Highlands Zone","country":"Tanzania","country_code":"tz"},"osm_type":"node","osm_id":938286357,"type":"town","location":[31.6687027,-8.6550406],"bbox":[31.6287027,-8.6950406,31.7087027,-8.6150406]}
{"name":"Nachingwea","display_name":"Nachingwea, Lindi, Coastal Zone, Tanzania","address":{"town":"Nachingwea","state_district":"Nachingwea","state":"Lindi","ISO3166-2-lvl4":"TZ-12","region":"Coastal Zone","country":"Tanzania","country_code":"tz"},"osm_type":"node","osm_id":258923620,"type":"town","location":[38.7611482,-10.368412],"bbox":[38.7211482,-10.408412,38.8011482,-10.328412]}
{"name":"Namanyere","display_name":"Namanyere, Nkasi, Rukwa, Southern Highlands Zone, Tanzania","address":{"town":"Namanyere","state_district":"Nkasi","state":"Rukwa","ISO3166-2-lvl4":"TZ-20","region":"Southern Highlands Zone","country":"Tanzania","country_code":"tz"},"osm_type":"node","osm_id":262091019,"type":"town","location":[31.0457085,-7.5106889],"bbox":[31.0057085,-7.5506889,31.0857085,-7.4706889]}
{"name":"Namtumbo","display_name":"Namtumbo, Ruvuma, Southern Highlands Zone, Tanzania","address":{"town":"Namtumbo","state_district":"Namtumbo","state":"Ruvuma","ISO3166-2-lvl4":"TZ-21","region":"Southern Highlands Zone","country":"Tanzania","country_code":"tz"},"osm_type":"node","osm_id":262110599,"type":"town","location":[36.1383772,-10.4635624],"bbox":[36.0983772,-10.5035624,36.1783772,-10.4235624]}
{"name":"Nangomba","display_name":"Nangomba, Nanyumbu, Mtwara, Coastal Zone, Tanzania","address":{"town":"Nangomba","state_district":"Nanyumbu","state":"Mtwara","ISO3166-2-lvl4":"TZ-17","region":"Coastal Zone","country":"Tanzania","country_code":"tz"},"osm_type":"node","osm_id":259080486,"type":"town","location":[38.5161362,-10.902697],"bbox":[38.4761362,-10.942697,38.5561362,-10.862697]}
{"name":"Nangwa","display_name":"Nangwa, Hanang, Manyara, Northern Zone, Tanzania","address":{"town":"Nangwa","state_district":"Hanang","state":"Manyara","ISO3166-2-lvl4":"TZ-26","region":"Northern Zone","country":"Tanzania","country_code":"tz"},"osm_type":"node","osm_id":3157807818,"type":"town","location":[35.4403262,-4.5005715],"bbox":[35.4003262,-4.5405715,35.4803262,-4.4605715]}
{"name":"Nansio","display_name":"Nansio, Ukerewe, Mwanza, Lake Zone, Tanzania","address":{"town":"Nansio","state_district":"Ukerewe","state":"Mwanza","ISO3166-2-lvl4":"TZ-18","region":"Lake Zone","country":"Tanzania","country_code":"tz"},"osm_type":"node","osm_id":3369623227,"type":"town","location":[33.086706,-2.108396],"bbox":[33.046706,-2.148396,33.126706,-2.068396]}
{"name":"Nanyamba","display_name":"Nanyamba, Nanyamba Town, Mtwara, Coastal Zone, Tanzania","address":{"town":"Nanyamba","state_district":"Nanyamba Town","state":"Mtwara","ISO3166-2-lvl4":"TZ-17","region":"Coastal Zone","country":"Tanzania","country_code":"tz"},"osm_type":"node","osm_id":965844594,"type":"town","location":[39.7997834,-10.691113],"bbox":[39.7597834,-10.731113,39.8397834,-10.651113]}
{"name":"New Kiomboi","display_name":"New Kiomboi, Iramba, Singida, Central Zone, Tanzania","address":{"town":"New Kiomboi","state_district":"Iramba","state":"Singida","ISO3166-2-lvl4":"TZ-23","region":"Central Zone","country":"Tanzania","country_code":"tz"},"osm_type":"node","osm_id":261975303,"type":"town","location":[34.4089326,-4.2810999],"bbox":[34.3689326,-4.3210999,34.4489326,-4.2410999]}
{"name":"Newala","display_name":"Newala, Newala Town, Mtwara, Coastal Zone, Tanzania","address":{"town":"Newala","state_district":"Newala Town","state":"Mtwara","ISO3166-2-lvl4":"TZ-17","region":"Coastal Zone","country":"Tanzania","country_code":"tz"},"osm_type":"node","osm_id":259064907,"type":"town","location":[39.2736756,-10.9450928],"bbox":[39.2336756,-10.9850928,39.3136756,-10.9050928]}
{"name":"Ngara Mjini","display_name":"Ngara Mjini, Ngara, Kagera, Lake Zone, Tanzania","address":{"town":"Ngara Mjini","state_district":"Ngara","state":"Kagera","ISO3166-2-lvl4":"TZ-05","region":"Lake Zone","country":"Tanzania","country_code":"tz"},"osm_type":"node","osm_id":965845243,"type":"town","location":[30.6549422,-2.5125292],"bbox":[30.6149422,-2.5525292,30.6949422,-2.4725292]}
{"name":"Ngudu","display_name":"Ngudu, Kwimba, Mwanza, Lake Zone, Tanzania","address":{"town":"Ngudu","state_district":"Kwimba","state":"Mwanza","ISO3166-2-lvl4":"TZ-18","region":"Lake Zone","country":"Tanzania","country_code":"tz"},"osm_type":"node","osm_id":259073216,"type":"town","location":[33.3424743,-2.9634631],"bbox":[33.3024743,-3.0034631,33.3824743,-2.9234631]}
{"name":"Nguruka","display_name":"Nguruka, Uvinza, Kigoma, Western Zone, Tanzania","address":{"town":"Nguruka","state_district":"Uvinza","state":"Kigoma","ISO3166-2-lvl4":"TZ-08","region":"Western Zone","country":"Tanzania","country_code":"tz"},"osm_type":"node","osm_id":259712678,"type":"town","location":[31.0443477,-5.1112184],"bbox":[31.0043477,-5.1512184,31.0843477,-5.0712184]}
{"name":"Njombe","other_names":{"name:ru":"Нджомбе","name:uk":"Нджомбе"},"display_name":"Njombe, Njombe Municipal, Njombe, Southern Highlands Zone, Tanzania","address":{"town":"Njombe","state_district":"Njombe Municipal","state":"Njombe","ISO3166-2-lvl4":"TZ-29","region":"Southern Highlands Zone","country":"Tanzania","country_code":"tz"},"population":92537,"osm_type":"node","osm_id":258511874,"type":"town","location":[34.7694862,-9.3380477],"bbox":[34.7294862,-9.3780477,34.8094862,-9.2980477]}
{"name":"Nkololo","display_name":"Nkololo, Bariadi, Simiyu, Lake Zone, Tanzania","address":{"town":"Nkololo","state_district":"Bariadi","state":"Simiyu","ISO3166-2-lvl4":"TZ-30","region":"Lake Zone","country":"Tanzania","country_code":"tz"},"osm_type":"node","osm_id":3728871134,"type":"town","location":[34.1600706,-2.6423973],"bbox":[34.1200706,-2.6823973,34.2000706,-2.6023973]}
{"name":"Nungwi","other_names":{"name:ar":"نونكوي"},"display_name":"Nungwi, Kaskazini A, Unguja Kaskazini, Zanzibar زنجبار, 73107, Tanzania","address":{"town":"Nungwi","state_district":"Kaskazini A","state":"Unguja Kaskazini","ISO3166-2-lvl4":"TZ-07","region":"Zanzibar زنجبار","postcode":"73107","country":"Tanzania","country_code":"tz"},"osm_type":"node","osm_id":27251888,"type":"town","location":[39.2992016,-5.7272268],"bbox":[39.2592016,-5.7672268,39.3392016,-5.6872268]}
{"name":"Nyakiswa","display_name":"Nyakiswa, Butiama, Mara, Lake Zone, Tanzania","address":{"town":"Nyakiswa","state_district":"Butiama","state":"Mara","ISO3166-2-lvl4":"TZ-13","region":"Lake Zone","country":"Tanzania","country_code":"tz"},"osm_type":"node","osm_id":3020717446,"type":"town","location":[33.7887949,-1.8264357],"bbox":[33.7487949,-1.8664357,33.8287949,-1.7864357]}
{"name":"Nyarugusu","display_name":"Nyarugusu, Geita, Lake Zone, Tanzania","address":{"town":"Nyarugusu","state_district":"Geita","state":"Geita","ISO3166-2-lvl4":"TZ-27","region":"Lake Zone","country":"Tanzania","country_code":"tz"},"osm_type":"node","osm_id":3159185608,"type":"town","location":[32.2347531,-3.112834],"bbox":[32.1947531,-3.152834,32.2747531,-3.072834]}
{"display_name":"Nzega, Tabora, Central Zone, Tanzania","address":{"state_district":"Nzega","state":"Tabora","ISO3166-2-lvl4":"TZ-24","region":"Central Zone","country":"Tanzania","country_code":"tz"},"osm_type":"node","osm_id":4628940580,"type":"town","location":[33.1349307,-4.0264413],"bbox":[33.0949307,-4.0664413,33.1749307,-3.9864413]}
{"name":"Old Shinyanga","display_name":"Old Shinyanga, Shinyanga Urban, Shinyanga, Lake Zone, Tanzania","address":{"town":"Old Shinyanga","state_district":"Shinyanga Urban","state":"Shinyanga","ISO3166-2-lvl4":"TZ-22","region":"Lake Zone","country":"Tanzania","country_code":"tz"},"osm_type":"node","osm_id":3152554073,"type":"town","location":[33.4091602,-3.5601681],"bbox":[33.3691602,-3.6001681,33.4491602,-3.5201681]}
{"name":"Olkung'wado","display_name":"Olkung'wado, Meru, Arusha, Northern Zone, Tanzania","address":{"town":"Olkung'wado","state_district":"Meru","state":"Arusha","ISO3166-2-lvl4":"TZ-01","region":"Northern Zone","country":"Tanzania","country_code":"tz"},"population":3000,"osm_type":"node","osm_id":5908238999,"type":"town","location":[36.8604398,-3.1802595],"bbox":[36.8204398,-3.2202595,36.9004398,-3.1402595]}
{"name":"Paje","display_name":"Paje, Kusini, Unguja Kusini, Zanzibar زنجبار, Tanzania","address":{"village":"Paje","state_district":"Kusini","state":"Unguja Kusini","ISO3166-2-lvl4":"TZ-11","region":"Zanzibar زنجبار","country":"Tanzania","country_code":"tz"},"osm_type":"way","osm_id":244322980,"type":"town","location":[39.534072,-6.266745],"bbox":[39.5254423,-6.273824,39.5367502,-6.257318]}
{"name":"Pangani","display_name":"Pangani, Tanga, Northern Zone, Tanzania","address":{"town":"Pangani","state_district":"Pangani","state":"Tanga","ISO3166-2-lvl4":"TZ-25","region":"Northern Zone","country":"Tanzania","country_code":"tz"},"osm_type":"node","osm_id":255615846,"type":"town","location":[38.9771304,-5.424377],"bbox":[38.9371304,-5.464377,39.0171304,-5.384377]}
{"name":"Peramiho","display_name":"Peramiho, Songea, Ruvuma, Southern Highlands Zone, Tanzania","address":{"town":"Peramiho","state_district":"Songea","state":"Ruvuma","ISO3166-2-lvl4":"TZ-21","region":"Southern Highlands Zone","country":"Tanzania","country_code":"tz"},"osm_type":"node","osm_id":965844157,"type":"town","location":[35.4568555,-10.6325089],"bbox":[35.4168555,-10.6725089,35.4968555,-10.5925089]}
{"name":"Pongwe","display_name":"Pongwe, Tanga, Northern Zone, Tanzania","address":{"town":"Pongwe","city":"Tanga","state":"Tanga","ISO3166-2-lvl4":"TZ-25","region":"Northern Zone","country":"Tanzania","country_code":"tz"},"osm_type":"node","osm_id":565453763,"type":"town","location":[38.9754993,-5.1246329],"bbox":[38.9354993,-5.1646329,39.0154993,-5.0846329]}
{"name":"Puma","display_name":"Puma, Ikungi, Singida, Central Zone, Tanzania","address":{"town":"Puma","state_district":"Ikungi","state":"Singida","ISO3166-2-lvl4":"TZ-23","region":"Central Zone","country":"Tanzania","country_code":"tz"},"osm_type":"node","osm_id":4054770031,"type":"town","location":[34.758296,-5.00341],"bbox":[34.718296,-5.04341,34.798296,-4.96341]}
{"name":"Rhotia","display_name":"Rhotia, Karatu, Arusha, Northern Zone, Tanzania","address":{"town":"Rhotia","state_district":"Karatu","state":"Arusha","ISO3166-2-lvl4":"TZ-01","region":"Northern Zone","country":"Tanzania","country_code":"tz"},"osm_type":"node","osm_id":910424111,"type":"town","location":[35.7334075,-3.3126708],"bbox":[35.6934075,-3.3526708,35.7734075,-3.2726708]}
{"name":"Ruangwa","display_name":"Ruangwa, Lindi, Coastal Zone, Tanzania","address":{"town":"Ruangwa","state":"Lindi","ISO3166-2-lvl4":"TZ-12","region":"Coastal Zone","country":"Tanzania","country_code":"tz"},"osm_type":"node","osm_id":965844811,"type":"town","location":[38.9274197,-10.0674573],"bbox":[38.8874197,-10.1074573,38.9674197,-10.0274573],"border":{"name":"Ruangwa","other_names":{"ref":"5"},"display_name":"Ruangwa, Lindi, Coastal Zone, Tanzania","address":{"town":"Ruangwa","state":"Lindi","ISO3166-2-lvl4":"TZ-12","region":"Coastal Zone","country":"Tanzania","country_code":"tz"},"osm_type":"relation","osm_id":13015698,"type":"administrative","location":[38.9274197,-10.0674573],"bbox":[38.7140274,-10.5138765,39.1952366,-9.6696063]}}
{"name":"Rujewa","display_name":"Rujewa, Mbarali, Mbeya, Southern Highlands Zone, Tanzania","address":{"town":"Rujewa","state_district":"Mbarali","state":"Mbeya","ISO3166-2-lvl4":"TZ-14","region":"Southern Highlands Zone","country":"Tanzania","country_code":"tz"},"osm_type":"node","osm_id":262104767,"type":"town","location":[34.3771535,-8.7033937],"bbox":[34.3371535,-8.7433937,34.4171535,-8.6633937]}
{"name":"Rulenge","display_name":"Rulenge, Ngara, Kagera, Lake Zone, Tanzania","address":{"town":"Rulenge","state_district":"Ngara","state":"Kagera","ISO3166-2-lvl4":"TZ-05","region":"Lake Zone","country":"Tanzania","country_code":"tz"},"population":11444,"osm_type":"node","osm_id":259704149,"type":"town","location":[30.6323283,-2.7188717],"bbox":[30.5923283,-2.7588717,30.6723283,-2.6788717]}
{"name":"Rungwa","display_name":"Rungwa, Itigi, Singida, Central Zone, Tanzania","address":{"town":"Rungwa","state_district":"Itigi","state":"Singida","ISO3166-2-lvl4":"TZ-23","region":"Central Zone","country":"Tanzania","country_code":"tz"},"osm_type":"node","osm_id":938286338,"type":"town","location":[33.5178878,-6.9420273],"bbox":[33.4778878,-6.9820273,33.5578878,-6.9020273]}
{"name":"Rusesa","display_name":"Rusesa, Kasulu, Kigoma, Western Zone, Tanzania","address":{"town":"Rusesa","state_district":"Kasulu","state":"Kigoma","ISO3166-2-lvl4":"TZ-08","region":"Western Zone","country":"Tanzania","country_code":"tz"},"osm_type":"node","osm_id":3122797268,"type":"town","location":[30.0155186,-4.8209299],"bbox":[29.9755186,-4.8609299,30.0555186,-4.7809299],"border":{"name":"Rusesa","display_name":"Rusesa, Kasulu, Kigoma, Western Zone, Tanzania","address":{"ward":"Rusesa","state_district":"Kasulu","state":"Kigoma","ISO3166-2-lvl4":"TZ-08","region":"Western Zone","country":"Tanzania","country_code":"tz"},"osm_type":"relation","osm_id":7235838,"type":"administrative","location":[30.082675898972433,-4.9296234000000005],"bbox":[29.9877804,-5.0522076,30.1959536,-4.8014616]}}
{"name":"Same","other_names":{"name:ru":"Саме","name:uk":"Саме"},"display_name":"Same, Kilimanjaro, Northern Zone, Tanzania","address":{"town":"Same","state_district":"Same","state":"Kilimanjaro","ISO3166-2-lvl4":"TZ-09","region":"Northern Zone","country":"Tanzania","country_code":"tz"},"osm_type":"node","osm_id":255611070,"type":"town","location":[37.743808,-4.0681581],"bbox":[37.703808,-4.1081581,37.783808,-4.0281581]}
{"name":"Sanya Juu","display_name":"Sanya Juu, Siha, Kilimanjaro, Northern Zone, Tanzania","address":{"town":"Sanya Juu","state_district":"Siha","state":"Kilimanjaro","ISO3166-2-lvl4":"TZ-09","region":"Northern Zone","country":"Tanzania","country_code":"tz"},"osm_type":"node","osm_id":671589456,"type":"town","location":[37.0673609,-3.1864389],"bbox":[37.0273609,-3.2264389,37.1073609,-3.1464389]}
{"name":"Segese","display_name":"Segese, Msalala, Shinyanga, Lake Zone, Tanzania","address":{"town":"Segese","state_district":"Msalala","state":"Shinyanga","ISO3166-2-lvl4":"TZ-22","region":"Lake Zone","country":"Tanzania","country_code":"tz"},"osm_type":"node","osm_id":3158414464,"type":"town","location":[32.4208482,-3.533485],"bbox":[32.3808482,-3.573485,32.4608482,-3.493485]}
{"display_name":"Serengeti, Mara, Lake Zone, Tanzania","address":{"state_district":"Serengeti","state":"Mara","ISO3166-2-lvl4":"TZ-13","region":"Lake Zone","country":"Tanzania","country_code":"tz"},"osm_type":"node","osm_id":10834376652,"type":"town","location":[34.4283653,-1.9555569],"bbox":[34.3883653,-1.9955569,34.4683653,-1.9155569]}
{"name":"Shelui","display_name":"Shelui, Iramba, Singida, Central Zone, Tanzania","address":{"town":"Shelui","state_district":"Iramba","state":"Singida","ISO3166-2-lvl4":"TZ-23","region":"Central Zone","country":"Tanzania","country_code":"tz"},"osm_type":"node","osm_id":258508024,"type":"town","location":[34.1993994,-4.3595957],"bbox":[34.1593994,-4.3995957,34.2393994,-4.3195957]}
{"name":"Shirati","display_name":"Shirati, Rorya, Mara, Lake Zone, Tanzania","address":{"town":"Shirati","state_district":"Rorya","state":"Mara","ISO3166-2-lvl4":"TZ-13","region":"Lake Zone","country":"Tanzania","country_code":"tz"},"osm_type":"node","osm_id":3373156435,"type":"town","location":[34.030873,-1.151039],"bbox":[33.990873,-1.191039,34.070873,-1.111039]}
{"name":"Sikonge","display_name":"Sikonge, Tabora, Central Zone, 45301, Tanzania","address":{"town":"Sikonge","state_district":"Sikonge","state":"Tabora","ISO3166-2-lvl4":"TZ-24","region":"Central Zone","postcode":"45301","country":"Tanzania","country_code":"tz"},"osm_type":"node","osm_id":261973479,"type":"town","location":[32.7542106,-5.62516],"bbox":[32.7142106,-5.66516,32.7942106,-5.58516]}
{"display_name":"Singida, Central Zone, Tanzania","address":{"state_district":"Singida","state":"Singida","ISO3166-2-lvl4":"TZ-23","region":"Central Zone","country":"Tanzania","country_code":"tz"},"osm_type":"node","osm_id":3157814999,"type":"town","location":[35.0231038,-4.536265],"bbox":[34.9831038,-4.576265,35.0631038,-4.496265]}
{"display_name":"Songea, Ruvuma, Southern Highlands Zone, Tanzania","address":{"state_district":"Songea","state":"Ruvuma","ISO3166-2-lvl4":"TZ-21","region":"Southern Highlands Zone","country":"Tanzania","country_code":"tz"},"osm_type":"node","osm_id":2472091000,"type":"town","location":[35.2454434,-10.6759152],"bbox":[35.2054434,-10.7159152,35.2854434,-10.6359152]}
{"display_name":"Songea, Ruvuma, Southern Highlands Zone, Tanzania","address":{"state_district":"Songea","state":"Ruvuma","ISO3166-2-lvl4":"TZ-21","region":"Southern Highlands Zone","country":"Tanzania","country_code":"tz"},"osm_type":"node","osm_id":2475102111,"type":"town","location":[35.3113565,-10.7086357],"bbox":[35.2713565,-10.7486357,35.3513565,-10.6686357]}
{"name":"Songwe","display_name":"Songwe, Mbeya, Southern Highlands Zone, Tanzania","address":{"town":"Songwe","state_district":"Mbeya","state":"Mbeya","ISO3166-2-lvl4":"TZ-14","region":"Southern Highlands Zone","country":"Tanzania","country_code":"tz"},"osm_type":"node","osm_id":2460747797,"type":"town","location":[33.2437663,-8.9517917],"bbox":[33.2037663,-8.9917917,33.2837663,-8.9117917]}
{"name":"Soni","display_name":"Soni, Bumbuli, Tanga, Northern Zone, Tanzania","address":{"town":"Soni","state_district":"Bumbuli","state":"Tanga","ISO3166-2-lvl4":"TZ-25","region":"Northern Zone","country":"Tanzania","country_code":"tz"},"osm_type":"node","osm_id":565454454,"type":"town","location":[38.3672549,-4.8463535],"bbox":[38.3272549,-4.8863535,38.4072549,-4.8063535]}
{"name":"Tandahimba","display_name":"Tandahimba, Mtwara, Coastal Zone, Tanzania","address":{"town":"Tandahimba","state_district":"Tandahimba","state":"Mtwara","ISO3166-2-lvl4":"TZ-17","region":"Coastal Zone","country":"Tanzania","country_code":"tz"},"osm_type":"node","osm_id":1866582463,"type":"town","location":[39.6303998,-10.7639838],"bbox":[39.5903998,-10.8039838,39.6703998,-10.7239838]}
{"name":"Tinde","display_name":"Tinde, Shinyanga Rural, Shinyanga, Lake Zone, Tanzania","address":{"town":"Tinde","district":"Shinyanga Rural","state":"Shinyanga","ISO3166-2-lvl4":"TZ-22","region":"Lake Zone","country":"Tanzania","country_code":"tz"},"osm_type":"node","osm_id":261964629,"type":"town","location":[33.1951488,-3.8698035],"bbox":[33.1551488,-3.9098035,33.2351488,-3.8298035]}
{"name":"Tukuyu","display_name":"Tukuyu, Rungwe, Mbeya, Southern Highlands Zone, Tanzania","address":{"town":"Tukuyu","state_district":"Rungwe","state":"Mbeya","ISO3166-2-lvl4":"TZ-14","region":"Southern Highlands Zone","country":"Tanzania","country_code":"tz"},"population":50000,"osm_type":"node","osm_id":331456915,"type":"town","location":[33.6458601,-9.2558985],"bbox":[33.6058601,-9.2958985,33.6858601,-9.2158985]}
{"name":"Tunduru","other_names":{"name:ru":"Тундуру","name:uk":"Тундуру"},"display_name":"Tunduru, Ruvuma, Southern Highlands Zone, Tanzania","address":{"town":"Tunduru","state_district":"Tunduru","state":"Ruvuma","ISO3166-2-lvl4":"TZ-21","region":"Southern Highlands Zone","country":"Tanzania","country_code":"tz"},"population":50054,"osm_type":"node","osm_id":258926603,"type":"town","location":[37.3350655,-11.0422376],"bbox":[37.2950655,-11.0822376,37.3750655,-11.0022376]}
{"name":"Tunganalenga","display_name":"Tunganalenga, Iringa, Southern Highlands Zone, Tanzania","address":{"town":"Tunganalenga","state_district":"Iringa","state":"Iringa","ISO3166-2-lvl4":"TZ-04","region":"Southern Highlands Zone","country":"Tanzania","country_code":"tz"},"osm_type":"node","osm_id":1489195853,"type":"town","location":[35.0969265,-7.8323064],"bbox":[35.0569265,-7.8723064,35.1369265,-7.7923064]}
{"name":"Ujiji","other_names":{"name:lt":"Udžidžis"},"display_name":"Ujiji, Kigoma Municipal-Ujiji, Kigoma, Western Zone, Tanzania","address":{"town":"Ujiji","state_district":"Kigoma Municipal-Ujiji","state":"Kigoma","ISO3166-2-lvl4":"TZ-08","region":"Western Zone","country":"Tanzania","country_code":"tz"},"osm_type":"node","osm_id":965845175,"type":"town","location":[29.6920333,-4.9083727],"bbox":[29.6520333,-4.9483727,29.7320333,-4.8683727]}
{"name":"Urambo","display_name":"Urambo, Imalamakoye Ward, Urambo, Tabora, Central Zone, Tanzania","address":{"town":"Urambo","county":"Imalamakoye Ward","state_district":"Urambo","state":"Tabora","ISO3166-2-lvl4":"TZ-24","region":"Central Zone","country":"Tanzania","country_code":"tz"},"osm_type":"node","osm_id":10584822811,"type":"town","location":[32.0704195,-5.0715265],"bbox":[32.0304195,-5.1115265,32.1104195,-5.0315265]}
{"display_name":"Urambo, Tabora, Central Zone, Tanzania","address":{"state_district":"Urambo","state":"Tabora","ISO3166-2-lvl4":"TZ-24","region":"Central Zone","country":"Tanzania","country_code":"tz"},"osm_type":"node","osm_id":4718818497,"type":"town","location":[32.4075935,-5.22451],"bbox":[32.3675935,-5.26451,32.4475935,-5.18451]}
{"name":"Usa River","display_name":"Usa River, Meru, Arusha, Northern Zone, Tanzania","address":{"town":"Usa River","state_district":"Meru","state":"Arusha","ISO3166-2-lvl4":"TZ-01","region":"Northern Zone","country":"Tanzania","country_code":"tz"},"osm_type":"node","osm_id":282575938,"type":"town","location":[36.8582197,-3.3714009],"bbox":[36.8182197,-3.4114009,36.8982197,-3.3314009]}
{"name":"Usagara","display_name":"Usagara, Misungwi, Mwanza, Lake Zone, Tanzania","address":{"town":"Usagara","state_district":"Misungwi","state":"Mwanza","ISO3166-2-lvl4":"TZ-18","region":"Lake Zone","country":"Tanzania","country_code":"tz"},"osm_type":"node","osm_id":3371406243,"type":"town","location":[32.9935384,-2.6804989],"bbox":[32.9535384,-2.7204989,33.0335384,-2.6404989]}
{"name":"Ushirombo","other_names":{"alt_name":"Igulwa"},"display_name":"Ushirombo, Bukombe, Geita, Lake Zone, Tanzania","address":{"town":"Ushirombo","state_district":"Bukombe","state":"Geita","ISO3166-2-lvl4":"TZ-27","region":"Lake Zone","country":"Tanzania","country_code":"tz"},"population":23428,"osm_type":"node","osm_id":3403706592,"type":"town","location":[31.8981028,-3.4693125],"bbox":[31.8581028,-3.5093125,31.9381028,-3.4293125]}
{"name":"Utinta","display_name":"Utinta, Nkasi, Rukwa, Southern Highlands Zone, Tanzania","address":{"town":"Utinta","state_district":"Nkasi","state":"Rukwa","ISO3166-2-lvl4":"TZ-20","region":"Southern Highlands Zone","country":"Tanzania","country_code":"tz"},"osm_type":"way","osm_id":354212733,"type":"town","location":[30.519200884221696,-7.1269827],"bbox":[30.5161788,-7.1331986,30.5247153,-7.1208931]}
{"name":"Uvinza","other_names":{"old_name:de":"Neu Gottorp"},"display_name":"Uvinza, Kigoma, Western Zone, Tanzania","address":{"town":"Uvinza","state_district":"Uvinza","state":"Kigoma","ISO3166-2-lvl4":"TZ-08","region":"Western Zone","country":"Tanzania","country_code":"tz"},"osm_type":"node","osm_id":942563684,"type":"town","location":[30.3878909,-5.1027081],"bbox":[30.3478909,-5.1427081,30.4278909,-5.0627081]}
{"display_name":"Uvinza, Kigoma, Western Zone, Tanzania","address":{"state_district":"Uvinza","state":"Kigoma","ISO3166-2-lvl4":"TZ-08","region":"Western Zone","country":"Tanzania","country_code":"tz"},"osm_type":"relation","osm_id":8399959,"type":"town","location":[29.989599242291888,-4.99551555],"bbox":[29.9738222,-5.0083278,30.0112697,-4.9824023]}
{"name":"Vikindu","display_name":"Vikindu, Mkuranga, Pwani, Coastal Zone, Tanzania","address":{"town":"Vikindu","state_district":"Mkuranga","state":"Pwani","ISO3166-2-lvl4":"TZ-19","region":"Coastal Zone","country":"Tanzania","country_code":"tz"},"population":70000,"osm_type":"node","osm_id":6121776942,"type":"town","location":[39.308264,-7.0068581],"bbox":[39.268264,-7.0468581,39.348264,-6.9668581]}
{"name":"Vwawa","display_name":"Vwawa, Mbozi, Songwe, Southern Highlands Zone, Tanzania","address":{"town":"Vwawa","state_district":"Mbozi","state":"Songwe","ISO3166-2-lvl4":"TZ-31","region":"Southern Highlands Zone","country":"Tanzania","country_code":"tz"},"population":85000,"osm_type":"node","osm_id":262107786,"type":"town","location":[32.9429463,-9.1139548],"bbox":[32.9029463,-9.1539548,32.9829463,-9.0739548]}
{"name":"Wanging’ombe","display_name":"Wanging’ombe, Wanging'ombe, Njombe, Southern Highlands Zone, Tanzania","address":{"town":"Wanging’ombe","state_district":"Wanging'ombe","state":"Njombe","ISO3166-2-lvl4":"TZ-29","region":"Southern Highlands Zone","country":"Tanzania","country_code":"tz"},"osm_type":"node","osm_id":2877242638,"type":"town","location":[34.6331897,-8.8529867],"bbox":[34.5931897,-8.8929867,34.6731897,-8.8129867]}
{"name":"Wete","other_names":{"name:ru":"Вете","name:uk":"Вете"},"display_name":"Wete, Wete District, Kaskazini Pemba, Zanzibar زنجبار, Tanzania","address":{"town":"Wete","state_district":"Wete District","state":"Kaskazini Pemba","ISO3166-2-lvl4":"TZ-06","region":"Zanzibar زنجبار","country":"Tanzania","country_code":"tz"},"osm_type":"node","osm_id":258919720,"type":"town","location":[39.7279904,-5.056425],"bbox":[39.6879904,-5.096425,39.7679904,-5.016425]}
{"name":"Ziwani","display_name":"Ziwani, Mtwara, Coastal Zone, Tanzania","address":{"town":"Ziwani","state_district":"Mtwara","state":"Mtwara","ISO3166-2-lvl4":"TZ-17","region":"Coastal Zone","country":"Tanzania","country_code":"tz"},"osm_type":"node","osm_id":484719808,"type":"town","location":[40.2507186,-10.3488735],"bbox":[40.2107186,-10.3888735,40.2907186,-10.3088735]}
