{"name":"Åkrehamn","display_name":"Åkrehamn, Karmøy, Rogaland, 4270, Norge","address":{"town":"Åkrehamn","municipality":"Karmøy","county":"Rogaland","ISO3166-2-lvl4":"NO-11","postcode":"4270","country":"Norge","country_code":"no"},"population":8099,"osm_type":"node","osm_id":31264150,"type":"town","location":[5.1859501,59.2608001],"bbox":[5.1459501,59.2208001,5.2259501,59.3008001]}
{"name":"Ålgård","display_name":"Ålgård, Gjesdal, Rogaland, 4330, Norge","address":{"town":"Ålgård","municipality":"Gjesdal","county":"Rogaland","ISO3166-2-lvl4":"NO-11","postcode":"4330","country":"Norge","country_code":"no"},"population":12003,"osm_type":"node","osm_id":410854170,"type":"town","location":[5.8472399,58.7692076],"bbox":[5.8072399,58.7292076,5.8872399,58.8092076]}
{"name":"Alta","other_names":{"name:fi":"Alattio","name:no":"Alta","name:ru":"Альта","name:se":"Áltá","name:fkv":"Alattio","loc_name:se":"Álaheadju;Álaheajju"},"display_name":"Alta, Finnmark, Norge","address":{"town":"Alta","municipality":"Alta","county":"Finnmark","ISO3166-2-lvl4":"NO-56","country":"Norge","country_code":"no"},"population":16269,"osm_type":"node","osm_id":198296889,"type":"town","location":[23.2733282,69.9666046],"bbox":[23.2333282,69.9266046,23.3133282,70.0066046],"border":{"name":"Alta","other_names":{"ref":"5601","name:se":"Áltá","old_ref":"2012","name:fkv":"Alattio","name:fi":"Alattio","name:no":"Alta","name:ru":"Альта","loc_name:se":"Álaheadju;Álaheajju"},"display_name":"Alta, Finnmark, Norge","address":{"municipality":"Alta","county":"Finnmark","ISO3166-2-lvl4":"NO-56","country":"Norge","country_code":"no"},"population":21877,"osm_type":"relation","osm_id":406659,"type":"administrative","location":[23.2733282,69.9666046],"bbox":[22.1858185,69.6454509,24.2182315,70.4480212]}}
{"name":"Åndalsnes","other_names":{"name:ru":"Ондалснес"},"display_name":"Åndalsnes, Rauma, Møre og Romsdal, 6310, Norge","address":{"town":"Åndalsnes","municipality":"Rauma","county":"Møre og Romsdal","ISO3166-2-lvl4":"NO-15","postcode":"6310","country":"Norge","country_code":"no"},"population":2483,"osm_type":"node","osm_id":31264151,"type":"town","location":[7.6867621,62.5681692],"bbox":[7.6467621,62.5281692,7.7267621,62.6081692]}
{"name":"Ås","other_names":{"name:ru":"Ос"},"display_name":"Ås, Akershus, 1430, Norge","address":{"town":"Ås","municipality":"Ås","county":"Akershus","ISO3166-2-lvl4":"NO-32","postcode":"1430","country":"Norge","country_code":"no"},"population":11257,"osm_type":"node","osm_id":27407869,"type":"town","location":[10.7909362,59.6639434],"bbox":[10.7509362,59.6239434,10.8309362,59.7039434],"border":{"name":"Ås","other_names":{"ref":"3218","old_ref":"0214"},"display_name":"Ås, Akershus, Norge","address":{"municipality":"Ås","county":"Akershus","ISO3166-2-lvl4":"NO-32","country":"Norge","country_code":"no"},"population":22344,"osm_type":"relation","osm_id":409940,"type":"administrative","location":[10.774163640502413,59.67928085],"bbox":[10.6741128,59.5922839,10.891746,59.7659871]}}
{"name":"Åsgårdstrand","display_name":"Åsgårdstrand, Horten, Vestfold, 3179, Norge","address":{"town":"Åsgårdstrand","municipality":"Horten","county":"Vestfold","ISO3166-2-lvl4":"NO-39","postcode":"3179","country":"Norge","country_code":"no"},"population":2981,"osm_type":"node","osm_id":252585942,"type":"town","location":[10.4680198,59.3491387],"bbox":[10.4280198,59.3091387,10.5080198,59.3891387]}
{"name":"Asker","other_names":{"name:no":"Asker","name:ps":"اسکر","name:ru":"Аскер"},"display_name":"Asker, Akershus, 1384, Norge","address":{"town":"Asker","municipality":"Asker","county":"Akershus","ISO3166-2-lvl4":"NO-32","postcode":"1384","country":"Norge","country_code":"no"},"population":72368,"osm_type":"node","osm_id":33767375,"type":"town","location":[10.4336047,59.8353529],"bbox":[10.3936047,59.7953529,10.4736047,59.8753529],"border":{"name":"Asker","other_names":{"ref":"3203"},"display_name":"Asker, Akershus, Norge","address":{"municipality":"Asker","county":"Akershus","ISO3166-2-lvl4":"NO-32","country":"Norge","country_code":"no"},"population":100492,"osm_type":"relation","osm_id":10483728,"type":"administrative","location":[10.47483598845985,59.68126025],"bbox":[10.2900616,59.457327,10.6349941,59.9059385]}}
{"name":"Askim","other_names":{"name:ru":"Ашим"},"display_name":"Askim, Indre Østfold, Østfold, 1830, Norge","address":{"town":"Askim","municipality":"Indre Østfold","county":"Østfold","ISO3166-2-lvl4":"NO-31","postcode":"1830","country":"Norge","country_code":"no"},"population":15368,"osm_type":"node","osm_id":31264074,"type":"town","location":[11.1641908,59.5832224],"bbox":[11.1241908,59.5432224,11.2041908,59.6232224]}
{"name":"Bardufoss","other_names":{"name:no":"Bardufoss","loc_name:se":"Beardogorži"},"display_name":"Bardufoss, Målselv, Troms, Norge","address":{"town":"Bardufoss","municipality":"Målselv","county":"Troms","ISO3166-2-lvl4":"NO-55","country":"Norge","country_code":"no"},"population":1214,"osm_type":"node","osm_id":130160766,"type":"town","location":[18.5159237,69.065637],"bbox":[18.4759237,69.025637,18.5559237,69.105637]}
{"name":"Bø","other_names":{"alt_name":"Bø i Telemark"},"display_name":"Bø, Midt-Telemark, Telemark, 3800, Norge","address":{"town":"Bø","municipality":"Midt-Telemark","county":"Telemark","ISO3166-2-lvl4":"NO-40","postcode":"3800","country":"Norge","country_code":"no"},"population":3819,"osm_type":"node","osm_id":346645285,"type":"town","location":[9.0664794,59.4130764],"bbox":[9.0264794,59.3730764,9.1064794,59.4530764]}
{"name":"Brekstad","other_names":{"name:ru":"Брекстад"},"display_name":"Brekstad, Ørland, Trøndelag, 7130, Norge","address":{"town":"Brekstad","municipality":"Ørland","county":"Trøndelag","ISO3166-2-lvl4":"NO-50","postcode":"7130","country":"Norge","country_code":"no"},"population":2437,"osm_type":"node","osm_id":31264076,"type":"town","location":[9.6664996,63.6868716],"bbox":[9.6264996,63.6468716,9.7064996,63.7268716]}
{"name":"Brevik","other_names":{"name:ru":"Бревик"},"display_name":"Brevik, Porsgrunn, Telemark, 3960, Norge","address":{"town":"Brevik","municipality":"Porsgrunn","county":"Telemark","ISO3166-2-lvl4":"NO-40","postcode":"3960","country":"Norge","country_code":"no"},"population":3000,"osm_type":"node","osm_id":1300644558,"type":"town","location":[9.699978,59.0528886],"bbox":[9.659978,59.0128886,9.739978,59.0928886]}
{"name":"Brønnøysund","other_names":{"name:ru":"Брённёйсунн","name:sma":"Brïenne"},"display_name":"Brønnøysund, Brønnøy, Nordland, 8900, Norge","address":{"town":"Brønnøysund","municipality":"Brønnøy","county":"Nordland","ISO3166-2-lvl4":"NO-18","postcode":"8900","country":"Norge","country_code":"no"},"population":5093,"osm_type":"node","osm_id":31264079,"type":"town","location":[12.2116394,65.4748755],"bbox":[12.1716394,65.4348755,12.2516394,65.5148755]}
{"name":"Brumunddal","other_names":{"name:ps":"بروموندال","name:ru":"Брумунддал"},"display_name":"Brumunddal, Ringsaker, Innlandet, 2382, Norge","address":{"town":"Brumunddal","municipality":"Ringsaker","county":"Innlandet","ISO3166-2-lvl4":"NO-34","postcode":"2382","country":"Norge","country_code":"no"},"population":11337,"osm_type":"node","osm_id":2555197891,"type":"town","location":[10.9418392,60.884916],"bbox":[10.9018392,60.844916,10.9818392,60.924916],"border":{"name":"Brumunddal","other_names":{"name:ps":"بروموندال","name:ru":"Брумунддал"},"display_name":"Brumunddal, Ringsaker, Innlandet, Norge","address":{"town":"Brumunddal","municipality":"Ringsaker","county":"Innlandet","ISO3166-2-lvl4":"NO-34","country":"Norge","country_code":"no"},"population":11337,"osm_type":"way","osm_id":85883526,"type":"town","location":[10.9418392,60.884916],"bbox":[10.8869629,60.8533552,10.9745358,60.9084726]}}
{"name":"Bryne","other_names":{"name:ru":"Брюне"},"display_name":"Bryne, Time, Rogaland, 4340, Norge","address":{"town":"Bryne","municipality":"Time","county":"Rogaland","ISO3166-2-lvl4":"NO-11","postcode":"4340","country":"Norge","country_code":"no"},"population":13312,"osm_type":"node","osm_id":31264078,"type":"town","location":[5.6478183,58.735525],"bbox":[5.6078183,58.695525,5.6878183,58.775525]}
{"name":"Drøbak","other_names":{"name:ru":"Дрёбак"},"display_name":"Drøbak, Frogn, Akershus, 1440, Norge","address":{"town":"Drøbak","municipality":"Frogn","county":"Akershus","ISO3166-2-lvl4":"NO-32","postcode":"1440","country":"Norge","country_code":"no"},"population":13774,"osm_type":"node","osm_id":6463616300,"type":"town","location":[10.6293392,59.6633005],"bbox":[10.5893392,59.6233005,10.6693392,59.7033005],"border":{"name":"Drøbak","other_names":{"name:ps":"دروباک","name:ru":"Дрёбак"},"display_name":"Drøbak, Frogn, Akershus, Norge","address":{"town":"Drøbak","municipality":"Frogn","county":"Akershus","ISO3166-2-lvl4":"NO-32","country":"Norge","country_code":"no"},"population":13358,"osm_type":"way","osm_id":228163682,"type":"town","location":[10.6293392,59.6633005],"bbox":[10.6009897,59.6393982,10.672631,59.6983165]}}
{"name":"Egersund","display_name":"Egersund, Eigersund, Rogaland, 4370, Norge","address":{"town":"Egersund","municipality":"Eigersund","county":"Rogaland","ISO3166-2-lvl4":"NO-11","postcode":"4370","country":"Norge","country_code":"no"},"population":11788,"osm_type":"node","osm_id":1182638837,"type":"town","location":[6.0007554,58.4515121],"bbox":[5.9607554,58.4115121,6.0407554,58.4915121]}
{"name":"Eidsvoll","other_names":{"name:ru":"Эйдсволл"},"display_name":"Eidsvoll, Akershus, 2080, Norge","address":{"town":"Eidsvoll","municipality":"Eidsvoll","county":"Akershus","ISO3166-2-lvl4":"NO-32","postcode":"2080","country":"Norge","country_code":"no"},"population":6945,"osm_type":"node","osm_id":75519989,"type":"town","location":[11.2613509,60.3285896],"bbox":[11.2213509,60.2885896,11.3013509,60.3685896],"border":{"name":"Eidsvoll","other_names":{"ref":"3240","name:is":"Eiðsvöllur","name:ps":"آیدسوول","old_ref":"0237"},"display_name":"Eidsvoll, Akershus, Norge","address":{"municipality":"Eidsvoll","county":"Akershus","ISO3166-2-lvl4":"NO-32","country":"Norge","country_code":"no"},"population":28352,"osm_type":"relation","osm_id":406117,"type":"administrative","location":[11.255544249678406,60.41629645],"bbox":[11.0720954,60.2259732,11.4219334,60.6051478]}}
{"name":"Elverum","other_names":{"name:ru":"Эльверум"},"display_name":"Elverum, Innlandet, 2408, Norge","address":{"town":"Elverum","municipality":"Elverum","county":"Innlandet","ISO3166-2-lvl4":"NO-34","postcode":"2408","country":"Norge","country_code":"no"},"population":15869,"osm_type":"node","osm_id":29880474,"type":"town","location":[11.5622121,60.8814492],"bbox":[11.5222121,60.8414492,11.6022121,60.9214492],"border":{"name":"Elverum","other_names":{"ref":"3420","name:is":"Alvarheimur","name:ps":"الوروم","old_ref":"0427"},"display_name":"Elverum, Innlandet, Norge","address":{"municipality":"Elverum","county":"Innlandet","ISO3166-2-lvl4":"NO-34","country":"Norge","country_code":"no"},"population":21899,"osm_type":"relation","osm_id":410881,"type":"administrative","location":[11.734442073482581,60.97280245],"bbox":[11.2989459,60.7412611,12.1610889,61.2042702]}}
{"name":"Fagernes","other_names":{"name:ru":"Фагернес"},"display_name":"Fagernes, Nord-Aurdal, Innlandet, 2900, Norge","address":{"town":"Fagernes","municipality":"Nord-Aurdal","county":"Innlandet","ISO3166-2-lvl4":"NO-34","postcode":"2900","country":"Norge","country_code":"no"},"population":1983,"osm_type":"node","osm_id":280364160,"type":"town","location":[9.236413,60.9860981],"bbox":[9.196413,60.9460981,9.276413,61.0260981]}
{"name":"Farsund","other_names":{"name:ru":"Фарсунн"},"display_name":"Farsund, Agder, 4550, Norge","address":{"town":"Farsund","municipality":"Farsund","county":"Agder","ISO3166-2-lvl4":"NO-42","postcode":"4550","country":"Norge","country_code":"no"},"population":3500,"osm_type":"node","osm_id":31264083,"type":"town","location":[6.8047461,58.0951137],"bbox":[6.7647461,58.0551137,6.8447461,58.1351137],"border":{"name":"Farsund","other_names":{"ref":"4206","old_ref":"1003"},"display_name":"Farsund, Agder, Norge","address":{"municipality":"Farsund","county":"Agder","ISO3166-2-lvl4":"NO-42","country":"Norge","country_code":"no"},"population":9880,"osm_type":"relation","osm_id":405986,"type":"administrative","location":[6.584827355243855,58.038737299999994],"bbox":[6.164511,57.8188928,7.0014159,58.2305678]}}
{"name":"Fauske","other_names":{"name:no":"Fauske","name:ru":"Фёуске","name:se":"Fuoisku","name:smj":"Fuossko"},"display_name":"Fauske, Nordland, 8200, Norge","address":{"town":"Fauske","municipality":"Fauske","county":"Nordland","ISO3166-2-lvl4":"NO-18","postcode":"8200","country":"Norge","country_code":"no"},"population":6439,"osm_type":"node","osm_id":31264084,"type":"town","location":[15.3945952,67.2588591],"bbox":[15.3545952,67.2188591,15.4345952,67.2988591],"border":{"name":"Fauske","other_names":{"ref":"1841","name:no":"Fauske","name:sma":"Fuossko"},"display_name":"Fauske, Nordland, Norge","address":{"municipality":"Fauske","county":"Nordland","ISO3166-2-lvl4":"NO-18","country":"Norge","country_code":"no"},"population":9805,"osm_type":"relation","osm_id":408204,"type":"administrative","location":[15.784422075480048,67.23671525],"bbox":[14.9691545,67.0162175,16.4040863,67.4539036]}}
{"name":"Finnsnes","other_names":{"name:no":"Finnsnes","name:ru":"Финнснес"},"display_name":"Finnsnes, Senja, Troms, 9300, Norge","address":{"town":"Finnsnes","municipality":"Senja","county":"Troms","ISO3166-2-lvl4":"NO-55","postcode":"9300","country":"Norge","country_code":"no"},"population":4961,"osm_type":"node","osm_id":31264085,"type":"town","location":[17.9812966,69.2296016],"bbox":[17.9412966,69.1896016,18.0212966,69.2696016]}
{"name":"Flekkefjord","other_names":{"name:no":"Flekkefjord","name:ru":"Флеккефьорд"},"display_name":"Flekkefjord, Agder, 4400, Norge","address":{"town":"Flekkefjord","municipality":"Flekkefjord","county":"Agder","ISO3166-2-lvl4":"NO-42","postcode":"4400","country":"Norge","country_code":"no"},"population":6231,"osm_type":"node","osm_id":564888704,"type":"town","location":[6.6604201,58.2972667],"bbox":[6.6204201,58.2572667,6.7004201,58.3372667],"border":{"name":"Flekkefjord","other_names":{"ref":"4207","old_ref":"1004"},"display_name":"Flekkefjord, Agder, Norge","address":{"municipality":"Flekkefjord","county":"Agder","ISO3166-2-lvl4":"NO-42","country":"Norge","country_code":"no"},"population":9329,"osm_type":"relation","osm_id":405973,"type":"administrative","location":[6.612962604643913,58.294935699999996],"bbox":[6.1496994,58.020855,6.9263341,58.5690215]}}
{"name":"Florø","other_names":{"name:ru":"Флурё","alt_name":"Flora"},"display_name":"Florø, Kinn, Vestland, 6906, Norge","address":{"town":"Florø","municipality":"Kinn","county":"Vestland","ISO3166-2-lvl4":"NO-46","postcode":"6906","country":"Norge","country_code":"no"},"population":9071,"osm_type":"node","osm_id":258770049,"type":"town","location":[5.0349596,61.6002583],"bbox":[4.9949596,61.5602583,5.0749596,61.6402583]}
{"name":"Førde","other_names":{"name:no":"Førde","name:ru":"Фёрде"},"display_name":"Førde, Sunnfjord, Vestland, 6809, Norge","address":{"town":"Førde","municipality":"Sunnfjord","county":"Vestland","ISO3166-2-lvl4":"NO-46","postcode":"6809","country":"Norge","country_code":"no"},"population":10697,"osm_type":"node","osm_id":31264091,"type":"town","location":[5.8571725,61.4521759],"bbox":[5.8171725,61.4121759,5.8971725,61.4921759]}
{"name":"Fosnavåg","display_name":"Fosnavåg, Herøy, Møre og Romsdal, 6090, Norge","address":{"town":"Fosnavåg","municipality":"Herøy","county":"Møre og Romsdal","ISO3166-2-lvl4":"NO-15","postcode":"6090","country":"Norge","country_code":"no"},"population":3626,"osm_type":"node","osm_id":31264089,"type":"town","location":[5.6342433,62.3421061],"bbox":[5.5942433,62.3021061,5.6742433,62.3821061]}
{"name":"Gjøvik","other_names":{"name:ps":"يوويک","name:ru":"Йовик"},"display_name":"Gjøvik, Innlandet, 2815, Norge","address":{"town":"Gjøvik","municipality":"Gjøvik","county":"Innlandet","ISO3166-2-lvl4":"NO-34","postcode":"2815","country":"Norge","country_code":"no"},"population":28801,"osm_type":"node","osm_id":31264090,"type":"town","location":[10.6934904,60.796633],"bbox":[10.6534904,60.756633,10.7334904,60.836633],"border":{"name":"Gjøvik","other_names":{"ref":"3407","name:is":"Djúpvík","name:ps":"يوويک","old_ref":"0502"},"display_name":"Gjøvik, Innlandet, Norge","address":{"municipality":"Gjøvik","county":"Innlandet","ISO3166-2-lvl4":"NO-34","country":"Norge","country_code":"no"},"population":31175,"osm_type":"relation","osm_id":412418,"type":"administrative","location":[10.503886379493999,60.87216165],"bbox":[10.1676618,60.7074703,10.7447645,61.0368264]}}
{"name":"Glomfjord","other_names":{"name:no":"Glomfjord","name:sje":"Klubmávuodna"},"display_name":"Glomfjord, Meløy, Nordland, 8160, Norge","address":{"town":"Glomfjord","municipality":"Meløy","county":"Nordland","ISO3166-2-lvl4":"NO-18","postcode":"8160","country":"Norge","country_code":"no"},"population":1083,"osm_type":"node","osm_id":1312806546,"type":"town","location":[13.94365,66.8165693],"bbox":[13.90365,66.7765693,13.98365,66.8565693]}
{"name":"Gol","display_name":"Gol, Buskerud, Norge","address":{"town":"Gol","municipality":"Gol","county":"Buskerud","ISO3166-2-lvl4":"NO-33","country":"Norge","country_code":"no"},"population":3343,"osm_type":"node","osm_id":839032911,"type":"town","location":[8.9455109,60.7014267],"bbox":[8.9055109,60.6614267,8.9855109,60.7414267],"border":{"name":"Gol","other_names":{"ref":"3324","old_ref":"0617"},"display_name":"Gol, Buskerud, 3550, Norge","address":{"municipality":"Gol","county":"Buskerud","ISO3166-2-lvl4":"NO-33","postcode":"3550","country":"Norge","country_code":"no"},"population":4888,"osm_type":"relation","osm_id":412357,"type":"administrative","location":[9.012301772691686,60.7513391],"bbox":[8.7185831,60.6312093,9.3321101,60.8717148]}}
{"name":"Gran","other_names":{"alt_name":"Vassenden"},"display_name":"Gran, Innlandet, 2750, Norge","address":{"town":"Gran","municipality":"Gran","county":"Innlandet","ISO3166-2-lvl4":"NO-34","postcode":"2750","country":"Norge","country_code":"no"},"population":1698,"osm_type":"node","osm_id":4504293481,"type":"town","location":[10.5728639,60.3591187],"bbox":[10.5328639,60.3191187,10.6128639,60.3991187],"border":{"name":"Gran","other_names":{"ref":"3446","old_ref":"0534"},"display_name":"Gran, Innlandet, Norge","address":{"municipality":"Gran","county":"Innlandet","ISO3166-2-lvl4":"NO-34","country":"Norge","country_code":"no"},"population":13660,"osm_type":"relation","osm_id":412421,"type":"administrative","location":[10.429861689666648,60.438539399999996],"bbox":[10.1248062,60.3120669,10.9339027,60.5648112]}}
{"name":"Grimstad","other_names":{"name:ru":"Гримстад"},"display_name":"Grimstad, Agder, 4876, Norge","address":{"town":"Grimstad","municipality":"Grimstad","county":"Agder","ISO3166-2-lvl4":"NO-42","postcode":"4876","country":"Norge","country_code":"no"},"population":14734,"osm_type":"node","osm_id":258940180,"type":"town","location":[8.5934098,58.3413026],"bbox":[8.5534098,58.3013026,8.6334098,58.3813026],"border":{"name":"Grimstad","other_names":{"ref":"4202","old_ref":"0904"},"display_name":"Grimstad, Agder, Norge","address":{"municipality":"Grimstad","county":"Agder","ISO3166-2-lvl4":"NO-42","country":"Norge","country_code":"no"},"population":25419,"osm_type":"relation","osm_id":406035,"type":"administrative","location":[8.712829118742853,58.2839967],"bbox":[8.3086759,58.0813693,9.0672692,58.4917703]}}
{"name":"Halden","other_names":{"name:ru":"Халден"},"display_name":"Halden, Østfold, 1776, Norge","address":{"town":"Halden","municipality":"Halden","county":"Østfold","ISO3166-2-lvl4":"NO-31","postcode":"1776","country":"Norge","country_code":"no"},"population":26255,"osm_type":"node","osm_id":27537743,"type":"town","location":[11.3877319,59.1245738],"bbox":[11.3477319,59.0845738,11.4277319,59.1645738],"border":{"name":"Halden","other_names":{"ref":"3101","name:uk":"Галден","old_ref":"0101"},"display_name":"Halden, Østfold, Norge","address":{"municipality":"Halden","county":"Østfold","ISO3166-2-lvl4":"NO-31","country":"Norge","country_code":"no"},"population":32038,"osm_type":"relation","osm_id":406075,"type":"administrative","location":[11.537191002239753,59.0680555],"bbox":[11.1535062,58.8768947,11.7105158,59.2596125]}}
{"name":"Hammerfest","other_names":{"name:he":"המרפסט","name:ru":"Хаммерфест","name:se":"Hámmerfeasta","name:ckb":"هامەرفێست"},"display_name":"Hammerfest, Finnmark, 9600, Norge","address":{"town":"Hammerfest","municipality":"Hammerfest","county":"Finnmark","ISO3166-2-lvl4":"NO-56","postcode":"9600","country":"Norge","country_code":"no"},"population":7995,"osm_type":"node","osm_id":31264092,"type":"town","location":[23.6831069,70.6628361],"bbox":[23.6431069,70.6228361,23.7231069,70.7028361],"border":{"name":"Hammerfest","other_names":{"ref":"5603","name:se":"Hámmerfeasta"},"display_name":"Hammerfest, Finnmark, Norge","address":{"municipality":"Hammerfest","county":"Finnmark","ISO3166-2-lvl4":"NO-56","country":"Norge","country_code":"no"},"population":11324,"osm_type":"relation","osm_id":10143340,"type":"administrative","location":[23.8360800591327,70.6413392],"bbox":[22.2983382,70.0965226,24.9772074,71.1862281]}}
{"name":"Harstad","other_names":{"name:ar":"هارستاد","name:be":"Харстад","name:bg":"Хаща","name:fa":"هارستاد","name:he":"הארסטאד","name:hy":"Հարսթադ","name:ja":"ハーシュタ","name:ko":"하르스타","name:lt":"Harstadas","name:mk":"Харстад","name:no":"Harstad","name:ru":"Харстад","name:se":"Hárstták","name:uk":"Гарстад","name:zh":"哈尔斯塔","name:bpy":"হারস্টাড"},"display_name":"Harstad, Troms, Norge","address":{"town":"Harstad","municipality":"Harstad","county":"Troms","ISO3166-2-lvl4":"NO-55","country":"Norge","country_code":"no"},"population":21458,"osm_type":"node","osm_id":21518370,"type":"town","location":[16.5440322,68.799943],"bbox":[16.5040322,68.759943,16.5840322,68.839943],"border":{"name":"Harstad","other_names":{"ref":"5503","name:se":"Hárstták","old_ref":"1903","name:ar":"هارستاد","name:be":"Харстад","name:bg":"Хаща","name:fa":"هارستاد","name:he":"הארסטאד","name:hy":"Հարսթադ","name:ja":"ハーシュタ","name:ko":"하르스타","name:lt":"Harstadas","name:mk":"Харстад","name:no":"Harstad","name:ru":"Харстад","name:uk":"Гарстад","name:zh":"哈尔斯塔","name:bpy":"হারস্টাড"},"display_name":"Harstad, Troms, Norge","address":{"municipality":"Harstad","county":"Troms","ISO3166-2-lvl4":"NO-55","country":"Norge","country_code":"no"},"population":25167,"osm_type":"relation","osm_id":407767,"type":"administrative","location":[16.5440322,68.799943],"bbox":[16.0523138,68.5503647,16.9458139,69.3125978]}}
{"name":"Hokksund","other_names":{"name:ru":"Хокксунн"},"display_name":"Hokksund, Øvre Eiker, Buskerud, 3300, Norge","address":{"town":"Hokksund","municipality":"Øvre Eiker","county":"Buskerud","ISO3166-2-lvl4":"NO-33","postcode":"3300","country":"Norge","country_code":"no"},"population":9089,"osm_type":"node","osm_id":31264094,"type":"town","location":[9.9094778,59.7711921],"bbox":[9.8694778,59.7311921,9.9494778,59.8111921]}
{"name":"Holmestrand","other_names":{"name:ru":"Холместранн"},"display_name":"Holmestrand, Vestfold, 3080, Norge","address":{"town":"Holmestrand","municipality":"Holmestrand","county":"Vestfold","ISO3166-2-lvl4":"NO-39","postcode":"3080","country":"Norge","country_code":"no"},"population":8571,"osm_type":"node","osm_id":31264093,"type":"town","location":[10.3150445,59.4899583],"bbox":[10.2750445,59.4499583,10.3550445,59.5299583],"border":{"name":"Holmestrand","other_names":{"ref":"3903","name:is":"Hólmsströnd"},"display_name":"Holmestrand, Vestfold, Norge","address":{"municipality":"Holmestrand","county":"Vestfold","ISO3166-2-lvl4":"NO-39","country":"Norge","country_code":"no"},"population":27005,"osm_type":"relation","osm_id":10483727,"type":"administrative","location":[10.153170199116143,59.5591252],"bbox":[9.9153293,59.4442572,10.4558138,59.674011]}}
{"name":"Hønefoss","other_names":{"name:ru":"Хёнефосс"},"display_name":"Hønefoss, Ringerike, Buskerud, 3510, Norge","address":{"town":"Hønefoss","municipality":"Ringerike","county":"Buskerud","ISO3166-2-lvl4":"NO-33","postcode":"3510","country":"Norge","country_code":"no"},"population":17084,"osm_type":"node","osm_id":31264125,"type":"town","location":[10.255486,60.1662082],"bbox":[10.215486,60.1262082,10.295486,60.2062082]}
{"name":"Honningsvåg","other_names":{"name:ko":"호닝스보그","name:no":"Honningsvåg","name:ru":"Хоннингсвог","alt_name":"Sørvågen"},"display_name":"Honningsvåg, Nordkapp, Finnmark, 9750, Norge","address":{"town":"Honningsvåg","municipality":"Nordkapp","county":"Finnmark","ISO3166-2-lvl4":"NO-56","postcode":"9750","country":"Norge","country_code":"no"},"population":2255,"osm_type":"node","osm_id":31264096,"type":"town","location":[25.977841,70.9802638],"bbox":[25.937841,70.9402638,26.017841,71.0202638]}
{"name":"Horten","other_names":{"name:ru":"Хортен"},"display_name":"Horten, Vestfold, 3181, Norge","address":{"town":"Horten","municipality":"Horten","county":"Vestfold","ISO3166-2-lvl4":"NO-39","postcode":"3181","country":"Norge","country_code":"no"},"population":21114,"osm_type":"node","osm_id":31264095,"type":"town","location":[10.4851179,59.415651],"bbox":[10.4451179,59.375651,10.5251179,59.455651],"border":{"name":"Horten","other_names":{"ref":"3901","name:is":"Hortin","old_ref":"0701"},"display_name":"Horten, Vestfold, Norge","address":{"municipality":"Horten","county":"Vestfold","ISO3166-2-lvl4":"NO-39","country":"Norge","country_code":"no"},"population":28039,"osm_type":"relation","osm_id":404590,"type":"administrative","location":[10.443739186052063,59.4101728],"bbox":[10.3334974,59.3409356,10.5952746,59.4798834]}}
{"name":"Jessheim","other_names":{"name:ps":"يسهايم","name:ru":"Йессхейм"},"display_name":"Jessheim, Ullensaker, Akershus, 2066, Norge","address":{"town":"Jessheim","municipality":"Ullensaker","county":"Akershus","ISO3166-2-lvl4":"NO-32","postcode":"2066","country":"Norge","country_code":"no"},"population":24547,"osm_type":"node","osm_id":252588838,"type":"town","location":[11.1751516,60.1415121],"bbox":[11.1351516,60.1015121,11.2151516,60.1815121]}
{"name":"Jevnaker","display_name":"Jevnaker, Akershus, 3520, Norge","address":{"town":"Jevnaker","municipality":"Jevnaker","county":"Akershus","ISO3166-2-lvl4":"NO-32","postcode":"3520","country":"Norge","country_code":"no"},"population":5239,"osm_type":"node","osm_id":313738005,"type":"town","location":[10.3855051,60.2410364],"bbox":[10.3455051,60.2010364,10.4255051,60.2810364],"border":{"name":"Jevnaker","other_names":{"ref":"3236","name:is":"Jafnakur","old_ref":"0532"},"display_name":"Jevnaker, Akershus, 3520, Norge","address":{"municipality":"Jevnaker","county":"Akershus","ISO3166-2-lvl4":"NO-32","postcode":"3520","country":"Norge","country_code":"no"},"population":7043,"osm_type":"relation","osm_id":412429,"type":"administrative","location":[10.408457856495165,60.28255445],"bbox":[10.1942727,60.1647785,10.5768931,60.4003418]}}
{"name":"Jørpeland","other_names":{"name:ru":"Йорпеланн"},"display_name":"Jørpeland, Strand, Rogaland, 4103, Norge","address":{"town":"Jørpeland","municipality":"Strand","county":"Rogaland","ISO3166-2-lvl4":"NO-11","postcode":"4103","country":"Norge","country_code":"no"},"population":7714,"osm_type":"node","osm_id":31264099,"type":"town","location":[6.0393553,59.0208917],"bbox":[5.9993553,58.9808917,6.0793553,59.0608917]}
{"name":"Kirkenes","other_names":{"name:fi":"Kirkkoniemi","name:no":"Kirkenes","name:ru":"Киркенес","name:se":"Girkonjárga","name:zh":"希尔克内斯","name:fkv":"Kirkkoniemi"},"display_name":"Kirkenes, Sør-Varanger, Finnmark, 9900, Norge","address":{"town":"Kirkenes","municipality":"Sør-Varanger","county":"Finnmark","ISO3166-2-lvl4":"NO-56","postcode":"9900","country":"Norge","country_code":"no"},"population":3535,"osm_type":"node","osm_id":27129690,"type":"town","location":[30.0448971,69.7271478],"bbox":[30.0048971,69.6871478,30.0848971,69.7671478]}
{"name":"Kleppestø","display_name":"Kleppestø, Askøy, Vestland, 5300, Norge","address":{"town":"Kleppestø","municipality":"Askøy","county":"Vestland","ISO3166-2-lvl4":"NO-46","postcode":"5300","country":"Norge","country_code":"no"},"population":24447,"osm_type":"node","osm_id":30057528,"type":"town","location":[5.2276317,60.4084337],"bbox":[5.1876317,60.3684337,5.2676317,60.4484337]}
{"name":"Knarvik","display_name":"Knarvik, Alver, Vestland, 5914, Norge","address":{"town":"Knarvik","municipality":"Alver","county":"Vestland","ISO3166-2-lvl4":"NO-46","postcode":"5914","country":"Norge","country_code":"no"},"population":6690,"osm_type":"node","osm_id":35487217,"type":"town","location":[5.285399,60.5461492],"bbox":[5.245399,60.5061492,5.325399,60.5861492]}
{"name":"Kolvereid","display_name":"Kolvereid, Nærøysund, Trøndelag, 7970, Norge","address":{"town":"Kolvereid","municipality":"Nærøysund","county":"Trøndelag","ISO3166-2-lvl4":"NO-50","postcode":"7970","country":"Norge","country_code":"no"},"population":1791,"osm_type":"node","osm_id":5776723113,"type":"town","location":[11.6027053,64.8647037],"bbox":[11.5627053,64.8247037,11.6427053,64.9047037]}
{"name":"Kongsberg","other_names":{"name:no":"Kongsberg","name:ru":"Конгсберг"},"display_name":"Kongsberg, Buskerud, 3613, Norge","address":{"town":"Kongsberg","municipality":"Kongsberg","county":"Buskerud","ISO3166-2-lvl4":"NO-33","postcode":"3613","country":"Norge","country_code":"no"},"population":23569,"osm_type":"node","osm_id":31264097,"type":"town","location":[9.6508472,59.6695025],"bbox":[9.6108472,59.6295025,9.6908472,59.7095025],"border":{"name":"Kongsberg","other_names":{"ref":"3303","old_ref":"0604"},"display_name":"Kongsberg, Buskerud, Norge","address":{"municipality":"Kongsberg","county":"Buskerud","ISO3166-2-lvl4":"NO-33","country":"Norge","country_code":"no"},"population":29011,"osm_type":"relation","osm_id":412349,"type":"administrative","location":[9.670860075643745,59.594550049999995],"bbox":[9.3332915,59.407871,10.0599676,59.7813389]}}
{"name":"Kongsvinger","other_names":{"name:ru":"Конгсвингер"},"display_name":"Kongsvinger, Innlandet, 2208, Norge","address":{"town":"Kongsvinger","municipality":"Kongsvinger","county":"Innlandet","ISO3166-2-lvl4":"NO-34","postcode":"2208","country":"Norge","country_code":"no"},"population":12443,"osm_type":"node","osm_id":31264098,"type":"town","location":[11.9986784,60.1909329],"bbox":[11.9586784,60.1509329,12.0386784,60.2309329],"border":{"name":"Kongsvinger","other_names":{"ref":"3401","name:ps":"کونګسوينګر","old_ref":"0402"},"display_name":"Kongsvinger, Innlandet, Norge","address":{"municipality":"Kongsvinger","county":"Innlandet","ISO3166-2-lvl4":"NO-34","country":"Norge","country_code":"no"},"population":18109,"osm_type":"relation","osm_id":412534,"type":"administrative","location":[12.216023065279844,60.1899109],"bbox":[11.8307151,59.9817051,12.5418861,60.3981418]}}
{"name":"Kopervik","other_names":{"name:ru":"Копервик"},"display_name":"Kopervik, Karmøy, Rogaland, 4250, Norge","address":{"town":"Kopervik","municipality":"Karmøy","county":"Rogaland","ISO3166-2-lvl4":"NO-11","postcode":"4250","country":"Norge","country_code":"no"},"population":11860,"osm_type":"node","osm_id":1798834590,"type":"town","location":[5.3066975,59.2835845],"bbox":[5.2666975,59.2435845,5.3466975,59.3235845]}
{"name":"Kragerø","other_names":{"name:is":"Krákarey","name:ru":"Крагерё"},"display_name":"Kragerø, Telemark, Norge","address":{"town":"Kragerø","municipality":"Kragerø","county":"Telemark","ISO3166-2-lvl4":"NO-40","country":"Norge","country_code":"no"},"population":5467,"osm_type":"node","osm_id":31264103,"type":"town","location":[9.4142145,58.8696217],"bbox":[9.3742145,58.8296217,9.4542145,58.9096217],"border":{"name":"Kragerø","other_names":{"ref":"4014","old_ref":"0815","name:is":"Krákarey","name:ru":"Крагерё"},"display_name":"Kragerø, Telemark, Norge","address":{"municipality":"Kragerø","county":"Telemark","ISO3166-2-lvl4":"NO-40","country":"Norge","country_code":"no"},"population":10446,"osm_type":"relation","osm_id":405173,"type":"administrative","location":[9.4142145,58.8696217],"bbox":[9.1605312,58.6033109,9.9697646,59.0009169]}}
{"name":"Kristiansund","other_names":{"name:is":"Kristjánssund","name:ru":"Кристиансунн","alt_name":"Kristiansund N"},"display_name":"Kristiansund, Møre og Romsdal, 6509, Norge","address":{"town":"Kristiansund","municipality":"Kristiansund","county":"Møre og Romsdal","ISO3166-2-lvl4":"NO-15","postcode":"6509","country":"Norge","country_code":"no"},"population":18337,"osm_type":"node","osm_id":31264101,"type":"town","location":[7.7323889,63.1118483],"bbox":[7.6923889,63.0718483,7.7723889,63.1518483],"border":{"name":"Kristiansund","other_names":{"ref":"1505","alt_name":"Kristiansund N"},"display_name":"Kristiansund, Møre og Romsdal, Norge","address":{"municipality":"Kristiansund","county":"Møre og Romsdal","ISO3166-2-lvl4":"NO-15","country":"Norge","country_code":"no"},"population":24578,"osm_type":"relation","osm_id":406837,"type":"administrative","location":[7.545258996501891,63.216819400000006],"bbox":[6.9712936,63.005339,7.9312612,63.4289274]}}
{"name":"Lakselv","other_names":{"name:fi":"Lemmijoki","name:no":"Lakselv","name:ru":"Лаксэльв","name:se":"Leavdnja","name:fkv":"Lemmijoki"},"display_name":"Lakselv, Porsanger, Finnmark, 9700, Norge","address":{"town":"Lakselv","municipality":"Porsanger","county":"Finnmark","ISO3166-2-lvl4":"NO-56","postcode":"9700","country":"Norge","country_code":"no"},"population":2250,"osm_type":"node","osm_id":433318874,"type":"town","location":[24.9606571,70.0524983],"bbox":[24.9206571,70.0124983,25.0006571,70.0924983]}
{"name":"Langesund","display_name":"Langesund, Bamble, Telemark, 3970, Norge","address":{"town":"Langesund","municipality":"Bamble","county":"Telemark","ISO3166-2-lvl4":"NO-40","postcode":"3970","country":"Norge","country_code":"no"},"population":5500,"osm_type":"node","osm_id":31264106,"type":"town","location":[9.7484437,59.000697],"bbox":[9.7084437,58.960697,9.7884437,59.040697]}
{"name":"Larvik","other_names":{"name:ru":"Ларвик"},"display_name":"Larvik, Vestfold, 3256, Norge","address":{"town":"Larvik","municipality":"Larvik","county":"Vestfold","ISO3166-2-lvl4":"NO-39","postcode":"3256","country":"Norge","country_code":"no"},"population":27487,"osm_type":"node","osm_id":31264107,"type":"town","location":[10.027182,59.053173],"bbox":[9.987182,59.013173,10.067182,59.093173],"border":{"name":"Larvik","other_names":{"ref":"3909","name:is":"Lagarvík","old_ref":"0712"},"display_name":"Larvik, Vestfold, Norge","address":{"municipality":"Larvik","county":"Vestfold","ISO3166-2-lvl4":"NO-39","country":"Norge","country_code":"no"},"population":48870,"osm_type":"relation","osm_id":404591,"type":"administrative","location":[10.021929959972812,59.0967308],"bbox":[9.7553357,58.720455,10.3009223,59.4730291]}}
{"name":"Leirvik","other_names":{"name:ru":"Лейрвик","alt_name":"Stord"},"display_name":"Leirvik, Stord, Vestland, 5417, Norge","address":{"town":"Leirvik","municipality":"Stord","county":"Vestland","ISO3166-2-lvl4":"NO-46","postcode":"5417","country":"Norge","country_code":"no"},"population":14720,"osm_type":"node","osm_id":1406441984,"type":"town","location":[5.5005712,59.7809398],"bbox":[5.4605712,59.7409398,5.5405712,59.8209398],"border":{"name":"Stord","other_names":{"ref":"4614","old_ref":"1221"},"display_name":"Stord, Vestland, Norge","address":{"municipality":"Stord","county":"Vestland","ISO3166-2-lvl4":"NO-46","country":"Norge","country_code":"no"},"population":19350,"osm_type":"relation","osm_id":404169,"type":"administrative","location":[5.488370639966453,59.82502055],"bbox":[5.3206214,59.7235147,5.6508179,59.9235592]}}
{"name":"Leknes","other_names":{"name:ru":"Лекнес","name:se":"Liehkke"},"display_name":"Leknes, Vestvågøy, Nordland, 8370, Norge","address":{"town":"Leknes","municipality":"Vestvågøy","county":"Nordland","ISO3166-2-lvl4":"NO-18","postcode":"8370","country":"Norge","country_code":"no"},"population":3766,"osm_type":"node","osm_id":31264104,"type":"town","location":[13.6115311,68.1474646],"bbox":[13.5715311,68.1074646,13.6515311,68.1874646]}
{"name":"Levanger","other_names":{"name:ru":"Левангер"},"display_name":"Levanger, Trøndelag, 7600, Norge","address":{"town":"Levanger","municipality":"Levanger","county":"Trøndelag","ISO3166-2-lvl4":"NO-50","postcode":"7600","country":"Norge","country_code":"no"},"population":10813,"osm_type":"node","osm_id":31264105,"type":"town","location":[11.2999563,63.746342],"bbox":[11.2599563,63.706342,11.3399563,63.786342],"border":{"name":"Levanger","other_names":{"ref":"5037"},"display_name":"Levanger, Trøndelag, Norge","address":{"municipality":"Levanger","county":"Trøndelag","ISO3166-2-lvl4":"NO-50","country":"Norge","country_code":"no"},"population":20732,"osm_type":"relation","osm_id":407290,"type":"administrative","location":[11.223880440465752,63.696451800000006],"bbox":[10.7952895,63.5512226,11.7285141,63.8359897]}}
{"name":"Lillehammer","other_names":{"name:ps":"ليله هامار","name:ru":"Лиллехаммер"},"display_name":"Lillehammer, Innlandet, 2609, Norge","address":{"town":"Lillehammer","municipality":"Lillehammer","county":"Innlandet","ISO3166-2-lvl4":"NO-34","postcode":"2609","country":"Norge","country_code":"no"},"population":21468,"osm_type":"node","osm_id":31264110,"type":"town","location":[10.4670073,61.1145451],"bbox":[10.4270073,61.0745451,10.5070073,61.1545451],"border":{"name":"Lillehammer","other_names":{"ref":"3405","old_ref":"0501"},"display_name":"Lillehammer, Innlandet, Norge","address":{"municipality":"Lillehammer","county":"Innlandet","ISO3166-2-lvl4":"NO-34","country":"Norge","country_code":"no"},"population":29011,"osm_type":"relation","osm_id":412416,"type":"administrative","location":[10.426585544131413,61.1333408],"bbox":[10.0377333,61.0185515,10.7436698,61.2480272]}}
{"name":"Lillesand","other_names":{"name:ru":"Лиллесанн"},"display_name":"Lillesand, Agder, 4790, Norge","address":{"town":"Lillesand","municipality":"Lillesand","county":"Agder","ISO3166-2-lvl4":"NO-42","postcode":"4790","country":"Norge","country_code":"no"},"population":8394,"osm_type":"node","osm_id":31264114,"type":"town","location":[8.3779203,58.2489597],"bbox":[8.3379203,58.2089597,8.4179203,58.2889597],"border":{"name":"Lillesand","other_names":{"ref":"4215","old_ref":"0926"},"display_name":"Lillesand, Agder, Norge","address":{"municipality":"Lillesand","county":"Agder","ISO3166-2-lvl4":"NO-42","country":"Norge","country_code":"no"},"population":11734,"osm_type":"relation","osm_id":406034,"type":"administrative","location":[8.440325744249662,58.1161123],"bbox":[8.1445221,57.9172341,8.7538233,58.3333]}}
{"name":"Lillestrøm","other_names":{"name:no":"Lillestrøm","name:ps":"ليله ستروم","name:ru":"Лиллестрём"},"display_name":"Lillestrøm, Akershus, 2003, Norge","address":{"town":"Lillestrøm","municipality":"Lillestrøm","county":"Akershus","ISO3166-2-lvl4":"NO-32","postcode":"2003","country":"Norge","country_code":"no"},"population":63353,"osm_type":"node","osm_id":252573002,"type":"town","location":[11.0491122,59.9559239],"bbox":[11.0091122,59.9159239,11.0891122,59.9959239],"border":{"name":"Lillestrøm","other_names":{"ref":"3205"},"display_name":"Lillestrøm, Akershus, Norge","address":{"municipality":"Lillestrøm","county":"Akershus","ISO3166-2-lvl4":"NO-32","country":"Norge","country_code":"no"},"population":95762,"osm_type":"relation","osm_id":10155374,"type":"administrative","location":[11.217035409234612,59.91553955],"bbox":[10.9337342,59.7538495,11.4395062,60.0772471]}}
{"name":"Longyearbyen","other_names":{"name:ar":"لونقييربين","name:fr":"Longyearbyen","name:hr":"Longyearbyen","name:ja":"ロングイェールビーン","name:ps":"لانګیربین","name:ru":"Лонгйир","name:sr":"Лонгјербијен","name:uk":"Лонг'їр","name:gsw":"Longjiirbuen","old_name:en":"Longyear City","name:zh-Hans":"朗伊尔城","name:zh-Hant":"隆雅市"},"display_name":"Longyearbyen, Svalbard, 9170, Norge","address":{"town":"Longyearbyen","region":"Svalbard","ISO3166-2-lvl4":"NO-21","postcode":"9170","country":"Norge","country_code":"no"},"population":2144,"osm_type":"node","osm_id":269194842,"type":"town","location":[15.6463656,78.2231558],"bbox":[15.6063656,78.1831558,15.6863656,78.2631558]}
{"name":"Lørenskog","other_names":{"name:ps":"لورېن سکوګ"},"display_name":"Lørenskog, Akershus, 1473, Norge","address":{"town":"Lørenskog","municipality":"Lørenskog","county":"Akershus","ISO3166-2-lvl4":"NO-32","postcode":"1473","country":"Norge","country_code":"no"},"population":47834,"osm_type":"node","osm_id":6234312556,"type":"town","location":[10.9612738,59.9278152],"bbox":[10.9212738,59.8878152,11.0012738,59.9678152],"border":{"name":"Lørenskog","other_names":{"ref":"3222","name:ps":"لورېن سکوګ","old_ref":"0230"},"display_name":"Lørenskog, Akershus, Norge","address":{"municipality":"Lørenskog","county":"Akershus","ISO3166-2-lvl4":"NO-32","country":"Norge","country_code":"no"},"population":50013,"osm_type":"relation","osm_id":406126,"type":"administrative","location":[10.966914823844895,59.8970034],"bbox":[10.9071585,59.8363839,11.0306255,59.957957]}}
{"name":"Lyngdal","other_names":{"name:ru":"Люнгдал"},"display_name":"Lyngdal, Agder, 4580, Norge","address":{"town":"Lyngdal","municipality":"Lyngdal","county":"Agder","ISO3166-2-lvl4":"NO-42","postcode":"4580","country":"Norge","country_code":"no"},"population":5602,"osm_type":"node","osm_id":31264109,"type":"town","location":[7.0685965,58.1379878],"bbox":[7.0285965,58.0979878,7.1085965,58.1779878],"border":{"name":"Lyngdal","other_names":{"ref":"4225"},"display_name":"Lyngdal, Agder, Norge","address":{"municipality":"Lyngdal","county":"Agder","ISO3166-2-lvl4":"NO-42","country":"Norge","country_code":"no"},"population":10869,"osm_type":"relation","osm_id":10152428,"type":"administrative","location":[7.0523045432054,58.1516995],"bbox":[6.7724752,57.7877472,7.5324857,58.5156093]}}
{"name":"Måløy","display_name":"Måløy, Kinn, Vestland, 6700, Norge","address":{"town":"Måløy","municipality":"Kinn","county":"Vestland","ISO3166-2-lvl4":"NO-46","postcode":"6700","country":"Norge","country_code":"no"},"population":3343,"osm_type":"node","osm_id":31264119,"type":"town","location":[5.1129133,61.9336888],"bbox":[5.0729133,61.8936888,5.1529133,61.9736888]}
{"name":"Mandal","other_names":{"name:ru":"Мандал"},"display_name":"Mandal, Lindesnes, Agder, 4514, Norge","address":{"town":"Mandal","municipality":"Lindesnes","county":"Agder","ISO3166-2-lvl4":"NO-42","postcode":"4514","country":"Norge","country_code":"no"},"population":11477,"osm_type":"node","osm_id":25781237,"type":"town","location":[7.4534802,58.0268181],"bbox":[7.4134802,57.9868181,7.4934802,58.0668181]}
{"name":"Mo i Rana","other_names":{"name:no":"Mo i Rana","name:ru":"Му-и-Рана","name:se":"Muoffi","name:sju":"Måhvie","name:sma":"Måehvie","alt_name:no":"Mo","loc_name:sma":"Måefie;Mueffie"},"display_name":"Mo i Rana, Rana, Nordland, 8624, Norge","address":{"town":"Mo i Rana","municipality":"Rana","county":"Nordland","ISO3166-2-lvl4":"NO-18","postcode":"8624","country":"Norge","country_code":"no"},"population":18755,"osm_type":"node","osm_id":31264117,"type":"town","location":[14.1386991,66.3110969],"bbox":[14.0986991,66.2710969,14.1786991,66.3510969]}
{"name":"Moelv","other_names":{"name:ps":"موول"},"display_name":"Moelv, Ringsaker, Innlandet, 2390, Norge","address":{"town":"Moelv","municipality":"Ringsaker","county":"Innlandet","ISO3166-2-lvl4":"NO-34","postcode":"2390","country":"Norge","country_code":"no"},"population":4547,"osm_type":"node","osm_id":298010354,"type":"town","location":[10.7000422,60.9297779],"bbox":[10.6600422,60.8897779,10.7400422,60.9697779]}
{"name":"Molde","other_names":{"name:ru":"Молде","name:zh":"莫爾德"},"display_name":"Molde, Møre og Romsdal, 6413, Norge","address":{"town":"Molde","municipality":"Molde","county":"Møre og Romsdal","ISO3166-2-lvl4":"NO-15","postcode":"6413","country":"Norge","country_code":"no"},"population":22410,"osm_type":"node","osm_id":31264116,"type":"town","location":[7.1590014,62.7377152],"bbox":[7.1190014,62.6977152,7.1990014,62.7777152],"border":{"name":"Molde","other_names":{"ref":"1506"},"display_name":"Molde, Møre og Romsdal, Norge","address":{"municipality":"Molde","county":"Møre og Romsdal","ISO3166-2-lvl4":"NO-15","country":"Norge","country_code":"no"},"population":33163,"osm_type":"relation","osm_id":10148086,"type":"administrative","location":[8.138620840166594,62.60162565],"bbox":[6.447003,62.3317442,8.7316469,62.871439]}}
{"name":"Mosjøen","other_names":{"name:no":"Mosjøen","name:ru":"Мушёэн","name:sma":"Mussere"},"display_name":"Mosjøen, Vefsn, Nordland, 8656, Norge","address":{"town":"Mosjøen","municipality":"Vefsn","county":"Nordland","ISO3166-2-lvl4":"NO-18","postcode":"8656","country":"Norge","country_code":"no"},"population":10059,"osm_type":"node","osm_id":31264115,"type":"town","location":[13.1892098,65.8375342],"bbox":[13.1492098,65.7975342,13.2292098,65.8775342]}
{"name":"Mysen","other_names":{"name:ru":"Мюсен"},"display_name":"Mysen, Indre Østfold, Østfold, 1850, Norge","address":{"town":"Mysen","municipality":"Indre Østfold","county":"Østfold","ISO3166-2-lvl4":"NO-31","postcode":"1850","country":"Norge","country_code":"no"},"population":7170,"osm_type":"node","osm_id":31264120,"type":"town","location":[11.3259596,59.5556926],"bbox":[11.2859596,59.5156926,11.3659596,59.5956926]}
{"name":"Namsos","other_names":{"name:is":"Namsós","name:ru":"Намсус"},"display_name":"Namsos, Trøndelag, 7800, Norge","address":{"town":"Namsos","municipality":"Namsos","county":"Trøndelag","ISO3166-2-lvl4":"NO-50","postcode":"7800","country":"Norge","country_code":"no"},"population":8422,"osm_type":"node","osm_id":31264118,"type":"town","location":[11.4957765,64.4662492],"bbox":[11.4557765,64.4262492,11.5357765,64.5062492],"border":{"name":"Namsos","other_names":{"ref":"5007"},"display_name":"Namsos, Trøndelag, Norge","address":{"municipality":"Namsos","county":"Trøndelag","ISO3166-2-lvl4":"NO-50","country":"Norge","country_code":"no"},"population":15154,"osm_type":"relation","osm_id":10143402,"type":"administrative","location":[11.334504720494646,64.46663724999999],"bbox":[10.7382051,64.0978813,12.2168543,64.8350352]}}
{"name":"Narvik","other_names":{"name:en":"Narvik","name:no":"Narvik","name:pl":"Narwik","name:ru":"Нарвик","name:se":"Áhkánjárga","name:zh":"纳尔维克","name:fkv":"Victorianhamina","name:smj":"Áhkánjárgga","old_name":"Victoriahavn","name:zh-Hant":"納爾維克"},"display_name":"Narvik, Nordland, 8517, Norge","address":{"town":"Narvik","municipality":"Narvik","county":"Nordland","ISO3166-2-lvl4":"NO-18","postcode":"8517","country":"Norge","country_code":"no"},"population":14183,"osm_type":"node","osm_id":20981180,"type":"town","location":[17.4271978,68.4383796],"bbox":[17.3871978,68.3983796,17.4671978,68.4783796],"border":{"name":"Narvik","other_names":{"ref":"1806"},"display_name":"Narvik, Nordland, Norge","address":{"municipality":"Narvik","county":"Nordland","ISO3166-2-lvl4":"NO-18","country":"Norge","country_code":"no"},"population":21591,"osm_type":"relation","osm_id":10143373,"type":"administrative","location":[17.086538711321808,68.28988385],"bbox":[15.9014286,67.9693432,18.1513549,68.6084547]}}
{"name":"Nesoddtangen","other_names":{"name:ps":"نېس‌اودتانګين"},"display_name":"Nesoddtangen, Nesodden, Akershus, 1450, Norge","address":{"town":"Nesoddtangen","municipality":"Nesodden","county":"Akershus","ISO3166-2-lvl4":"NO-32","postcode":"1450","country":"Norge","country_code":"no"},"population":13392,"osm_type":"node","osm_id":127867478,"type":"town","location":[10.6616211,59.8561452],"bbox":[10.6216211,59.8161452,10.7016211,59.8961452]}
{"name":"Nordfjordeid","display_name":"Nordfjordeid, Stad, Vestland, 6770, Norge","address":{"town":"Nordfjordeid","municipality":"Stad","county":"Vestland","ISO3166-2-lvl4":"NO-46","postcode":"6770","country":"Norge","country_code":"no"},"population":3178,"osm_type":"node","osm_id":81350220,"type":"town","location":[5.9891381,61.907681],"bbox":[5.9491381,61.867681,6.0291381,61.947681]}
{"name":"Notodden","other_names":{"name:ru":"Нутодден"},"display_name":"Notodden, Telemark, 3674, Norge","address":{"town":"Notodden","municipality":"Notodden","county":"Telemark","ISO3166-2-lvl4":"NO-40","postcode":"3674","country":"Norge","country_code":"no"},"population":9292,"osm_type":"node","osm_id":31264124,"type":"town","location":[9.2592923,59.5593283],"bbox":[9.2192923,59.5193283,9.2992923,59.5993283],"border":{"name":"Notodden","other_names":{"ref":"4005","name:is":"Notoddinn","old_ref":"0807"},"display_name":"Notodden, Telemark, Norge","address":{"municipality":"Notodden","county":"Telemark","ISO3166-2-lvl4":"NO-40","country":"Norge","country_code":"no"},"population":13333,"osm_type":"relation","osm_id":405159,"type":"administrative","location":[9.150808170862877,59.6871024],"bbox":[8.7792812,59.4758021,9.5152635,59.8982872]}}
{"name":"Odda","other_names":{"name:ru":"Одда"},"display_name":"Odda, Ullensvang, Vestland, 5750, Norge","address":{"town":"Odda","municipality":"Ullensvang","county":"Vestland","ISO3166-2-lvl4":"NO-46","postcode":"5750","country":"Norge","country_code":"no"},"population":4755,"osm_type":"node","osm_id":31264122,"type":"town","location":[6.5469316,60.0679248],"bbox":[6.5069316,60.0279248,6.5869316,60.1079248]}
{"name":"Oppdal","other_names":{"name:no":"Oppdal","name:ru":"Оппдал","old_name":"Auna"},"display_name":"Oppdal, Trøndelag, Norge","address":{"town":"Oppdal","municipality":"Oppdal","county":"Trøndelag","ISO3166-2-lvl4":"NO-50","country":"Norge","country_code":"no"},"population":4637,"osm_type":"node","osm_id":2774665133,"type":"town","location":[9.6896436,62.5951546],"bbox":[9.6496436,62.5551546,9.7296436,62.6351546],"border":{"name":"Oppdal","other_names":{"ref":"5021"},"display_name":"Oppdal, Trøndelag, Norge","address":{"municipality":"Oppdal","county":"Trøndelag","ISO3166-2-lvl4":"NO-50","country":"Norge","country_code":"no"},"population":7408,"osm_type":"relation","osm_id":406463,"type":"administrative","location":[9.62330412000998,62.535178450000004],"bbox":[8.919962,62.2557267,10.0975831,62.8160499]}}
{"name":"Orkanger","display_name":"Orkanger, Orkland, Trøndelag, 7300, Norge","address":{"town":"Orkanger","municipality":"Orkland","county":"Trøndelag","ISO3166-2-lvl4":"NO-50","postcode":"7300","country":"Norge","country_code":"no"},"population":9161,"osm_type":"node","osm_id":279932407,"type":"town","location":[9.8496676,63.304819],"bbox":[9.8096676,63.264819,9.8896676,63.344819]}
{"name":"Ørnes","other_names":{"name:no":"Ørnes","name:sje":"Gárrgonjárrga"},"display_name":"Ørnes, Meløy, Nordland, 8150, Norge","address":{"town":"Ørnes","municipality":"Meløy","county":"Nordland","ISO3166-2-lvl4":"NO-18","postcode":"8150","country":"Norge","country_code":"no"},"population":1647,"osm_type":"node","osm_id":281233068,"type":"town","location":[13.7060869,66.8730775],"bbox":[13.6660869,66.8330775,13.7460869,66.9130775]}
{"name":"Ørsta","display_name":"Ørsta, Møre og Romsdal, 6150, Norge","address":{"town":"Ørsta","municipality":"Ørsta","county":"Møre og Romsdal","ISO3166-2-lvl4":"NO-15","postcode":"6150","country":"Norge","country_code":"no"},"population":7609,"osm_type":"node","osm_id":86002385,"type":"town","location":[6.1238625,62.2010542],"bbox":[6.0838625,62.1610542,6.1638625,62.2410542],"border":{"name":"Ørsta","other_names":{"ref":"1520"},"display_name":"Ørsta, Møre og Romsdal, Norge","address":{"municipality":"Ørsta","county":"Møre og Romsdal","ISO3166-2-lvl4":"NO-15","country":"Norge","country_code":"no"},"population":11055,"osm_type":"relation","osm_id":406860,"type":"administrative","location":[6.285936758760558,62.247053750000006],"bbox":[5.9222894,62.0992281,6.7841268,62.3943575]}}
{"name":"Osøyro","other_names":{"alt_name":"Os"},"display_name":"Osøyro, Bjørnafjorden, Vestland, 5200, Norge","address":{"town":"Osøyro","municipality":"Bjørnafjorden","county":"Vestland","ISO3166-2-lvl4":"NO-46","postcode":"5200","country":"Norge","country_code":"no"},"population":14943,"osm_type":"node","osm_id":9524457895,"type":"town","location":[5.4700485,60.1859484],"bbox":[5.4300485,60.1459484,5.5100485,60.2259484]}
{"name":"Otta","other_names":{"name:ru":"Утта"},"display_name":"Otta, Sel, Innlandet, 2670, Norge","address":{"town":"Otta","municipality":"Sel","county":"Innlandet","ISO3166-2-lvl4":"NO-34","postcode":"2670","country":"Norge","country_code":"no"},"population":2322,"osm_type":"node","osm_id":31264127,"type":"town","location":[9.5352541,61.7712448],"bbox":[9.4952541,61.7312448,9.5752541,61.8112448]}
{"name":"Råholt","display_name":"Råholt, Eidsvoll, Akershus, 2070, Norge","address":{"town":"Råholt","municipality":"Eidsvoll","county":"Akershus","ISO3166-2-lvl4":"NO-32","postcode":"2070","country":"Norge","country_code":"no"},"population":15746,"osm_type":"node","osm_id":430404494,"type":"town","location":[11.1728733,60.2838578],"bbox":[11.1328733,60.2438578,11.2128733,60.3238578]}
{"name":"Rakkestad","display_name":"Rakkestad, Østfold, 1890, Norge","address":{"town":"Rakkestad","municipality":"Rakkestad","county":"Østfold","ISO3166-2-lvl4":"NO-31","postcode":"1890","country":"Norge","country_code":"no"},"population":5019,"osm_type":"node","osm_id":5422624771,"type":"town","location":[11.3399373,59.4279914],"bbox":[11.2999373,59.3879914,11.3799373,59.4679914],"border":{"name":"Rakkestad","other_names":{"ref":"3120","old_ref":"0128"},"display_name":"Rakkestad, Østfold, Norge","address":{"municipality":"Rakkestad","county":"Østfold","ISO3166-2-lvl4":"NO-31","country":"Norge","country_code":"no"},"population":8527,"osm_type":"relation","osm_id":406079,"type":"administrative","location":[11.421125079931825,59.36031595],"bbox":[11.1881553,59.2363812,11.5974159,59.4843177]}}
{"name":"Randaberg","other_names":{"name:ru":"Рандаберг"},"display_name":"Randaberg, Rogaland, 4070, Norge","address":{"town":"Randaberg","municipality":"Randaberg","county":"Rogaland","ISO3166-2-lvl4":"NO-11","postcode":"4070","country":"Norge","country_code":"no"},"population":9609,"osm_type":"node","osm_id":1952300774,"type":"town","location":[5.6165674,58.9994464],"bbox":[5.5765674,58.9594464,5.6565674,59.0394464],"border":{"name":"Randaberg","other_names":{"ref":"1127"},"display_name":"Randaberg, Rogaland, Norge","address":{"municipality":"Randaberg","county":"Rogaland","ISO3166-2-lvl4":"NO-11","country":"Norge","country_code":"no"},"population":11795,"osm_type":"relation","osm_id":405652,"type":"administrative","location":[5.564876566360093,59.021066649999995],"bbox":[5.4451174,58.9696181,5.6834915,59.0724445]}}
{"name":"Raufoss","other_names":{"name:ps":"راوفوس","name:ru":"Рёуфосс"},"display_name":"Raufoss, Vestre Toten, Innlandet, 2830, Norge","address":{"town":"Raufoss","municipality":"Vestre Toten","county":"Innlandet","ISO3166-2-lvl4":"NO-34","postcode":"2830","country":"Norge","country_code":"no"},"population":7918,"osm_type":"node","osm_id":312573431,"type":"town","location":[10.6133236,60.7260799],"bbox":[10.5733236,60.6860799,10.6533236,60.7660799]}
{"name":"Risør","other_names":{"name:ru":"Рисёр"},"display_name":"Risør, Agder, 4956, Norge","address":{"town":"Risør","municipality":"Risør","county":"Agder","ISO3166-2-lvl4":"NO-42","postcode":"4956","country":"Norge","country_code":"no"},"population":4622,"osm_type":"node","osm_id":2380166198,"type":"town","location":[9.2343838,58.7207522],"bbox":[9.1943838,58.6807522,9.2743838,58.7607522],"border":{"name":"Risør","other_names":{"ref":"4201","old_ref":"0901"},"display_name":"Risør, Agder, Norge","address":{"municipality":"Risør","county":"Agder","ISO3166-2-lvl4":"NO-42","country":"Norge","country_code":"no"},"population":6788,"osm_type":"relation","osm_id":406025,"type":"administrative","location":[9.310831267755196,58.67683125],"bbox":[8.9943013,58.5236357,9.6688766,58.8298823]}}
{"name":"Rjukan","other_names":{"name:ru":"Рьюкан"},"display_name":"Rjukan, Tinn, Telemark, 3660, Norge","address":{"town":"Rjukan","municipality":"Tinn","county":"Telemark","ISO3166-2-lvl4":"NO-40","postcode":"3660","country":"Norge","country_code":"no"},"population":3005,"osm_type":"node","osm_id":31264133,"type":"town","location":[8.5941579,59.8786976],"bbox":[8.5541579,59.8386976,8.6341579,59.9186976]}
{"name":"Rognan","other_names":{"name:no":"Rognan","name:ru":"Рогнан","name:sje":"Råggno","name:smj":"Rågno"},"display_name":"Rognan, Saltdal, Nordland, 8250, Norge","address":{"town":"Rognan","municipality":"Saltdal","county":"Nordland","ISO3166-2-lvl4":"NO-18","postcode":"8250","country":"Norge","country_code":"no"},"population":2641,"osm_type":"node","osm_id":282491564,"type":"town","location":[15.3935626,67.1014386],"bbox":[15.3535626,67.0614386,15.4335626,67.1414386]}
{"name":"Røros","other_names":{"name:de":"Röros","name:no":"Røros","name:ru":"Рёрус","alt_name":"Bergstaden","name:sma":"Plaassja"},"display_name":"Røros, Trøndelag, 7374, Norge","address":{"town":"Røros","municipality":"Røros","county":"Trøndelag","ISO3166-2-lvl4":"NO-50","postcode":"7374","country":"Norge","country_code":"no"},"population":3909,"osm_type":"node","osm_id":60647032,"type":"town","location":[11.3836172,62.5745909],"bbox":[11.3436172,62.5345909,11.4236172,62.6145909],"border":{"name":"Røros","other_names":{"ref":"5025","name:sma":"Plassje","alt_name:sma":"Plaassje"},"display_name":"Røros, Trøndelag, Norge","address":{"municipality":"Røros","county":"Trøndelag","ISO3166-2-lvl4":"NO-50","country":"Norge","country_code":"no"},"population":5681,"osm_type":"relation","osm_id":406493,"type":"administrative","location":[11.660436507014776,62.569515100000004],"bbox":[11.1245396,62.3098881,12.2546653,62.8291554]}}
{"name":"Rørvik","other_names":{"name:ru":"Рёрвик"},"display_name":"Rørvik, Nærøysund, Trøndelag, 7900, Norge","address":{"town":"Rørvik","municipality":"Nærøysund","county":"Trøndelag","ISO3166-2-lvl4":"NO-50","postcode":"7900","country":"Norge","country_code":"no"},"population":3743,"osm_type":"node","osm_id":274068416,"type":"town","location":[11.2379128,64.8615745],"bbox":[11.1979128,64.8215745,11.2779128,64.9015745]}
{"name":"Sandnessjøen","other_names":{"name:ru":"Санднессйоэн"},"display_name":"Sandnessjøen, Alstahaug, Nordland, 8803, Norge","address":{"town":"Sandnessjøen","municipality":"Alstahaug","county":"Nordland","ISO3166-2-lvl4":"NO-18","postcode":"8803","country":"Norge","country_code":"no"},"population":6056,"osm_type":"node","osm_id":31264135,"type":"town","location":[12.6317232,66.0215451],"bbox":[12.5917232,65.9815451,12.6717232,66.0615451]}
{"name":"Sandvika","other_names":{"name:ps":"ساندويکا","name:ru":"Сандвика"},"display_name":"Sandvika, Bærum, Akershus, 1337, Norge","address":{"town":"Sandvika","municipality":"Bærum","county":"Akershus","ISO3166-2-lvl4":"NO-32","postcode":"1337","country":"Norge","country_code":"no"},"population":129572,"osm_type":"node","osm_id":31264129,"type":"town","location":[10.5249914,59.8921158],"bbox":[10.4849914,59.8521158,10.5649914,59.9321158]}
{"name":"Sauda","display_name":"Sauda, Rogaland, 4200, Norge","address":{"town":"Sauda","municipality":"Sauda","county":"Rogaland","ISO3166-2-lvl4":"NO-11","postcode":"4200","country":"Norge","country_code":"no"},"population":4190,"osm_type":"node","osm_id":31264131,"type":"town","location":[6.3537482,59.6505713],"bbox":[6.3137482,59.6105713,6.3937482,59.6905713],"border":{"name":"Sauda","other_names":{"ref":"1135"},"display_name":"Sauda, Rogaland, Norge","address":{"municipality":"Sauda","county":"Rogaland","ISO3166-2-lvl4":"NO-11","country":"Norge","country_code":"no"},"population":4600,"osm_type":"relation","osm_id":405837,"type":"administrative","location":[6.462093764721425,59.70456595],"bbox":[6.1780959,59.5626034,6.6935112,59.8445742]}}
{"name":"Ski","other_names":{"name:no":"Ski","name:ru":"Ши"},"display_name":"Ski, Nordre Follo, Akershus, 1424, Norge","address":{"town":"Ski","municipality":"Nordre Follo","county":"Akershus","ISO3166-2-lvl4":"NO-32","postcode":"1424","country":"Norge","country_code":"no"},"population":22548,"osm_type":"node","osm_id":31264138,"type":"town","location":[10.8382736,59.7199326],"bbox":[10.7982736,59.6799326,10.8782736,59.7599326]}
{"name":"Skudeneshavn","other_names":{"alt_name":"Skudeneshamn"},"display_name":"Skudeneshavn, Karmøy, Rogaland, 4280, Norge","address":{"town":"Skudeneshavn","municipality":"Karmøy","county":"Rogaland","ISO3166-2-lvl4":"NO-11","postcode":"4280","country":"Norge","country_code":"no"},"population":3348,"osm_type":"node","osm_id":31264140,"type":"town","location":[5.2581715,59.1497472],"bbox":[5.2181715,59.1097472,5.2981715,59.1897472]}
{"name":"Sogndal","other_names":{"name:no":"Sogndal","name:ru":"Согндал","alt_name":"Sogndalsfjøra"},"display_name":"Sogndal, Vestland, 6856, Norge","address":{"town":"Sogndal","municipality":"Sogndal","county":"Vestland","ISO3166-2-lvl4":"NO-46","postcode":"6856","country":"Norge","country_code":"no"},"population":4388,"osm_type":"node","osm_id":34553636,"type":"town","location":[7.1029297,61.2312231],"bbox":[7.0629297,61.1912231,7.1429297,61.2712231],"border":{"name":"Sogndal","other_names":{"ref":"4640"},"display_name":"Sogndal, Vestland, Norge","address":{"municipality":"Sogndal","county":"Vestland","ISO3166-2-lvl4":"NO-46","country":"Norge","country_code":"no"},"population":12496,"osm_type":"relation","osm_id":10150612,"type":"administrative","location":[6.720364762111766,61.329791],"bbox":[6.2519839,61.0897294,7.4298011,61.5702471]}}
{"name":"Sola","display_name":"Sola, Rogaland, 4050, Norge","address":{"town":"Sola","municipality":"Sola","county":"Rogaland","ISO3166-2-lvl4":"NO-11","postcode":"4050","country":"Norge","country_code":"no"},"population":23492,"osm_type":"node","osm_id":351105380,"type":"town","location":[5.647946,58.8859638],"bbox":[5.607946,58.8459638,5.687946,58.9259638],"border":{"name":"Sola","other_names":{"ref":"1124"},"display_name":"Sola, Rogaland, Norge","address":{"municipality":"Sola","county":"Rogaland","ISO3166-2-lvl4":"NO-11","country":"Norge","country_code":"no"},"population":29153,"osm_type":"relation","osm_id":405653,"type":"administrative","location":[5.356254245388384,58.882082249999996],"bbox":[5.0076644,58.7821535,5.7029903,58.9820906]}}
{"name":"Sortland","other_names":{"name:no":"Sortland","name:ru":"Сортланд","name:sma":"Suorta","loc_name:se":"Suortá"},"display_name":"Sortland, Nordland, 8400, Norge","address":{"town":"Sortland","municipality":"Sortland","county":"Nordland","ISO3166-2-lvl4":"NO-18","postcode":"8400","country":"Norge","country_code":"no"},"population":5664,"osm_type":"node","osm_id":31264141,"type":"town","location":[15.4148253,68.6951304],"bbox":[15.3748253,68.6551304,15.4548253,68.7351304],"border":{"name":"Sortland","other_names":{"ref":"1870","name:sma":"Suorta"},"display_name":"Sortland, Nordland, Norge","address":{"municipality":"Sortland","county":"Nordland","ISO3166-2-lvl4":"NO-18","country":"Norge","country_code":"no"},"population":10781,"osm_type":"relation","osm_id":408484,"type":"administrative","location":[15.367917868560635,68.76729605],"bbox":[14.7879356,68.5259814,16.112267,69.0086295]}}
{"name":"Stange","display_name":"Stange, Innlandet, 2335, Norge","address":{"town":"Stange","municipality":"Stange","county":"Innlandet","ISO3166-2-lvl4":"NO-34","postcode":"2335","country":"Norge","country_code":"no"},"population":3508,"osm_type":"node","osm_id":298010348,"type":"town","location":[11.1923794,60.7176745],"bbox":[11.1523794,60.6776745,11.2323794,60.7576745],"border":{"name":"Stange","other_names":{"ref":"3413","old_ref":"0417"},"display_name":"Stange, Innlandet, Norge","address":{"municipality":"Stange","county":"Innlandet","ISO3166-2-lvl4":"NO-34","country":"Norge","country_code":"no"},"population":21691,"osm_type":"relation","osm_id":410883,"type":"administrative","location":[11.383120762784838,60.6244351],"bbox":[11.0277772,60.4587985,11.6543534,60.7922559]}}
{"name":"Stathelle","display_name":"Stathelle, Bamble, Telemark, 3960, Norge","address":{"town":"Stathelle","municipality":"Bamble","county":"Telemark","ISO3166-2-lvl4":"NO-40","postcode":"3960","country":"Norge","country_code":"no"},"population":10519,"osm_type":"node","osm_id":31264136,"type":"town","location":[9.6952755,59.043879],"bbox":[9.6552755,59.003879,9.7352755,59.083879]}
{"name":"Stavern","other_names":{"name:ru":"Ставерн"},"display_name":"Stavern, Larvik, Vestfold, 3290, Norge","address":{"town":"Stavern","municipality":"Larvik","county":"Vestfold","ISO3166-2-lvl4":"NO-39","postcode":"3290","country":"Norge","country_code":"no"},"population":6121,"osm_type":"node","osm_id":252583445,"type":"town","location":[10.0360061,58.9983397],"bbox":[9.9960061,58.9583397,10.0760061,59.0383397]}
{"name":"Steinkjer","other_names":{"name:ru":"Стейнхьер","name:zh":"斯泰恩謝爾","name:sma":"Stientje"},"display_name":"Steinkjer, Trøndelag, 7714, Norge","address":{"town":"Steinkjer","municipality":"Steinkjer","county":"Trøndelag","ISO3166-2-lvl4":"NO-50","postcode":"7714","country":"Norge","country_code":"no"},"population":13060,"osm_type":"node","osm_id":31264137,"type":"town","location":[11.4956649,64.0151848],"bbox":[11.4556649,63.9751848,11.5356649,64.0551848],"border":{"name":"Steinkjer","other_names":{"ref":"5006"},"display_name":"Steinkjer, Trøndelag, Norge","address":{"municipality":"Steinkjer","county":"Trøndelag","ISO3166-2-lvl4":"NO-50","country":"Norge","country_code":"no"},"population":24064,"osm_type":"relation","osm_id":10143420,"type":"administrative","location":[11.481908998592733,64.050737],"bbox":[10.4512731,63.7712418,12.3779535,64.3302902]}}
{"name":"Stjørdal","other_names":{"name:ru":"Схьёрдал","old_name":"Stjørdalshalsen"},"display_name":"Stjørdal, Trøndelag, 7500, Norge","address":{"town":"Stjørdal","municipality":"Stjørdal","county":"Trøndelag","ISO3166-2-lvl4":"NO-50","postcode":"7500","country":"Norge","country_code":"no"},"population":15693,"osm_type":"node","osm_id":29677359,"type":"town","location":[10.9239498,63.4683597],"bbox":[10.8839498,63.4283597,10.9639498,63.5083597],"border":{"name":"Stjørdal","other_names":{"ref":"5035"},"display_name":"Stjørdal, Trøndelag, Norge","address":{"municipality":"Stjørdal","county":"Trøndelag","ISO3166-2-lvl4":"NO-50","country":"Norge","country_code":"no"},"population":24927,"osm_type":"relation","osm_id":407291,"type":"administrative","location":[11.134472299094192,63.4627028],"bbox":[10.6539288,63.3262337,11.7281708,63.600286]}}
{"name":"Stokmarknes","other_names":{"name:no":"Stokmarknes","name:ru":"Стокмаркнес","loc_name:se":"Njárga"},"display_name":"Stokmarknes, Hadsel, Nordland, 8450, Norge","address":{"town":"Stokmarknes","municipality":"Hadsel","county":"Nordland","ISO3166-2-lvl4":"NO-18","postcode":"8450","country":"Norge","country_code":"no"},"population":3540,"osm_type":"node","osm_id":31264146,"type":"town","location":[14.9133484,68.5670003],"bbox":[14.8733484,68.5270003,14.9533484,68.6070003]}
{"name":"Storslett","other_names":{"name:no":"Storslett","name:ru":"Сторслет","name:se":"Hánssagieddi","name:fkv":"Hansinkenttä"},"display_name":"Storslett, Nordreisa, Troms, 9151, Norge","address":{"town":"Storslett","municipality":"Nordreisa","county":"Troms","ISO3166-2-lvl4":"NO-55","postcode":"9151","country":"Norge","country_code":"no"},"population":1916,"osm_type":"node","osm_id":21302548,"type":"town","location":[21.0244567,69.7678521],"bbox":[20.9844567,69.7278521,21.0644567,69.8078521]}
{"name":"Straume","display_name":"Straume, Øygarden, Vestland, 5353, Norge","address":{"town":"Straume","municipality":"Øygarden","county":"Vestland","ISO3166-2-lvl4":"NO-46","postcode":"5353","country":"Norge","country_code":"no"},"population":12353,"osm_type":"node","osm_id":9562970336,"type":"town","location":[5.1235129,60.3583797],"bbox":[5.0835129,60.3183797,5.1635129,60.3983797]}
{"name":"Sunndalsøra","display_name":"Sunndalsøra, Sunndal, Møre og Romsdal, 6600, Norge","address":{"town":"Sunndalsøra","municipality":"Sunndal","county":"Møre og Romsdal","ISO3166-2-lvl4":"NO-15","postcode":"6600","country":"Norge","country_code":"no"},"population":4207,"osm_type":"node","osm_id":135642422,"type":"town","location":[8.5632934,62.6751972],"bbox":[8.5232934,62.6351972,8.6032934,62.7151972]}
{"display_name":"Svalbard, Norge","address":{"region":"Svalbard","ISO3166-2-lvl4":"NO-21","country":"Norge","country_code":"no"},"osm_type":"relation","osm_id":15739909,"type":"town","location":[15.64497120454959,78.2194843],"bbox":[15.5903466,78.2093199,15.6780286,78.229794]}
{"name":"Svelvik","other_names":{"name:is":"Sverðvík","name:ru":"Свелвик"},"display_name":"Svelvik, Drammen, Buskerud, 3060, Norge","address":{"town":"Svelvik","municipality":"Drammen","county":"Buskerud","ISO3166-2-lvl4":"NO-33","postcode":"3060","country":"Norge","country_code":"no"},"population":4235,"osm_type":"node","osm_id":31264148,"type":"town","location":[10.4091066,59.6135205],"bbox":[10.3691066,59.5735205,10.4491066,59.6535205],"border":{"name":"Svelvik","display_name":"Svelvik, Drammen, Buskerud, Norge","address":{"city_district":"Svelvik","municipality":"Drammen","county":"Buskerud","ISO3166-2-lvl4":"NO-33","country":"Norge","country_code":"no"},"osm_type":"relation","osm_id":12525864,"type":"administrative","location":[10.375691563665043,59.59000155],"bbox":[10.3230319,59.5304326,10.4244968,59.6494497]}}
{"name":"Svolvær","other_names":{"name:no":"Svolvær","name:ru":"Свольвер","name:se":"Spållavuolle","loc_name:se":"Suolvearra","loc_name:smj":"Spálavuolle"},"display_name":"Svolvær, Vågan, Nordland, 8300, Norge","address":{"town":"Svolvær","municipality":"Vågan","county":"Nordland","ISO3166-2-lvl4":"NO-18","postcode":"8300","country":"Norge","country_code":"no"},"population":4775,"osm_type":"node","osm_id":31264147,"type":"town","location":[14.5646019,68.2321709],"bbox":[14.5246019,68.1921709,14.6046019,68.2721709]}
{"name":"Tvedestrand","other_names":{"name:ru":"Тведестранн"},"display_name":"Tvedestrand, Agder, Norge","address":{"town":"Tvedestrand","municipality":"Tvedestrand","county":"Agder","ISO3166-2-lvl4":"NO-42","country":"Norge","country_code":"no"},"population":2872,"osm_type":"node","osm_id":31264144,"type":"town","location":[8.9312364,58.6226384],"bbox":[8.8912364,58.5826384,8.9712364,58.6626384],"border":{"name":"Tvedestrand","other_names":{"ref":"4213","old_ref":"0914","name:ru":"Тведестранн"},"display_name":"Tvedestrand, Agder, Norge","address":{"municipality":"Tvedestrand","county":"Agder","ISO3166-2-lvl4":"NO-42","country":"Norge","country_code":"no"},"population":6363,"osm_type":"relation","osm_id":406026,"type":"administrative","location":[8.9312364,58.6226384],"bbox":[8.7330683,58.4256649,9.531652,58.7284891]}}
{"name":"Tynset","other_names":{"name:ru":"Тюнсет"},"display_name":"Tynset, Innlandet, Norge","address":{"town":"Tynset","municipality":"Tynset","county":"Innlandet","ISO3166-2-lvl4":"NO-34","country":"Norge","country_code":"no"},"population":2976,"osm_type":"node","osm_id":34222956,"type":"town","location":[10.7768676,62.2742908],"bbox":[10.7368676,62.2342908,10.8168676,62.3142908],"border":{"name":"Tynset","other_names":{"ref":"3427","old_ref":"0437"},"display_name":"Tynset, Innlandet, Norge","address":{"municipality":"Tynset","county":"Innlandet","ISO3166-2-lvl4":"NO-34","country":"Norge","country_code":"no"},"population":5722,"osm_type":"relation","osm_id":412545,"type":"administrative","location":[10.532249364357114,62.360107049999996],"bbox":[10.0057318,62.0229765,11.2175215,62.6969279]}}
{"name":"Ulsteinvik","display_name":"Ulsteinvik, Ulstein, Møre og Romsdal, 6065, Norge","address":{"town":"Ulsteinvik","municipality":"Ulstein","county":"Møre og Romsdal","ISO3166-2-lvl4":"NO-15","postcode":"6065","country":"Norge","country_code":"no"},"population":6208,"osm_type":"node","osm_id":31264153,"type":"town","location":[5.84686,62.3426629],"bbox":[5.80686,62.3026629,5.88686,62.3826629]}
{"name":"Vadsø","other_names":{"name:fi":"Vesisaari","name:no":"Vadsø","name:ru":"Вадсё","name:se":"Čáhcesuolu","name:ckb":"ڤادسۆ","name:fkv":"Vesisaari"},"display_name":"Vadsø, Finnmark, 9803, Norge","address":{"town":"Vadsø","municipality":"Vadsø","county":"Finnmark","ISO3166-2-lvl4":"NO-56","postcode":"9803","country":"Norge","country_code":"no"},"population":4867,"osm_type":"node","osm_id":1997308009,"type":"town","location":[29.749777,70.0741267],"bbox":[29.709777,70.0341267,29.789777,70.1141267],"border":{"name":"Vadsø","other_names":{"ref":"5607","name:no":"Vadsø","name:se":"Čáhcesuolu","old_ref":"2003","name:fkv":"Vesisaari"},"display_name":"Vadsø, Finnmark, Norge","address":{"municipality":"Vadsø","county":"Finnmark","ISO3166-2-lvl4":"NO-56","country":"Norge","country_code":"no"},"population":5777,"osm_type":"relation","osm_id":406653,"type":"administrative","location":[29.782800932798843,70.22671985],"bbox":[28.98101,69.9750438,30.9327449,70.4777904]}}
{"name":"Vardø","other_names":{"name:fi":"Vuoreija","name:no":"Vardø","name:ru":"Вардё","name:ckb":"ڤاردۆ","name:fkv":"Vuorea","loc_name:se":"Várggát","old_name:sv":"Vardohus"},"display_name":"Vardø, Finnmark, 9950, Norge","address":{"town":"Vardø","municipality":"Vardø","county":"Finnmark","ISO3166-2-lvl4":"NO-56","postcode":"9950","country":"Norge","country_code":"no"},"population":1770,"osm_type":"node","osm_id":31264165,"type":"town","location":[31.1077198,70.3701861],"bbox":[31.0677198,70.3301861,31.1477198,70.4101861],"border":{"name":"Vardø","other_names":{"ref":"5634","name:fi":"Vuoreija","name:no":"Vardø","old_ref":"2002"},"display_name":"Vardø, Finnmark, Norge","address":{"municipality":"Vardø","county":"Finnmark","ISO3166-2-lvl4":"NO-56","country":"Norge","country_code":"no"},"population":1982,"osm_type":"relation","osm_id":406652,"type":"administrative","location":[30.96182045479223,70.3308158],"bbox":[30.0743583,70.0127471,31.7615929,70.6443872]}}
{"name":"Vennesla","other_names":{"name:ru":"Веннесла"},"display_name":"Vennesla, Agder, 4700, Norge","address":{"town":"Vennesla","municipality":"Vennesla","county":"Agder","ISO3166-2-lvl4":"NO-42","postcode":"4700","country":"Norge","country_code":"no"},"population":13968,"osm_type":"node","osm_id":251861331,"type":"town","location":[7.9724792,58.2693934],"bbox":[7.9324792,58.2293934,8.0124792,58.3093934],"border":{"name":"Vennesla","other_names":{"ref":"4223","old_ref":"1014"},"display_name":"Vennesla, Agder, Norge","address":{"municipality":"Vennesla","county":"Agder","ISO3166-2-lvl4":"NO-42","country":"Norge","country_code":"no"},"population":15622,"osm_type":"relation","osm_id":405980,"type":"administrative","location":[7.770790282061096,58.33986185],"bbox":[7.6238969,58.2166357,8.0794819,58.4629895]}}
{"name":"Verdalsøra","other_names":{"name:ru":"Вердалсёра","alt_name":"Verdal"},"display_name":"Verdalsøra, Verdal, Trøndelag, 7650, Norge","address":{"town":"Verdalsøra","municipality":"Verdal","county":"Trøndelag","ISO3166-2-lvl4":"NO-50","postcode":"7650","country":"Norge","country_code":"no"},"population":8838,"osm_type":"node","osm_id":31264154,"type":"town","location":[11.4820286,63.7927932],"bbox":[11.4420286,63.7527932,11.5220286,63.8327932],"border":{"name":"Verdal","other_names":{"ref":"5038"},"display_name":"Verdal, Trøndelag, Norge","address":{"municipality":"Verdal","county":"Trøndelag","ISO3166-2-lvl4":"NO-50","country":"Norge","country_code":"no"},"population":15412,"osm_type":"relation","osm_id":407278,"type":"administrative","location":[11.920335002020447,63.78622565],"bbox":[11.3319211,63.5934181,12.6835681,63.9742223]}}
{"name":"Vestby","display_name":"Vestby, Akershus, 1540, Norge","address":{"town":"Vestby","municipality":"Vestby","county":"Akershus","ISO3166-2-lvl4":"NO-32","postcode":"1540","country":"Norge","country_code":"no"},"population":8547,"osm_type":"node","osm_id":210765723,"type":"town","location":[10.747418,59.602529],"bbox":[10.707418,59.562529,10.787418,59.642529],"border":{"name":"Vestby","other_names":{"ref":"3216","old_ref":"0211"},"display_name":"Vestby, Akershus, Norge","address":{"municipality":"Vestby","county":"Akershus","ISO3166-2-lvl4":"NO-32","country":"Norge","country_code":"no"},"population":19855,"osm_type":"relation","osm_id":406133,"type":"administrative","location":[10.711865345334502,59.559856249999996],"bbox":[10.6164384,59.4718821,10.8600559,59.6477178]}}
{"name":"Vikersund","display_name":"Vikersund, Modum, Buskerud, 3370, Norge","address":{"town":"Vikersund","municipality":"Modum","county":"Buskerud","ISO3166-2-lvl4":"NO-33","postcode":"3370","country":"Norge","country_code":"no"},"population":3250,"osm_type":"node","osm_id":540399161,"type":"town","location":[9.994865,59.9660881],"bbox":[9.954865,59.9260881,10.034865,60.0060881]}
{"name":"Vinstra","display_name":"Vinstra, Nord-Fron, Innlandet, 2640, Norge","address":{"town":"Vinstra","municipality":"Nord-Fron","county":"Innlandet","ISO3166-2-lvl4":"NO-34","postcode":"2640","country":"Norge","country_code":"no"},"population":2674,"osm_type":"node","osm_id":266127070,"type":"town","location":[9.7361913,61.5964906],"bbox":[9.6961913,61.5564906,9.7761913,61.6364906]}
{"name":"Volda","display_name":"Volda, Møre og Romsdal, 6102, Norge","address":{"town":"Volda","municipality":"Volda","county":"Møre og Romsdal","ISO3166-2-lvl4":"NO-15","postcode":"6102","country":"Norge","country_code":"no"},"population":7143,"osm_type":"node","osm_id":86002386,"type":"town","location":[6.0667731,62.1450799],"bbox":[6.0267731,62.1050799,6.1067731,62.1850799],"border":{"name":"Volda","other_names":{"ref":"1577"},"display_name":"Volda, Møre og Romsdal, Norge","address":{"municipality":"Volda","county":"Møre og Romsdal","ISO3166-2-lvl4":"NO-15","country":"Norge","country_code":"no"},"population":11131,"osm_type":"relation","osm_id":10148316,"type":"administrative","location":[6.274410767523168,62.08037975],"bbox":[5.7279211,61.9233438,6.793988,62.2375229]}}
{"name":"Vossavangen","other_names":{"name:ru":"Воссеванген","alt_name":"Voss"},"display_name":"Vossavangen, Voss, Vestland, 5704, Norge","address":{"town":"Vossavangen","municipality":"Voss","county":"Vestland","ISO3166-2-lvl4":"NO-46","postcode":"5704","country":"Norge","country_code":"no"},"population":7200,"osm_type":"node","osm_id":32950991,"type":"town","location":[6.4147445,60.6286944],"bbox":[6.3747445,60.5886944,6.4547445,60.6686944],"border":{"name":"Voss","other_names":{"ref":"4621","official_name":"Voss herad"},"display_name":"Voss, Vestland, Norge","address":{"municipality":"Voss","county":"Vestland","ISO3166-2-lvl4":"NO-46","country":"Norge","country_code":"no"},"population":16436,"osm_type":"relation","osm_id":10150615,"type":"administrative","location":[6.407905054203272,60.6837067],"bbox":[5.842746,60.414507,6.985868,60.9595517]}}
