{"display_name":"Chuuk, Micronesia","address":{"state":"Chuuk","ISO3166-2-lvl4":"FM-TRK","country":"Micronesia","country_code":"fm"},"osm_type":"way","osm_id":328671726,"type":"village","location":[151.70921541470588,7.391523299999999],"bbox":[151.7063677,7.389299,151.7102729,7.3939289]}
{"name":"Danipei","display_name":"Danipei, Sokehs, Eir kousapw, Pohnpei, 96941, Micronesia","address":{"village":"Danipei","city":"Sokehs","district":"Eir kousapw","state":"Pohnpei","ISO3166-2-lvl4":"FM-PNI","postcode":"96941","country":"Micronesia","country_code":"fm"},"osm_type":"node","osm_id":3229068719,"type":"village","location":[158.1931098,6.9788067],"bbox":[158.1731098,6.9588067,158.2131098,6.9988067]}
{"name":"Etal","display_name":"Etal, Ettal, Chuuk, Micronesia","address":{"village":"Etal","city":"Ettal","state":"Chuuk","ISO3166-2-lvl4":"FM-TRK","country":"Micronesia","country_code":"fm"},"osm_type":"node","osm_id":11990349603,"type":"village","location":[153.5802519,5.5651381],"bbox":[153.5602519,5.5451381,153.6002519,5.5851381]}
{"name":"Iras","display_name":"Iras, Weno, Chuuk, 96942, Micronesia","address":{"village":"Iras","town":"Weno","state":"Chuuk","ISO3166-2-lvl4":"FM-TRK","postcode":"96942","country":"Micronesia","country_code":"fm"},"osm_type":"node","osm_id":3485761004,"type":"village","location":[151.8432683,7.4547246],"bbox":[151.8232683,7.4347246,151.8632683,7.4747246]}
{"name":"Kamwele","display_name":"Kamwele, Sokehs, Peidie Kousapw, Pohnpei, 96941, Micronesia","address":{"village":"Kamwele","city":"Sokehs","district":"Peidie Kousapw","state":"Pohnpei","ISO3166-2-lvl4":"FM-PNI","postcode":"96941","country":"Micronesia","country_code":"fm"},"osm_type":"node","osm_id":3229068725,"type":"village","location":[158.195792,6.9594215],"bbox":[158.175792,6.9394215,158.215792,6.9794215]}
{"name":"Kanif","display_name":"Kanif, Dalipeebinaew, Yap, 96943, Micronesia","address":{"village":"Kanif","city":"Dalipeebinaew","state":"Yap","ISO3166-2-lvl4":"FM-YAP","postcode":"96943","country":"Micronesia","country_code":"fm"},"osm_type":"node","osm_id":3239603680,"type":"village","location":[138.0856321,9.5273535],"bbox":[138.0656321,9.5073535,138.1056321,9.5473535]}
{"name":"Lelu","display_name":"Lelu, Kosrae, Micronesia","address":{"village":"Lelu","state":"Kosrae","ISO3166-2-lvl4":"FM-KSA","country":"Micronesia","country_code":"fm"},"osm_type":"node","osm_id":1685384153,"type":"village","location":[163.0241705,5.3324023],"bbox":[163.0041705,5.3124023,163.0441705,5.3524023],"border":{"name":"Lelu","display_name":"Lelu, Kosrae, 96944, Micronesia","address":{"village":"Lelu","state":"Kosrae","ISO3166-2-lvl4":"FM-KSA","postcode":"96944","country":"Micronesia","country_code":"fm"},"osm_type":"relation","osm_id":3819490,"type":"administrative","location":[163.0241705,5.3324023],"bbox":[162.9848399,5.2949806,163.2374639,5.5612833]}}
{"name":"Maakiy","display_name":"Maakiy, Gagil, Yap, Micronesia","address":{"village":"Maakiy","city":"Gagil","state":"Yap","ISO3166-2-lvl4":"FM-YAP","country":"Micronesia","country_code":"fm"},"osm_type":"node","osm_id":3239603681,"type":"village","location":[138.1658078,9.5589756],"bbox":[138.1458078,9.5389756,138.1858078,9.5789756]}
{"name":"Magachgil","display_name":"Magachgil, Ruul, Yap, Micronesia","address":{"village":"Magachgil","city":"Ruul","state":"Yap","ISO3166-2-lvl4":"FM-YAP","country":"Micronesia","country_code":"fm"},"osm_type":"node","osm_id":325698605,"type":"village","location":[138.0639761,9.458312],"bbox":[138.0439761,9.438312,138.0839761,9.478312]}
{"name":"Malem","display_name":"Malem, Kosrae, Micronesia","address":{"village":"Malem","state":"Kosrae","ISO3166-2-lvl4":"FM-KSA","country":"Micronesia","country_code":"fm"},"osm_type":"node","osm_id":1685384154,"type":"village","location":[163.0255073,5.2876367],"bbox":[163.0055073,5.2676367,163.0455073,5.3076367],"border":{"name":"Malem","display_name":"Malem, Kosrae, Micronesia","address":{"village":"Malem","state":"Kosrae","ISO3166-2-lvl4":"FM-KSA","country":"Micronesia","country_code":"fm"},"osm_type":"relation","osm_id":3819491,"type":"administrative","location":[163.0255073,5.2876367],"bbox":[162.9430306,5.0573528,163.2364694,5.3117377]}}
{"name":"Mechitiw","display_name":"Mechitiw, Weno, Chuuk, 96942, Micronesia","address":{"village":"Mechitiw","town":"Weno","state":"Chuuk","ISO3166-2-lvl4":"FM-TRK","postcode":"96942","country":"Micronesia","country_code":"fm"},"osm_type":"node","osm_id":3485761005,"type":"village","location":[151.8572249,7.4631783],"bbox":[151.8372249,7.4431783,151.8772249,7.4831783]}
{"name":"Mwalok","display_name":"Mwalok, Sokehs, Sapwohn Kousapw, Pohnpei, 96941, Micronesia","address":{"village":"Mwalok","city":"Sokehs","district":"Sapwohn Kousapw","state":"Pohnpei","ISO3166-2-lvl4":"FM-PNI","postcode":"96941","country":"Micronesia","country_code":"fm"},"osm_type":"node","osm_id":3229068650,"type":"village","location":[158.1965278,6.9685581],"bbox":[158.1765278,6.9485581,158.2165278,6.9885581]}
{"name":"Mwan","display_name":"Mwan, Weno, Chuuk, 96942, Micronesia","address":{"village":"Mwan","town":"Weno","state":"Chuuk","ISO3166-2-lvl4":"FM-TRK","postcode":"96942","country":"Micronesia","country_code":"fm"},"osm_type":"node","osm_id":3485761006,"type":"village","location":[151.8385377,7.435304],"bbox":[151.8185377,7.415304,151.8585377,7.455304]}
{"name":"Naneir","display_name":"Naneir, Sokehs, Eir kousapw, Pohnpei, 96941, Micronesia","address":{"village":"Naneir","city":"Sokehs","district":"Eir kousapw","state":"Pohnpei","ISO3166-2-lvl4":"FM-PNI","postcode":"96941","country":"Micronesia","country_code":"fm"},"osm_type":"node","osm_id":3229068651,"type":"village","location":[158.1961958,6.9737981],"bbox":[158.1761958,6.9537981,158.2161958,6.9937981]}
{"name":"Neiwe","display_name":"Neiwe, Weno, Chuuk, 96942, Micronesia","address":{"village":"Neiwe","town":"Weno","state":"Chuuk","ISO3166-2-lvl4":"FM-TRK","postcode":"96942","country":"Micronesia","country_code":"fm"},"osm_type":"node","osm_id":8000096959,"type":"village","location":[151.845547,7.4147359],"bbox":[151.825547,7.3947359,151.865547,7.4347359]}
{"name":"Nepukos","display_name":"Nepukos, Weno, Chuuk, 96942, Micronesia","address":{"village":"Nepukos","town":"Weno","state":"Chuuk","ISO3166-2-lvl4":"FM-TRK","postcode":"96942","country":"Micronesia","country_code":"fm"},"osm_type":"node","osm_id":3485761007,"type":"village","location":[151.8423935,7.4433405],"bbox":[151.8223935,7.4233405,151.8623935,7.4633405]}
{"name":"Ngoof","display_name":"Ngoof, Ruul, Yap, Micronesia","address":{"village":"Ngoof","city":"Ruul","state":"Yap","ISO3166-2-lvl4":"FM-YAP","country":"Micronesia","country_code":"fm"},"osm_type":"node","osm_id":3239603682,"type":"village","location":[138.0704734,9.4773986],"bbox":[138.0504734,9.4573986,138.0904734,9.4973986]}
{"name":"Nukaf","display_name":"Nukaf, Paata, Chuuk, Micronesia","address":{"village":"Nukaf","state":"Chuuk","ISO3166-2-lvl4":"FM-TRK","country":"Micronesia","country_code":"fm"},"osm_type":"node","osm_id":10584663434,"type":"village","location":[151.5777322,7.3786223],"bbox":[151.5577322,7.3586223,151.5977322,7.3986223]}
{"name":"Oneop","display_name":"Oneop, Chuuk, Micronesia","address":{"village":"Oneop","state":"Chuuk","ISO3166-2-lvl4":"FM-TRK","country":"Micronesia","country_code":"fm"},"osm_type":"node","osm_id":11990349604,"type":"village","location":[153.7127638,5.5061378],"bbox":[153.6927638,5.4861378,153.7327638,5.5261378],"border":{"name":"Oneop","display_name":"Oneop, Chuuk, Micronesia","address":{"village":"Oneop","state":"Chuuk","ISO3166-2-lvl4":"FM-TRK","country":"Micronesia","country_code":"fm"},"osm_type":"relation","osm_id":3823284,"type":"administrative","location":[153.7127638,5.5061378],"bbox":[153.7077236,5.5018797,153.7161465,5.5150323]}}
{"name":"Paata","display_name":"Paata, Chuuk, Micronesia","address":{"village":"Paata","state":"Chuuk","ISO3166-2-lvl4":"FM-TRK","country":"Micronesia","country_code":"fm"},"osm_type":"node","osm_id":10584663433,"type":"village","location":[151.5853915,7.3830402],"bbox":[151.5653915,7.3630402,151.6053915,7.4030402],"border":{"name":"Paata","display_name":"Paata, Chuuk, Micronesia","address":{"village":"Paata","state":"Chuuk","ISO3166-2-lvl4":"FM-TRK","country":"Micronesia","country_code":"fm"},"osm_type":"relation","osm_id":3823286,"type":"administrative","location":[151.5853915,7.3830402],"bbox":[151.5697743,7.3634433,151.6002204,7.3855291]}}
{"name":"Penia","display_name":"Penia, Weno, Chuuk, 96942, Micronesia","address":{"village":"Penia","town":"Weno","state":"Chuuk","ISO3166-2-lvl4":"FM-TRK","postcode":"96942","country":"Micronesia","country_code":"fm"},"osm_type":"node","osm_id":3485761008,"type":"village","location":[151.8783141,7.4532816],"bbox":[151.8583141,7.4332816,151.8983141,7.4732816]}
{"name":"Peniesele","display_name":"Peniesele, Weno, Chuuk, 96942, Micronesia","address":{"village":"Peniesele","town":"Weno","state":"Chuuk","ISO3166-2-lvl4":"FM-TRK","postcode":"96942","country":"Micronesia","country_code":"fm"},"osm_type":"node","osm_id":3485761009,"type":"village","location":[151.8728582,7.4555224],"bbox":[151.8528582,7.4355224,151.8928582,7.4755224]}
{"name":"Pulusuk","display_name":"Pulusuk, Chuuk, Micronesia","address":{"village":"Pulusuk","city":"Pulusuk","state":"Chuuk","ISO3166-2-lvl4":"FM-TRK","country":"Micronesia","country_code":"fm"},"population":451,"osm_type":"way","osm_id":329756186,"type":"village","location":[149.29898882096148,6.68925505],"bbox":[149.2972449,6.6865558,149.3010807,6.6919211],"border":{"name":"Pulusuk","display_name":"Pulusuk, Chuuk, Micronesia","address":{"city":"Pulusuk","state":"Chuuk","ISO3166-2-lvl4":"FM-TRK","country":"Micronesia","country_code":"fm"},"osm_type":"relation","osm_id":3823291,"type":"administrative","location":[149.30161611291317,6.68684945],"bbox":[149.2959588,6.6729917,149.3079786,6.701596]}}
{"name":"Pwel Weita","display_name":"Pwel Weita, Kitti, Peidie Kousapw, Pohnpei, Micronesia","address":{"village":"Pwel Weita","city":"Kitti","district":"Peidie Kousapw","state":"Pohnpei","ISO3166-2-lvl4":"FM-PNI","country":"Micronesia","country_code":"fm"},"osm_type":"node","osm_id":11982839816,"type":"village","location":[158.1605798,6.8761457],"bbox":[158.1405798,6.8561457,158.1805798,6.8961457]}
{"name":"Sapuk","display_name":"Sapuk, Weno, Chuuk, 96942, Micronesia","address":{"village":"Sapuk","town":"Weno","state":"Chuuk","ISO3166-2-lvl4":"FM-TRK","postcode":"96942","country":"Micronesia","country_code":"fm"},"osm_type":"node","osm_id":3485761010,"type":"village","location":[151.8920973,7.4474247],"bbox":[151.8720973,7.4274247,151.9120973,7.4674247]}
{"name":"Satawan","display_name":"Satawan, Chuuk, Micronesia","address":{"village":"Satawan","state":"Chuuk","ISO3166-2-lvl4":"FM-TRK","country":"Micronesia","country_code":"fm"},"osm_type":"node","osm_id":11987948777,"type":"village","location":[153.7347364,5.3281296],"bbox":[153.7147364,5.3081296,153.7547364,5.3481296],"border":{"name":"Satawan","display_name":"Satawan, Chuuk, Micronesia","address":{"village":"Satawan","state":"Chuuk","ISO3166-2-lvl4":"FM-TRK","country":"Micronesia","country_code":"fm"},"osm_type":"relation","osm_id":3823294,"type":"administrative","location":[153.7347364,5.3281296],"bbox":[153.499493,5.3196867,153.7397817,5.497434]}}
{"name":"Ta","display_name":"Ta, Chuuk, Micronesia","address":{"village":"Ta","state":"Chuuk","ISO3166-2-lvl4":"FM-TRK","country":"Micronesia","country_code":"fm"},"osm_type":"node","osm_id":3474908825,"type":"village","location":[153.6577141,5.2868235],"bbox":[153.6377141,5.2668235,153.6777141,5.3068235],"border":{"name":"Ta","display_name":"Ta, Chuuk, Micronesia","address":{"village":"Ta","state":"Chuuk","ISO3166-2-lvl4":"FM-TRK","country":"Micronesia","country_code":"fm"},"osm_type":"relation","osm_id":3823295,"type":"administrative","location":[153.6577141,5.2868235],"bbox":[153.6451249,5.2829533,153.7159516,5.3203011]}}
{"name":"Tafunsak","display_name":"Tafunsak, Kosrae, Micronesia","address":{"village":"Tafunsak","state":"Kosrae","ISO3166-2-lvl4":"FM-KSA","country":"Micronesia","country_code":"fm"},"osm_type":"node","osm_id":1685384599,"type":"village","location":[162.9879221,5.3674221],"bbox":[162.9679221,5.3474221,163.0079221,5.3874221],"border":{"name":"Tafunsak","display_name":"Tafunsak, Kosrae, Micronesia","address":{"village":"Tafunsak","state":"Kosrae","ISO3166-2-lvl4":"FM-KSA","country":"Micronesia","country_code":"fm"},"osm_type":"relation","osm_id":3819492,"type":"administrative","location":[162.9879221,5.3674221],"bbox":[162.6972028,5.2719083,163.0910333,5.5759528]}}
{"name":"Tofol","display_name":"Tofol, Lelu, Kosrae, 96944, Micronesia","address":{"village":"Tofol","state":"Kosrae","ISO3166-2-lvl4":"FM-KSA","postcode":"96944","country":"Micronesia","country_code":"fm"},"osm_type":"node","osm_id":1685389033,"type":"village","location":[163.0087193,5.326022],"bbox":[162.9887193,5.306022,163.0287193,5.346022]}
{"display_name":"Tol, Chuuk, Micronesia","address":{"city":"Tol","state":"Chuuk","ISO3166-2-lvl4":"FM-TRK","country":"Micronesia","country_code":"fm"},"osm_type":"node","osm_id":2877447943,"type":"village","location":[151.61679,7.3223118],"bbox":[151.59679,7.3023118,151.63679,7.3423118]}
{"name":"Tunuk","display_name":"Tunuk, Weno, Chuuk, 96942, Micronesia","address":{"village":"Tunuk","town":"Weno","state":"Chuuk","ISO3166-2-lvl4":"FM-TRK","postcode":"96942","country":"Micronesia","country_code":"fm"},"osm_type":"node","osm_id":3485761011,"type":"village","location":[151.8647005,7.4581072],"bbox":[151.8447005,7.4381072,151.8847005,7.4781072]}
{"display_name":"Udot, Chuuk, Micronesia","address":{"city":"Udot","state":"Chuuk","ISO3166-2-lvl4":"FM-TRK","country":"Micronesia","country_code":"fm"},"osm_type":"way","osm_id":328669649,"type":"village","location":[151.72542689804231,7.37299975],"bbox":[151.7240622,7.3716451,151.7269796,7.3745359]}
{"name":"Utwe","display_name":"Utwe, Kosrae, Micronesia","address":{"village":"Utwe","state":"Kosrae","ISO3166-2-lvl4":"FM-KSA","country":"Micronesia","country_code":"fm"},"osm_type":"node","osm_id":1685384598,"type":"village","location":[162.9771095,5.2747312],"bbox":[162.9571095,5.2547312,162.9971095,5.2947312],"border":{"name":"Utwe","display_name":"Utwe, Kosrae, Micronesia","address":{"village":"Utwe","state":"Kosrae","ISO3166-2-lvl4":"FM-KSA","country":"Micronesia","country_code":"fm"},"osm_type":"relation","osm_id":3819493,"type":"administrative","location":[162.9771095,5.2747312],"bbox":[162.6992333,5.0645194,163.0043238,5.3162992]}}
{"name":"Wichap","display_name":"Wichap, Weno, Chuuk, 96942, Micronesia","address":{"village":"Wichap","town":"Weno","state":"Chuuk","ISO3166-2-lvl4":"FM-TRK","postcode":"96942","country":"Micronesia","country_code":"fm"},"osm_type":"node","osm_id":3485761012,"type":"village","location":[151.8582764,7.4250626],"bbox":[151.8382764,7.4050626,151.8782764,7.4450626]}
{"name":"Wone","display_name":"Wone, Kitti, Pohnpei, Micronesia","address":{"village":"Wone","city":"Kitti","state":"Pohnpei","ISO3166-2-lvl4":"FM-PNI","country":"Micronesia","country_code":"fm"},"osm_type":"node","osm_id":11983507951,"type":"village","location":[158.2393402,6.8144126],"bbox":[158.2193402,6.7944126,158.2593402,6.8344126]}
