{"name":"Alaska","other_names":{"name:ta":"அலாஸ்கா"},"display_name":"Alaska, Makonde, Mashonaland West, Zimbabwe","address":{"town":"Alaska","county":"Makonde","state":"Mashonaland West","ISO3166-2-lvl4":"ZW-MW","country":"Zimbabwe","country_code":"zw"},"osm_type":"node","osm_id":2039553399,"type":"town","location":[30.0769991,-17.3760753],"bbox":[30.0369991,-17.4160753,30.1169991,-17.3360753]}
{"name":"Arcturus","display_name":"Arcturus, Goromonzi, Mashonaland East, Zimbabwe","address":{"town":"Arcturus","county":"Goromonzi","state":"Mashonaland East","ISO3166-2-lvl4":"ZW-ME","country":"Zimbabwe","country_code":"zw"},"osm_type":"node","osm_id":4226449007,"type":"town","location":[31.3161525,-17.7830752],"bbox":[31.2761525,-17.8230752,31.3561525,-17.7430752]}
{"name":"Arda Transau","display_name":"Arda Transau, Mutare, Manicaland, Zimbabwe","address":{"town":"Arda Transau","county":"Mutare","state":"Manicaland","ISO3166-2-lvl4":"ZW-MA","country":"Zimbabwe","country_code":"zw"},"osm_type":"node","osm_id":6530453281,"type":"town","location":[32.4264837,-18.9929295],"bbox":[32.3864837,-19.0329295,32.4664837,-18.9529295]}
{"name":"Banket","display_name":"Banket, Zvimba, Mashonaland West, Zimbabwe","address":{"town":"Banket","county":"Zvimba","state":"Mashonaland West","ISO3166-2-lvl4":"ZW-MW","country":"Zimbabwe","country_code":"zw"},"population":9641,"osm_type":"node","osm_id":5230787576,"type":"town","location":[30.392518,-17.3873576],"bbox":[30.352518,-17.4273576,30.432518,-17.3473576]}
{"name":"Beitbridge","display_name":"Beitbridge, Municipality of Beitbridge, Beitbridge, Matabeleland South, Zimbabwe","address":{"town":"Beitbridge","city":"Municipality of Beitbridge","county":"Beitbridge","state":"Matabeleland South","ISO3166-2-lvl4":"ZW-MS","country":"Zimbabwe","country_code":"zw"},"population":41767,"osm_type":"node","osm_id":2144877644,"type":"town","location":[29.9917535,-22.1986233],"bbox":[29.9517535,-22.2386233,30.0317535,-22.1586233],"border":{"name":"Beitbridge","display_name":"Beitbridge, Matabeleland South, Zimbabwe","address":{"county":"Beitbridge","state":"Matabeleland South","ISO3166-2-lvl4":"ZW-MS","country":"Zimbabwe","country_code":"zw"},"osm_type":"relation","osm_id":7858601,"type":"administrative","location":[29.941535266110186,-21.812971349999998],"bbox":[29.040251,-22.3563401,31.1213,-21.2696724]}}
{"name":"Bindura","display_name":"Bindura, Mashonaland Central, Zimbabwe","address":{"town":"Bindura","county":"Bindura","state":"Mashonaland Central","ISO3166-2-lvl4":"ZW-MC","country":"Zimbabwe","country_code":"zw"},"population":40233,"osm_type":"node","osm_id":307152707,"type":"town","location":[31.3299701,-17.2989727],"bbox":[31.2899701,-17.3389727,31.3699701,-17.2589727],"border":{"name":"Bindura","display_name":"Bindura, Mashonaland Central, Zimbabwe","address":{"county":"Bindura","state":"Mashonaland Central","ISO3166-2-lvl4":"ZW-MC","country":"Zimbabwe","country_code":"zw"},"osm_type":"relation","osm_id":5596168,"type":"administrative","location":[31.299578189883434,-17.2425182],"bbox":[31.1145243,-17.6535315,31.5171237,-16.8318059]}}
{"name":"Binga","display_name":"Binga, Matabeleland North, Zimbabwe","address":{"town":"Binga","county":"Binga","state":"Matabeleland North","ISO3166-2-lvl4":"ZW-MN","country":"Zimbabwe","country_code":"zw"},"osm_type":"node","osm_id":296424664,"type":"town","location":[27.3425776,-17.6218333],"bbox":[27.3025776,-17.6618333,27.3825776,-17.5818333],"border":{"name":"Binga","display_name":"Binga, Matabeleland North, Zimbabwe","address":{"county":"Binga","state":"Matabeleland North","ISO3166-2-lvl4":"ZW-MN","country":"Zimbabwe","country_code":"zw"},"osm_type":"relation","osm_id":7878255,"type":"administrative","location":[27.705971369717613,-17.68712825],"bbox":[26.8522426,-18.5077058,28.2563223,-16.8660446]}}
{"name":"Birchenough Bridge","display_name":"Birchenough Bridge, Buhera, Manicaland, Zimbabwe","address":{"town":"Birchenough Bridge","county":"Buhera","state":"Manicaland","ISO3166-2-lvl4":"ZW-MA","country":"Zimbabwe","country_code":"zw"},"osm_type":"node","osm_id":2690896474,"type":"town","location":[32.3412644,-19.9621798],"bbox":[32.3012644,-20.0021798,32.3812644,-19.9221798]}
{"name":"Buhera","display_name":"Buhera, Manicaland, Zimbabwe","address":{"town":"Buhera","county":"Buhera","state":"Manicaland","ISO3166-2-lvl4":"ZW-MA","country":"Zimbabwe","country_code":"zw"},"osm_type":"node","osm_id":3088963878,"type":"town","location":[31.436503,-19.3232387],"bbox":[31.396503,-19.3632387,31.476503,-19.2832387],"border":{"name":"Buhera","display_name":"Buhera, Manicaland, Zimbabwe","address":{"county":"Buhera","state":"Manicaland","ISO3166-2-lvl4":"ZW-MA","country":"Zimbabwe","country_code":"zw"},"osm_type":"relation","osm_id":4056296,"type":"administrative","location":[31.936242963008894,-19.5081238],"bbox":[31.1873309,-20.0022631,32.3978018,-19.0136702]}}
{"name":"Centenary","display_name":"Centenary, Muzarabani, Mashonaland Central, Zimbabwe","address":{"town":"Centenary","county":"Muzarabani","state":"Mashonaland Central","ISO3166-2-lvl4":"ZW-MC","country":"Zimbabwe","country_code":"zw"},"osm_type":"node","osm_id":3049269846,"type":"town","location":[31.12109,-16.730544],"bbox":[31.08109,-16.770544,31.16109,-16.690544]}
{"name":"Chakari","display_name":"Chakari, Kadoma, Mashonaland West, Zimbabwe","address":{"town":"Chakari","county":"Kadoma","state":"Mashonaland West","ISO3166-2-lvl4":"ZW-MW","country":"Zimbabwe","country_code":"zw"},"osm_type":"node","osm_id":2029212820,"type":"town","location":[29.8442369,-18.0810719],"bbox":[29.8042369,-18.1210719,29.8842369,-18.0410719]}
{"name":"Checheche","display_name":"Checheche, Chipinge, Manicaland, Zimbabwe","address":{"town":"Checheche","county":"Chipinge","state":"Manicaland","ISO3166-2-lvl4":"ZW-MA","country":"Zimbabwe","country_code":"zw"},"osm_type":"node","osm_id":2782974709,"type":"town","location":[32.2271979,-20.7635571],"bbox":[32.1871979,-20.8035571,32.2671979,-20.7235571]}
{"name":"Chegutu","other_names":{"old_name":"Hartley"},"display_name":"Chegutu, Mashonaland West, Zimbabwe","address":{"town":"Chegutu","county":"Chegutu","state":"Mashonaland West","ISO3166-2-lvl4":"ZW-MW","country":"Zimbabwe","country_code":"zw"},"population":42959,"osm_type":"node","osm_id":295148550,"type":"town","location":[30.146014,-18.130479],"bbox":[30.106014,-18.170479,30.186014,-18.090479],"border":{"name":"Chegutu","display_name":"Chegutu, Mashonaland West, Zimbabwe","address":{"county":"Chegutu","state":"Mashonaland West","ISO3166-2-lvl4":"ZW-MW","country":"Zimbabwe","country_code":"zw"},"osm_type":"relation","osm_id":7857099,"type":"administrative","location":[30.3975599852373,-18.18676545],"bbox":[29.8917711,-18.5584123,30.8273489,-17.8165429]}}
{"name":"Chimanimani","other_names":{"int_name":"Chimanimani","old_name":"Melsetter"},"display_name":"Chimanimani, Manicaland, Zimbabwe","address":{"town":"Chimanimani","state":"Manicaland","ISO3166-2-lvl4":"ZW-MA","country":"Zimbabwe","country_code":"zw"},"population":2752,"osm_type":"node","osm_id":1363423672,"type":"town","location":[32.870727,-19.804133],"bbox":[32.830727,-19.844133,32.910727,-19.764133],"border":{"name":"Chimanimani","other_names":{"int_name":"Chimanimani","old_name":"Melsetter"},"display_name":"Chimanimani, Manicaland, Zimbabwe","address":{"town":"Chimanimani","state":"Manicaland","ISO3166-2-lvl4":"ZW-MA","country":"Zimbabwe","country_code":"zw"},"population":2752,"osm_type":"relation","osm_id":4056297,"type":"administrative","location":[32.870727,-19.804133],"bbox":[32.346105,-20.113694,33.0625558,-19.3749565]}}
{"name":"Chinhoyi","other_names":{"name:ar":"تشينهوي","name:ru":"Чинхойи"},"display_name":"Chinhoyi, Makonde, Mashonaland West, Zimbabwe","address":{"town":"Chinhoyi","county":"Makonde","state":"Mashonaland West","ISO3166-2-lvl4":"ZW-MW","country":"Zimbabwe","country_code":"zw"},"population":56794,"osm_type":"node","osm_id":3028263335,"type":"town","location":[30.1929353,-17.3615308],"bbox":[30.1529353,-17.4015308,30.2329353,-17.3215308]}
{"name":"Chipinge","display_name":"Chipinge, Manicaland, Zimbabwe","address":{"town":"Chipinge","county":"Chipinge","state":"Manicaland","ISO3166-2-lvl4":"ZW-MA","country":"Zimbabwe","country_code":"zw"},"population":17458,"osm_type":"node","osm_id":305463169,"type":"town","location":[32.619425,-20.188929],"bbox":[32.579425,-20.228929,32.659425,-20.148929],"border":{"name":"Chipinge","display_name":"Chipinge, Manicaland, Zimbabwe","address":{"county":"Chipinge","state":"Manicaland","ISO3166-2-lvl4":"ZW-MA","country":"Zimbabwe","country_code":"zw"},"osm_type":"relation","osm_id":4056298,"type":"administrative","location":[32.378684744963536,-20.6177688],"bbox":[32.1363889,-21.3285748,32.8755439,-19.907069]}}
{"name":"Chiredzi","display_name":"Chiredzi, Masvingo, Zimbabwe","address":{"town":"Chiredzi","county":"Chiredzi","state":"Masvingo","ISO3166-2-lvl4":"ZW-MV","country":"Zimbabwe","country_code":"zw"},"population":26129,"osm_type":"node","osm_id":1243605851,"type":"town","location":[31.6688771,-21.0452949],"bbox":[31.6288771,-21.0852949,31.7088771,-21.0052949],"border":{"name":"Chiredzi","display_name":"Chiredzi, Masvingo, Zimbabwe","address":{"county":"Chiredzi","state":"Masvingo","ISO3166-2-lvl4":"ZW-MV","country":"Zimbabwe","country_code":"zw"},"osm_type":"relation","osm_id":5556615,"type":"administrative","location":[31.823342147275007,-21.416457700000002],"bbox":[30.9432332,-22.4241096,32.4056014,-20.3982226]}}
{"name":"Chireya","display_name":"Chireya, Gokwe North, Midlands, Zimbabwe","address":{"town":"Chireya","county":"Gokwe North","state":"Midlands","ISO3166-2-lvl4":"ZW-MI","country":"Zimbabwe","country_code":"zw"},"osm_type":"node","osm_id":4947569880,"type":"town","location":[28.6032486,-17.5492655],"bbox":[28.5632486,-17.5892655,28.6432486,-17.5092655]}
{"name":"Chivhu","display_name":"Chivhu, Chikomba, Mashonaland East, Zimbabwe","address":{"town":"Chivhu","county":"Chikomba","state":"Mashonaland East","ISO3166-2-lvl4":"ZW-ME","country":"Zimbabwe","country_code":"zw"},"osm_type":"node","osm_id":305575296,"type":"town","location":[30.8969497,-19.0187032],"bbox":[30.8569497,-19.0587032,30.9369497,-18.9787032]}
{"name":"Chivi","display_name":"Chivi, Masvingo, Zimbabwe","address":{"town":"Chivi","county":"Chivi","state":"Masvingo","ISO3166-2-lvl4":"ZW-MV","country":"Zimbabwe","country_code":"zw"},"osm_type":"node","osm_id":305478461,"type":"town","location":[30.5022135,-20.3109568],"bbox":[30.4622135,-20.3509568,30.5422135,-20.2709568],"border":{"name":"Chivi","display_name":"Chivi, Masvingo, Zimbabwe","address":{"county":"Chivi","state":"Masvingo","ISO3166-2-lvl4":"ZW-MV","country":"Zimbabwe","country_code":"zw"},"osm_type":"relation","osm_id":5556616,"type":"administrative","location":[30.569942478272093,-20.5051393],"bbox":[30.1478502,-20.9970177,31.0436786,-20.0129897]}}
{"name":"Concession","display_name":"Concession, Mazowe, Mashonaland Central, Zimbabwe","address":{"town":"Concession","village":"Mazowe","state":"Mashonaland Central","ISO3166-2-lvl4":"ZW-MC","country":"Zimbabwe","country_code":"zw"},"osm_type":"node","osm_id":3739512817,"type":"town","location":[30.9528236,-17.3726721],"bbox":[30.9128236,-17.4126721,30.9928236,-17.3326721]}
{"name":"Dema","display_name":"Dema, Seke, Mashonaland East, Zimbabwe","address":{"town":"Dema","county":"Seke","state":"Mashonaland East","ISO3166-2-lvl4":"ZW-ME","country":"Zimbabwe","country_code":"zw"},"osm_type":"node","osm_id":8676222047,"type":"town","location":[31.2138426,-18.0767041],"bbox":[31.1738426,-18.1167041,31.2538426,-18.0367041]}
{"name":"Dete","display_name":"Dete, Hwange, Matabeleland North, Zimbabwe","address":{"town":"Dete","county":"Hwange","state":"Matabeleland North","ISO3166-2-lvl4":"ZW-MN","country":"Zimbabwe","country_code":"zw"},"osm_type":"node","osm_id":253381658,"type":"town","location":[26.86125,-18.616589],"bbox":[26.82125,-18.656589,26.90125,-18.576589]}
{"name":"Eiffel Flats","display_name":"Eiffel Flats, Kadoma, Mashonaland West, Zimbabwe","address":{"town":"Eiffel Flats","county":"Kadoma","state":"Mashonaland West","ISO3166-2-lvl4":"ZW-MW","country":"Zimbabwe","country_code":"zw"},"osm_type":"node","osm_id":4437853734,"type":"town","location":[29.978664,-18.310752],"bbox":[29.938664,-18.350752,30.018664,-18.270752]}
{"name":"Empress Mine","display_name":"Empress Mine, Kwekwe, Midlands, Zimbabwe","address":{"town":"Empress Mine","county":"Kwekwe","state":"Midlands","ISO3166-2-lvl4":"ZW-MI","country":"Zimbabwe","country_code":"zw"},"osm_type":"node","osm_id":6049592391,"type":"town","location":[29.4321584,-18.4603557],"bbox":[29.3921584,-18.5003557,29.4721584,-18.4203557]}
{"name":"Epworth","display_name":"Epworth, Harare, Harare Province, Zimbabwe","address":{"town":"Epworth","county":"Harare","state":"Harare Province","ISO3166-2-lvl4":"ZW-HA","country":"Zimbabwe","country_code":"zw"},"population":152116,"osm_type":"node","osm_id":2617611732,"type":"town","location":[31.156797,-17.8877361],"bbox":[31.116797,-17.9277361,31.196797,-17.8477361],"border":{"name":"Epworth","display_name":"Epworth, Harare, Harare Province, Zimbabwe","address":{"town":"Epworth","county":"Harare","state":"Harare Province","ISO3166-2-lvl4":"ZW-HA","country":"Zimbabwe","country_code":"zw"},"population":152116,"osm_type":"relation","osm_id":5130399,"type":"administrative","location":[31.156797,-17.8877361],"bbox":[31.118021,-17.928904,31.1861306,-17.8668347]}}
{"name":"Filabusi","display_name":"Filabusi, Insiza, Matabeleland South, Zimbabwe","address":{"town":"Filabusi","county":"Insiza","state":"Matabeleland South","ISO3166-2-lvl4":"ZW-MS","country":"Zimbabwe","country_code":"zw"},"osm_type":"node","osm_id":4011613743,"type":"town","location":[29.284797,-20.535687],"bbox":[29.244797,-20.575687,29.324797,-20.495687]}
{"name":"Glendale","display_name":"Glendale, Mazowe, Mashonaland Central, Zimbabwe","address":{"town":"Glendale","village":"Mazowe","state":"Mashonaland Central","ISO3166-2-lvl4":"ZW-MC","country":"Zimbabwe","country_code":"zw"},"osm_type":"node","osm_id":307524303,"type":"town","location":[31.0645924,-17.3599818],"bbox":[31.0245924,-17.3999818,31.1045924,-17.3199818]}
{"name":"Gokwe","display_name":"Gokwe, Gokwe South, Midlands, Zimbabwe","address":{"town":"Gokwe","county":"Gokwe South","state":"Midlands","ISO3166-2-lvl4":"ZW-MI","country":"Zimbabwe","country_code":"zw"},"population":17633,"osm_type":"node","osm_id":253286428,"type":"town","location":[28.953933,-18.224982],"bbox":[28.913933,-18.264982,28.993933,-18.184982]}
{"name":"Golden Valley","display_name":"Golden Valley, Kadoma, Mashonaland West, Zimbabwe","address":{"town":"Golden Valley","county":"Kadoma","state":"Mashonaland West","ISO3166-2-lvl4":"ZW-MW","country":"Zimbabwe","country_code":"zw"},"osm_type":"node","osm_id":2029212822,"type":"town","location":[29.7958704,-18.2291438],"bbox":[29.7558704,-18.2691438,29.8358704,-18.1891438]}
{"name":"Goromonzi","display_name":"Goromonzi, Mashonaland East, Zimbabwe","address":{"town":"Goromonzi","county":"Goromonzi","state":"Mashonaland East","ISO3166-2-lvl4":"ZW-ME","country":"Zimbabwe","country_code":"zw"},"osm_type":"node","osm_id":4226449008,"type":"town","location":[31.376095,-17.855435],"bbox":[31.336095,-17.895435,31.416095,-17.815435],"border":{"name":"Goromonzi","display_name":"Goromonzi, Mashonaland East, Zimbabwe","address":{"county":"Goromonzi","state":"Mashonaland East","ISO3166-2-lvl4":"ZW-ME","country":"Zimbabwe","country_code":"zw"},"osm_type":"relation","osm_id":5581943,"type":"administrative","location":[31.372359230710636,-17.8182737],"bbox":[31.0878754,-18.1616788,31.6086817,-17.4748291]}}
{"name":"Guruve","display_name":"Guruve, Mashonaland Central, Zimbabwe","address":{"town":"Guruve","county":"Guruve","state":"Mashonaland Central","ISO3166-2-lvl4":"ZW-MC","country":"Zimbabwe","country_code":"zw"},"osm_type":"node","osm_id":5357610634,"type":"town","location":[30.7033968,-16.659361],"bbox":[30.6633968,-16.699361,30.7433968,-16.619361],"border":{"name":"Guruve","display_name":"Guruve, Mashonaland Central, Zimbabwe","address":{"county":"Guruve","state":"Mashonaland Central","ISO3166-2-lvl4":"ZW-MC","country":"Zimbabwe","country_code":"zw"},"osm_type":"relation","osm_id":5596170,"type":"administrative","location":[30.629042555778977,-16.34317765],"bbox":[30.0407351,-17.0652953,31.1462256,-15.6209204]}}
{"name":"Gutu","display_name":"Gutu, Masvingo, Zimbabwe","address":{"town":"Gutu","state":"Masvingo","ISO3166-2-lvl4":"ZW-MV","country":"Zimbabwe","country_code":"zw"},"osm_type":"node","osm_id":1238962193,"type":"town","location":[31.159458,-19.642423],"bbox":[31.119458,-19.682423,31.199458,-19.602423],"border":{"name":"Gutu","display_name":"Gutu, Masvingo, Zimbabwe","address":{"town":"Gutu","state":"Masvingo","ISO3166-2-lvl4":"ZW-MV","country":"Zimbabwe","country_code":"zw"},"osm_type":"relation","osm_id":5556618,"type":"administrative","location":[31.159458,-19.642423],"bbox":[30.6821589,-20.0351458,31.9723713,-19.1507562]}}
{"name":"Gwanda","other_names":{"name:ar":"جواندا","name:ru":"Гванда"},"display_name":"Gwanda, Matabeleland South, Zimbabwe","address":{"town":"Gwanda","county":"Gwanda","state":"Matabeleland South","ISO3166-2-lvl4":"ZW-MS","country":"Zimbabwe","country_code":"zw"},"population":14450,"osm_type":"node","osm_id":297522524,"type":"town","location":[29.0036855,-20.9414292],"bbox":[28.9636855,-20.9814292,29.0436855,-20.9014292],"border":{"name":"Gwanda","display_name":"Gwanda, Matabeleland South, Zimbabwe","address":{"county":"Gwanda","state":"Matabeleland South","ISO3166-2-lvl4":"ZW-MS","country":"Zimbabwe","country_code":"zw"},"osm_type":"relation","osm_id":7858599,"type":"administrative","location":[29.286798342526602,-21.289533],"bbox":[28.6269375,-22.003681,29.8945467,-20.5525941]}}
{"name":"Hauna","display_name":"Hauna, Mutasa, Manicaland, Zimbabwe","address":{"town":"Hauna","county":"Mutasa","state":"Manicaland","ISO3166-2-lvl4":"ZW-MA","country":"Zimbabwe","country_code":"zw"},"osm_type":"node","osm_id":4586982195,"type":"town","location":[32.8479148,-18.4939357],"bbox":[32.8079148,-18.5339357,32.8879148,-18.4539357]}
{"name":"Hwange","other_names":{"name:ml":"ഹ്വാംഗെ"},"display_name":"Hwange, Matabeleland North, Zimbabwe","address":{"town":"Hwange","county":"Hwange","state":"Matabeleland North","ISO3166-2-lvl4":"ZW-MN","country":"Zimbabwe","country_code":"zw"},"osm_type":"node","osm_id":11207765884,"type":"town","location":[26.5,-18.3647222],"bbox":[26.46,-18.4047222,26.54,-18.3247222],"border":{"name":"Hwange","other_names":{"name:ar":"هوانج","alt_name:ar":"هوانغي"},"display_name":"Hwange, Matabeleland North, Zimbabwe","address":{"county":"Hwange","state":"Matabeleland North","ISO3166-2-lvl4":"ZW-MN","country":"Zimbabwe","country_code":"zw"},"osm_type":"relation","osm_id":7878257,"type":"administrative","location":[26.731015365458344,-18.840662350000002],"bbox":[25.2373,-19.8894658,27.7569362,-17.7913651]}}
{"name":"Jerera","display_name":"Jerera, Zaka, Masvingo, Zimbabwe","address":{"town":"Jerera","village":"Zaka","state":"Masvingo","ISO3166-2-lvl4":"ZW-MV","country":"Zimbabwe","country_code":"zw"},"osm_type":"node","osm_id":2194192682,"type":"town","location":[31.4470522,-20.404996],"bbox":[31.4070522,-20.444996,31.4870522,-20.364996]}
{"name":"Juru","display_name":"Juru, Goromonzi, Mashonaland East, Zimbabwe","address":{"town":"Juru","county":"Goromonzi","state":"Mashonaland East","ISO3166-2-lvl4":"ZW-ME","country":"Zimbabwe","country_code":"zw"},"osm_type":"node","osm_id":3851414254,"type":"town","location":[31.4719323,-17.6787561],"bbox":[31.4319323,-17.7187561,31.5119323,-17.6387561]}
{"name":"Kariba","display_name":"Kariba, Mashonaland West, Zimbabwe","address":{"town":"Kariba","county":"Kariba","state":"Mashonaland West","ISO3166-2-lvl4":"ZW-MW","country":"Zimbabwe","country_code":"zw"},"population":24210,"osm_type":"node","osm_id":306639497,"type":"town","location":[28.7755479,-16.527274],"bbox":[28.7355479,-16.567274,28.8155479,-16.487274],"border":{"name":"Kariba","display_name":"Kariba, Mashonaland West, Zimbabwe","address":{"county":"Kariba","state":"Mashonaland West","ISO3166-2-lvl4":"ZW-MW","country":"Zimbabwe","country_code":"zw"},"osm_type":"relation","osm_id":7857104,"type":"administrative","location":[28.57694964980591,-16.89398185],"bbox":[28.031122,-17.4249941,29.2151248,-16.3678696]}}
{"name":"Karoi","display_name":"Karoi, Hurungwe, Mashonaland West, Zimbabwe","address":{"town":"Karoi","county":"Hurungwe","state":"Mashonaland West","ISO3166-2-lvl4":"ZW-MW","country":"Zimbabwe","country_code":"zw"},"population":22293,"osm_type":"node","osm_id":307615357,"type":"town","location":[29.6836936,-16.8190442],"bbox":[29.6436936,-16.8590442,29.7236936,-16.7790442]}
{"name":"Kotwa","display_name":"Kotwa, Mudzi, Mashonaland East, Zimbabwe","address":{"town":"Kotwa","county":"Mudzi","state":"Mashonaland East","ISO3166-2-lvl4":"ZW-ME","country":"Zimbabwe","country_code":"zw"},"osm_type":"node","osm_id":307644779,"type":"town","location":[32.670441,-16.990979],"bbox":[32.630441,-17.030979,32.710441,-16.950979]}
{"name":"Lupane","display_name":"Lupane, Matabeleland North, Zimbabwe","address":{"town":"Lupane","state":"Matabeleland North","ISO3166-2-lvl4":"ZW-MN","country":"Zimbabwe","country_code":"zw"},"population":1600,"osm_type":"node","osm_id":3049315880,"type":"town","location":[27.7728319,-18.9346723],"bbox":[27.7328319,-18.9746723,27.8128319,-18.8946723],"border":{"name":"Lupane","display_name":"Lupane, Matabeleland North, Zimbabwe","address":{"town":"Lupane","state":"Matabeleland North","ISO3166-2-lvl4":"ZW-MN","country":"Zimbabwe","country_code":"zw"},"population":1600,"osm_type":"relation","osm_id":7878256,"type":"administrative","location":[27.7728319,-18.9346723],"bbox":[27.3439404,-19.5035969,28.425686,-18.2320651]}}
{"name":"Macheke","display_name":"Macheke, Murehwa, Mashonaland East, Zimbabwe","address":{"town":"Macheke","county":"Murehwa","state":"Mashonaland East","ISO3166-2-lvl4":"ZW-ME","country":"Zimbabwe","country_code":"zw"},"population":1888,"osm_type":"node","osm_id":4541555929,"type":"town","location":[31.8471437,-18.1453784],"bbox":[31.8071437,-18.1853784,31.8871437,-18.1053784]}
{"name":"Magunje","display_name":"Magunje, Hurungwe, Mashonaland West, Zimbabwe","address":{"town":"Magunje","county":"Hurungwe","state":"Mashonaland West","ISO3166-2-lvl4":"ZW-MW","country":"Zimbabwe","country_code":"zw"},"osm_type":"node","osm_id":2026290872,"type":"town","location":[29.424115,-16.839648],"bbox":[29.384115,-16.879648,29.464115,-16.799648]}
{"name":"Makuti","display_name":"Makuti, Makuti Township, Hurungwe, Mashonaland West, Zimbabwe","address":{"town":"Makuti","city":"Makuti Township","county":"Hurungwe","state":"Mashonaland West","ISO3166-2-lvl4":"ZW-MW","country":"Zimbabwe","country_code":"zw"},"osm_type":"node","osm_id":306131781,"type":"town","location":[29.251804,-16.31693],"bbox":[29.211804,-16.35693,29.291804,-16.27693]}
{"name":"Manhenga","display_name":"Manhenga, Bindura, Mashonaland Central, Zimbabwe","address":{"town":"Manhenga","county":"Bindura","state":"Mashonaland Central","ISO3166-2-lvl4":"ZW-MC","country":"Zimbabwe","country_code":"zw"},"osm_type":"node","osm_id":6203600872,"type":"town","location":[31.3118237,-17.3968025],"bbox":[31.2718237,-17.4368025,31.3518237,-17.3568025]}
{"name":"Marondera","other_names":{"name:ar":"مارونديرا","name:ru":"Марондера","old_name":"Marandellas"},"display_name":"Marondera, Mashonaland East, Zimbabwe","address":{"town":"Marondera","county":"Marondera","state":"Mashonaland East","ISO3166-2-lvl4":"ZW-ME","country":"Zimbabwe","country_code":"zw"},"population":52283,"osm_type":"node","osm_id":253224182,"type":"town","location":[31.545542,-18.190098],"bbox":[31.505542,-18.230098,31.585542,-18.150098],"border":{"name":"Marondera","display_name":"Marondera, Mashonaland East, Zimbabwe","address":{"county":"Marondera","state":"Mashonaland East","ISO3166-2-lvl4":"ZW-ME","country":"Zimbabwe","country_code":"zw"},"osm_type":"relation","osm_id":5581944,"type":"administrative","location":[31.45440549778127,-18.25550435],"bbox":[30.9912689,-18.6056461,31.8631384,-17.9054297]}}
{"name":"Mashumbi Pools","display_name":"Mashumbi Pools, Guruve, Mashonaland Central, Zimbabwe","address":{"town":"Mashumbi Pools","county":"Guruve","state":"Mashonaland Central","ISO3166-2-lvl4":"ZW-MC","country":"Zimbabwe","country_code":"zw"},"osm_type":"node","osm_id":4692634343,"type":"town","location":[30.5562267,-16.172988],"bbox":[30.5162267,-16.212988,30.5962267,-16.132988]}
{"name":"Mberengwa","display_name":"Mberengwa, Midlands, Zimbabwe","address":{"town":"Mberengwa","state":"Midlands","ISO3166-2-lvl4":"ZW-MI","country":"Zimbabwe","country_code":"zw"},"osm_type":"node","osm_id":3828382298,"type":"town","location":[29.907072,-20.477866],"bbox":[29.867072,-20.517866,29.947072,-20.437866],"border":{"name":"Mberengwa","display_name":"Mberengwa, Midlands, Zimbabwe","address":{"town":"Mberengwa","state":"Midlands","ISO3166-2-lvl4":"ZW-MI","country":"Zimbabwe","country_code":"zw"},"osm_type":"relation","osm_id":5554782,"type":"administrative","location":[29.907072,-20.477866],"bbox":[29.4623309,-21.047354,30.4819095,-20.3434607]}}
{"name":"Melfort","display_name":"Melfort, Goromonzi, Mashonaland East, Zimbabwe","address":{"town":"Melfort","county":"Goromonzi","state":"Mashonaland East","ISO3166-2-lvl4":"ZW-ME","country":"Zimbabwe","country_code":"zw"},"osm_type":"node","osm_id":9383313569,"type":"town","location":[31.3256693,-18.0070598],"bbox":[31.2856693,-18.0470598,31.3656693,-17.9670598]}
{"name":"Mhangura","display_name":"Mhangura, Makonde, Mashonaland West, Zimbabwe","address":{"town":"Mhangura","county":"Makonde","state":"Mashonaland West","ISO3166-2-lvl4":"ZW-MW","country":"Zimbabwe","country_code":"zw"},"population":2930,"osm_type":"node","osm_id":3028263336,"type":"town","location":[30.162788,-16.894452],"bbox":[30.122788,-16.934452,30.202788,-16.854452]}
{"name":"Mount Darwin","display_name":"Mount Darwin, Mashonaland Central, Zimbabwe","address":{"town":"Mount Darwin","county":"Mount Darwin","state":"Mashonaland Central","ISO3166-2-lvl4":"ZW-MC","country":"Zimbabwe","country_code":"zw"},"osm_type":"node","osm_id":3050298101,"type":"town","location":[31.582812,-16.774303],"bbox":[31.542812,-16.814303,31.622812,-16.734303],"border":{"name":"Mount Darwin","display_name":"Mount Darwin, Mashonaland Central, Zimbabwe","address":{"county":"Mount Darwin","state":"Mashonaland Central","ISO3166-2-lvl4":"ZW-MC","country":"Zimbabwe","country_code":"zw"},"osm_type":"relation","osm_id":5596172,"type":"administrative","location":[31.64143152031906,-16.5414793],"bbox":[31.2474955,-16.9252849,32.0587004,-16.1562491]}}
{"name":"Murambinda","display_name":"Murambinda, Buhera, Manicaland, Zimbabwe","address":{"town":"Murambinda","county":"Buhera","state":"Manicaland","ISO3166-2-lvl4":"ZW-MA","country":"Zimbabwe","country_code":"zw"},"osm_type":"node","osm_id":3093040885,"type":"town","location":[31.652365,-19.26855],"bbox":[31.612365,-19.30855,31.692365,-19.22855]}
{"name":"Murewa","display_name":"Murewa, Murehwa, Mashonaland East, Zimbabwe","address":{"town":"Murewa","county":"Murehwa","state":"Mashonaland East","ISO3166-2-lvl4":"ZW-ME","country":"Zimbabwe","country_code":"zw"},"population":16666,"osm_type":"node","osm_id":307632873,"type":"town","location":[31.777541,-17.646074],"bbox":[31.737541,-17.686074,31.817541,-17.606074]}
{"name":"Murombedzi","display_name":"Murombedzi, Zvimba, Mashonaland West, Zimbabwe","address":{"town":"Murombedzi","county":"Zvimba","state":"Mashonaland West","ISO3166-2-lvl4":"ZW-MW","country":"Zimbabwe","country_code":"zw"},"osm_type":"node","osm_id":2035227273,"type":"town","location":[30.199914,-17.70525],"bbox":[30.159914,-17.74525,30.239914,-17.66525]}
{"name":"Mutasa","display_name":"Mutasa, Manicaland, Zimbabwe","address":{"town":"Mutasa","county":"Mutasa","state":"Manicaland","ISO3166-2-lvl4":"ZW-MA","country":"Zimbabwe","country_code":"zw"},"osm_type":"node","osm_id":5777231718,"type":"town","location":[32.6491141,-18.5558482],"bbox":[32.6091141,-18.5958482,32.6891141,-18.5158482],"border":{"name":"Mutasa","display_name":"Mutasa, Manicaland, Zimbabwe","address":{"county":"Mutasa","state":"Manicaland","ISO3166-2-lvl4":"ZW-MA","country":"Zimbabwe","country_code":"zw"},"osm_type":"relation","osm_id":5555252,"type":"administrative","location":[32.682357976931705,-18.58712105],"bbox":[32.397497,-18.9734484,33.0683501,-18.2011233]}}
{"name":"Mutoko","display_name":"Mutoko, Mashonaland East, Zimbabwe","address":{"town":"Mutoko","county":"Mutoko","state":"Mashonaland East","ISO3166-2-lvl4":"ZW-ME","country":"Zimbabwe","country_code":"zw"},"osm_type":"node","osm_id":307644553,"type":"town","location":[32.225574,-17.404553],"bbox":[32.185574,-17.444553,32.265574,-17.364553],"border":{"name":"Mutoko","display_name":"Mutoko, Mashonaland East, Zimbabwe","address":{"county":"Mutoko","state":"Mashonaland East","ISO3166-2-lvl4":"ZW-ME","country":"Zimbabwe","country_code":"zw"},"osm_type":"relation","osm_id":5581947,"type":"administrative","location":[32.35814149733828,-17.42623945],"bbox":[31.8583808,-17.8171567,32.7472857,-17.0354812]}}
{"name":"Muzarabani Township","display_name":"Muzarabani Township, Muzarabani, Mashonaland Central, Zimbabwe","address":{"town":"Muzarabani Township","county":"Muzarabani","state":"Mashonaland Central","ISO3166-2-lvl4":"ZW-MC","country":"Zimbabwe","country_code":"zw"},"osm_type":"node","osm_id":6604718887,"type":"town","location":[30.9939888,-16.3918367],"bbox":[30.9539888,-16.4318367,31.0339888,-16.3518367]}
{"name":"Mvuma","display_name":"Mvuma, Chirumhanzu, Midlands, Zimbabwe","address":{"town":"Mvuma","county":"Chirumhanzu","state":"Midlands","ISO3166-2-lvl4":"ZW-MI","country":"Zimbabwe","country_code":"zw"},"population":7000,"osm_type":"node","osm_id":925374110,"type":"town","location":[30.531038,-19.281896],"bbox":[30.491038,-19.321896,30.571038,-19.241896]}
{"name":"Mvurwi","display_name":"Mvurwi, Mazowe, Mashonaland Central, Zimbabwe","address":{"town":"Mvurwi","village":"Mazowe","state":"Mashonaland Central","ISO3166-2-lvl4":"ZW-MC","country":"Zimbabwe","country_code":"zw"},"osm_type":"node","osm_id":2285985957,"type":"town","location":[30.850108,-17.027521],"bbox":[30.810108,-17.067521,30.890108,-16.987521]}
{"name":"Ndolwane","display_name":"Ndolwane, Bulilimamangwe, Matabeleland South, Zimbabwe","address":{"town":"Ndolwane","county":"Bulilimamangwe","state":"Matabeleland South","ISO3166-2-lvl4":"ZW-MS","country":"Zimbabwe","country_code":"zw"},"osm_type":"node","osm_id":3325871940,"type":"town","location":[27.330541,-19.9482387],"bbox":[27.290541,-19.9882387,27.370541,-19.9082387]}
{"name":"Nembudziya","display_name":"Nembudziya, Gokwe North, Midlands, Zimbabwe","address":{"town":"Nembudziya","county":"Gokwe North","state":"Midlands","ISO3166-2-lvl4":"ZW-MI","country":"Zimbabwe","country_code":"zw"},"osm_type":"node","osm_id":4947602731,"type":"town","location":[29.0082603,-17.7188555],"bbox":[28.9682603,-17.7588555,29.0482603,-17.6788555]}
{"name":"Neshuro","display_name":"Neshuro, Mwenezi, Masvingo, Zimbabwe","address":{"town":"Neshuro","county":"Mwenezi","state":"Masvingo","ISO3166-2-lvl4":"ZW-MV","country":"Zimbabwe","country_code":"zw"},"osm_type":"node","osm_id":4508925599,"type":"town","location":[30.6455759,-20.9453657],"bbox":[30.6055759,-20.9853657,30.6855759,-20.9053657]}
{"name":"Nkayi","display_name":"Nkayi, Matabeleland North, Zimbabwe","address":{"town":"Nkayi","county":"Nkayi","state":"Matabeleland North","ISO3166-2-lvl4":"ZW-MN","country":"Zimbabwe","country_code":"zw"},"osm_type":"node","osm_id":966679467,"type":"town","location":[28.896946,-19.0099744],"bbox":[28.856946,-19.0499744,28.936946,-18.9699744],"border":{"name":"Nkayi","display_name":"Nkayi, Matabeleland North, Zimbabwe","address":{"county":"Nkayi","state":"Matabeleland North","ISO3166-2-lvl4":"ZW-MN","country":"Zimbabwe","country_code":"zw"},"osm_type":"relation","osm_id":7878254,"type":"administrative","location":[28.64563164198818,-19.03068335],"bbox":[28.3049008,-19.508829,29.133908,-18.5534195]}}
{"name":"Norton","display_name":"Norton, Chegutu, Mashonaland West, Zimbabwe","address":{"town":"Norton","county":"Chegutu","state":"Mashonaland West","ISO3166-2-lvl4":"ZW-MW","country":"Zimbabwe","country_code":"zw"},"population":44054,"osm_type":"node","osm_id":3802043943,"type":"town","location":[30.695954,-17.87454],"bbox":[30.655954,-17.91454,30.735954,-17.83454],"border":{"name":"Norton","display_name":"Norton, Chegutu, Mashonaland West, Zimbabwe","address":{"town":"Norton","county":"Chegutu","state":"Mashonaland West","ISO3166-2-lvl4":"ZW-MW","country":"Zimbabwe","country_code":"zw"},"population":44054,"osm_type":"relation","osm_id":10686840,"type":"administrative","location":[30.695954,-17.87454],"bbox":[30.6150555,-17.9450127,30.7631975,-17.8243031]}}
{"name":"Nyabira","display_name":"Nyabira, Zvimba, Mashonaland West, Zimbabwe","address":{"town":"Nyabira","county":"Zvimba","state":"Mashonaland West","ISO3166-2-lvl4":"ZW-MW","country":"Zimbabwe","country_code":"zw"},"osm_type":"node","osm_id":4959414768,"type":"town","location":[30.8048272,-17.6772883],"bbox":[30.7648272,-17.7172883,30.8448272,-17.6372883]}
{"name":"Nyamapanda","display_name":"Nyamapanda, Mudzi, Mashonaland East, Zimbabwe","address":{"town":"Nyamapanda","county":"Mudzi","state":"Mashonaland East","ISO3166-2-lvl4":"ZW-ME","country":"Zimbabwe","country_code":"zw"},"osm_type":"node","osm_id":2238449365,"type":"town","location":[32.852848,-16.964407],"bbox":[32.812848,-17.004407,32.892848,-16.924407]}
{"name":"Nyanga","display_name":"Nyanga, Manicaland, Zimbabwe","address":{"town":"Nyanga","county":"Nyanga","state":"Manicaland","ISO3166-2-lvl4":"ZW-MA","country":"Zimbabwe","country_code":"zw"},"population":4850,"osm_type":"node","osm_id":4538241946,"type":"town","location":[32.7375714,-18.2327046],"bbox":[32.6975714,-18.2727046,32.7775714,-18.1927046],"border":{"name":"Nyanga","display_name":"Nyanga, Manicaland, Zimbabwe","address":{"county":"Nyanga","state":"Manicaland","ISO3166-2-lvl4":"ZW-MA","country":"Zimbabwe","country_code":"zw"},"osm_type":"relation","osm_id":5555253,"type":"administrative","location":[32.78981448155953,-17.917632849999997],"bbox":[32.3800495,-18.5868097,33.0540968,-17.2483756]}}
{"name":"Nyanyadzi","display_name":"Nyanyadzi, Chimanimani, Manicaland, Zimbabwe","address":{"town":"Nyanyadzi","state":"Manicaland","ISO3166-2-lvl4":"ZW-MA","country":"Zimbabwe","country_code":"zw"},"osm_type":"node","osm_id":4606175926,"type":"town","location":[32.4240827,-19.7703802],"bbox":[32.3840827,-19.8103802,32.4640827,-19.7303802]}
{"name":"Nyazura","other_names":{"old_name":"Inyazura"},"display_name":"Nyazura, Makoni, Manicaland, Zimbabwe","address":{"town":"Nyazura","county":"Makoni","state":"Manicaland","ISO3166-2-lvl4":"ZW-MA","country":"Zimbabwe","country_code":"zw"},"osm_type":"node","osm_id":331743007,"type":"town","location":[32.1674628,-18.7141193],"bbox":[32.1274628,-18.7541193,32.2074628,-18.6741193]}
{"name":"Nyika Growth Point","display_name":"Nyika Growth Point, Bikita, Masvingo, Zimbabwe","address":{"town":"Nyika Growth Point","county":"Bikita","state":"Masvingo","ISO3166-2-lvl4":"ZW-MV","country":"Zimbabwe","country_code":"zw"},"osm_type":"node","osm_id":4252486610,"type":"town","location":[31.6032388,-20.0099648],"bbox":[31.5632388,-20.0499648,31.6432388,-19.9699648]}
{"name":"Plumtree","display_name":"Plumtree, Bulilimamangwe, Matabeleland South, Zimbabwe","address":{"town":"Plumtree","county":"Bulilimamangwe","state":"Matabeleland South","ISO3166-2-lvl4":"ZW-MS","country":"Zimbabwe","country_code":"zw"},"population":11626,"osm_type":"node","osm_id":310399116,"type":"town","location":[27.805601,-20.4880677],"bbox":[27.765601,-20.5280677,27.845601,-20.4480677]}
{"name":"Redcliff","display_name":"Redcliff, Kwekwe, Midlands, Zimbabwe","address":{"town":"Redcliff","county":"Kwekwe","state":"Midlands","ISO3166-2-lvl4":"ZW-MI","country":"Zimbabwe","country_code":"zw"},"population":32346,"osm_type":"node","osm_id":2288155260,"type":"town","location":[29.779494,-19.026094],"bbox":[29.739494,-19.066094,29.819494,-18.986094]}
{"name":"Rusape","display_name":"Rusape, Makoni, Manicaland, Zimbabwe","address":{"town":"Rusape","county":"Makoni","state":"Manicaland","ISO3166-2-lvl4":"ZW-MA","country":"Zimbabwe","country_code":"zw"},"population":25054,"osm_type":"node","osm_id":302734175,"type":"town","location":[32.1256769,-18.5334765],"bbox":[32.0856769,-18.5734765,32.1656769,-18.4934765]}
{"display_name":"Rushinga, Mashonaland Central, Zimbabwe","address":{"county":"Rushinga","state":"Mashonaland Central","ISO3166-2-lvl4":"ZW-MC","country":"Zimbabwe","country_code":"zw"},"osm_type":"node","osm_id":2284631135,"type":"town","location":[32.0205494,-16.6344093],"bbox":[31.9805494,-16.6744093,32.0605494,-16.5944093]}
{"name":"Ruwa","display_name":"Ruwa, Goromonzi, Mashonaland East, Zimbabwe","address":{"town":"Ruwa","county":"Goromonzi","state":"Mashonaland East","ISO3166-2-lvl4":"ZW-ME","country":"Zimbabwe","country_code":"zw"},"population":22038,"osm_type":"node","osm_id":4092359007,"type":"town","location":[31.237093,-17.897155],"bbox":[31.197093,-17.937155,31.277093,-17.857155]}
{"name":"Sadza","display_name":"Sadza, Chikomba, Mashonaland East, Zimbabwe","address":{"town":"Sadza","county":"Chikomba","state":"Mashonaland East","ISO3166-2-lvl4":"ZW-ME","country":"Zimbabwe","country_code":"zw"},"osm_type":"node","osm_id":4606923096,"type":"town","location":[31.4526792,-18.9015677],"bbox":[31.4126792,-18.9415677,31.4926792,-18.8615677]}
{"name":"Sanyati","display_name":"Sanyati, Kadoma, Mashonaland West, Zimbabwe","address":{"town":"Sanyati","county":"Kadoma","state":"Mashonaland West","ISO3166-2-lvl4":"ZW-MW","country":"Zimbabwe","country_code":"zw"},"population":2918,"osm_type":"node","osm_id":2027807212,"type":"town","location":[29.2437123,-17.9863854],"bbox":[29.2037123,-18.0263854,29.2837123,-17.9463854]}
{"name":"Shamva","display_name":"Shamva, Mashonaland Central, Zimbabwe","address":{"town":"Shamva","county":"Shamva","state":"Mashonaland Central","ISO3166-2-lvl4":"ZW-MC","country":"Zimbabwe","country_code":"zw"},"population":10317,"osm_type":"node","osm_id":2543884067,"type":"town","location":[31.5785292,-17.3125435],"bbox":[31.5385292,-17.3525435,31.6185292,-17.2725435],"border":{"name":"Shamva","display_name":"Shamva, Mashonaland Central, Zimbabwe","address":{"county":"Shamva","state":"Mashonaland Central","ISO3166-2-lvl4":"ZW-MC","country":"Zimbabwe","country_code":"zw"},"osm_type":"relation","osm_id":5596175,"type":"administrative","location":[31.631377461133482,-17.1763039],"bbox":[31.3384921,-17.5298231,32.009902,-16.8205374]}}
{"name":"Shurugwi","display_name":"Shurugwi, Midlands, Zimbabwe","address":{"town":"Shurugwi","county":"Shurugwi","state":"Midlands","ISO3166-2-lvl4":"ZW-MI","country":"Zimbabwe","country_code":"zw"},"population":16866,"osm_type":"node","osm_id":301430334,"type":"town","location":[30.000408,-19.668249],"bbox":[29.960408,-19.708249,30.040408,-19.628249],"border":{"name":"Shurugwi","display_name":"Shurugwi, Midlands, Zimbabwe","address":{"county":"Shurugwi","state":"Midlands","ISO3166-2-lvl4":"ZW-MI","country":"Zimbabwe","country_code":"zw"},"osm_type":"relation","osm_id":5554783,"type":"administrative","location":[30.156915030014392,-19.754233550000002],"bbox":[29.7854308,-20.078415,30.4882689,-19.4293457]}}
{"name":"Siabuwa","display_name":"Siabuwa, Binga, Matabeleland North, Zimbabwe","address":{"town":"Siabuwa","county":"Binga","state":"Matabeleland North","ISO3166-2-lvl4":"ZW-MN","country":"Zimbabwe","country_code":"zw"},"osm_type":"node","osm_id":253287072,"type":"town","location":[28.1263035,-17.4574967],"bbox":[28.0863035,-17.4974967,28.1663035,-17.4174967]}
{"name":"St Alberts","display_name":"St Alberts, Muzarabani, Mashonaland Central, Zimbabwe","address":{"town":"St Alberts","county":"Muzarabani","state":"Mashonaland Central","ISO3166-2-lvl4":"ZW-MC","country":"Zimbabwe","country_code":"zw"},"osm_type":"node","osm_id":6190470435,"type":"town","location":[31.2806752,-16.4783329],"bbox":[31.2406752,-16.5183329,31.3206752,-16.4383329]}
{"name":"Triangle","display_name":"Triangle, Chiredzi, Masvingo, Zimbabwe","address":{"town":"Triangle","county":"Chiredzi","state":"Masvingo","ISO3166-2-lvl4":"ZW-MV","country":"Zimbabwe","country_code":"zw"},"population":1490,"osm_type":"node","osm_id":1243607791,"type":"town","location":[31.4504204,-21.0337095],"bbox":[31.4104204,-21.0737095,31.4904204,-20.9937095]}
{"name":"Tsanzaguru","display_name":"Tsanzaguru, Makoni, Manicaland, Zimbabwe","address":{"town":"Tsanzaguru","county":"Makoni","state":"Manicaland","ISO3166-2-lvl4":"ZW-MA","country":"Zimbabwe","country_code":"zw"},"osm_type":"node","osm_id":9629571707,"type":"town","location":[32.0933685,-18.6132543],"bbox":[32.0533685,-18.6532543,32.1333685,-18.5732543]}
{"name":"Tsholotsho","display_name":"Tsholotsho, Matabeleland North, Zimbabwe","address":{"town":"Tsholotsho","county":"Tsholotsho","state":"Matabeleland North","ISO3166-2-lvl4":"ZW-MN","country":"Zimbabwe","country_code":"zw"},"osm_type":"node","osm_id":2839095762,"type":"town","location":[27.7570633,-19.7662902],"bbox":[27.7170633,-19.8062902,27.7970633,-19.7262902],"border":{"name":"Tsholotsho","display_name":"Tsholotsho, Matabeleland North, Zimbabwe","address":{"county":"Tsholotsho","state":"Matabeleland North","ISO3166-2-lvl4":"ZW-MN","country":"Zimbabwe","country_code":"zw"},"osm_type":"relation","osm_id":6524796,"type":"administrative","location":[27.28612997361753,-19.6417952],"bbox":[26.7020328,-20.190707,28.1339665,-19.0966784]}}
{"name":"Turf Town","display_name":"Turf Town, Kadoma, Mashonaland West, Zimbabwe","address":{"town":"Turf Town","county":"Kadoma","state":"Mashonaland West","ISO3166-2-lvl4":"ZW-MW","country":"Zimbabwe","country_code":"zw"},"osm_type":"node","osm_id":4222345045,"type":"town","location":[30.2879548,-18.6760686],"bbox":[30.2479548,-18.7160686,30.3279548,-18.6360686]}
{"name":"Victoria Falls","display_name":"Victoria Falls, Victoria Falls Municipality, Hwange, Matabeleland North, Zimbabwe","address":{"town":"Victoria Falls","city":"Victoria Falls Municipality","county":"Hwange","state":"Matabeleland North","ISO3166-2-lvl4":"ZW-MN","country":"Zimbabwe","country_code":"zw"},"population":33060,"osm_type":"node","osm_id":241500809,"type":"town","location":[25.8252767,-17.9349458],"bbox":[25.7852767,-17.9749458,25.8652767,-17.8949458]}
{"name":"Wedza","display_name":"Wedza, Mashonaland East, Zimbabwe","address":{"town":"Wedza","state":"Mashonaland East","ISO3166-2-lvl4":"ZW-ME","country":"Zimbabwe","country_code":"zw"},"population":70968,"osm_type":"node","osm_id":1042038700,"type":"town","location":[31.568184,-18.621494],"bbox":[31.528184,-18.661494,31.608184,-18.581494],"border":{"name":"Wedza","display_name":"Wedza, Mashonaland East, Zimbabwe","address":{"town":"Wedza","state":"Mashonaland East","ISO3166-2-lvl4":"ZW-ME","country":"Zimbabwe","country_code":"zw"},"population":70968,"osm_type":"relation","osm_id":5581950,"type":"administrative","location":[31.568184,-18.621494],"bbox":[31.1969055,-19.125707,31.9853922,-18.4103933]}}
{"name":"West Nicholson","display_name":"West Nicholson, Gwanda, Matabeleland South, Zimbabwe","address":{"town":"West Nicholson","county":"Gwanda","state":"Matabeleland South","ISO3166-2-lvl4":"ZW-MS","country":"Zimbabwe","country_code":"zw"},"population":1633,"osm_type":"node","osm_id":298003865,"type":"town","location":[29.367657,-21.065729],"bbox":[29.327657,-21.105729,29.407657,-21.025729]}
{"name":"Zhombe Joel","display_name":"Zhombe Joel, Kwekwe, Midlands, Zimbabwe","address":{"town":"Zhombe Joel","county":"Kwekwe","state":"Midlands","ISO3166-2-lvl4":"ZW-MI","country":"Zimbabwe","country_code":"zw"},"osm_type":"node","osm_id":6166822764,"type":"town","location":[29.3466711,-18.6785791],"bbox":[29.3066711,-18.7185791,29.3866711,-18.6385791]}
{"name":"Zimunya","display_name":"Zimunya, Mutare, Manicaland, Zimbabwe","address":{"town":"Zimunya","county":"Mutare","state":"Manicaland","ISO3166-2-lvl4":"ZW-MA","country":"Zimbabwe","country_code":"zw"},"osm_type":"node","osm_id":6008139869,"type":"town","location":[32.6227748,-19.0995423],"bbox":[32.5827748,-19.1395423,32.6627748,-19.0595423]}
{"display_name":"Zvimba, Mashonaland West, Zimbabwe","address":{"county":"Zvimba","state":"Mashonaland West","ISO3166-2-lvl4":"ZW-MW","country":"Zimbabwe","country_code":"zw"},"osm_type":"node","osm_id":2285986018,"type":"town","location":[30.4380331,-17.0372418],"bbox":[30.3980331,-17.0772418,30.4780331,-16.9972418]}
{"name":"Zvishavane","other_names":{"old_name":"Shabani"},"display_name":"Zvishavane, Zvishawane, Midlands, Zimbabwe","address":{"town":"Zvishavane","county":"Zvishawane","state":"Midlands","ISO3166-2-lvl4":"ZW-MI","country":"Zimbabwe","country_code":"zw"},"population":35229,"osm_type":"node","osm_id":309376734,"type":"town","location":[30.0526888,-20.3159097],"bbox":[30.0126888,-20.3559097,30.0926888,-20.2759097]}
