{"name":"Baiima","display_name":"Baiima, Bo District, Southern Province, Sierra Leone","address":{"town":"Baiima","state":"Bo District","ISO3166-2-lvl4":"SL-S","country":"Sierra Leone","country_code":"sl"},"osm_type":"node","osm_id":379429217,"type":"town","location":[-11.8489182,8.1090009],"bbox":[-11.8889182,8.0690009,-11.8089182,8.1490009]}
{"name":"Baoma","display_name":"Baoma, Kailahun District, Eastern Province, Sierra Leone","address":{"town":"Baoma","state_district":"Kailahun District","state":"Eastern Province","ISO3166-2-lvl4":"SL-E","country":"Sierra Leone","country_code":"sl"},"osm_type":"node","osm_id":2934144302,"type":"town","location":[-10.6578599,8.2748105],"bbox":[-10.6978599,8.2348105,-10.6178599,8.3148105]}
{"name":"Bendu","display_name":"Bendu, Kono District, Eastern Province, Sierra Leone","address":{"town":"Bendu","state":"Kono District","ISO3166-2-lvl4":"SL-E","country":"Sierra Leone","country_code":"sl"},"osm_type":"node","osm_id":2942517058,"type":"town","location":[-11.0143714,8.6974979],"bbox":[-11.0543714,8.6574979,-10.9743714,8.7374979]}
{"name":"Bendugu","display_name":"Bendugu, Koinadugu District, Northern Province, Sierra Leone","address":{"town":"Bendugu","state":"Koinadugu District","ISO3166-2-lvl4":"SL-N","country":"Sierra Leone","country_code":"sl"},"osm_type":"node","osm_id":483854997,"type":"town","location":[-10.9570344,9.5336911],"bbox":[-10.9970344,9.4936911,-10.9170344,9.5736911]}
{"name":"Binkolo","display_name":"Binkolo, Bombali District, Northern Province, Sierra Leone","address":{"town":"Binkolo","state":"Bombali District","ISO3166-2-lvl4":"SL-N","country":"Sierra Leone","country_code":"sl"},"osm_type":"node","osm_id":629093595,"type":"town","location":[-11.977935,8.953315],"bbox":[-12.017935,8.913315,-11.937935,8.993315]}
{"name":"Blama","display_name":"Blama, Kenema District, Eastern Province, Sierra Leone","address":{"town":"Blama","state":"Kenema District","ISO3166-2-lvl4":"SL-E","country":"Sierra Leone","country_code":"sl"},"osm_type":"node","osm_id":379438219,"type":"town","location":[-11.3448069,7.8741655],"bbox":[-11.3848069,7.8341655,-11.3048069,7.9141655]}
{"name":"Bonthe","other_names":{"name:en":"Bonthe","alt_name_1":"Bonth"},"display_name":"Bonthe, Bonthe District, Southern Province, Sierra Leone","address":{"town":"Bonthe","state":"Bonthe District","ISO3166-2-lvl4":"SL-S","country":"Sierra Leone","country_code":"sl"},"population":10206,"osm_type":"node","osm_id":498808721,"type":"town","location":[-12.501955,7.527274],"bbox":[-12.541955,7.487274,-12.461955,7.567274]}
{"name":"Bumbuna Town","display_name":"Bumbuna Town, Tonkolili District, Northern Province, Sierra Leone","address":{"town":"Bumbuna Town","state":"Tonkolili District","ISO3166-2-lvl4":"SL-N","country":"Sierra Leone","country_code":"sl"},"osm_type":"way","osm_id":43317204,"type":"town","location":[-11.744119797521556,9.0451497],"bbox":[-11.7534332,9.0401207,-11.7364278,9.0519222]}
{"name":"Bumpe","display_name":"Bumpe, Bo District, Southern Province, Sierra Leone","address":{"town":"Bumpe","state":"Bo District","ISO3166-2-lvl4":"SL-S","country":"Sierra Leone","country_code":"sl"},"osm_type":"node","osm_id":379429232,"type":"town","location":[-11.904536,7.891353],"bbox":[-11.944536,7.851353,-11.864536,7.931353]}
{"name":"cassanova","display_name":"cassanova, Kono District, Eastern Province, Sierra Leone","address":{"town":"cassanova","state":"Kono District","ISO3166-2-lvl4":"SL-E","country":"Sierra Leone","country_code":"sl"},"population":120,"osm_type":"node","osm_id":10839320045,"type":"town","location":[-11.076189,8.5220273],"bbox":[-11.116189,8.4820273,-11.036189,8.5620273]}
{"name":"Daru","other_names":{"name:en":"Daru","old_name":"Darsalam"},"display_name":"Daru, Kailahun District, Eastern Province, Sierra Leone","address":{"town":"Daru","state_district":"Kailahun District","state":"Eastern Province","ISO3166-2-lvl4":"SL-E","country":"Sierra Leone","country_code":"sl"},"osm_type":"node","osm_id":491411731,"type":"town","location":[-10.845919,7.991518],"bbox":[-10.885919,7.951518,-10.805919,8.031518]}
{"name":"Fairo","display_name":"Fairo, Pujehun District, Southern Province, Sierra Leone","address":{"town":"Fairo","state":"Pujehun District","ISO3166-2-lvl4":"SL-S","country":"Sierra Leone","country_code":"sl"},"osm_type":"node","osm_id":2955202970,"type":"town","location":[-11.4045918,7.0909382],"bbox":[-11.4445918,7.0509382,-11.3645918,7.1309382]}
{"name":"Falaba","display_name":"Falaba, Koinadugu District, Northern Province, Sierra Leone","address":{"town":"Falaba","state":"Koinadugu District","ISO3166-2-lvl4":"SL-N","country":"Sierra Leone","country_code":"sl"},"osm_type":"node","osm_id":3095265549,"type":"town","location":[-11.321143,9.85546],"bbox":[-11.361143,9.81546,-11.281143,9.89546]}
{"name":"Gbangbatok","display_name":"Gbangbatok, Moyamba District, Southern Province, Sierra Leone","address":{"town":"Gbangbatok","state":"Moyamba District","ISO3166-2-lvl4":"SL-S","country":"Sierra Leone","country_code":"sl"},"osm_type":"node","osm_id":799075492,"type":"town","location":[-12.3836482,7.8063886],"bbox":[-12.4236482,7.7663886,-12.3436482,7.8463886]}
{"name":"Gbentu","display_name":"Gbentu, Koinadugu District, Northern Province, Sierra Leone","address":{"town":"Gbentu","state":"Koinadugu District","ISO3166-2-lvl4":"SL-N","country":"Sierra Leone","country_code":"sl"},"osm_type":"node","osm_id":2964537583,"type":"town","location":[-11.6443282,9.9415992],"bbox":[-11.6843282,9.9015992,-11.6043282,9.9815992]}
{"name":"Gbondapi","other_names":{"name:en":"Gbondapi","alt_name":"Gbundapi"},"display_name":"Gbondapi, Pujehun District, Southern Province, Sierra Leone","address":{"town":"Gbondapi","state":"Pujehun District","ISO3166-2-lvl4":"SL-S","country":"Sierra Leone","country_code":"sl"},"osm_type":"node","osm_id":2036065483,"type":"town","location":[-11.8500034,7.3196614],"bbox":[-11.8900034,7.2796614,-11.8100034,7.3596614]}
{"name":"Gerihun","display_name":"Gerihun, Bo District, Southern Province, Sierra Leone","address":{"town":"Gerihun","state":"Bo District","ISO3166-2-lvl4":"SL-S","country":"Sierra Leone","country_code":"sl"},"osm_type":"node","osm_id":2039805619,"type":"town","location":[-11.5783094,7.9309379],"bbox":[-11.6183094,7.8909379,-11.5383094,7.9709379]}
{"name":"Hastings","display_name":"Hastings, Western Area Rural, Western Area, Sierra Leone","address":{"town":"Hastings","state":"Western Area Rural","ISO3166-2-lvl4":"SL-W","country":"Sierra Leone","country_code":"sl"},"osm_type":"node","osm_id":391778904,"type":"town","location":[-13.1387201,8.387303],"bbox":[-13.1787201,8.347303,-13.0987201,8.427303]}
{"name":"Jaiama Nimiyama","display_name":"Jaiama Nimiyama, Kono District, Eastern Province, Sierra Leone","address":{"town":"Jaiama Nimiyama","state":"Kono District","ISO3166-2-lvl4":"SL-E","country":"Sierra Leone","country_code":"sl"},"osm_type":"node","osm_id":2986823991,"type":"town","location":[-11.2446086,8.5406477],"bbox":[-11.2846086,8.5006477,-11.2046086,8.5806477]}
{"name":"Joru","display_name":"Joru, Kenema District, Eastern Province, Sierra Leone","address":{"town":"Joru","state":"Kenema District","ISO3166-2-lvl4":"SL-E","country":"Sierra Leone","country_code":"sl"},"osm_type":"node","osm_id":476746505,"type":"town","location":[-11.0550025,7.6916174],"bbox":[-11.0950025,7.6516174,-11.0150025,7.7316174]}
{"name":"Kabala","display_name":"Kabala, Koinadugu District, Northern Province, Sierra Leone","address":{"town":"Kabala","state":"Koinadugu District","ISO3166-2-lvl4":"SL-N","country":"Sierra Leone","country_code":"sl"},"osm_type":"node","osm_id":5814036080,"type":"town","location":[-11.5500637,9.5876527],"bbox":[-11.5900637,9.5476527,-11.5100637,9.6276527]}
{"name":"Kailahun","other_names":{"name:en":"Kailahun","name:lt":"Kailahunas","name:ru":"Кайлахун","name:zh":"凱拉洪","alt_name":"Kailahun"},"display_name":"Kailahun, Kailahun District, Eastern Province, Sierra Leone","address":{"town":"Kailahun","state_district":"Kailahun District","state":"Eastern Province","ISO3166-2-lvl4":"SL-E","country":"Sierra Leone","country_code":"sl"},"population":30,"osm_type":"node","osm_id":1871061345,"type":"town","location":[-10.5551953,8.2820297],"bbox":[-10.5951953,8.2420297,-10.5151953,8.3220297]}
{"name":"Kamabai","other_names":{"name:en":"Kamabai","alt_name_1":"Kambabai"},"display_name":"Kamabai, Bombali District, Northern Province, Sierra Leone","address":{"town":"Kamabai","state":"Bombali District","ISO3166-2-lvl4":"SL-N","country":"Sierra Leone","country_code":"sl"},"osm_type":"node","osm_id":4515774294,"type":"town","location":[-11.95985,9.149251],"bbox":[-11.99985,9.109251,-11.91985,9.189251]}
{"name":"Kamakwie","other_names":{"name:en":"Kamakwie","alt_name":"Makwie"},"display_name":"Kamakwie, Karene District, North Western Province, Sierra Leone","address":{"town":"Kamakwie","state_district":"Karene District","state":"North Western Province","ISO3166-2-lvl4":"SL-NW","country":"Sierra Leone","country_code":"sl"},"osm_type":"node","osm_id":320060481,"type":"town","location":[-12.241252,9.496301],"bbox":[-12.281252,9.456301,-12.201252,9.536301]}
{"name":"Koindu","display_name":"Koindu, Kailahun District, Eastern Province, Sierra Leone","address":{"town":"Koindu","state_district":"Kailahun District","state":"Eastern Province","ISO3166-2-lvl4":"SL-E","country":"Sierra Leone","country_code":"sl"},"population":22,"osm_type":"node","osm_id":1871102703,"type":"town","location":[-10.3312449,8.4671344],"bbox":[-10.3712449,8.4271344,-10.2912449,8.5071344]}
{"display_name":"Kono District, Eastern Province, Sierra Leone","address":{"state":"Kono District","ISO3166-2-lvl4":"SL-E","country":"Sierra Leone","country_code":"sl"},"osm_type":"node","osm_id":10839295978,"type":"town","location":[-11.0716917,8.5210965],"bbox":[-11.1116917,8.4810965,-11.0316917,8.5610965]}
{"name":"Kortimaw","display_name":"Kortimaw, Kambia District, North Western Province, Sierra Leone","address":{"town":"Kortimaw","state":"Kambia District","ISO3166-2-lvl4":"SL-NW","country":"Sierra Leone","country_code":"sl"},"osm_type":"node","osm_id":2469953468,"type":"town","location":[-13.2375677,8.9033921],"bbox":[-13.2775677,8.8633921,-13.1975677,8.9433921]}
{"name":"Lunsar","other_names":{"name:en":"Lunsar","alt_name":"Lansar"},"display_name":"Lunsar, Marampa Chiefdom, Port Loko District, North Western Province, Sierra Leone","address":{"town":"Lunsar","county":"Marampa Chiefdom","state":"Port Loko District","ISO3166-2-lvl4":"SL-NW","country":"Sierra Leone","country_code":"sl"},"population":36108,"osm_type":"node","osm_id":543447056,"type":"town","location":[-12.5437429,8.687062],"bbox":[-12.5837429,8.647062,-12.5037429,8.727062]}
{"name":"Magburaka","other_names":{"name:en":"Magburaka","name:lt":"Magburaka","alt_name_1":"Magburuka"},"display_name":"Magburaka, Tonkolili District, Northern Province, Sierra Leone","address":{"town":"Magburaka","state":"Tonkolili District","ISO3166-2-lvl4":"SL-N","country":"Sierra Leone","country_code":"sl"},"population":40313,"osm_type":"node","osm_id":1978562828,"type":"town","location":[-11.949193,8.722819],"bbox":[-11.989193,8.682819,-11.909193,8.762819]}
{"name":"Makatic","display_name":"Makatic, Kambia District, North Western Province, Sierra Leone","address":{"town":"Makatic","state":"Kambia District","ISO3166-2-lvl4":"SL-NW","country":"Sierra Leone","country_code":"sl"},"osm_type":"node","osm_id":2271599302,"type":"town","location":[-12.9465888,9.006092],"bbox":[-12.9865888,8.966092,-12.9065888,9.046092]}
{"name":"Matotaka","display_name":"Matotaka, Tonkolili District, Northern Province, Sierra Leone","address":{"town":"Matotaka","state":"Tonkolili District","ISO3166-2-lvl4":"SL-N","country":"Sierra Leone","country_code":"sl"},"osm_type":"node","osm_id":667923318,"type":"town","location":[-11.8565517,8.6555802],"bbox":[-11.8965517,8.6155802,-11.8165517,8.6955802]}
{"name":"Mattru Jong","other_names":{"name:en":"Mattru Jong","alt_name":"Matru"},"display_name":"Mattru Jong, Bonthe District, Southern Province, Sierra Leone","address":{"town":"Mattru Jong","state":"Bonthe District","ISO3166-2-lvl4":"SL-S","country":"Sierra Leone","country_code":"sl"},"osm_type":"node","osm_id":799075295,"type":"town","location":[-12.179959,7.607117],"bbox":[-12.219959,7.567117,-12.139959,7.647117]}
{"name":"Mile 91","display_name":"Mile 91, Tonkolili District, Northern Province, Sierra Leone","address":{"town":"Mile 91","state":"Tonkolili District","ISO3166-2-lvl4":"SL-N","country":"Sierra Leone","country_code":"sl"},"osm_type":"node","osm_id":11195122298,"type":"town","location":[-12.2143629,8.4665964],"bbox":[-12.2543629,8.4265964,-12.1743629,8.5065964]}
{"name":"Mokanji","display_name":"Mokanji, Moyamba District, Southern Province, Sierra Leone","address":{"town":"Mokanji","state":"Moyamba District","ISO3166-2-lvl4":"SL-S","country":"Sierra Leone","country_code":"sl"},"osm_type":"node","osm_id":1996625993,"type":"town","location":[-12.1921989,7.9003698],"bbox":[-12.2321989,7.8603698,-12.1521989,7.9403698]}
{"name":"Moribatown","display_name":"Moribatown, Bonthe District, Southern Province, Sierra Leone","address":{"town":"Moribatown","state":"Bonthe District","ISO3166-2-lvl4":"SL-S","country":"Sierra Leone","country_code":"sl"},"osm_type":"node","osm_id":4523237131,"type":"town","location":[-12.2980203,7.7905225],"bbox":[-12.3380203,7.7505225,-12.2580203,7.8305225]}
{"name":"Moyamba","other_names":{"name:en":"Moyamba","name:lt":"Mojamba","name:ru":"Моямба"},"display_name":"Moyamba, Moyamba District, Southern Province, Sierra Leone","address":{"town":"Moyamba","state":"Moyamba District","ISO3166-2-lvl4":"SL-S","country":"Sierra Leone","country_code":"sl"},"osm_type":"node","osm_id":496344427,"type":"town","location":[-12.4313893,8.1593455],"bbox":[-12.4713893,8.1193455,-12.3913893,8.1993455]}
{"name":"Musaia","display_name":"Musaia, Koinadugu District, Northern Province, Sierra Leone","address":{"town":"Musaia","state":"Koinadugu District","ISO3166-2-lvl4":"SL-N","country":"Sierra Leone","country_code":"sl"},"osm_type":"node","osm_id":2963531639,"type":"town","location":[-11.5714187,9.7596773],"bbox":[-11.6114187,9.7196773,-11.5314187,9.7996773]}
{"name":"Njala","other_names":{"name:en":"Njala","alt_name":"Njale"},"display_name":"Njala, Moyamba District, Southern Province, Sierra Leone","address":{"town":"Njala","state":"Moyamba District","ISO3166-2-lvl4":"SL-S","country":"Sierra Leone","country_code":"sl"},"osm_type":"node","osm_id":1871034824,"type":"town","location":[-12.0740526,8.1136183],"bbox":[-12.1140526,8.0736183,-12.0340526,8.1536183]}
{"name":"Panguma","display_name":"Panguma, Kenema District, Eastern Province, Sierra Leone","address":{"town":"Panguma","state":"Kenema District","ISO3166-2-lvl4":"SL-E","country":"Sierra Leone","country_code":"sl"},"osm_type":"node","osm_id":476753175,"type":"town","location":[-11.1313932,8.1848349],"bbox":[-11.1713932,8.1448349,-11.0913932,8.2248349]}
{"name":"Pendembu","display_name":"Pendembu, Kailahun District, Eastern Province, Sierra Leone","address":{"town":"Pendembu","state_district":"Kailahun District","state":"Eastern Province","ISO3166-2-lvl4":"SL-E","country":"Sierra Leone","country_code":"sl"},"osm_type":"node","osm_id":1871316440,"type":"town","location":[-10.693872,8.098736],"bbox":[-10.733872,8.058736,-10.653872,8.138736]}
{"name":"Pepel","display_name":"Pepel, Port Loko District, North Western Province, Sierra Leone","address":{"town":"Pepel","state":"Port Loko District","ISO3166-2-lvl4":"SL-NW","country":"Sierra Leone","country_code":"sl"},"population":6469,"osm_type":"node","osm_id":2245317971,"type":"town","location":[-13.055305,8.586721],"bbox":[-13.095305,8.546721,-13.015305,8.626721]}
{"name":"Port Loko","other_names":{"name:en":"Port Loko","name:lt":"Port Lokas","alt_name_1":"Port Lokko","alt_name_2":"Port Loka"},"display_name":"Port Loko, Maforki Chiefdom, Port Loko District, North Western Province, Sierra Leone","address":{"town":"Port Loko","county":"Maforki Chiefdom","state":"Port Loko District","ISO3166-2-lvl4":"SL-NW","country":"Sierra Leone","country_code":"sl"},"osm_type":"node","osm_id":1848318165,"type":"town","location":[-12.7854213,8.7646696],"bbox":[-12.8254213,8.7246696,-12.7454213,8.8046696]}
{"name":"Potoru","display_name":"Potoru, Pujehun District, Southern Province, Sierra Leone","address":{"town":"Potoru","state":"Pujehun District","ISO3166-2-lvl4":"SL-S","country":"Sierra Leone","country_code":"sl"},"osm_type":"node","osm_id":1660977029,"type":"town","location":[-11.478644,7.5056949],"bbox":[-11.518644,7.4656949,-11.438644,7.5456949]}
{"name":"Pujehun","other_names":{"name:en":"Pujehun","name:ru":"Пуджехун","alt_name_1":"Pujhun","alt_name_2":"Pujbhun"},"display_name":"Pujehun, Pujehun District, Southern Province, Sierra Leone","address":{"town":"Pujehun","state":"Pujehun District","ISO3166-2-lvl4":"SL-S","country":"Sierra Leone","country_code":"sl"},"osm_type":"node","osm_id":320060535,"type":"town","location":[-11.7212785,7.3566114],"bbox":[-11.7612785,7.3166114,-11.6812785,7.3966114]}
{"name":"Rokupr","other_names":{"name:en":"Rokupr","alt_name_1":"Kupr"},"display_name":"Rokupr, Kambia District, North Western Province, Sierra Leone","address":{"town":"Rokupr","state":"Kambia District","ISO3166-2-lvl4":"SL-NW","country":"Sierra Leone","country_code":"sl"},"osm_type":"node","osm_id":2005877089,"type":"town","location":[-12.948762,9.012937],"bbox":[-12.988762,8.972937,-12.908762,9.052937]}
{"name":"Sainya","display_name":"Sainya, Tambakha Chiefdom, Karene District, North Western Province, Sierra Leone","address":{"town":"Sainya","county":"Tambakha Chiefdom","state_district":"Karene District","state":"North Western Province","ISO3166-2-lvl4":"SL-NW","country":"Sierra Leone","country_code":"sl"},"osm_type":"node","osm_id":2818709638,"type":"town","location":[-12.3786041,9.8375514],"bbox":[-12.4186041,9.7975514,-12.3386041,9.8775514]}
{"name":"Samura Town","display_name":"Samura Town, Western Area Rural, Western Area, Sierra Leone","address":{"town":"Samura Town","state":"Western Area Rural","ISO3166-2-lvl4":"SL-W","country":"Sierra Leone","country_code":"sl"},"osm_type":"node","osm_id":3339923413,"type":"town","location":[-13.1773909,8.4414525],"bbox":[-13.2173909,8.4014525,-13.1373909,8.4814525]}
{"name":"Segbwema","display_name":"Segbwema, Kailahun District, Eastern Province, Sierra Leone","address":{"town":"Segbwema","state_district":"Kailahun District","state":"Eastern Province","ISO3166-2-lvl4":"SL-E","country":"Sierra Leone","country_code":"sl"},"osm_type":"node","osm_id":491409495,"type":"town","location":[-10.949571,7.996736],"bbox":[-10.989571,7.956736,-10.909571,8.036736]}
{"name":"Serabu","display_name":"Serabu, Bo District, Southern Province, Sierra Leone","address":{"town":"Serabu","state":"Bo District","ISO3166-2-lvl4":"SL-S","country":"Sierra Leone","country_code":"sl"},"osm_type":"node","osm_id":2132426145,"type":"town","location":[-12.0518466,7.7909847],"bbox":[-12.0918466,7.7509847,-12.0118466,7.8309847]}
{"name":"Sinkunia","display_name":"Sinkunia, Koinadugu District, Northern Province, Sierra Leone","address":{"town":"Sinkunia","state":"Koinadugu District","ISO3166-2-lvl4":"SL-N","country":"Sierra Leone","country_code":"sl"},"osm_type":"node","osm_id":484029056,"type":"town","location":[-11.4288501,9.8632918],"bbox":[-11.4688501,9.8232918,-11.3888501,9.9032918]}
{"name":"Sullima","other_names":{"name:en":"Sulima","name:lt":"Sulima","alt_name":"Sulima"},"display_name":"Sullima, Pujehun District, Southern Province, Sierra Leone","address":{"town":"Sullima","state":"Pujehun District","ISO3166-2-lvl4":"SL-S","country":"Sierra Leone","country_code":"sl"},"osm_type":"node","osm_id":1848488667,"type":"town","location":[-11.57531,6.969423],"bbox":[-11.61531,6.929423,-11.53531,7.009423]}
{"name":"Sumbuya","other_names":{"name:en":"Sumbuya","name:ru":"Сумбуя"},"display_name":"Sumbuya, Bo District, Southern Province, Sierra Leone","address":{"town":"Sumbuya","state":"Bo District","ISO3166-2-lvl4":"SL-S","country":"Sierra Leone","country_code":"sl"},"osm_type":"node","osm_id":799075562,"type":"town","location":[-11.9624425,7.6491596],"bbox":[-12.0024425,7.6091596,-11.9224425,7.6891596]}
{"name":"Taiama","display_name":"Taiama, Moyamba District, Southern Province, Sierra Leone","address":{"town":"Taiama","state":"Moyamba District","ISO3166-2-lvl4":"SL-S","country":"Sierra Leone","country_code":"sl"},"osm_type":"node","osm_id":379432200,"type":"town","location":[-12.0613975,8.1998518],"bbox":[-12.1013975,8.1598518,-12.0213975,8.2398518]}
{"name":"Temne Town","display_name":"Temne Town, Western Area Rural, Western Area, Sierra Leone","address":{"town":"Temne Town","state":"Western Area Rural","ISO3166-2-lvl4":"SL-W","country":"Sierra Leone","country_code":"sl"},"osm_type":"node","osm_id":3339761873,"type":"town","location":[-13.1538466,8.4077105],"bbox":[-13.1938466,8.3677105,-13.1138466,8.4477105]}
{"name":"Tikonko","other_names":{"name:en":"Tikonko","alt_name_1":"Tikonka"},"display_name":"Tikonko, Bo District, Southern Province, Sierra Leone","address":{"town":"Tikonko","state":"Bo District","ISO3166-2-lvl4":"SL-S","country":"Sierra Leone","country_code":"sl"},"osm_type":"node","osm_id":379429231,"type":"town","location":[-11.783998,7.880965],"bbox":[-11.823998,7.840965,-11.743998,7.920965]}
{"name":"Tongo","display_name":"Tongo, Kenema District, Eastern Province, Sierra Leone","address":{"town":"Tongo","state":"Kenema District","ISO3166-2-lvl4":"SL-E","country":"Sierra Leone","country_code":"sl"},"osm_type":"node","osm_id":954899748,"type":"town","location":[-11.0604289,8.2188562],"bbox":[-11.1004289,8.1788562,-11.0204289,8.2588562]}
{"name":"Torma Bum","display_name":"Torma Bum, Bum Chiefdom, Bonthe District, Southern Province, Sierra Leone","address":{"town":"Torma Bum","county":"Bum Chiefdom","state":"Bonthe District","ISO3166-2-lvl4":"SL-S","country":"Sierra Leone","country_code":"sl"},"osm_type":"node","osm_id":2036065518,"type":"town","location":[-12.0065196,7.4158983],"bbox":[-12.0465196,7.3758983,-11.9665196,7.4558983]}
{"name":"Wongo Town","display_name":"Wongo Town, Western Area Urban, Western Area, Sierra Leone","address":{"town":"Wongo Town","state":"Western Area Urban","ISO3166-2-lvl4":"SL-W","country":"Sierra Leone","country_code":"sl"},"osm_type":"node","osm_id":3343721316,"type":"town","location":[-13.1961362,8.4578084],"bbox":[-13.2361362,8.4178084,-13.1561362,8.4978084]}
{"name":"Yeida","display_name":"Yeida, Kono District, Eastern Province, Sierra Leone","address":{"town":"Yeida","state":"Kono District","ISO3166-2-lvl4":"SL-E","country":"Sierra Leone","country_code":"sl"},"osm_type":"node","osm_id":2970863406,"type":"town","location":[-11.2290241,8.716435],"bbox":[-11.2690241,8.676435,-11.1890241,8.756435]}
{"name":"Yengema","other_names":{"name:en":"Yengema","alt_name_1":"Yengama"},"display_name":"Yengema, Kono District, Eastern Province, Sierra Leone","address":{"town":"Yengema","state":"Kono District","ISO3166-2-lvl4":"SL-E","country":"Sierra Leone","country_code":"sl"},"osm_type":"node","osm_id":859709020,"type":"town","location":[-11.044524,8.618832],"bbox":[-11.084524,8.578832,-11.004524,8.658832]}
{"name":"Yomadu","display_name":"Yomadu, Kono District, Eastern Province, Sierra Leone","address":{"town":"Yomadu","state":"Kono District","ISO3166-2-lvl4":"SL-E","country":"Sierra Leone","country_code":"sl"},"osm_type":"node","osm_id":2965975293,"type":"town","location":[-11.104637,8.7437758],"bbox":[-11.144637,8.7037758,-11.064637,8.7837758]}
{"name":"Zimmi","other_names":{"name:en":"Zimmi","alt_name_1":"Zimi"},"display_name":"Zimmi, Pujehun District, Southern Province, Sierra Leone","address":{"town":"Zimmi","state":"Pujehun District","ISO3166-2-lvl4":"SL-S","country":"Sierra Leone","country_code":"sl"},"osm_type":"node","osm_id":320060540,"type":"town","location":[-11.310323,7.3123379],"bbox":[-11.350323,7.2723379,-11.270323,7.3523379]}
