{"name":"Abala","display_name":"Abala, Plateaux, Congo","address":{"village":"Abala","county":"Abala","state":"Plateaux","ISO3166-2-lvl4":"CG-14","country":"Congo","country_code":"cg"},"population":2000,"osm_type":"node","osm_id":3300961801,"type":"village","location":[15.5282532,-1.3373619],"bbox":[15.5082532,-1.3573619,15.5482532,-1.3173619]}
{"display_name":"Abala, Plateaux, Congo","address":{"county":"Abala","state":"Plateaux","ISO3166-2-lvl4":"CG-14","country":"Congo","country_code":"cg"},"osm_type":"node","osm_id":11921598362,"type":"village","location":[16.0601369,-1.2592816],"bbox":[16.0401369,-1.2792816,16.0801369,-1.2392816]}
{"name":"Allion","display_name":"Allion, Djambala, Plateaux, Congo","address":{"village":"Allion","county":"Djambala","state":"Plateaux","ISO3166-2-lvl4":"CG-14","country":"Congo","country_code":"cg"},"osm_type":"node","osm_id":3300961807,"type":"village","location":[15.272058,-2.372372],"bbox":[15.252058,-2.392372,15.292058,-2.352372]}
{"name":"Angama","display_name":"Angama, Lékana, Plateaux, Congo","address":{"village":"Angama","county":"Lékana","state":"Plateaux","ISO3166-2-lvl4":"CG-14","country":"Congo","country_code":"cg"},"osm_type":"node","osm_id":3043397292,"type":"village","location":[14.4953007,-2.4008136],"bbox":[14.4753007,-2.4208136,14.5153007,-2.3808136]}
{"name":"Angomo","display_name":"Angomo, Kellé, Cuvette-Ouest, Congo","address":{"village":"Angomo","county":"Kellé","state":"Cuvette-Ouest","ISO3166-2-lvl4":"CG-15","country":"Congo","country_code":"cg"},"osm_type":"node","osm_id":8953150992,"type":"village","location":[14.3605685,-0.1515302],"bbox":[14.3405685,-0.1715302,14.3805685,-0.1315302]}
{"name":"Babali","display_name":"Babali, District de Kabo, Sangha, Congo","address":{"village":"Babali","county":"District de Kabo","state":"Sangha","ISO3166-2-lvl4":"CG-13","country":"Congo","country_code":"cg"},"osm_type":"node","osm_id":8571520122,"type":"village","location":[16.0873264,2.0873375],"bbox":[16.0673264,2.0673375,16.1073264,2.1073375]}
{"name":"Bandoye","display_name":"Bandoye, Bambama, Lékoumou, Congo","address":{"village":"Bandoye","county":"Bambama","state":"Lékoumou","ISO3166-2-lvl4":"CG-2","country":"Congo","country_code":"cg"},"osm_type":"node","osm_id":7911325834,"type":"village","location":[13.5444383,-2.4694093],"bbox":[13.5244383,-2.4894093,13.5644383,-2.4494093]}
{"name":"Bas Kouilou","display_name":"Bas Kouilou, District de Loango, Kouilou, Congo","address":{"village":"Bas Kouilou","county":"District de Loango","state":"Kouilou","ISO3166-2-lvl4":"CG-5","country":"Congo","country_code":"cg"},"osm_type":"node","osm_id":3300961833,"type":"village","location":[11.7173591,-4.4759893],"bbox":[11.6973591,-4.4959893,11.7373591,-4.4559893]}
{"name":"Basséla","display_name":"Basséla, Epéna, Likouala, Congo","address":{"village":"Basséla","county":"Epéna","state":"Likouala","ISO3166-2-lvl4":"CG-7","country":"Congo","country_code":"cg"},"osm_type":"node","osm_id":8491114639,"type":"village","location":[17.5984997,1.3817868],"bbox":[17.5784997,1.3617868,17.6184997,1.4017868]}
{"name":"Bia","display_name":"Bia, Ewo, Cuvette-Ouest, Congo","address":{"village":"Bia","county":"Ewo","state":"Cuvette-Ouest","ISO3166-2-lvl4":"CG-15","country":"Congo","country_code":"cg"},"osm_type":"node","osm_id":6837869003,"type":"village","location":[14.5629332,-0.8537206],"bbox":[14.5429332,-0.8737206,14.5829332,-0.8337206]}
{"name":"Bilinga","other_names":{"name:fr":"Bilinga","old_name":"Fourastié"},"display_name":"Bilinga, Mvouti, Kouilou, Congo","address":{"village":"Bilinga","county":"Mvouti","state":"Kouilou","ISO3166-2-lvl4":"CG-5","country":"Congo","country_code":"cg"},"osm_type":"node","osm_id":3300961851,"type":"village","location":[12.2480558,-4.481991],"bbox":[12.2280558,-4.501991,12.2680558,-4.461991]}
{"name":"Boko","display_name":"Boko, Owando, Cuvette, Congo","address":{"village":"Boko","county":"Owando","state":"Cuvette","ISO3166-2-lvl4":"CG-8","country":"Congo","country_code":"cg"},"osm_type":"node","osm_id":928220180,"type":"village","location":[15.7361043,-0.4169413],"bbox":[15.7161043,-0.4369413,15.7561043,-0.3969413]}
{"name":"Bolozo","display_name":"Bolozo, Sembé, Sangha, Congo","address":{"village":"Bolozo","county":"Sembé","state":"Sangha","ISO3166-2-lvl4":"CG-13","country":"Congo","country_code":"cg"},"osm_type":"node","osm_id":2461915850,"type":"village","location":[15.1972684,2.0321719],"bbox":[15.1772684,2.0121719,15.2172684,2.0521719]}
{"name":"Bomassa","other_names":{"name:fr":"Bomassa","alt_name":"Abomo;Mbomassa;Bomasse"},"display_name":"Bomassa, District de Kabo, Sangha, Congo","address":{"village":"Bomassa","county":"District de Kabo","state":"Sangha","ISO3166-2-lvl4":"CG-13","country":"Congo","country_code":"cg"},"osm_type":"node","osm_id":924400110,"type":"village","location":[16.1860664,2.2036665],"bbox":[16.1660664,2.1836665,16.2060664,2.2236665]}
{"name":"Bon Coin","display_name":"Bon Coin, District de Kabo, Sangha, Congo","address":{"village":"Bon Coin","county":"District de Kabo","state":"Sangha","ISO3166-2-lvl4":"CG-13","country":"Congo","country_code":"cg"},"osm_type":"node","osm_id":11813795469,"type":"village","location":[16.1949018,2.2172041],"bbox":[16.1749018,2.1972041,16.2149018,2.2372041]}
{"name":"Bonga","display_name":"Bonga, Mossaka, Cuvette, Congo","address":{"village":"Bonga","county":"Mossaka","state":"Cuvette","ISO3166-2-lvl4":"CG-8","country":"Congo","country_code":"cg"},"osm_type":"node","osm_id":3605822762,"type":"village","location":[16.8766042,-1.1138547],"bbox":[16.8566042,-1.1338547,16.8966042,-1.0938547]}
{"name":"Botala","display_name":"Botala, Epéna, Likouala, Congo","address":{"village":"Botala","county":"Epéna","state":"Likouala","ISO3166-2-lvl4":"CG-7","country":"Congo","country_code":"cg"},"osm_type":"node","osm_id":6537749906,"type":"village","location":[17.6127647,1.4176593],"bbox":[17.5927647,1.3976593,17.6327647,1.4376593]}
{"name":"Boubassam","display_name":"Boubassam, Kakamoeka, Kouilou, Congo","address":{"village":"Boubassam","county":"Kakamoeka","state":"Kouilou","ISO3166-2-lvl4":"CG-5","country":"Congo","country_code":"cg"},"osm_type":"node","osm_id":3300964480,"type":"village","location":[12.1014235,-4.0928963],"bbox":[12.0814235,-4.1128963,12.1214235,-4.0728963]}
{"name":"Bouemba","other_names":{"name:fr":"Bouemba","alt_name":"Bwemba"},"display_name":"Bouemba, Gamboma, Plateaux, Congo","address":{"village":"Bouemba","county":"Gamboma","state":"Plateaux","ISO3166-2-lvl4":"CG-14","country":"Congo","country_code":"cg"},"osm_type":"node","osm_id":9277170207,"type":"village","location":[16.1337018,-2.1667083],"bbox":[16.1137018,-2.1867083,16.1537018,-2.1467083]}
{"name":"Bounda","display_name":"Bounda, Gamboma, Plateaux, Congo","address":{"village":"Bounda","county":"Gamboma","state":"Plateaux","ISO3166-2-lvl4":"CG-14","country":"Congo","country_code":"cg"},"osm_type":"node","osm_id":922565755,"type":"village","location":[16.5849956,-1.5854987],"bbox":[16.5649956,-1.6054987,16.6049956,-1.5654987]}
{"name":"Bounzélé","display_name":"Bounzélé, District de Kabo, Sangha, Congo","address":{"village":"Bounzélé","county":"District de Kabo","state":"Sangha","ISO3166-2-lvl4":"CG-13","country":"Congo","country_code":"cg"},"osm_type":"node","osm_id":11355285827,"type":"village","location":[16.0817019,1.944022],"bbox":[16.0617019,1.924022,16.1017019,1.964022]}
{"name":"Cayo","display_name":"Cayo, District de Tchiamba-Nzassi, Pointe-Noire (département), Congo","address":{"village":"Cayo","county":"District de Tchiamba-Nzassi","state":"Pointe-Noire (département)","ISO3166-2-lvl4":"CG-16","country":"Congo","country_code":"cg"},"osm_type":"node","osm_id":3300964522,"type":"village","location":[12.0576671,-4.917026],"bbox":[12.0376671,-4.937026,12.0776671,-4.897026]}
{"name":"Dembouanou","display_name":"Dembouanou, Kouilou, Congo","address":{"village":"Dembouanou","state":"Kouilou","ISO3166-2-lvl4":"CG-5","country":"Congo","country_code":"cg"},"osm_type":"node","osm_id":3300964534,"type":"village","location":[12.0886265,-4.7154705],"bbox":[12.0686265,-4.7354705,12.1086265,-4.6954705],"border":{"name":"Dembouanou","display_name":"Dembouanou, Kouilou, Congo","address":{"village":"Dembouanou","state":"Kouilou","ISO3166-2-lvl4":"CG-5","country":"Congo","country_code":"cg"},"osm_type":"way","osm_id":323296674,"type":"village","location":[12.0886265,-4.7154705],"bbox":[12.0871134,-4.7184751,12.0906083,-4.7116401]}}
{"name":"Diénga","display_name":"Diénga, Niari, Congo","address":{"village":"Diénga","state":"Niari","ISO3166-2-lvl4":"CG-9","country":"Congo","country_code":"cg"},"osm_type":"node","osm_id":5020303199,"type":"village","location":[12.7294422,-1.882293],"bbox":[12.7094422,-1.902293,12.7494422,-1.862293]}
{"name":"Diosso","display_name":"Diosso, District de Loango, Kouilou, Congo","address":{"village":"Diosso","county":"District de Loango","state":"Kouilou","ISO3166-2-lvl4":"CG-5","country":"Congo","country_code":"cg"},"osm_type":"node","osm_id":3300964554,"type":"village","location":[11.8487808,-4.6289349],"bbox":[11.8287808,-4.6489349,11.8687808,-4.6089349]}
{"display_name":"District de Mokeko, Sangha, Congo","address":{"county":"District de Mokeko","state":"Sangha","ISO3166-2-lvl4":"CG-13","country":"Congo","country_code":"cg"},"osm_type":"node","osm_id":11358323026,"type":"village","location":[15.8086395,1.8529761],"bbox":[15.7886395,1.8329761,15.8286395,1.8729761]}
{"name":"Djeno","display_name":"Djeno, District de Tchiamba-Nzassi, Pointe-Noire (département), Congo","address":{"village":"Djeno","county":"District de Tchiamba-Nzassi","state":"Pointe-Noire (département)","ISO3166-2-lvl4":"CG-16","country":"Congo","country_code":"cg"},"osm_type":"node","osm_id":3300965061,"type":"village","location":[11.9479347,-4.9226363],"bbox":[11.9279347,-4.9426363,11.9679347,-4.9026363]}
{"display_name":"Dongou, Likouala, Congo","address":{"county":"Dongou","state":"Likouala","ISO3166-2-lvl4":"CG-7","country":"Congo","country_code":"cg"},"osm_type":"node","osm_id":11598734569,"type":"village","location":[17.1309122,3.469319],"bbox":[17.1109122,3.449319,17.1509122,3.489319]}
{"display_name":"Dongou, Likouala, Congo","address":{"county":"Dongou","state":"Likouala","ISO3166-2-lvl4":"CG-7","country":"Congo","country_code":"cg"},"osm_type":"node","osm_id":3374575333,"type":"village","location":[18.0873055,3.2737055],"bbox":[18.0673055,3.2537055,18.1073055,3.2937055]}
{"display_name":"Dongou, Likouala, Congo","address":{"county":"Dongou","state":"Likouala","ISO3166-2-lvl4":"CG-7","country":"Congo","country_code":"cg"},"osm_type":"node","osm_id":4916373382,"type":"village","location":[16.9565624,3.4451304],"bbox":[16.9365624,3.4251304,16.9765624,3.4651304]}
{"display_name":"Dongou, Likouala, Congo","address":{"county":"Dongou","state":"Likouala","ISO3166-2-lvl4":"CG-7","country":"Congo","country_code":"cg"},"osm_type":"way","osm_id":913330515,"type":"village","location":[17.30829251250377,3.52573665],"bbox":[17.3058041,3.5243589,17.3106533,3.5279091]}
{"name":"Douguila","display_name":"Douguila, Niari, Congo","address":{"village":"Douguila","state":"Niari","ISO3166-2-lvl4":"CG-9","country":"Congo","country_code":"cg"},"osm_type":"node","osm_id":3300965070,"type":"village","location":[11.8947684,-2.9173327],"bbox":[11.8747684,-2.9373327,11.9147684,-2.8973327]}
{"name":"Doumanga","display_name":"Doumanga, Mvouti, Kouilou, Congo","address":{"village":"Doumanga","county":"Mvouti","state":"Kouilou","ISO3166-2-lvl4":"CG-5","country":"Congo","country_code":"cg"},"osm_type":"node","osm_id":3300965074,"type":"village","location":[12.2289317,-4.4139595],"bbox":[12.2089317,-4.4339595,12.2489317,-4.3939595]}
{"name":"Dounguila","display_name":"Dounguila, Niari, Congo","address":{"village":"Dounguila","state":"Niari","ISO3166-2-lvl4":"CG-9","country":"Congo","country_code":"cg"},"osm_type":"node","osm_id":3616448775,"type":"village","location":[11.9807811,-2.8889553],"bbox":[11.9607811,-2.9089553,12.0007811,-2.8689553]}
{"name":"Doussala","display_name":"Doussala, Niari, Congo","address":{"village":"Doussala","state":"Niari","ISO3166-2-lvl4":"CG-9","country":"Congo","country_code":"cg"},"osm_type":"node","osm_id":3616328319,"type":"village","location":[11.6331668,-2.6331341],"bbox":[11.6131668,-2.6531341,11.6531668,-2.6131341]}
{"name":"Dziba-Dziba","display_name":"Dziba-Dziba, Niari, Congo","address":{"village":"Dziba-Dziba","state":"Niari","ISO3166-2-lvl4":"CG-9","country":"Congo","country_code":"cg"},"osm_type":"node","osm_id":11258089476,"type":"village","location":[12.5805306,-2.7008343],"bbox":[12.5605306,-2.7208343,12.6005306,-2.6808343]}
{"name":"Edou","display_name":"Edou, Owando, Cuvette, Congo","address":{"village":"Edou","county":"Owando","state":"Cuvette","ISO3166-2-lvl4":"CG-8","country":"Congo","country_code":"cg"},"osm_type":"node","osm_id":3300965087,"type":"village","location":[15.9577295,-1.114219],"bbox":[15.9377295,-1.134219,15.9777295,-1.094219]}
{"name":"Emonpibi","display_name":"Emonpibi, Lékana, Plateaux, Congo","address":{"village":"Emonpibi","county":"Lékana","state":"Plateaux","ISO3166-2-lvl4":"CG-14","country":"Congo","country_code":"cg"},"osm_type":"node","osm_id":3043397293,"type":"village","location":[14.4615316,-2.4285264],"bbox":[14.4415316,-2.4485264,14.4815316,-2.4085264]}
{"display_name":"Epéna, Likouala, Congo","address":{"county":"Epéna","state":"Likouala","ISO3166-2-lvl4":"CG-7","country":"Congo","country_code":"cg"},"osm_type":"node","osm_id":6537749866,"type":"village","location":[17.6434392,1.4146202],"bbox":[17.6234392,1.3946202,17.6634392,1.4346202]}
{"display_name":"Epéna, Likouala, Congo","address":{"county":"Epéna","state":"Likouala","ISO3166-2-lvl4":"CG-7","country":"Congo","country_code":"cg"},"osm_type":"node","osm_id":5631305057,"type":"village","location":[17.1092105,1.6911876],"bbox":[17.0892105,1.6711876,17.1292105,1.7111876]}
{"display_name":"Epéna, Likouala, Congo","address":{"county":"Epéna","state":"Likouala","ISO3166-2-lvl4":"CG-7","country":"Congo","country_code":"cg"},"osm_type":"node","osm_id":8491135641,"type":"village","location":[17.358134,1.6499724],"bbox":[17.338134,1.6299724,17.378134,1.6699724]}
{"display_name":"Epéna, Likouala, Congo","address":{"county":"Epéna","state":"Likouala","ISO3166-2-lvl4":"CG-7","country":"Congo","country_code":"cg"},"osm_type":"node","osm_id":5631305071,"type":"village","location":[17.0003772,1.7076866],"bbox":[16.9803772,1.6876866,17.0203772,1.7276866]}
{"display_name":"Epéna, Likouala, Congo","address":{"county":"Epéna","state":"Likouala","ISO3166-2-lvl4":"CG-7","country":"Congo","country_code":"cg"},"osm_type":"node","osm_id":4616562963,"type":"village","location":[17.3563324,1.1647585],"bbox":[17.3363324,1.1447585,17.3763324,1.1847585]}
{"display_name":"Epéna, Likouala, Congo","address":{"county":"Epéna","state":"Likouala","ISO3166-2-lvl4":"CG-7","country":"Congo","country_code":"cg"},"osm_type":"node","osm_id":11360885022,"type":"village","location":[17.0745778,0.9971092],"bbox":[17.0545778,0.9771092,17.0945778,1.0171092]}
{"display_name":"Epéna, Likouala, Congo","address":{"county":"Epéna","state":"Likouala","ISO3166-2-lvl4":"CG-7","country":"Congo","country_code":"cg"},"osm_type":"node","osm_id":5631295965,"type":"village","location":[17.057519,1.6832785],"bbox":[17.037519,1.6632785,17.077519,1.7032785]}
{"display_name":"Epéna, Likouala, Congo","address":{"county":"Epéna","state":"Likouala","ISO3166-2-lvl4":"CG-7","country":"Congo","country_code":"cg"},"osm_type":"node","osm_id":6537749867,"type":"village","location":[17.6678109,1.4213306],"bbox":[17.6478109,1.4013306,17.6878109,1.4413306]}
{"display_name":"Epéna, Likouala, Congo","address":{"county":"Epéna","state":"Likouala","ISO3166-2-lvl4":"CG-7","country":"Congo","country_code":"cg"},"osm_type":"node","osm_id":6537750234,"type":"village","location":[17.5617517,1.4076179],"bbox":[17.5417517,1.3876179,17.5817517,1.4276179]}
{"display_name":"Epéna, Likouala, Congo","address":{"county":"Epéna","state":"Likouala","ISO3166-2-lvl4":"CG-7","country":"Congo","country_code":"cg"},"osm_type":"node","osm_id":5631303260,"type":"village","location":[17.127943,1.6864153],"bbox":[17.107943,1.6664153,17.147943,1.7064153]}
{"display_name":"Epéna, Likouala, Congo","address":{"county":"Epéna","state":"Likouala","ISO3166-2-lvl4":"CG-7","country":"Congo","country_code":"cg"},"osm_type":"node","osm_id":7485342539,"type":"village","location":[17.4128614,1.2118964],"bbox":[17.3928614,1.1918964,17.4328614,1.2318964]}
{"display_name":"Epéna, Likouala, Congo","address":{"county":"Epéna","state":"Likouala","ISO3166-2-lvl4":"CG-7","country":"Congo","country_code":"cg"},"osm_type":"node","osm_id":7492499444,"type":"village","location":[17.3128152,1.0612752],"bbox":[17.2928152,1.0412752,17.3328152,1.0812752]}
{"display_name":"Epéna, Likouala, Congo","address":{"county":"Epéna","state":"Likouala","ISO3166-2-lvl4":"CG-7","country":"Congo","country_code":"cg"},"osm_type":"node","osm_id":8491114633,"type":"village","location":[17.5083626,1.3970973],"bbox":[17.4883626,1.3770973,17.5283626,1.4170973]}
{"display_name":"Epéna, Likouala, Congo","address":{"county":"Epéna","state":"Likouala","ISO3166-2-lvl4":"CG-7","country":"Congo","country_code":"cg"},"osm_type":"node","osm_id":4616562947,"type":"village","location":[17.3230945,1.1111464],"bbox":[17.3030945,1.0911464,17.3430945,1.1311464]}
{"display_name":"Epéna, Likouala, Congo","address":{"county":"Epéna","state":"Likouala","ISO3166-2-lvl4":"CG-7","country":"Congo","country_code":"cg"},"osm_type":"node","osm_id":7492499305,"type":"village","location":[17.3064474,1.0836262],"bbox":[17.2864474,1.0636262,17.3264474,1.1036262]}
{"display_name":"Epéna, Likouala, Congo","address":{"county":"Epéna","state":"Likouala","ISO3166-2-lvl4":"CG-7","country":"Congo","country_code":"cg"},"osm_type":"node","osm_id":12161485354,"type":"village","location":[17.4321431,-0.0069925],"bbox":[17.4121431,-0.0269925,17.4521431,0.0130075]}
{"display_name":"Epéna, Likouala, Congo","address":{"county":"Epéna","state":"Likouala","ISO3166-2-lvl4":"CG-7","country":"Congo","country_code":"cg"},"osm_type":"way","osm_id":505878166,"type":"village","location":[17.4749569282515,1.38800795],"bbox":[17.4720411,1.3852943,17.4778347,1.3903783]}
{"display_name":"Epéna, Likouala, Congo","address":{"county":"Epéna","state":"Likouala","ISO3166-2-lvl4":"CG-7","country":"Congo","country_code":"cg"},"osm_type":"way","osm_id":590851411,"type":"village","location":[17.35669650602501,1.6510983000000001],"bbox":[17.3532473,1.6424705,17.3597061,1.6598118]}
{"name":"Etaba I","display_name":"Etaba I, Kellé, Cuvette-Ouest, Congo","address":{"village":"Etaba I","county":"Kellé","state":"Cuvette-Ouest","ISO3166-2-lvl4":"CG-15","country":"Congo","country_code":"cg"},"osm_type":"node","osm_id":8953150993,"type":"village","location":[14.4361317,-0.0849901],"bbox":[14.4161317,-0.1049901,14.4561317,-0.0649901]}
{"name":"Etsouali","display_name":"Etsouali, Djambala, Plateaux, Congo","address":{"village":"Etsouali","county":"Djambala","state":"Plateaux","ISO3166-2-lvl4":"CG-14","country":"Congo","country_code":"cg"},"osm_type":"node","osm_id":3300965104,"type":"village","location":[15.5493267,-2.8561907],"bbox":[15.5293267,-2.8761907,15.5693267,-2.8361907]}
{"display_name":"Ewo, Cuvette-Ouest, Congo","address":{"county":"Ewo","state":"Cuvette-Ouest","ISO3166-2-lvl4":"CG-15","country":"Congo","country_code":"cg"},"osm_type":"node","osm_id":5666297979,"type":"village","location":[14.8670339,-1.0363919],"bbox":[14.8470339,-1.0563919,14.8870339,-1.0163919]}
{"display_name":"Ewo, Cuvette-Ouest, Congo","address":{"county":"Ewo","state":"Cuvette-Ouest","ISO3166-2-lvl4":"CG-15","country":"Congo","country_code":"cg"},"osm_type":"node","osm_id":6837869001,"type":"village","location":[14.7279005,-0.8359449],"bbox":[14.7079005,-0.8559449,14.7479005,-0.8159449]}
{"display_name":"Ewo, Cuvette-Ouest, Congo","address":{"county":"Ewo","state":"Cuvette-Ouest","ISO3166-2-lvl4":"CG-15","country":"Congo","country_code":"cg"},"osm_type":"node","osm_id":6837868999,"type":"village","location":[14.7473949,-0.8837094],"bbox":[14.7273949,-0.9037094,14.7673949,-0.8637094]}
{"display_name":"Ewo, Cuvette-Ouest, Congo","address":{"county":"Ewo","state":"Cuvette-Ouest","ISO3166-2-lvl4":"CG-15","country":"Congo","country_code":"cg"},"osm_type":"node","osm_id":6837869176,"type":"village","location":[14.7044944,-0.9145708],"bbox":[14.6844944,-0.9345708,14.7244944,-0.8945708]}
{"display_name":"Ewo, Cuvette-Ouest, Congo","address":{"county":"Ewo","state":"Cuvette-Ouest","ISO3166-2-lvl4":"CG-15","country":"Congo","country_code":"cg"},"osm_type":"node","osm_id":5666297935,"type":"village","location":[14.8450506,-0.9693899],"bbox":[14.8250506,-0.9893899,14.8650506,-0.9493899]}
{"display_name":"Ewo, Cuvette-Ouest, Congo","address":{"county":"Ewo","state":"Cuvette-Ouest","ISO3166-2-lvl4":"CG-15","country":"Congo","country_code":"cg"},"osm_type":"node","osm_id":5666298044,"type":"village","location":[14.9137312,-1.1009469],"bbox":[14.8937312,-1.1209469,14.9337312,-1.0809469]}
{"display_name":"Ewo, Cuvette-Ouest, Congo","address":{"county":"Ewo","state":"Cuvette-Ouest","ISO3166-2-lvl4":"CG-15","country":"Congo","country_code":"cg"},"osm_type":"node","osm_id":5666298027,"type":"village","location":[14.8987913,-1.0805443],"bbox":[14.8787913,-1.1005443,14.9187913,-1.0605443]}
{"display_name":"Ewo, Cuvette-Ouest, Congo","address":{"county":"Ewo","state":"Cuvette-Ouest","ISO3166-2-lvl4":"CG-15","country":"Congo","country_code":"cg"},"osm_type":"node","osm_id":5666195787,"type":"village","location":[14.6992028,-0.6325164],"bbox":[14.6792028,-0.6525164,14.7192028,-0.6125164]}
{"display_name":"Ewo, Cuvette-Ouest, Congo","address":{"county":"Ewo","state":"Cuvette-Ouest","ISO3166-2-lvl4":"CG-15","country":"Congo","country_code":"cg"},"osm_type":"node","osm_id":5666297966,"type":"village","location":[14.8572492,-1.0094025],"bbox":[14.8372492,-1.0294025,14.8772492,-0.9894025]}
{"display_name":"Ewo, Cuvette-Ouest, Congo","address":{"county":"Ewo","state":"Cuvette-Ouest","ISO3166-2-lvl4":"CG-15","country":"Congo","country_code":"cg"},"osm_type":"node","osm_id":5666298015,"type":"village","location":[14.8802948,-1.059616],"bbox":[14.8602948,-1.079616,14.9002948,-1.039616]}
{"display_name":"Ewo, Cuvette-Ouest, Congo","address":{"county":"Ewo","state":"Cuvette-Ouest","ISO3166-2-lvl4":"CG-15","country":"Congo","country_code":"cg"},"osm_type":"node","osm_id":5666196453,"type":"village","location":[14.7139764,-0.7316653],"bbox":[14.6939764,-0.7516653,14.7339764,-0.7116653]}
{"display_name":"Ewo, Cuvette-Ouest, Congo","address":{"county":"Ewo","state":"Cuvette-Ouest","ISO3166-2-lvl4":"CG-15","country":"Congo","country_code":"cg"},"osm_type":"node","osm_id":5666297943,"type":"village","location":[14.8430228,-0.9583408],"bbox":[14.8230228,-0.9783408,14.8630228,-0.9383408]}
{"display_name":"Ewo, Cuvette-Ouest, Congo","address":{"county":"Ewo","state":"Cuvette-Ouest","ISO3166-2-lvl4":"CG-15","country":"Congo","country_code":"cg"},"osm_type":"node","osm_id":5666656333,"type":"village","location":[14.9897074,-0.5514322],"bbox":[14.9697074,-0.5714322,15.0097074,-0.5314322]}
{"display_name":"Ewo, Cuvette-Ouest, Congo","address":{"county":"Ewo","state":"Cuvette-Ouest","ISO3166-2-lvl4":"CG-15","country":"Congo","country_code":"cg"},"osm_type":"node","osm_id":5666195459,"type":"village","location":[14.5766473,-0.6912207],"bbox":[14.5566473,-0.7112207,14.5966473,-0.6712207]}
{"name":"Fouta","display_name":"Fouta, District de Tchiamba-Nzassi, Pointe-Noire (département), Congo","address":{"village":"Fouta","county":"District de Tchiamba-Nzassi","state":"Pointe-Noire (département)","ISO3166-2-lvl4":"CG-16","country":"Congo","country_code":"cg"},"osm_type":"node","osm_id":3300965109,"type":"village","location":[11.984854,-4.9725264],"bbox":[11.964854,-4.9925264,12.004854,-4.9525264]}
{"display_name":"Gamboma, Plateaux, Congo","address":{"county":"Gamboma","state":"Plateaux","ISO3166-2-lvl4":"CG-14","country":"Congo","country_code":"cg"},"osm_type":"node","osm_id":10589375537,"type":"village","location":[15.7553893,-1.763438],"bbox":[15.7353893,-1.783438,15.7753893,-1.743438]}
{"display_name":"Gamboma, Plateaux, Congo","address":{"county":"Gamboma","state":"Plateaux","ISO3166-2-lvl4":"CG-14","country":"Congo","country_code":"cg"},"osm_type":"node","osm_id":10589367381,"type":"village","location":[15.7993949,-1.7804128],"bbox":[15.7793949,-1.8004128,15.8193949,-1.7604128]}
{"display_name":"Gamboma, Plateaux, Congo","address":{"county":"Gamboma","state":"Plateaux","ISO3166-2-lvl4":"CG-14","country":"Congo","country_code":"cg"},"osm_type":"way","osm_id":919663835,"type":"village","location":[15.980099378907642,-1.58388405],"bbox":[15.9773076,-1.5848654,15.9828597,-1.5826722]}
{"display_name":"Gamboma, Plateaux, Congo","address":{"county":"Gamboma","state":"Plateaux","ISO3166-2-lvl4":"CG-14","country":"Congo","country_code":"cg"},"osm_type":"way","osm_id":918682520,"type":"village","location":[15.799717147982001,-1.55739645],"bbox":[15.7986054,-1.5584287,15.8007377,-1.556458]}
{"display_name":"Gamboma, Plateaux, Congo","address":{"county":"Gamboma","state":"Plateaux","ISO3166-2-lvl4":"CG-14","country":"Congo","country_code":"cg"},"osm_type":"way","osm_id":919659883,"type":"village","location":[15.801552654557794,-1.5087492],"bbox":[15.8010757,-1.5107722,15.802862,-1.5066511]}
{"display_name":"Gamboma, Plateaux, Congo","address":{"county":"Gamboma","state":"Plateaux","ISO3166-2-lvl4":"CG-14","country":"Congo","country_code":"cg"},"osm_type":"way","osm_id":918932167,"type":"village","location":[16.012635197854593,-1.5496102],"bbox":[16.0091078,-1.5518436,16.0162747,-1.5474786]}
{"display_name":"Gamboma, Plateaux, Congo","address":{"county":"Gamboma","state":"Plateaux","ISO3166-2-lvl4":"CG-14","country":"Congo","country_code":"cg"},"osm_type":"way","osm_id":918672056,"type":"village","location":[15.792297517888986,-1.5530194000000002],"bbox":[15.7914734,-1.5537044,15.7929057,-1.5523719]}
{"display_name":"Gamboma, Plateaux, Congo","address":{"county":"Gamboma","state":"Plateaux","ISO3166-2-lvl4":"CG-14","country":"Congo","country_code":"cg"},"osm_type":"way","osm_id":919660840,"type":"village","location":[15.813662237526533,-1.4968590499999999],"bbox":[15.8121425,-1.4974945,15.8149213,-1.4962075]}
{"display_name":"Gamboma, Plateaux, Congo","address":{"county":"Gamboma","state":"Plateaux","ISO3166-2-lvl4":"CG-14","country":"Congo","country_code":"cg"},"osm_type":"way","osm_id":918686972,"type":"village","location":[15.782936892976032,-1.5733657],"bbox":[15.7824853,-1.5739556,15.7834858,-1.5727571]}
{"display_name":"Gamboma, Plateaux, Congo","address":{"county":"Gamboma","state":"Plateaux","ISO3166-2-lvl4":"CG-14","country":"Congo","country_code":"cg"},"osm_type":"way","osm_id":918667319,"type":"village","location":[15.79536724334746,-1.5297851],"bbox":[15.7916772,-1.5315949,15.7984793,-1.5279699]}
{"display_name":"Gamboma, Plateaux, Congo","address":{"county":"Gamboma","state":"Plateaux","ISO3166-2-lvl4":"CG-14","country":"Congo","country_code":"cg"},"osm_type":"way","osm_id":919653702,"type":"village","location":[15.66681940217265,-1.5464624],"bbox":[15.6647336,-1.5480685,15.6689125,-1.5448296]}
{"name":"Gantchou","display_name":"Gantchou, Pool, Congo","address":{"village":"Gantchou","state":"Pool","ISO3166-2-lvl4":"CG-12","country":"Congo","country_code":"cg"},"osm_type":"node","osm_id":614007237,"type":"village","location":[16.1900728,-3.3550188],"bbox":[16.1700728,-3.3750188,16.2100728,-3.3350188]}
{"name":"Gatongo","display_name":"Gatongo, District de Kabo, Sangha, Congo","address":{"village":"Gatongo","county":"District de Kabo","state":"Sangha","ISO3166-2-lvl4":"CG-13","country":"Congo","country_code":"cg"},"osm_type":"node","osm_id":11832610162,"type":"village","location":[16.1303383,1.6892197],"bbox":[16.1103383,1.6692197,16.1503383,1.7092197]}
{"name":"Gola","display_name":"Gola, District de Mokeko, Sangha, Congo","address":{"village":"Gola","county":"District de Mokeko","state":"Sangha","ISO3166-2-lvl4":"CG-13","country":"Congo","country_code":"cg"},"osm_type":"node","osm_id":11358323008,"type":"village","location":[15.7351255,1.9154485],"bbox":[15.7151255,1.8954485,15.7551255,1.9354485]}
{"name":"Gouga","other_names":{"name:fr":"Gouga","alt_name":"Gouga routier"},"display_name":"Gouga, Dongou, Likouala, Congo","address":{"village":"Gouga","county":"Dongou","state":"Likouala","ISO3166-2-lvl4":"CG-7","country":"Congo","country_code":"cg"},"osm_type":"node","osm_id":4717336725,"type":"village","location":[18.595278,3.478056],"bbox":[18.575278,3.458056,18.615278,3.498056]}
{"name":"Hamon","other_names":{"name:fr":"Hamon","alt_name":"Madzia"},"display_name":"Hamon, Pool, Congo","address":{"village":"Hamon","state":"Pool","ISO3166-2-lvl4":"CG-12","country":"Congo","country_code":"cg"},"osm_type":"node","osm_id":11255189896,"type":"village","location":[14.7975186,-4.1933816],"bbox":[14.7775186,-4.2133816,14.8175186,-4.1733816]}
{"name":"Ibolo","display_name":"Ibolo, Epéna, Likouala, Congo","address":{"village":"Ibolo","county":"Epéna","state":"Likouala","ISO3166-2-lvl4":"CG-7","country":"Congo","country_code":"cg"},"osm_type":"node","osm_id":6537620486,"type":"village","location":[17.4931036,1.3495885],"bbox":[17.4731036,1.3295885,17.5131036,1.3695885]}
{"name":"Idzendi","display_name":"Idzendi, Niari, Congo","address":{"village":"Idzendi","state":"Niari","ISO3166-2-lvl4":"CG-9","country":"Congo","country_code":"cg"},"osm_type":"node","osm_id":11257670979,"type":"village","location":[12.4806609,-2.6182],"bbox":[12.4606609,-2.6382,12.5006609,-2.5982]}
{"name":"Ignié","display_name":"Ignié, Pool, Congo","address":{"village":"Ignié","state":"Pool","ISO3166-2-lvl4":"CG-12","country":"Congo","country_code":"cg"},"osm_type":"node","osm_id":12563958059,"type":"village","location":[15.3818139,-3.9766214],"bbox":[15.3618139,-3.9966214,15.4018139,-3.9566214]}
{"name":"Ikpembele","display_name":"Ikpembele, Dongou, Likouala, Congo","address":{"village":"Ikpembele","county":"Dongou","state":"Likouala","ISO3166-2-lvl4":"CG-7","country":"Congo","country_code":"cg"},"osm_type":"node","osm_id":5683556819,"type":"village","location":[18.6229031,3.1799422],"bbox":[18.6029031,3.1599422,18.6429031,3.1999422]}
{"name":"Impé","display_name":"Impé, Djambala, Plateaux, Congo","address":{"village":"Impé","county":"Djambala","state":"Plateaux","ISO3166-2-lvl4":"CG-14","country":"Congo","country_code":"cg"},"osm_type":"node","osm_id":3300965139,"type":"village","location":[15.2717443,-2.7283445],"bbox":[15.2517443,-2.7483445,15.2917443,-2.7083445]}
{"name":"Ingha","display_name":"Ingha, Pool, Congo","address":{"village":"Ingha","state":"Pool","ISO3166-2-lvl4":"CG-12","country":"Congo","country_code":"cg"},"osm_type":"node","osm_id":3043445717,"type":"village","location":[15.5209857,-3.4792516],"bbox":[15.5009857,-3.4992516,15.5409857,-3.4592516]}
{"name":"Kabo","other_names":{"name:fr":"Kabo","alt_name":"Kabbo"},"display_name":"Kabo, District de Kabo, Sangha, Congo","address":{"village":"Kabo","county":"District de Kabo","state":"Sangha","ISO3166-2-lvl4":"CG-13","country":"Congo","country_code":"cg"},"osm_type":"node","osm_id":3069183677,"type":"village","location":[16.0806556,2.0354598],"bbox":[16.0606556,2.0154598,16.1006556,2.0554598]}
{"name":"Kayes","display_name":"Kayes, Nkayi, Bouenza, Congo","address":{"village":"Kayes","county":"Nkayi","state":"Bouenza","ISO3166-2-lvl4":"CG-11","country":"Congo","country_code":"cg"},"osm_type":"node","osm_id":11248726075,"type":"village","location":[13.2934684,-4.1682598],"bbox":[13.2734684,-4.1882598,13.3134684,-4.1482598]}
{"name":"Kébili","display_name":"Kébili, Ewo, Cuvette-Ouest, Congo","address":{"village":"Kébili","county":"Ewo","state":"Cuvette-Ouest","ISO3166-2-lvl4":"CG-15","country":"Congo","country_code":"cg"},"osm_type":"node","osm_id":6797696378,"type":"village","location":[14.5077324,-0.8712406],"bbox":[14.4877324,-0.8912406,14.5277324,-0.8512406]}
{"name":"Kibouendé","other_names":{"name:fr":"Kibouendé","alt_name":"Barastier"},"display_name":"Kibouendé, Pool, Congo","address":{"village":"Kibouendé","state":"Pool","ISO3166-2-lvl4":"CG-12","country":"Congo","country_code":"cg"},"population":1342,"osm_type":"node","osm_id":3300965589,"type":"village","location":[14.8987322,-4.1578285],"bbox":[14.8787322,-4.1778285,14.9187322,-4.1378285]}
{"name":"Kilebe Moussia","display_name":"Kilebe Moussia, Pool, Congo","address":{"village":"Kilebe Moussia","state":"Pool","ISO3166-2-lvl4":"CG-12","country":"Congo","country_code":"cg"},"osm_type":"node","osm_id":3043397339,"type":"village","location":[14.366484,-3.859823],"bbox":[14.346484,-3.879823,14.386484,-3.839823]}
{"name":"Kinanga","display_name":"Kinanga, Kakamoeka, Kouilou, Congo","address":{"village":"Kinanga","county":"Kakamoeka","state":"Kouilou","ISO3166-2-lvl4":"CG-5","country":"Congo","country_code":"cg"},"osm_type":"node","osm_id":3300965660,"type":"village","location":[12.1549196,-4.2861959],"bbox":[12.1349196,-4.3061959,12.1749196,-4.2661959]}
{"name":"Kounda Nord","display_name":"Kounda Nord, Mossaka, Cuvette, Congo","address":{"village":"Kounda Nord","county":"Mossaka","state":"Cuvette","ISO3166-2-lvl4":"CG-8","country":"Congo","country_code":"cg"},"osm_type":"node","osm_id":613557221,"type":"village","location":[16.6295021,-1.5209295],"bbox":[16.6095021,-1.5409295,16.6495021,-1.5009295]}
{"name":"La Loeme","display_name":"La Loeme, Hinda, Kouilou, Congo","address":{"village":"La Loeme","town":"Hinda","state":"Kouilou","ISO3166-2-lvl4":"CG-5","country":"Congo","country_code":"cg"},"osm_type":"node","osm_id":3300966481,"type":"village","location":[12.1703964,-4.5979642],"bbox":[12.1503964,-4.6179642,12.1903964,-4.5779642]}
{"name":"Lékéti","display_name":"Lékéti, Okoyo, Cuvette, Congo","address":{"village":"Lékéti","county":"Okoyo","state":"Cuvette","ISO3166-2-lvl4":"CG-8","country":"Congo","country_code":"cg"},"osm_type":"node","osm_id":3300966557,"type":"village","location":[14.9522746,-1.5861628],"bbox":[14.9322746,-1.6061628,14.9722746,-1.5661628]}
{"name":"Lékoko-Frontière","display_name":"Lékoko-Frontière, Niari, Congo","address":{"village":"Lékoko-Frontière","state":"Niari","ISO3166-2-lvl4":"CG-9","country":"Congo","country_code":"cg"},"osm_type":"node","osm_id":9005737741,"type":"village","location":[12.8954021,-2.0664952],"bbox":[12.8754021,-2.0864952,12.9154021,-2.0464952]}
{"name":"Lémbéssi","display_name":"Lémbéssi, Ewo, Cuvette-Ouest, Congo","address":{"village":"Lémbéssi","county":"Ewo","state":"Cuvette-Ouest","ISO3166-2-lvl4":"CG-15","country":"Congo","country_code":"cg"},"osm_type":"node","osm_id":8955455020,"type":"village","location":[14.5482895,-0.9040117],"bbox":[14.5282895,-0.9240117,14.5682895,-0.8840117]}
{"name":"Lengoli","display_name":"Lengoli, Mossaka, Cuvette, Congo","address":{"village":"Lengoli","county":"Mossaka","state":"Cuvette","ISO3166-2-lvl4":"CG-8","country":"Congo","country_code":"cg"},"osm_type":"node","osm_id":7852616786,"type":"village","location":[16.9010845,-1.1645581],"bbox":[16.8810845,-1.1845581,16.9210845,-1.1445581]}
{"name":"Les Saras","display_name":"Les Saras, Mvouti, Kouilou, Congo","address":{"village":"Les Saras","county":"Mvouti","state":"Kouilou","ISO3166-2-lvl4":"CG-5","country":"Congo","country_code":"cg"},"osm_type":"node","osm_id":3300966492,"type":"village","location":[12.3621008,-4.3566624],"bbox":[12.3421008,-4.3766624,12.3821008,-4.3366624]}
{"name":"Lessanga","display_name":"Lessanga, Gamboma, Plateaux, Congo","address":{"village":"Lessanga","county":"Gamboma","state":"Plateaux","ISO3166-2-lvl4":"CG-14","country":"Congo","country_code":"cg"},"osm_type":"node","osm_id":3043397053,"type":"village","location":[16.1466495,-1.6076228],"bbox":[16.1266495,-1.6276228,16.1666495,-1.5876228]}
{"name":"Likendzé sangha","display_name":"Likendzé sangha, Mossaka, Cuvette, Congo","address":{"village":"Likendzé sangha","county":"Mossaka","state":"Cuvette","ISO3166-2-lvl4":"CG-8","country":"Congo","country_code":"cg"},"osm_type":"node","osm_id":7852616590,"type":"village","location":[16.9982261,-0.9840233],"bbox":[16.9782261,-1.0040233,17.0182261,-0.9640233]}
{"name":"Linzolo","display_name":"Linzolo, Pool, Congo","address":{"village":"Linzolo","state":"Pool","ISO3166-2-lvl4":"CG-12","country":"Congo","country_code":"cg"},"osm_type":"node","osm_id":3300966221,"type":"village","location":[15.1068663,-4.413723],"bbox":[15.0868663,-4.433723,15.1268663,-4.393723]}
{"name":"Liouesso","display_name":"Liouesso, District de Mokeko, Sangha, Congo","address":{"village":"Liouesso","county":"District de Mokeko","state":"Sangha","ISO3166-2-lvl4":"CG-13","country":"Congo","country_code":"cg"},"osm_type":"node","osm_id":925207395,"type":"village","location":[15.6925591,1.0504856],"bbox":[15.6725591,1.0304856,15.7125591,1.0704856]}
{"name":"Loaka","display_name":"Loaka, Kakamoeka, Kouilou, Congo","address":{"village":"Loaka","county":"Kakamoeka","state":"Kouilou","ISO3166-2-lvl4":"CG-5","country":"Congo","country_code":"cg"},"osm_type":"node","osm_id":3300966502,"type":"village","location":[11.9546493,-4.1749183],"bbox":[11.9346493,-4.1949183,11.9746493,-4.1549183]}
{"name":"Lopola","display_name":"Lopola, Dongou, Likouala, Congo","address":{"village":"Lopola","county":"Dongou","state":"Likouala","ISO3166-2-lvl4":"CG-7","country":"Congo","country_code":"cg"},"osm_type":"node","osm_id":6056158296,"type":"village","location":[16.9927919,3.0734738],"bbox":[16.9727919,3.0534738,17.0127919,3.0934738]}
{"name":"Loubetsi","display_name":"Loubetsi, Niari, Congo","address":{"village":"Loubetsi","state":"Niari","ISO3166-2-lvl4":"CG-9","country":"Congo","country_code":"cg"},"osm_type":"node","osm_id":3300966519,"type":"village","location":[12.1282344,-3.2368482],"bbox":[12.1082344,-3.2568482,12.1482344,-3.2168482]}
{"name":"Loukakou","display_name":"Loukakou, Pool, Congo","address":{"village":"Loukakou","state":"Pool","ISO3166-2-lvl4":"CG-12","country":"Congo","country_code":"cg"},"osm_type":"node","osm_id":3043397712,"type":"village","location":[14.9653822,-4.4413404],"bbox":[14.9453822,-4.4613404,14.9853822,-4.4213404]}
{"name":"Loukanga","display_name":"Loukanga, Pool, Congo","address":{"village":"Loukanga","state":"Pool","ISO3166-2-lvl4":"CG-12","country":"Congo","country_code":"cg"},"osm_type":"node","osm_id":2050582793,"type":"village","location":[15.1448983,-4.3384212],"bbox":[15.1248983,-4.3584212,15.1648983,-4.3184212]}
{"name":"Loukoko","display_name":"Loukoko, Pool, Congo","address":{"village":"Loukoko","state":"Pool","ISO3166-2-lvl4":"CG-12","country":"Congo","country_code":"cg"},"osm_type":"node","osm_id":3043397711,"type":"village","location":[14.9424242,-4.4706378],"bbox":[14.9224242,-4.4906378,14.9624242,-4.4506378]}
{"display_name":"Loukoléla, Cuvette, Congo","address":{"county":"Loukoléla","state":"Cuvette","ISO3166-2-lvl4":"CG-8","country":"Congo","country_code":"cg"},"osm_type":"node","osm_id":9131995727,"type":"village","location":[17.3489141,-0.9097241],"bbox":[17.3289141,-0.9297241,17.3689141,-0.8897241]}
{"display_name":"Loukoléla, Cuvette, Congo","address":{"county":"Loukoléla","state":"Cuvette","ISO3166-2-lvl4":"CG-8","country":"Congo","country_code":"cg"},"osm_type":"node","osm_id":9131995728,"type":"village","location":[17.3644817,-0.8999085],"bbox":[17.3444817,-0.9199085,17.3844817,-0.8799085]}
{"display_name":"Loukoléla, Cuvette, Congo","address":{"county":"Loukoléla","state":"Cuvette","ISO3166-2-lvl4":"CG-8","country":"Congo","country_code":"cg"},"osm_type":"node","osm_id":9131983401,"type":"village","location":[17.1912646,-1.0218245],"bbox":[17.1712646,-1.0418245,17.2112646,-1.0018245]}
{"display_name":"Loukoléla, Cuvette, Congo","address":{"county":"Loukoléla","state":"Cuvette","ISO3166-2-lvl4":"CG-8","country":"Congo","country_code":"cg"},"osm_type":"node","osm_id":9131995729,"type":"village","location":[17.3823237,-0.8924207],"bbox":[17.3623237,-0.9124207,17.4023237,-0.8724207]}
{"display_name":"Loukoléla, Cuvette, Congo","address":{"county":"Loukoléla","state":"Cuvette","ISO3166-2-lvl4":"CG-8","country":"Congo","country_code":"cg"},"osm_type":"node","osm_id":9131983336,"type":"village","location":[17.4732399,-0.7859699],"bbox":[17.4532399,-0.8059699,17.4932399,-0.7659699]}
{"display_name":"Loukoléla, Cuvette, Congo","address":{"county":"Loukoléla","state":"Cuvette","ISO3166-2-lvl4":"CG-8","country":"Congo","country_code":"cg"},"osm_type":"node","osm_id":9131983402,"type":"village","location":[17.2136664,-1.0068816],"bbox":[17.1936664,-1.0268816,17.2336664,-0.9868816]}
{"display_name":"Loukoléla, Cuvette, Congo","address":{"county":"Loukoléla","state":"Cuvette","ISO3166-2-lvl4":"CG-8","country":"Congo","country_code":"cg"},"osm_type":"node","osm_id":9131983403,"type":"village","location":[17.2771704,-0.9829599],"bbox":[17.2571704,-1.0029599,17.2971704,-0.9629599]}
{"display_name":"Loukoléla, Cuvette, Congo","address":{"county":"Loukoléla","state":"Cuvette","ISO3166-2-lvl4":"CG-8","country":"Congo","country_code":"cg"},"osm_type":"node","osm_id":9131983328,"type":"village","location":[17.078746,-1.0802708],"bbox":[17.058746,-1.1002708,17.098746,-1.0602708]}
{"display_name":"Loukoléla, Cuvette, Congo","address":{"county":"Loukoléla","state":"Cuvette","ISO3166-2-lvl4":"CG-8","country":"Congo","country_code":"cg"},"osm_type":"node","osm_id":9131995722,"type":"village","location":[17.3301065,-0.9113762],"bbox":[17.3101065,-0.9313762,17.3501065,-0.8913762]}
{"name":"Loukouo","display_name":"Loukouo, Pool, Congo","address":{"village":"Loukouo","state":"Pool","ISO3166-2-lvl4":"CG-12","country":"Congo","country_code":"cg"},"osm_type":"node","osm_id":3300966541,"type":"village","location":[14.661655,-3.6330462],"bbox":[14.641655,-3.6530462,14.681655,-3.6130462]}
{"name":"Loundoungou","display_name":"Loundoungou, Epéna, Likouala, Congo","address":{"village":"Loundoungou","county":"Epéna","state":"Likouala","ISO3166-2-lvl4":"CG-7","country":"Congo","country_code":"cg"},"osm_type":"node","osm_id":9346208421,"type":"village","location":[17.0424422,2.4557127],"bbox":[17.0224422,2.4357127,17.0624422,2.4757127]}
{"name":"Louvoulou","display_name":"Louvoulou, Kakamoeka, Kouilou, Congo","address":{"village":"Louvoulou","county":"Kakamoeka","state":"Kouilou","ISO3166-2-lvl4":"CG-5","country":"Congo","country_code":"cg"},"osm_type":"node","osm_id":3300966553,"type":"village","location":[12.1424269,-4.3733018],"bbox":[12.1224269,-4.3933018,12.1624269,-4.3533018]}
{"name":"Mabaya","display_name":"Mabaya, Pool, Congo","address":{"village":"Mabaya","state":"Pool","ISO3166-2-lvl4":"CG-12","country":"Congo","country_code":"cg"},"osm_type":"node","osm_id":11214284640,"type":"village","location":[15.0682804,-4.3285931],"bbox":[15.0482804,-4.3485931,15.0882804,-4.3085931]}
{"name":"Mabélou","display_name":"Mabélou, Dongou, Likouala, Congo","address":{"village":"Mabélou","county":"Dongou","state":"Likouala","ISO3166-2-lvl4":"CG-7","country":"Congo","country_code":"cg"},"osm_type":"node","osm_id":922919222,"type":"village","location":[18.3406525,2.6540387],"bbox":[18.3206525,2.6340387,18.3606525,2.6740387]}
{"name":"Maboko","display_name":"Maboko, District de Mokeko, Sangha, Congo","address":{"village":"Maboko","county":"District de Mokeko","state":"Sangha","ISO3166-2-lvl4":"CG-13","country":"Congo","country_code":"cg"},"osm_type":"node","osm_id":11832609889,"type":"village","location":[16.0187477,1.6731816],"bbox":[15.9987477,1.6531816,16.0387477,1.6931816]}
{"name":"Mabombo","display_name":"Mabombo, Mouyondzi, Bouenza, Congo","address":{"village":"Mabombo","county":"Mouyondzi","state":"Bouenza","ISO3166-2-lvl4":"CG-11","country":"Congo","country_code":"cg"},"population":2000,"osm_type":"node","osm_id":3300966972,"type":"village","location":[13.8994151,-3.9639655],"bbox":[13.8794151,-3.9839655,13.9194151,-3.9439655]}
{"name":"Magabiga","display_name":"Magabiga, Niari, Congo","address":{"village":"Magabiga","state":"Niari","ISO3166-2-lvl4":"CG-9","country":"Congo","country_code":"cg"},"osm_type":"node","osm_id":11257792201,"type":"village","location":[12.2417553,-2.6159356],"bbox":[12.2217553,-2.6359356,12.2617553,-2.5959356]}
{"name":"Maïpili","display_name":"Maïpili, Pool, Congo","address":{"village":"Maïpili","state":"Pool","ISO3166-2-lvl4":"CG-12","country":"Congo","country_code":"cg"},"osm_type":"node","osm_id":614007281,"type":"village","location":[15.9663981,-3.7631267],"bbox":[15.9463981,-3.7831267,15.9863981,-3.7431267]}
{"name":"Makabana","display_name":"Makabana, Niari, Congo","address":{"village":"Makabana","state":"Niari","ISO3166-2-lvl4":"CG-9","country":"Congo","country_code":"cg"},"population":10000,"osm_type":"node","osm_id":3300966989,"type":"village","location":[12.6067903,-3.4833747],"bbox":[12.5867903,-3.5033747,12.6267903,-3.4633747]}
{"name":"Makaka","display_name":"Makaka, Mouyondzi, Bouenza, Congo","address":{"village":"Makaka","county":"Mouyondzi","state":"Bouenza","ISO3166-2-lvl4":"CG-11","country":"Congo","country_code":"cg"},"osm_type":"node","osm_id":3300966993,"type":"village","location":[13.6543333,-3.7591842],"bbox":[13.6343333,-3.7791842,13.6743333,-3.7391842]}
{"name":"Makao-Linganga","display_name":"Makao-Linganga, Dongou, Likouala, Congo","address":{"village":"Makao-Linganga","county":"Dongou","state":"Likouala","ISO3166-2-lvl4":"CG-7","country":"Congo","country_code":"cg"},"osm_type":"node","osm_id":925166993,"type":"village","location":[17.1727345,2.5958516],"bbox":[17.1527345,2.5758516,17.1927345,2.6158516]}
{"display_name":"Makoua, Cuvette, Congo","address":{"county":"Makoua","state":"Cuvette","ISO3166-2-lvl4":"CG-8","country":"Congo","country_code":"cg"},"osm_type":"node","osm_id":7056292992,"type":"village","location":[16.0319281,0.0389564],"bbox":[16.0119281,0.0189564,16.0519281,0.0589564]}
{"display_name":"Makoua, Cuvette, Congo","address":{"county":"Makoua","state":"Cuvette","ISO3166-2-lvl4":"CG-8","country":"Congo","country_code":"cg"},"osm_type":"node","osm_id":7056292993,"type":"village","location":[16.0226262,0.0326908],"bbox":[16.0026262,0.0126908,16.0426262,0.0526908]}
{"display_name":"Makoua, Cuvette, Congo","address":{"county":"Makoua","state":"Cuvette","ISO3166-2-lvl4":"CG-8","country":"Congo","country_code":"cg"},"osm_type":"node","osm_id":5262840679,"type":"village","location":[15.8971427,0.0579031],"bbox":[15.8771427,0.0379031,15.9171427,0.0779031]}
{"name":"Malélé","display_name":"Malélé, Mvouti, Kouilou, Congo","address":{"village":"Malélé","county":"Mvouti","state":"Kouilou","ISO3166-2-lvl4":"CG-5","country":"Congo","country_code":"cg"},"osm_type":"node","osm_id":3300967015,"type":"village","location":[12.1397468,-4.4213203],"bbox":[12.1197468,-4.4413203,12.1597468,-4.4013203]}
{"name":"Malemba","other_names":{"name:fr":"Malemba","alt_name":"Girard"},"display_name":"Malemba, Mvouti, Kouilou, Congo","address":{"village":"Malemba","county":"Mvouti","state":"Kouilou","ISO3166-2-lvl4":"CG-5","country":"Congo","country_code":"cg"},"osm_type":"node","osm_id":3300967004,"type":"village","location":[12.43878,-4.3294838],"bbox":[12.41878,-4.3494838,12.45878,-4.3094838]}
{"name":"Malembo","display_name":"Malembo, Kakamoeka, Kouilou, Congo","address":{"village":"Malembo","county":"Kakamoeka","state":"Kouilou","ISO3166-2-lvl4":"CG-5","country":"Congo","country_code":"cg"},"osm_type":"node","osm_id":3300967006,"type":"village","location":[11.9430491,-4.1823477],"bbox":[11.9230491,-4.2023477,11.9630491,-4.1623477]}
{"name":"Mangoun","display_name":"Mangoun, Souanké, Sangha, Congo","address":{"village":"Mangoun","county":"Souanké","state":"Sangha","ISO3166-2-lvl4":"CG-13","country":"Congo","country_code":"cg"},"osm_type":"node","osm_id":2461916133,"type":"village","location":[13.4458753,2.1617254],"bbox":[13.4258753,2.1417254,13.4658753,2.1817254]}
{"name":"Manzi","other_names":{"name:fr":"Manzi","alt_name":"Mandzi"},"display_name":"Manzi, Kakamoeka, Kouilou, Congo","address":{"village":"Manzi","county":"Kakamoeka","state":"Kouilou","ISO3166-2-lvl4":"CG-5","country":"Congo","country_code":"cg"},"osm_type":"node","osm_id":3300967044,"type":"village","location":[12.1422145,-4.1223664],"bbox":[12.1222145,-4.1423664,12.1622145,-4.1023664]}
{"name":"Matensama","display_name":"Matensama, Pool, Congo","address":{"village":"Matensama","state":"Pool","ISO3166-2-lvl4":"CG-12","country":"Congo","country_code":"cg"},"osm_type":"node","osm_id":3043397340,"type":"village","location":[14.3996715,-3.7891948],"bbox":[14.3796715,-3.8091948,14.4196715,-3.7691948]}
{"name":"Matoko","display_name":"Matoko, Epéna, Likouala, Congo","address":{"village":"Matoko","county":"Epéna","state":"Likouala","ISO3166-2-lvl4":"CG-7","country":"Congo","country_code":"cg"},"osm_type":"node","osm_id":7091108085,"type":"village","location":[17.4747254,1.3883028],"bbox":[17.4547254,1.3683028,17.4947254,1.4083028]}
{"name":"Maty","display_name":"Maty, Pool, Congo","address":{"village":"Maty","state":"Pool","ISO3166-2-lvl4":"CG-12","country":"Congo","country_code":"cg"},"osm_type":"node","osm_id":10943676683,"type":"village","location":[15.3346244,-3.9874441],"bbox":[15.3146244,-4.0074441,15.3546244,-3.9674441]}
{"name":"Mavounoungou","display_name":"Mavounoungou, Bambama, Lékoumou, Congo","address":{"village":"Mavounoungou","county":"Bambama","state":"Lékoumou","ISO3166-2-lvl4":"CG-2","country":"Congo","country_code":"cg"},"osm_type":"node","osm_id":7911325820,"type":"village","location":[13.5969667,-2.4314532],"bbox":[13.5769667,-2.4514532,13.6169667,-2.4114532]}
{"name":"Mayéyé","display_name":"Mayéyé, Sibiti, Lékoumou, Congo","address":{"village":"Mayéyé","county":"Sibiti","state":"Lékoumou","ISO3166-2-lvl4":"CG-2","country":"Congo","country_code":"cg"},"osm_type":"way","osm_id":301390071,"type":"village","location":[13.641743321913133,-3.68632955],"bbox":[13.6368474,-3.6947227,13.6526183,-3.6783143]}
{"name":"Mbaya","display_name":"Mbaya, District de Mokeko, Sangha, Congo","address":{"village":"Mbaya","county":"District de Mokeko","state":"Sangha","ISO3166-2-lvl4":"CG-13","country":"Congo","country_code":"cg"},"osm_type":"node","osm_id":11832609890,"type":"village","location":[16.0135603,1.719038],"bbox":[15.9935603,1.699038,16.0335603,1.739038]}
{"name":"Mbaya","display_name":"Mbaya, Komono, Lékoumou, Congo","address":{"village":"Mbaya","county":"Komono","state":"Lékoumou","ISO3166-2-lvl4":"CG-2","country":"Congo","country_code":"cg"},"osm_type":"node","osm_id":3300967310,"type":"village","location":[13.1440302,-3.1276765],"bbox":[13.1240302,-3.1476765,13.1640302,-3.1076765]}
{"name":"Mbéngué","display_name":"Mbéngué, Niari, Congo","address":{"village":"Mbéngué","state":"Niari","ISO3166-2-lvl4":"CG-9","country":"Congo","country_code":"cg"},"osm_type":"node","osm_id":8894815756,"type":"village","location":[11.8442085,-2.8725825],"bbox":[11.8242085,-2.8925825,11.8642085,-2.8525825]}
{"name":"Mbinda","display_name":"Mbinda, Niari, Congo","address":{"village":"Mbinda","state":"Niari","ISO3166-2-lvl4":"CG-9","country":"Congo","country_code":"cg"},"population":4390,"osm_type":"node","osm_id":3300967314,"type":"village","location":[12.8771367,-2.1014358],"bbox":[12.8571367,-2.1214358,12.8971367,-2.0814358]}
{"name":"Mboua","display_name":"Mboua, Epéna, Likouala, Congo","address":{"village":"Mboua","county":"Epéna","state":"Likouala","ISO3166-2-lvl4":"CG-7","country":"Congo","country_code":"cg"},"osm_type":"node","osm_id":7086874485,"type":"village","location":[17.1510562,1.682529],"bbox":[17.1310562,1.662529,17.1710562,1.702529]}
{"name":"Mboulou","display_name":"Mboulou, Dongou, Likouala, Congo","address":{"village":"Mboulou","county":"Dongou","state":"Likouala","ISO3166-2-lvl4":"CG-7","country":"Congo","country_code":"cg"},"osm_type":"node","osm_id":4717970279,"type":"village","location":[18.6297188,3.435372],"bbox":[18.6097188,3.415372,18.6497188,3.455372]}
{"name":"Mila Mila","display_name":"Mila Mila, Niari, Congo","address":{"village":"Mila Mila","state":"Niari","ISO3166-2-lvl4":"CG-9","country":"Congo","country_code":"cg"},"osm_type":"node","osm_id":3300967668,"type":"village","location":[12.4507626,-3.7165345],"bbox":[12.4307626,-3.7365345,12.4707626,-3.6965345]}
{"name":"Minda","display_name":"Minda, Niari, Congo","address":{"village":"Minda","state":"Niari","ISO3166-2-lvl4":"CG-9","country":"Congo","country_code":"cg"},"osm_type":"node","osm_id":3616415555,"type":"village","location":[11.6561695,-2.4823941],"bbox":[11.6361695,-2.5023941,11.6761695,-2.4623941]}
{"name":"Mindja","display_name":"Mindja, Sembé, Sangha, Congo","address":{"village":"Mindja","county":"Sembé","state":"Sangha","ISO3166-2-lvl4":"CG-13","country":"Congo","country_code":"cg"},"osm_type":"node","osm_id":12520592111,"type":"village","location":[14.9446142,1.9970151],"bbox":[14.9246142,1.9770151,14.9646142,2.0170151]}
{"name":"Mindou","display_name":"Mindou, Kakamoeka, Kouilou, Congo","address":{"village":"Mindou","county":"Kakamoeka","state":"Kouilou","ISO3166-2-lvl4":"CG-5","country":"Congo","country_code":"cg"},"osm_type":"node","osm_id":11516114667,"type":"village","location":[11.8975941,-4.2809204],"bbox":[11.8775941,-4.3009204,11.9175941,-4.2609204]}
{"name":"Mindzoukou","other_names":{"name:fr":"Mindzoukou","alt_name":"Mindjoukou"},"display_name":"Mindzoukou, Dongou, Likouala, Congo","address":{"village":"Mindzoukou","county":"Dongou","state":"Likouala","ISO3166-2-lvl4":"CG-7","country":"Congo","country_code":"cg"},"osm_type":"node","osm_id":1080425408,"type":"village","location":[17.6309811,2.919026],"bbox":[17.6109811,2.899026,17.6509811,2.939026]}
{"name":"Mingélé","display_name":"Mingélé, Sibiti, Lékoumou, Congo","address":{"village":"Mingélé","county":"Sibiti","state":"Lékoumou","ISO3166-2-lvl4":"CG-2","country":"Congo","country_code":"cg"},"osm_type":"way","osm_id":301387274,"type":"village","location":[13.626980363223057,-3.7356673000000002],"bbox":[13.6243626,-3.7393287,13.630242,-3.7317703]}
{"name":"Moembe","other_names":{"name:fr":"Moembe","alt_name":"Mbouambé"},"display_name":"Moembe, Pool, Congo","address":{"village":"Moembe","state":"Pool","ISO3166-2-lvl4":"CG-12","country":"Congo","country_code":"cg"},"osm_type":"node","osm_id":3300967333,"type":"village","location":[15.6305651,-2.9146722],"bbox":[15.6105651,-2.9346722,15.6505651,-2.8946722]}
{"name":"Mokabi","display_name":"Mokabi, Dongou, Likouala, Congo","address":{"village":"Mokabi","county":"Dongou","state":"Likouala","ISO3166-2-lvl4":"CG-7","country":"Congo","country_code":"cg"},"osm_type":"node","osm_id":6056137513,"type":"village","location":[16.798136,3.2890387],"bbox":[16.778136,3.2690387,16.818136,3.3090387]}
{"name":"Mokengui","display_name":"Mokengui, Epéna, Likouala, Congo","address":{"village":"Mokengui","county":"Epéna","state":"Likouala","ISO3166-2-lvl4":"CG-7","country":"Congo","country_code":"cg"},"osm_type":"node","osm_id":5631309025,"type":"village","location":[17.3580336,1.6246859],"bbox":[17.3380336,1.6046859,17.3780336,1.6446859]}
{"name":"Mollo","display_name":"Mollo, Niari, Congo","address":{"village":"Mollo","state":"Niari","ISO3166-2-lvl4":"CG-9","country":"Congo","country_code":"cg"},"osm_type":"node","osm_id":7911325819,"type":"village","location":[12.16081,-2.5072236],"bbox":[12.14081,-2.5272236,12.18081,-2.4872236]}
{"name":"Mombongo","display_name":"Mombongo, District de Kabo, Sangha, Congo","address":{"village":"Mombongo","county":"District de Kabo","state":"Sangha","ISO3166-2-lvl4":"CG-13","country":"Congo","country_code":"cg"},"osm_type":"node","osm_id":11813789126,"type":"village","location":[16.1437929,2.1753328],"bbox":[16.1237929,2.1553328,16.1637929,2.1953328]}
{"name":"Mongo Tandou","display_name":"Mongo Tandou, District de Loango, Kouilou, Congo","address":{"village":"Mongo Tandou","county":"District de Loango","state":"Kouilou","ISO3166-2-lvl4":"CG-5","country":"Congo","country_code":"cg"},"osm_type":"node","osm_id":3300967693,"type":"village","location":[11.9778562,-4.5610353],"bbox":[11.9578562,-4.5810353,11.9978562,-4.5410353]}
{"name":"Mongolo","display_name":"Mongolo, Gamboma, Plateaux, Congo","address":{"village":"Mongolo","county":"Gamboma","state":"Plateaux","ISO3166-2-lvl4":"CG-14","country":"Congo","country_code":"cg"},"osm_type":"node","osm_id":3300967695,"type":"village","location":[16.1353129,-2.4228924],"bbox":[16.1153129,-2.4428924,16.1553129,-2.4028924]}
{"name":"Mont Belo","display_name":"Mont Belo, Loudima, Bouenza, Congo","address":{"village":"Mont Belo","county":"Loudima","state":"Bouenza","ISO3166-2-lvl4":"CG-11","country":"Congo","country_code":"cg"},"osm_type":"node","osm_id":3300967696,"type":"village","location":[12.9093326,-4.1411842],"bbox":[12.8893326,-4.1611842,12.9293326,-4.1211842]}
{"display_name":"Mossaka, Cuvette, Congo","address":{"county":"Mossaka","state":"Cuvette","ISO3166-2-lvl4":"CG-8","country":"Congo","country_code":"cg"},"osm_type":"way","osm_id":508820581,"type":"village","location":[16.170014606427372,-1.25955655],"bbox":[16.1662027,-1.2639758,16.180279,-1.255309]}
{"name":"Mouindi","display_name":"Mouindi, Loudima, Bouenza, Congo","address":{"village":"Mouindi","county":"Loudima","state":"Bouenza","ISO3166-2-lvl4":"CG-11","country":"Congo","country_code":"cg"},"population":5000,"osm_type":"node","osm_id":10597755319,"type":"village","location":[12.8229776,-3.9376739],"bbox":[12.8029776,-3.9576739,12.8429776,-3.9176739]}
{"name":"Moukatsou I","display_name":"Moukatsou I, Niari, Congo","address":{"village":"Moukatsou I","state":"Niari","ISO3166-2-lvl4":"CG-9","country":"Congo","country_code":"cg"},"osm_type":"node","osm_id":3300967722,"type":"village","location":[12.2704739,-3.5895735],"bbox":[12.2504739,-3.6095735,12.2904739,-3.5695735]}
{"name":"Moukondo Yama","display_name":"Moukondo Yama, Niari, Congo","address":{"village":"Moukondo Yama","state":"Niari","ISO3166-2-lvl4":"CG-9","country":"Congo","country_code":"cg"},"osm_type":"node","osm_id":3300967726,"type":"village","location":[12.4080801,-3.5911402],"bbox":[12.3880801,-3.6111402,12.4280801,-3.5711402]}
{"name":"Moukondo","display_name":"Moukondo, Niari, Congo","address":{"village":"Moukondo","state":"Niari","ISO3166-2-lvl4":"CG-9","country":"Congo","country_code":"cg"},"osm_type":"node","osm_id":7911325810,"type":"village","location":[12.142196,-2.5646618],"bbox":[12.122196,-2.5846618,12.162196,-2.5446618]}
{"name":"Moula","display_name":"Moula, Kakamoeka, Kouilou, Congo","address":{"village":"Moula","county":"Kakamoeka","state":"Kouilou","ISO3166-2-lvl4":"CG-5","country":"Congo","country_code":"cg"},"osm_type":"way","osm_id":323296677,"type":"village","location":[12.125669201679088,-4.2154089500000005],"bbox":[12.1239577,-4.2172764,12.1293247,-4.2132419]}
{"name":"Moulamba","display_name":"Moulamba, Niari, Congo","address":{"village":"Moulamba","state":"Niari","ISO3166-2-lvl4":"CG-9","country":"Congo","country_code":"cg"},"osm_type":"node","osm_id":11257670976,"type":"village","location":[12.5093498,-2.6472847],"bbox":[12.4893498,-2.6672847,12.5293498,-2.6272847]}
{"name":"Mpounga","display_name":"Mpounga, Mvouti, Kouilou, Congo","address":{"village":"Mpounga","county":"Mvouti","state":"Kouilou","ISO3166-2-lvl4":"CG-5","country":"Congo","country_code":"cg"},"osm_type":"node","osm_id":3300967792,"type":"village","location":[12.4657609,-4.2669473],"bbox":[12.4457609,-4.2869473,12.4857609,-4.2469473]}
{"name":"Mpouya Moké","display_name":"Mpouya Moké, Djambala, Plateaux, Congo","address":{"village":"Mpouya Moké","county":"Djambala","state":"Plateaux","ISO3166-2-lvl4":"CG-14","country":"Congo","country_code":"cg"},"osm_type":"node","osm_id":614006275,"type":"village","location":[16.178407,-2.7519365],"bbox":[16.158407,-2.7719365,16.198407,-2.7319365]}
{"name":"Mpouya","display_name":"Mpouya, Djambala, Plateaux, Congo","address":{"village":"Mpouya","county":"Djambala","state":"Plateaux","ISO3166-2-lvl4":"CG-14","country":"Congo","country_code":"cg"},"osm_type":"node","osm_id":3300967794,"type":"village","location":[16.2129038,-2.6149673],"bbox":[16.1929038,-2.6349673,16.2329038,-2.5949673]}
{"name":"Ndalo","display_name":"Ndalo, District de Kabo, Sangha, Congo","address":{"village":"Ndalo","county":"District de Kabo","state":"Sangha","ISO3166-2-lvl4":"CG-13","country":"Congo","country_code":"cg"},"osm_type":"node","osm_id":11832609932,"type":"village","location":[16.1481079,1.6882974],"bbox":[16.1281079,1.6682974,16.1681079,1.7082974]}
{"name":"Ndjubé","display_name":"Ndjubé, Dongou, Likouala, Congo","address":{"village":"Ndjubé","county":"Dongou","state":"Likouala","ISO3166-2-lvl4":"CG-7","country":"Congo","country_code":"cg"},"osm_type":"node","osm_id":9346208043,"type":"village","location":[17.4682848,2.4350582],"bbox":[17.4482848,2.4150582,17.4882848,2.4550582]}
{"name":"Ndouba","display_name":"Ndouba, Kellé, Cuvette-Ouest, Congo","address":{"village":"Ndouba","county":"Kellé","state":"Cuvette-Ouest","ISO3166-2-lvl4":"CG-15","country":"Congo","country_code":"cg"},"osm_type":"node","osm_id":8955320494,"type":"village","location":[14.0766437,-0.1608517],"bbox":[14.0566437,-0.1808517,14.0966437,-0.1408517]}
{"name":"Ngabé Moké","display_name":"Ngabé Moké, Pool, Congo","address":{"village":"Ngabé Moké","state":"Pool","ISO3166-2-lvl4":"CG-12","country":"Congo","country_code":"cg"},"osm_type":"node","osm_id":614007202,"type":"village","location":[16.1696451,-3.2352259],"bbox":[16.1496451,-3.2552259,16.1896451,-3.2152259]}
{"name":"Ngayi","display_name":"Ngayi, Ewo, Cuvette-Ouest, Congo","address":{"village":"Ngayi","county":"Ewo","state":"Cuvette-Ouest","ISO3166-2-lvl4":"CG-15","country":"Congo","country_code":"cg"},"osm_type":"node","osm_id":6837869002,"type":"village","location":[14.6995547,-0.8102379],"bbox":[14.6795547,-0.8302379,14.7195547,-0.7902379]}
{"name":"Ngbala","display_name":"Ngbala, Sembé, Sangha, Congo","address":{"village":"Ngbala","county":"Sembé","state":"Sangha","ISO3166-2-lvl4":"CG-13","country":"Congo","country_code":"cg"},"osm_type":"node","osm_id":8953144986,"type":"village","location":[14.888112,2.0261101],"bbox":[14.868112,2.0061101,14.908112,2.0461101]}
{"name":"Ngombé","display_name":"Ngombé, District de Mokeko, Sangha, Congo","address":{"village":"Ngombé","county":"District de Mokeko","state":"Sangha","ISO3166-2-lvl4":"CG-13","country":"Congo","country_code":"cg"},"osm_type":"node","osm_id":921393345,"type":"village","location":[16.1834897,1.4308379],"bbox":[16.1634897,1.4108379,16.2034897,1.4508379]}
{"name":"Ngongo","display_name":"Ngongo, Niari, Congo","address":{"village":"Ngongo","state":"Niari","ISO3166-2-lvl4":"CG-9","country":"Congo","country_code":"cg"},"osm_type":"node","osm_id":7868886198,"type":"village","location":[11.6052975,-2.6621264],"bbox":[11.5852975,-2.6821264,11.6252975,-2.6421264]}
{"name":"Ngoua 2","display_name":"Ngoua 2, Niari, Congo","address":{"village":"Ngoua 2","state":"Niari","ISO3166-2-lvl4":"CG-9","country":"Congo","country_code":"cg"},"osm_type":"node","osm_id":3300967843,"type":"village","location":[12.3540206,-2.9432897],"bbox":[12.3340206,-2.9632897,12.3740206,-2.9232897]}
{"name":"Ngoubou-Ngoubou","display_name":"Ngoubou-Ngoubou, Niari, Congo","address":{"village":"Ngoubou-Ngoubou","state":"Niari","ISO3166-2-lvl4":"CG-9","country":"Congo","country_code":"cg"},"osm_type":"node","osm_id":3300967846,"type":"village","location":[12.6739422,-2.0254233],"bbox":[12.6539422,-2.0454233,12.6939422,-2.0054233]}
{"name":"Ngoundiba","display_name":"Ngoundiba, Dongou, Likouala, Congo","address":{"village":"Ngoundiba","county":"Dongou","state":"Likouala","ISO3166-2-lvl4":"CG-7","country":"Congo","country_code":"cg"},"osm_type":"node","osm_id":6056159485,"type":"village","location":[18.5359526,3.1613736],"bbox":[18.5159526,3.1413736,18.5559526,3.1813736]}
{"name":"Ngoyaboma","display_name":"Ngoyaboma, Kellé, Cuvette-Ouest, Congo","address":{"village":"Ngoyaboma","county":"Kellé","state":"Cuvette-Ouest","ISO3166-2-lvl4":"CG-15","country":"Congo","country_code":"cg"},"osm_type":"node","osm_id":8953144988,"type":"village","location":[14.1757494,0.2111164],"bbox":[14.1557494,0.1911164,14.1957494,0.2311164]}
{"display_name":"Niari, Congo","address":{"state":"Niari","ISO3166-2-lvl4":"CG-9","country":"Congo","country_code":"cg"},"osm_type":"node","osm_id":5322335802,"type":"village","location":[12.5771589,-4.1119539],"bbox":[12.5571589,-4.1319539,12.5971589,-4.0919539]}
{"display_name":"Niari, Congo","address":{"state":"Niari","ISO3166-2-lvl4":"CG-9","country":"Congo","country_code":"cg"},"osm_type":"node","osm_id":11257992160,"type":"village","location":[12.5271398,-2.6604837],"bbox":[12.5071398,-2.6804837,12.5471398,-2.6404837]}
{"display_name":"Niari, Congo","address":{"state":"Niari","ISO3166-2-lvl4":"CG-9","country":"Congo","country_code":"cg"},"osm_type":"node","osm_id":5559107406,"type":"village","location":[12.6602948,-4.0914682],"bbox":[12.6402948,-4.1114682,12.6802948,-4.0714682]}
{"display_name":"Niari, Congo","address":{"state":"Niari","ISO3166-2-lvl4":"CG-9","country":"Congo","country_code":"cg"},"osm_type":"node","osm_id":5322329567,"type":"village","location":[12.5960719,-4.1051903],"bbox":[12.5760719,-4.1251903,12.6160719,-4.0851903]}
{"display_name":"Niari, Congo","address":{"state":"Niari","ISO3166-2-lvl4":"CG-9","country":"Congo","country_code":"cg"},"osm_type":"node","osm_id":5322335772,"type":"village","location":[12.5939832,-4.1310928],"bbox":[12.5739832,-4.1510928,12.6139832,-4.1110928]}
{"display_name":"Niari, Congo","address":{"state":"Niari","ISO3166-2-lvl4":"CG-9","country":"Congo","country_code":"cg"},"osm_type":"node","osm_id":5322329527,"type":"village","location":[12.6120469,-4.1247821],"bbox":[12.5920469,-4.1447821,12.6320469,-4.1047821]}
{"display_name":"Niari, Congo","address":{"state":"Niari","ISO3166-2-lvl4":"CG-9","country":"Congo","country_code":"cg"},"osm_type":"node","osm_id":3300969892,"type":"village","location":[12.6349145,-4.0714004],"bbox":[12.6149145,-4.0914004,12.6549145,-4.0514004]}
{"display_name":"Niari, Congo","address":{"state":"Niari","ISO3166-2-lvl4":"CG-9","country":"Congo","country_code":"cg"},"osm_type":"node","osm_id":11257891082,"type":"village","location":[12.3358947,-2.4824613],"bbox":[12.3158947,-2.5024613,12.3558947,-2.4624613]}
{"display_name":"Niari, Congo","address":{"state":"Niari","ISO3166-2-lvl4":"CG-9","country":"Congo","country_code":"cg"},"osm_type":"node","osm_id":11257792037,"type":"village","location":[12.2803843,-2.6044565],"bbox":[12.2603843,-2.6244565,12.3003843,-2.5844565]}
{"display_name":"Niari, Congo","address":{"state":"Niari","ISO3166-2-lvl4":"CG-9","country":"Congo","country_code":"cg"},"osm_type":"node","osm_id":11257559530,"type":"village","location":[12.4564593,-2.5891388],"bbox":[12.4364593,-2.6091388,12.4764593,-2.5691388]}
{"display_name":"Niari, Congo","address":{"state":"Niari","ISO3166-2-lvl4":"CG-9","country":"Congo","country_code":"cg"},"osm_type":"node","osm_id":11257890849,"type":"village","location":[12.357589,-2.497491],"bbox":[12.337589,-2.517491,12.377589,-2.477491]}
{"name":"Nkola","display_name":"Nkola, Madingo-Kayes, Kouilou, Congo","address":{"village":"Nkola","county":"Madingo-Kayes","state":"Kouilou","ISO3166-2-lvl4":"CG-5","country":"Congo","country_code":"cg"},"population":3000,"osm_type":"node","osm_id":3300968167,"type":"village","location":[11.7194969,-4.0359541],"bbox":[11.6994969,-4.0559541,11.7394969,-4.0159541]}
{"name":"Nkouo","display_name":"Nkouo, Pool, Congo","address":{"village":"Nkouo","state":"Pool","ISO3166-2-lvl4":"CG-12","country":"Congo","country_code":"cg"},"osm_type":"node","osm_id":3043445718,"type":"village","location":[15.4990698,-3.7000898],"bbox":[15.4790698,-3.7200898,15.5190698,-3.6800898]}
{"name":"Noumbi","display_name":"Noumbi, District de Nzambi, Kouilou, Congo","address":{"village":"Noumbi","county":"District de Nzambi","state":"Kouilou","ISO3166-2-lvl4":"CG-5","country":"Congo","country_code":"cg"},"osm_type":"node","osm_id":3300968176,"type":"village","location":[11.3706545,-4.1369207],"bbox":[11.3506545,-4.1569207,11.3906545,-4.1169207]}
{"name":"Nsa","display_name":"Nsa, Djambala, Plateaux, Congo","address":{"village":"Nsa","county":"Djambala","state":"Plateaux","ISO3166-2-lvl4":"CG-14","country":"Congo","country_code":"cg"},"osm_type":"node","osm_id":3300968179,"type":"village","location":[15.3564611,-2.3522847],"bbox":[15.3364611,-2.3722847,15.3764611,-2.3322847]}
{"name":"Ntokou","display_name":"Ntokou, Mossaka, Cuvette, Congo","address":{"village":"Ntokou","county":"Mossaka","state":"Cuvette","ISO3166-2-lvl4":"CG-8","country":"Congo","country_code":"cg"},"osm_type":"node","osm_id":925183361,"type":"village","location":[16.335962,0.0361635],"bbox":[16.315962,0.0161635,16.355962,0.0561635]}
{"name":"Nzambi","display_name":"Nzambi, District de Nzambi, Kouilou, Congo","address":{"village":"Nzambi","county":"District de Nzambi","state":"Kouilou","ISO3166-2-lvl4":"CG-5","country":"Congo","country_code":"cg"},"osm_type":"node","osm_id":3300967807,"type":"village","location":[11.2821018,-3.9596854],"bbox":[11.2621018,-3.9796854,11.3021018,-3.9396854]}
{"name":"Nzassi","display_name":"Nzassi, District de Tchiamba-Nzassi, Pointe-Noire (département), Congo","address":{"village":"Nzassi","county":"District de Tchiamba-Nzassi","state":"Pointe-Noire (département)","ISO3166-2-lvl4":"CG-16","country":"Congo","country_code":"cg"},"osm_type":"node","osm_id":3300968199,"type":"village","location":[12.0509983,-4.9883621],"bbox":[12.0309983,-5.0083621,12.0709983,-4.9683621]}
{"name":"Obala","display_name":"Obala, Kellé, Cuvette-Ouest, Congo","address":{"village":"Obala","county":"Kellé","state":"Cuvette-Ouest","ISO3166-2-lvl4":"CG-15","country":"Congo","country_code":"cg"},"osm_type":"node","osm_id":8955805068,"type":"village","location":[14.3740837,-0.4613636],"bbox":[14.3540837,-0.4813636,14.3940837,-0.4413636]}
{"name":"Obouya","display_name":"Obouya, Owando, Cuvette, Congo","address":{"village":"Obouya","county":"Owando","state":"Cuvette","ISO3166-2-lvl4":"CG-8","country":"Congo","country_code":"cg"},"osm_type":"node","osm_id":3300968210,"type":"village","location":[15.7217622,-0.9286595],"bbox":[15.7017622,-0.9486595,15.7417622,-0.9086595]}
{"name":"Odia","display_name":"Odia, Ewo, Cuvette-Ouest, Congo","address":{"village":"Odia","county":"Ewo","state":"Cuvette-Ouest","ISO3166-2-lvl4":"CG-15","country":"Congo","country_code":"cg"},"osm_type":"node","osm_id":5666195475,"type":"village","location":[14.703784,-0.666353],"bbox":[14.683784,-0.686353,14.723784,-0.646353]}
{"name":"Oka","display_name":"Oka, Kellé, Cuvette-Ouest, Congo","address":{"village":"Oka","county":"Kellé","state":"Cuvette-Ouest","ISO3166-2-lvl4":"CG-15","country":"Congo","country_code":"cg"},"osm_type":"node","osm_id":8953150966,"type":"village","location":[14.2328149,-0.2912991],"bbox":[14.2128149,-0.3112991,14.2528149,-0.2712991]}
{"display_name":"Okoyo, Cuvette, Congo","address":{"county":"Okoyo","state":"Cuvette","ISO3166-2-lvl4":"CG-8","country":"Congo","country_code":"cg"},"osm_type":"node","osm_id":5666298077,"type":"village","location":[14.9655783,-1.1928209],"bbox":[14.9455783,-1.2128209,14.9855783,-1.1728209]}
{"display_name":"Okoyo, Cuvette, Congo","address":{"county":"Okoyo","state":"Cuvette","ISO3166-2-lvl4":"CG-8","country":"Congo","country_code":"cg"},"osm_type":"node","osm_id":5666298090,"type":"village","location":[15.0288462,-1.3343534],"bbox":[15.0088462,-1.3543534,15.0488462,-1.3143534]}
{"display_name":"Okoyo, Cuvette, Congo","address":{"county":"Okoyo","state":"Cuvette","ISO3166-2-lvl4":"CG-8","country":"Congo","country_code":"cg"},"osm_type":"node","osm_id":5666298076,"type":"village","location":[14.9780989,-1.2350294],"bbox":[14.9580989,-1.2550294,14.9980989,-1.2150294]}
{"display_name":"Okoyo, Cuvette, Congo","address":{"county":"Okoyo","state":"Cuvette","ISO3166-2-lvl4":"CG-8","country":"Congo","country_code":"cg"},"osm_type":"node","osm_id":5666298068,"type":"village","location":[14.9580145,-1.1781363],"bbox":[14.9380145,-1.1981363,14.9780145,-1.1581363]}
{"display_name":"Okoyo, Cuvette, Congo","address":{"county":"Okoyo","state":"Cuvette","ISO3166-2-lvl4":"CG-8","country":"Congo","country_code":"cg"},"osm_type":"node","osm_id":5666298125,"type":"village","location":[15.0687468,-1.4196552],"bbox":[15.0487468,-1.4396552,15.0887468,-1.3996552]}
{"display_name":"Okoyo, Cuvette, Congo","address":{"county":"Okoyo","state":"Cuvette","ISO3166-2-lvl4":"CG-8","country":"Congo","country_code":"cg"},"osm_type":"node","osm_id":5666298135,"type":"village","location":[15.0600242,-1.4024621],"bbox":[15.0400242,-1.4224621,15.0800242,-1.3824621]}
{"name":"Ollombo","display_name":"Ollombo, Abala, Plateaux, Congo","address":{"village":"Ollombo","county":"Abala","state":"Plateaux","ISO3166-2-lvl4":"CG-14","country":"Congo","country_code":"cg"},"population":5000,"osm_type":"node","osm_id":3300968224,"type":"village","location":[15.8963677,-1.2700169],"bbox":[15.8763677,-1.2900169,15.9163677,-1.2500169]}
{"name":"Ongo","display_name":"Ongo, Gamboma, Plateaux, Congo","address":{"village":"Ongo","county":"Gamboma","state":"Plateaux","ISO3166-2-lvl4":"CG-14","country":"Congo","country_code":"cg"},"osm_type":"node","osm_id":3043445708,"type":"village","location":[16.0522155,-1.6169566],"bbox":[16.0322155,-1.6369566,16.0722155,-1.5969566]}
{"name":"Ongoyi","display_name":"Ongoyi, Gamboma, Plateaux, Congo","address":{"village":"Ongoyi","county":"Gamboma","state":"Plateaux","ISO3166-2-lvl4":"CG-14","country":"Congo","country_code":"cg"},"osm_type":"node","osm_id":3043445707,"type":"village","location":[16.0284431,-1.6024097],"bbox":[16.0084431,-1.6224097,16.0484431,-1.5824097]}
{"name":"Onianva","display_name":"Onianva, Djambala, Plateaux, Congo","address":{"village":"Onianva","county":"Djambala","state":"Plateaux","ISO3166-2-lvl4":"CG-14","country":"Congo","country_code":"cg"},"osm_type":"node","osm_id":3043445709,"type":"village","location":[15.78205,-2.391939],"bbox":[15.76205,-2.411939,15.80205,-2.371939]}
{"name":"Onianva","display_name":"Onianva, Djambala, Plateaux, Congo","address":{"village":"Onianva","county":"Djambala","state":"Plateaux","ISO3166-2-lvl4":"CG-14","country":"Congo","country_code":"cg"},"osm_type":"node","osm_id":3300968236,"type":"village","location":[15.810201,-2.347825],"bbox":[15.790201,-2.367825,15.830201,-2.327825]}
{"name":"Opori","display_name":"Opori, Kellé, Cuvette-Ouest, Congo","address":{"village":"Opori","county":"Kellé","state":"Cuvette-Ouest","ISO3166-2-lvl4":"CG-15","country":"Congo","country_code":"cg"},"osm_type":"node","osm_id":8955805069,"type":"village","location":[14.5009092,-0.4714162],"bbox":[14.4809092,-0.4914162,14.5209092,-0.4514162]}
{"name":"Ossélé","display_name":"Ossélé, Ewo, Cuvette-Ouest, Congo","address":{"village":"Ossélé","county":"Ewo","state":"Cuvette-Ouest","ISO3166-2-lvl4":"CG-15","country":"Congo","country_code":"cg"},"osm_type":"node","osm_id":8955455044,"type":"village","location":[14.6211651,-0.9372239],"bbox":[14.6011651,-0.9572239,14.6411651,-0.9172239]}
{"name":"Otali","display_name":"Otali, Abala, Plateaux, Congo","address":{"village":"Otali","county":"Abala","state":"Plateaux","ISO3166-2-lvl4":"CG-14","country":"Congo","country_code":"cg"},"osm_type":"node","osm_id":3043445705,"type":"village","location":[15.7872395,-1.2457305],"bbox":[15.7672395,-1.2657305,15.8072395,-1.2257305]}
{"name":"Ouandzi","display_name":"Ouandzi, Bambama, Lékoumou, Congo","address":{"village":"Ouandzi","county":"Bambama","state":"Lékoumou","ISO3166-2-lvl4":"CG-2","country":"Congo","country_code":"cg"},"osm_type":"node","osm_id":7911325855,"type":"village","location":[13.5287474,-2.5121876],"bbox":[13.5087474,-2.5321876,13.5487474,-2.4921876]}
{"display_name":"Owando, Cuvette, Congo","address":{"county":"Owando","state":"Cuvette","ISO3166-2-lvl4":"CG-8","country":"Congo","country_code":"cg"},"osm_type":"node","osm_id":6537517912,"type":"village","location":[16.0744525,-0.658224],"bbox":[16.0544525,-0.678224,16.0944525,-0.638224]}
{"display_name":"Owando, Cuvette, Congo","address":{"county":"Owando","state":"Cuvette","ISO3166-2-lvl4":"CG-8","country":"Congo","country_code":"cg"},"osm_type":"node","osm_id":6537517865,"type":"village","location":[16.0225302,-0.6421126],"bbox":[16.0025302,-0.6621126,16.0425302,-0.6221126]}
{"name":"Oyonfoula","display_name":"Oyonfoula, Djambala, Plateaux, Congo","address":{"village":"Oyonfoula","county":"Djambala","state":"Plateaux","ISO3166-2-lvl4":"CG-14","country":"Congo","country_code":"cg"},"osm_type":"node","osm_id":3043445711,"type":"village","location":[15.756196,-2.4451044],"bbox":[15.736196,-2.4651044,15.776196,-2.4251044]}
{"name":"Pont du Niari","display_name":"Pont du Niari, Niari, Congo","address":{"village":"Pont du Niari","state":"Niari","ISO3166-2-lvl4":"CG-9","country":"Congo","country_code":"cg"},"osm_type":"node","osm_id":3300968377,"type":"village","location":[12.3374105,-3.5538949],"bbox":[12.3174105,-3.5738949,12.3574105,-3.5338949]}
{"display_name":"Pool, Congo","address":{"state":"Pool","ISO3166-2-lvl4":"CG-12","country":"Congo","country_code":"cg"},"osm_type":"node","osm_id":12753280185,"type":"village","location":[16.0244575,-3.6470847],"bbox":[16.0044575,-3.6670847,16.0444575,-3.6270847]}
{"name":"Porro","display_name":"Porro, Niari, Congo","address":{"village":"Porro","state":"Niari","ISO3166-2-lvl4":"CG-9","country":"Congo","country_code":"cg"},"osm_type":"node","osm_id":3616331704,"type":"village","location":[11.6167732,-2.5602529],"bbox":[11.5967732,-2.5802529,11.6367732,-2.5402529]}
{"name":"Sialivakou","display_name":"Sialivakou, District de Nzambi, Kouilou, Congo","address":{"village":"Sialivakou","county":"District de Nzambi","state":"Kouilou","ISO3166-2-lvl4":"CG-5","country":"Congo","country_code":"cg"},"osm_type":"node","osm_id":3300968399,"type":"village","location":[11.3848594,-4.0371706],"bbox":[11.3648594,-4.0571706,11.4048594,-4.0171706]}
{"name":"Simambondo","display_name":"Simambondo, Bambama, Lékoumou, Congo","address":{"village":"Simambondo","county":"Bambama","state":"Lékoumou","ISO3166-2-lvl4":"CG-2","country":"Congo","country_code":"cg"},"osm_type":"node","osm_id":3300968401,"type":"village","location":[13.6305819,-2.3452785],"bbox":[13.6105819,-2.3652785,13.6505819,-2.3252785]}
{"display_name":"Souanké, Sangha, Congo","address":{"county":"Souanké","state":"Sangha","ISO3166-2-lvl4":"CG-13","country":"Congo","country_code":"cg"},"osm_type":"node","osm_id":9053020823,"type":"village","location":[13.6857328,2.1571583],"bbox":[13.6657328,2.1371583,13.7057328,2.1771583]}
{"display_name":"Souanké, Sangha, Congo","address":{"county":"Souanké","state":"Sangha","ISO3166-2-lvl4":"CG-13","country":"Congo","country_code":"cg"},"osm_type":"node","osm_id":9053052083,"type":"village","location":[13.4323928,1.8995491],"bbox":[13.4123928,1.8795491,13.4523928,1.9195491]}
{"display_name":"Souanké, Sangha, Congo","address":{"county":"Souanké","state":"Sangha","ISO3166-2-lvl4":"CG-13","country":"Congo","country_code":"cg"},"osm_type":"node","osm_id":6532043235,"type":"village","location":[14.2083373,1.8570757],"bbox":[14.1883373,1.8370757,14.2283373,1.8770757]}
{"display_name":"Souanké, Sangha, Congo","address":{"county":"Souanké","state":"Sangha","ISO3166-2-lvl4":"CG-13","country":"Congo","country_code":"cg"},"osm_type":"node","osm_id":10789797344,"type":"village","location":[13.2930802,2.0536226],"bbox":[13.2730802,2.0336226,13.3130802,2.0736226]}
{"name":"Soukissa","display_name":"Soukissa, Brazzaville (commune), Brazzaville (département), Congo","address":{"village":"Soukissa","city":"Brazzaville (commune)","state":"Brazzaville (département)","ISO3166-2-lvl4":"CG-BZV","country":"Congo","country_code":"cg"},"population":30000,"osm_type":"node","osm_id":6412187193,"type":"village","location":[15.274576,-4.2333813],"bbox":[15.254576,-4.2533813,15.294576,-4.2133813]}
{"name":"TALA TALA VILLAGE","display_name":"TALA TALA VILLAGE, Sembé, Sangha, Congo","address":{"village":"TALA TALA VILLAGE","county":"Sembé","state":"Sangha","ISO3166-2-lvl4":"CG-13","country":"Congo","country_code":"cg"},"osm_type":"node","osm_id":11603437985,"type":"village","location":[15.3040729,1.9377981],"bbox":[15.2840729,1.9177981,15.3240729,1.9577981]}
{"name":"TALA TALA","display_name":"TALA TALA, Sembé, Sangha, Congo","address":{"village":"TALA TALA","county":"Sembé","state":"Sangha","ISO3166-2-lvl4":"CG-13","country":"Congo","country_code":"cg"},"osm_type":"node","osm_id":11603364047,"type":"village","location":[15.3312302,1.9388302],"bbox":[15.3112302,1.9188302,15.3512302,1.9588302]}
{"name":"Tchéré","display_name":"Tchéré, Kellé, Cuvette-Ouest, Congo","address":{"village":"Tchéré","county":"Kellé","state":"Cuvette-Ouest","ISO3166-2-lvl4":"CG-15","country":"Congo","country_code":"cg"},"osm_type":"node","osm_id":8955455075,"type":"village","location":[14.7633825,-0.0864176],"bbox":[14.7433825,-0.1064176,14.7833825,-0.0664176]}
{"name":"Tchiamba","display_name":"Tchiamba, District de Tchiamba-Nzassi, Pointe-Noire (département), Congo","address":{"village":"Tchiamba","county":"District de Tchiamba-Nzassi","state":"Pointe-Noire (département)","ISO3166-2-lvl4":"CG-16","country":"Congo","country_code":"cg"},"osm_type":"node","osm_id":3300968690,"type":"village","location":[12.0288295,-4.9751759],"bbox":[12.0088295,-4.9951759,12.0488295,-4.9551759]}
{"name":"Tchingoli","display_name":"Tchingoli, District de Loango, Kouilou, Congo","address":{"village":"Tchingoli","county":"District de Loango","state":"Kouilou","ISO3166-2-lvl4":"CG-5","country":"Congo","country_code":"cg"},"osm_type":"node","osm_id":3300968459,"type":"village","location":[11.9755042,-4.4920712],"bbox":[11.9555042,-4.5120712,11.9955042,-4.4720712]}
{"name":"Tchissinango","display_name":"Tchissinango, District de Loango, Kouilou, Congo","address":{"village":"Tchissinango","county":"District de Loango","state":"Kouilou","ISO3166-2-lvl4":"CG-5","country":"Congo","country_code":"cg"},"osm_type":"node","osm_id":3323403648,"type":"village","location":[11.8047965,-4.5709609],"bbox":[11.7847965,-4.5909609,11.8247965,-4.5509609]}
{"name":"Tombo","display_name":"Tombo, Pool, Congo","address":{"village":"Tombo","state":"Pool","ISO3166-2-lvl4":"CG-12","country":"Congo","country_code":"cg"},"osm_type":"node","osm_id":2052089668,"type":"village","location":[14.4277619,-4.8636831],"bbox":[14.4077619,-4.8836831,14.4477619,-4.8436831]}
{"name":"Tsembo","display_name":"Tsembo, Niari, Congo","address":{"village":"Tsembo","state":"Niari","ISO3166-2-lvl4":"CG-9","country":"Congo","country_code":"cg"},"osm_type":"node","osm_id":3300968708,"type":"village","location":[12.1209773,-3.6689485],"bbox":[12.1009773,-3.6889485,12.1409773,-3.6489485]}
{"name":"Tsinguidi","display_name":"Tsinguidi, Niari, Congo","address":{"village":"Tsinguidi","state":"Niari","ISO3166-2-lvl4":"CG-9","country":"Congo","country_code":"cg"},"osm_type":"node","osm_id":5670027177,"type":"village","location":[12.7273607,-2.4231145],"bbox":[12.7073607,-2.4431145,12.7473607,-2.4031145]}
{"name":"Vounda","display_name":"Vounda, Niari, Congo","address":{"village":"Vounda","state":"Niari","ISO3166-2-lvl4":"CG-9","country":"Congo","country_code":"cg"},"osm_type":"node","osm_id":3300968727,"type":"village","location":[12.1586475,-3.6428471],"bbox":[12.1386475,-3.6628471,12.1786475,-3.6228471]}
{"name":"Yanika","display_name":"Yanika, Madingo-Kayes, Kouilou, Congo","address":{"village":"Yanika","county":"Madingo-Kayes","state":"Kouilou","ISO3166-2-lvl4":"CG-5","country":"Congo","country_code":"cg"},"osm_type":"node","osm_id":3300968742,"type":"village","location":[11.5964301,-4.2692745],"bbox":[11.5764301,-4.2892745,11.6164301,-4.2492745]}
{"name":"Yonon","display_name":"Yonon, Djambala, Plateaux, Congo","address":{"village":"Yonon","county":"Djambala","state":"Plateaux","ISO3166-2-lvl4":"CG-14","country":"Congo","country_code":"cg"},"osm_type":"node","osm_id":3300968752,"type":"village","location":[15.0129566,-2.4541619],"bbox":[14.9929566,-2.4741619,15.0329566,-2.4341619]}
{"name":"Youbi","display_name":"Youbi, Madingo-Kayes, Kouilou, Congo","address":{"village":"Youbi","county":"Madingo-Kayes","state":"Kouilou","ISO3166-2-lvl4":"CG-5","country":"Congo","country_code":"cg"},"osm_type":"node","osm_id":3300968753,"type":"village","location":[11.6666946,-4.1822945],"bbox":[11.6466946,-4.2022945,11.6866946,-4.1622945]}
