{"name":"Barbruce","display_name":"Barbruce, Charlestown, Grenadines, VC0450, Saint Vincent and the Grenadines","address":{"hamlet":"Barbruce","town":"Charlestown","county":"Grenadines","ISO3166-2-lvl6":"VC-06","postcode":"VC0450","country":"Saint Vincent and the Grenadines","country_code":"vc"},"osm_type":"node","osm_id":11642861795,"type":"hamlet","location":[-61.3273672,12.6992307],"bbox":[-61.3473672,12.6792307,-61.3073672,12.7192307]}
{"name":"Belmont","display_name":"Belmont, Port Elizabeth, Grenadines, VC0400, Saint Vincent and the Grenadines","address":{"hamlet":"Belmont","town":"Port Elizabeth","county":"Grenadines","ISO3166-2-lvl6":"VC-06","postcode":"VC0400","country":"Saint Vincent and the Grenadines","country_code":"vc"},"osm_type":"node","osm_id":11642701693,"type":"hamlet","location":[-61.2332543,13.0019553],"bbox":[-61.2532543,12.9819553,-61.2132543,13.0219553]}
{"name":"Brighton Gap","display_name":"Brighton Gap, Ribishi, Saint George, VC0100, Saint Vincent and the Grenadines","address":{"hamlet":"Brighton Gap","village":"Ribishi","county":"Saint George","ISO3166-2-lvl6":"VC-04","postcode":"VC0100","country":"Saint Vincent and the Grenadines","country_code":"vc"},"osm_type":"node","osm_id":1221971928,"type":"hamlet","location":[-61.178661,13.1375229],"bbox":[-61.198661,13.1175229,-61.158661,13.1575229]}
{"name":"Calder Ridge Gap","display_name":"Calder Ridge Gap, Belmont, Saint George, VC0100, Saint Vincent and the Grenadines","address":{"hamlet":"Calder Ridge Gap","village":"Belmont","county":"Saint George","ISO3166-2-lvl6":"VC-04","postcode":"VC0100","country":"Saint Vincent and the Grenadines","country_code":"vc"},"osm_type":"node","osm_id":289262149,"type":"hamlet","location":[-61.1772327,13.1613741],"bbox":[-61.1972327,13.1413741,-61.1572327,13.1813741]}
{"name":"Congo Valley","display_name":"Congo Valley, Georgetown, Charlotte, VC0220, Saint Vincent and the Grenadines","address":{"hamlet":"Congo Valley","town":"Georgetown","county":"Charlotte","ISO3166-2-lvl6":"VC-01","postcode":"VC0220","country":"Saint Vincent and the Grenadines","country_code":"vc"},"osm_type":"node","osm_id":10800204137,"type":"hamlet","location":[-61.1198104,13.2668544],"bbox":[-61.1398104,13.2468544,-61.0998104,13.2868544]}
{"name":"Cumberland","display_name":"Cumberland, Barrouallie, Saint Patrick, Saint Vincent and the Grenadines","address":{"hamlet":"Cumberland","town":"Barrouallie","county":"Saint Patrick","ISO3166-2-lvl6":"VC-05","country":"Saint Vincent and the Grenadines","country_code":"vc"},"osm_type":"node","osm_id":5506472177,"type":"hamlet","location":[-61.2503663,13.2625119],"bbox":[-61.2703663,13.2425119,-61.2303663,13.2825119]}
{"name":"Diamond","display_name":"Diamond, Port Elizabeth, Grenadines, VC0400, Saint Vincent and the Grenadines","address":{"hamlet":"Diamond","town":"Port Elizabeth","county":"Grenadines","ISO3166-2-lvl6":"VC-06","postcode":"VC0400","country":"Saint Vincent and the Grenadines","country_code":"vc"},"osm_type":"node","osm_id":11642701690,"type":"hamlet","location":[-61.2512906,12.995124],"bbox":[-61.2712906,12.975124,-61.2312906,13.015124]}
{"name":"Friendship","display_name":"Friendship, Port Elizabeth, Grenadines, VC0400, Saint Vincent and the Grenadines","address":{"hamlet":"Friendship","town":"Port Elizabeth","county":"Grenadines","ISO3166-2-lvl6":"VC-06","postcode":"VC0400","country":"Saint Vincent and the Grenadines","country_code":"vc"},"osm_type":"node","osm_id":11642701689,"type":"hamlet","location":[-61.24123,12.9893352],"bbox":[-61.26123,12.9693352,-61.22123,13.0093352]}
{"name":"Glossy","display_name":"Glossy, Charlestown, Grenadines, VC0450, Saint Vincent and the Grenadines","address":{"hamlet":"Glossy","town":"Charlestown","county":"Grenadines","ISO3166-2-lvl6":"VC-06","postcode":"VC0450","country":"Saint Vincent and the Grenadines","country_code":"vc"},"osm_type":"node","osm_id":11642861793,"type":"hamlet","location":[-61.3534438,12.7029972],"bbox":[-61.3734438,12.6829972,-61.3334438,12.7229972]}
{"name":"Hamilton","display_name":"Hamilton, Port Elizabeth, Grenadines, VC0400, Saint Vincent and the Grenadines","address":{"hamlet":"Hamilton","town":"Port Elizabeth","county":"Grenadines","ISO3166-2-lvl6":"VC-06","postcode":"VC0400","country":"Saint Vincent and the Grenadines","country_code":"vc"},"osm_type":"node","osm_id":11642701694,"type":"hamlet","location":[-61.2428068,13.0132701],"bbox":[-61.2628068,12.9932701,-61.2228068,13.0332701]}
{"name":"La Pompe","display_name":"La Pompe, Port Elizabeth, Grenadines, VC0400, Saint Vincent and the Grenadines","address":{"hamlet":"La Pompe","town":"Port Elizabeth","county":"Grenadines","ISO3166-2-lvl6":"VC-06","postcode":"VC0400","country":"Saint Vincent and the Grenadines","country_code":"vc"},"osm_type":"node","osm_id":11642701688,"type":"hamlet","location":[-61.2533583,12.9883694],"bbox":[-61.2733583,12.9683694,-61.2333583,13.0083694]}
{"name":"Langley Park","display_name":"Langley Park, Champans, Charlotte, Saint Vincent and the Grenadines","address":{"hamlet":"Langley Park","village":"Champans","county":"Charlotte","ISO3166-2-lvl6":"VC-01","country":"Saint Vincent and the Grenadines","country_code":"vc"},"osm_type":"node","osm_id":8287554137,"type":"hamlet","location":[-61.1163722,13.2970248],"bbox":[-61.1363722,13.2770248,-61.0963722,13.3170248]}
{"name":"Lower Bay","display_name":"Lower Bay, Port Elizabeth, Grenadines, VC0400, Saint Vincent and the Grenadines","address":{"hamlet":"Lower Bay","town":"Port Elizabeth","county":"Grenadines","ISO3166-2-lvl6":"VC-06","postcode":"VC0400","country":"Saint Vincent and the Grenadines","country_code":"vc"},"osm_type":"node","osm_id":11642701691,"type":"hamlet","location":[-61.2470456,12.9944322],"bbox":[-61.2670456,12.9744322,-61.2270456,13.0144322]}
{"name":"Miss Toast","display_name":"Miss Toast, Ashton, Grenadines, VC0470, Saint Vincent and the Grenadines","address":{"hamlet":"Miss Toast","town":"Ashton","county":"Grenadines","ISO3166-2-lvl6":"VC-06","postcode":"VC0470","country":"Saint Vincent and the Grenadines","country_code":"vc"},"osm_type":"node","osm_id":2387719462,"type":"hamlet","location":[-61.4391871,12.6130118],"bbox":[-61.4591871,12.5930118,-61.4191871,12.6330118]}
{"name":"Old Sandy Bay","display_name":"Old Sandy Bay, Point Village, Charlotte, Saint Vincent and the Grenadines","address":{"hamlet":"Old Sandy Bay","village":"Point Village","county":"Charlotte","ISO3166-2-lvl6":"VC-01","country":"Saint Vincent and the Grenadines","country_code":"vc"},"osm_type":"node","osm_id":8287554129,"type":"hamlet","location":[-61.1341425,13.3602885],"bbox":[-61.1541425,13.3402885,-61.1141425,13.3802885]}
{"name":"Orange Hill","display_name":"Orange Hill, Waterloo, Charlotte, Saint Vincent and the Grenadines","address":{"hamlet":"Orange Hill","village":"Waterloo","county":"Charlotte","ISO3166-2-lvl6":"VC-01","country":"Saint Vincent and the Grenadines","country_code":"vc"},"osm_type":"node","osm_id":8287554136,"type":"hamlet","location":[-61.1222851,13.3181247],"bbox":[-61.1422851,13.2981247,-61.1022851,13.3381247]}
{"name":"Page Farm","display_name":"Page Farm, Grenadines, VC0400, Saint Vincent and the Grenadines","address":{"hamlet":"Page Farm","county":"Grenadines","ISO3166-2-lvl6":"VC-06","postcode":"VC0400","country":"Saint Vincent and the Grenadines","country_code":"vc"},"osm_type":"node","osm_id":11642701687,"type":"hamlet","location":[-61.2613727,12.9926365],"bbox":[-61.2813727,12.9726365,-61.2413727,13.0126365]}
{"name":"Park Estate","display_name":"Park Estate, Port Elizabeth, Grenadines, VC0400, Saint Vincent and the Grenadines","address":{"hamlet":"Park Estate","town":"Port Elizabeth","county":"Grenadines","ISO3166-2-lvl6":"VC-06","postcode":"VC0400","country":"Saint Vincent and the Grenadines","country_code":"vc"},"osm_type":"node","osm_id":11642701696,"type":"hamlet","location":[-61.2148869,13.0267878],"bbox":[-61.2348869,13.0067878,-61.1948869,13.0467878]}
{"name":"Richmond","display_name":"Richmond, Port Elizabeth, Grenadines, VC0400, Saint Vincent and the Grenadines","address":{"hamlet":"Richmond","town":"Port Elizabeth","county":"Grenadines","ISO3166-2-lvl6":"VC-06","postcode":"VC0400","country":"Saint Vincent and the Grenadines","country_code":"vc"},"osm_type":"node","osm_id":11642701692,"type":"hamlet","location":[-61.2408801,12.9957216],"bbox":[-61.2608801,12.9757216,-61.2208801,13.0157216]}
{"name":"Richmond","display_name":"Richmond, Wallibou, Saint David, Saint Vincent and the Grenadines","address":{"hamlet":"Richmond","village":"Wallibou","county":"Saint David","ISO3166-2-lvl6":"VC-03","country":"Saint Vincent and the Grenadines","country_code":"vc"},"osm_type":"node","osm_id":8912003915,"type":"hamlet","location":[-61.229035,13.3039666],"bbox":[-61.249035,13.2839666,-61.209035,13.3239666]}
{"name":"Sion Hill","display_name":"Sion Hill, New Sandy Bay Village, Charlotte, Saint Vincent and the Grenadines","address":{"hamlet":"Sion Hill","village":"New Sandy Bay Village","county":"Charlotte","ISO3166-2-lvl6":"VC-01","country":"Saint Vincent and the Grenadines","country_code":"vc"},"osm_type":"node","osm_id":8287554131,"type":"hamlet","location":[-61.1323306,13.3570807],"bbox":[-61.1523306,13.3370807,-61.1123306,13.3770807]}
{"name":"Union","display_name":"Union, Port Elizabeth, Grenadines, VC0400, Saint Vincent and the Grenadines","address":{"hamlet":"Union","town":"Port Elizabeth","county":"Grenadines","ISO3166-2-lvl6":"VC-06","postcode":"VC0400","country":"Saint Vincent and the Grenadines","country_code":"vc"},"osm_type":"node","osm_id":11642701695,"type":"hamlet","location":[-61.2307469,13.0155335],"bbox":[-61.2507469,12.9955335,-61.2107469,13.0355335]}
{"name":"Villa","display_name":"Villa, Calliaqua, Saint George, VC0100, Saint Vincent and the Grenadines","address":{"hamlet":"Villa","town":"Calliaqua","county":"Saint George","ISO3166-2-lvl6":"VC-04","postcode":"VC0100","country":"Saint Vincent and the Grenadines","country_code":"vc"},"osm_type":"node","osm_id":5506606899,"type":"hamlet","location":[-61.2029504,13.1378671],"bbox":[-61.2229504,13.1178671,-61.1829504,13.1578671]}
