{"name":"Adephi","display_name":"Adephi, Charlotte, Saint Vincent and the Grenadines","address":{"village":"Adephi","county":"Charlotte","ISO3166-2-lvl6":"VC-01","country":"Saint Vincent and the Grenadines","country_code":"vc"},"osm_type":"node","osm_id":11643228547,"type":"village","location":[-61.1445221,13.1849125],"bbox":[-61.1645221,13.1649125,-61.1245221,13.2049125]}
{"name":"Argyle","display_name":"Argyle, Saint George, Saint Vincent and the Grenadines","address":{"village":"Argyle","county":"Saint George","ISO3166-2-lvl6":"VC-04","country":"Saint Vincent and the Grenadines","country_code":"vc"},"osm_type":"node","osm_id":11643228549,"type":"village","location":[-61.1536448,13.164373],"bbox":[-61.1736448,13.144373,-61.1336448,13.184373]}
{"name":"Belmont","display_name":"Belmont, Saint George, VC0100, Saint Vincent and the Grenadines","address":{"village":"Belmont","county":"Saint George","ISO3166-2-lvl6":"VC-04","postcode":"VC0100","country":"Saint Vincent and the Grenadines","country_code":"vc"},"osm_type":"node","osm_id":11643228553,"type":"village","location":[-61.1813765,13.1652583],"bbox":[-61.2013765,13.1452583,-61.1613765,13.1852583]}
{"name":"Big Sands","display_name":"Big Sands, Grenadines, VC0472, Saint Vincent and the Grenadines","address":{"village":"Big Sands","county":"Grenadines","ISO3166-2-lvl6":"VC-06","postcode":"VC0472","country":"Saint Vincent and the Grenadines","country_code":"vc"},"osm_type":"node","osm_id":2387714078,"type":"village","location":[-61.4231051,12.6040168],"bbox":[-61.4431051,12.5840168,-61.4031051,12.6240168]}
{"name":"Brighton","display_name":"Brighton, Saint George, Saint Vincent and the Grenadines","address":{"village":"Brighton","county":"Saint George","ISO3166-2-lvl6":"VC-04","country":"Saint Vincent and the Grenadines","country_code":"vc"},"osm_type":"node","osm_id":11643228556,"type":"village","location":[-61.1749086,13.1299959],"bbox":[-61.1949086,13.1099959,-61.1549086,13.1499959]}
{"name":"Calder","display_name":"Calder, Saint George, Saint Vincent and the Grenadines","address":{"village":"Calder","county":"Saint George","ISO3166-2-lvl6":"VC-04","country":"Saint Vincent and the Grenadines","country_code":"vc"},"osm_type":"node","osm_id":11643228550,"type":"village","location":[-61.1605337,13.1598582],"bbox":[-61.1805337,13.1398582,-61.1405337,13.1798582]}
{"name":"Campden Park","display_name":"Campden Park, Saint Andrew, VC0100, Saint Vincent and the Grenadines","address":{"village":"Campden Park","county":"Saint Andrew","ISO3166-2-lvl6":"VC-02","postcode":"VC0100","country":"Saint Vincent and the Grenadines","country_code":"vc"},"osm_type":"node","osm_id":3894322557,"type":"village","location":[-61.2408871,13.1720284],"bbox":[-61.2608871,13.1520284,-61.2208871,13.1920284]}
{"name":"Carapan","display_name":"Carapan, Saint George, Saint Vincent and the Grenadines","address":{"village":"Carapan","county":"Saint George","ISO3166-2-lvl6":"VC-04","country":"Saint Vincent and the Grenadines","country_code":"vc"},"osm_type":"node","osm_id":11643228552,"type":"village","location":[-61.1679773,13.1518717],"bbox":[-61.1879773,13.1318717,-61.1479773,13.1718717]}
{"name":"Champans","display_name":"Champans, Charlotte, Saint Vincent and the Grenadines","address":{"village":"Champans","county":"Charlotte","ISO3166-2-lvl6":"VC-01","country":"Saint Vincent and the Grenadines","country_code":"vc"},"osm_type":"node","osm_id":11642926170,"type":"village","location":[-61.1181508,13.2927234],"bbox":[-61.1381508,13.2727234,-61.0981508,13.3127234]}
{"name":"Choppins","display_name":"Choppins, Saint George, VC0100, Saint Vincent and the Grenadines","address":{"village":"Choppins","county":"Saint George","ISO3166-2-lvl6":"VC-04","postcode":"VC0100","country":"Saint Vincent and the Grenadines","country_code":"vc"},"osm_type":"node","osm_id":11643228558,"type":"village","location":[-61.1863292,13.1413046],"bbox":[-61.2063292,13.1213046,-61.1663292,13.1613046]}
{"name":"Clare Valley","display_name":"Clare Valley, Saint Andrew, VC0100, Saint Vincent and the Grenadines","address":{"village":"Clare Valley","county":"Saint Andrew","ISO3166-2-lvl6":"VC-02","postcode":"VC0100","country":"Saint Vincent and the Grenadines","country_code":"vc"},"osm_type":"node","osm_id":10805419779,"type":"village","location":[-61.2565016,13.1788539],"bbox":[-61.2765016,13.1588539,-61.2365016,13.1988539]}
{"name":"Coulls Hill","display_name":"Coulls Hill, Saint David, Saint Vincent and the Grenadines","address":{"village":"Coulls Hill","county":"Saint David","ISO3166-2-lvl6":"VC-03","country":"Saint Vincent and the Grenadines","country_code":"vc"},"osm_type":"node","osm_id":6256418416,"type":"village","location":[-61.2582694,13.2708071],"bbox":[-61.2782694,13.2508071,-61.2382694,13.2908071]}
{"name":"Diamond","display_name":"Diamond, Saint George, Saint Vincent and the Grenadines","address":{"village":"Diamond","county":"Saint George","ISO3166-2-lvl6":"VC-04","country":"Saint Vincent and the Grenadines","country_code":"vc"},"osm_type":"node","osm_id":11643228555,"type":"village","location":[-61.1682917,13.1406651],"bbox":[-61.1882917,13.1206651,-61.1482917,13.1606651]}
{"name":"Fancy","display_name":"Fancy, Charlotte, Saint Vincent and the Grenadines","address":{"village":"Fancy","county":"Charlotte","ISO3166-2-lvl6":"VC-01","country":"Saint Vincent and the Grenadines","country_code":"vc"},"osm_type":"node","osm_id":281174402,"type":"village","location":[-61.1707268,13.3814563],"bbox":[-61.1907268,13.3614563,-61.1507268,13.4014563]}
{"name":"Greiggs","display_name":"Greiggs, Charlotte, Saint Vincent and the Grenadines","address":{"village":"Greiggs","county":"Charlotte","ISO3166-2-lvl6":"VC-01","country":"Saint Vincent and the Grenadines","country_code":"vc"},"osm_type":"node","osm_id":11642928521,"type":"village","location":[-61.1655383,13.2133861],"bbox":[-61.1855383,13.1933861,-61.1455383,13.2333861]}
{"name":"London","display_name":"London, Charlotte, Saint Vincent and the Grenadines","address":{"village":"London","county":"Charlotte","ISO3166-2-lvl6":"VC-01","country":"Saint Vincent and the Grenadines","country_code":"vc"},"osm_type":"node","osm_id":8287554133,"type":"village","location":[-61.1246718,13.3402776],"bbox":[-61.1446718,13.3202776,-61.1046718,13.3602776]}
{"name":"Lowmans","display_name":"Lowmans, Charlotte, VC0220, Saint Vincent and the Grenadines","address":{"village":"Lowmans","county":"Charlotte","ISO3166-2-lvl6":"VC-01","postcode":"VC0220","country":"Saint Vincent and the Grenadines","country_code":"vc"},"osm_type":"node","osm_id":11642928522,"type":"village","location":[-61.1499065,13.2153018],"bbox":[-61.1699065,13.1953018,-61.1299065,13.2353018]}
{"name":"Mayreau Village","display_name":"Mayreau Village, Grenadines, Saint Vincent and the Grenadines","address":{"village":"Mayreau Village","county":"Grenadines","ISO3166-2-lvl6":"VC-06","country":"Saint Vincent and the Grenadines","country_code":"vc"},"population":250,"osm_type":"way","osm_id":25686555,"type":"village","location":[-61.394143568165205,12.639043950000001],"bbox":[-61.3958493,12.6370059,-61.3923818,12.6409893]}
{"name":"New Montrose","display_name":"New Montrose, Saint George, VC0100, Saint Vincent and the Grenadines","address":{"village":"New Montrose","county":"Saint George","ISO3166-2-lvl6":"VC-04","postcode":"VC0100","country":"Saint Vincent and the Grenadines","country_code":"vc"},"osm_type":"node","osm_id":3821106005,"type":"village","location":[-61.2304225,13.1621502],"bbox":[-61.2504225,13.1421502,-61.2104225,13.1821502]}
{"name":"New Sandy Bay Village","display_name":"New Sandy Bay Village, Charlotte, Saint Vincent and the Grenadines","address":{"village":"New Sandy Bay Village","county":"Charlotte","ISO3166-2-lvl6":"VC-01","country":"Saint Vincent and the Grenadines","country_code":"vc"},"osm_type":"node","osm_id":5473379483,"type":"village","location":[-61.1312534,13.3520627],"bbox":[-61.1512534,13.3320627,-61.1112534,13.3720627]}
{"name":"North Union","display_name":"North Union, Charlotte, VC0220, Saint Vincent and the Grenadines","address":{"village":"North Union","county":"Charlotte","ISO3166-2-lvl6":"VC-01","postcode":"VC0220","country":"Saint Vincent and the Grenadines","country_code":"vc"},"osm_type":"node","osm_id":4992868083,"type":"village","location":[-61.1345387,13.2202062],"bbox":[-61.1545387,13.2002062,-61.1145387,13.2402062]}
{"name":"Overland Village","display_name":"Overland Village, Charlotte, Saint Vincent and the Grenadines","address":{"village":"Overland Village","county":"Charlotte","ISO3166-2-lvl6":"VC-01","country":"Saint Vincent and the Grenadines","country_code":"vc"},"osm_type":"node","osm_id":281906303,"type":"village","location":[-61.1220956,13.3336202],"bbox":[-61.1420956,13.3136202,-61.1020956,13.3536202]}
{"name":"Owia","display_name":"Owia, Charlotte, Saint Vincent and the Grenadines","address":{"village":"Owia","county":"Charlotte","ISO3166-2-lvl6":"VC-01","country":"Saint Vincent and the Grenadines","country_code":"vc"},"osm_type":"node","osm_id":8287554122,"type":"village","location":[-61.1435882,13.3759904],"bbox":[-61.1635882,13.3559904,-61.1235882,13.3959904]}
{"name":"Peruvian Vale","display_name":"Peruvian Vale, Charlotte, Saint Vincent and the Grenadines","address":{"village":"Peruvian Vale","county":"Charlotte","ISO3166-2-lvl6":"VC-01","country":"Saint Vincent and the Grenadines","country_code":"vc"},"osm_type":"node","osm_id":11643228548,"type":"village","location":[-61.1446972,13.1777265],"bbox":[-61.1646972,13.1577265,-61.1246972,13.1977265]}
{"name":"Point Village","display_name":"Point Village, Charlotte, Saint Vincent and the Grenadines","address":{"village":"Point Village","county":"Charlotte","ISO3166-2-lvl6":"VC-01","country":"Saint Vincent and the Grenadines","country_code":"vc"},"osm_type":"node","osm_id":8287554127,"type":"village","location":[-61.1354054,13.3681974],"bbox":[-61.1554054,13.3481974,-61.1154054,13.3881974]}
{"name":"Ribishi","display_name":"Ribishi, Saint George, VC0100, Saint Vincent and the Grenadines","address":{"village":"Ribishi","county":"Saint George","ISO3166-2-lvl6":"VC-04","postcode":"VC0100","country":"Saint Vincent and the Grenadines","country_code":"vc"},"osm_type":"node","osm_id":11643228557,"type":"village","location":[-61.1833506,13.1329606],"bbox":[-61.2033506,13.1129606,-61.1633506,13.1529606]}
{"name":"Richland Park","display_name":"Richland Park, Charlotte, Saint Vincent and the Grenadines","address":{"village":"Richland Park","county":"Charlotte","ISO3166-2-lvl6":"VC-01","country":"Saint Vincent and the Grenadines","country_code":"vc"},"osm_type":"node","osm_id":11642445567,"type":"village","location":[-61.1711205,13.197194],"bbox":[-61.1911205,13.177194,-61.1511205,13.217194]}
{"name":"Rosehall","display_name":"Rosehall, Saint David, Saint Vincent and the Grenadines","address":{"village":"Rosehall","county":"Saint David","ISO3166-2-lvl6":"VC-03","country":"Saint Vincent and the Grenadines","country_code":"vc"},"osm_type":"node","osm_id":11643228559,"type":"village","location":[-61.2457696,13.2734867],"bbox":[-61.2657696,13.2534867,-61.2257696,13.2934867]}
{"name":"Sion Hill","display_name":"Sion Hill, Saint George, Saint Vincent and the Grenadines","address":{"village":"Sion Hill","county":"Saint George","ISO3166-2-lvl6":"VC-04","country":"Saint Vincent and the Grenadines","country_code":"vc"},"osm_type":"way","osm_id":681172594,"type":"village","location":[-61.215477725838085,13.147135850000002],"bbox":[-61.2179903,13.1449068,-61.2125187,13.1495258]}
{"name":"Stubbs","display_name":"Stubbs, Saint George, Saint Vincent and the Grenadines","address":{"village":"Stubbs","county":"Saint George","ISO3166-2-lvl6":"VC-04","country":"Saint Vincent and the Grenadines","country_code":"vc"},"osm_type":"node","osm_id":11643228554,"type":"village","location":[-61.1596319,13.1492828],"bbox":[-61.1796319,13.1292828,-61.1396319,13.1692828]}
{"name":"Victoria","display_name":"Victoria, Saint George, Saint Vincent and the Grenadines","address":{"village":"Victoria","county":"Saint George","ISO3166-2-lvl6":"VC-04","country":"Saint Vincent and the Grenadines","country_code":"vc"},"osm_type":"node","osm_id":11643228551,"type":"village","location":[-61.1638554,13.1536718],"bbox":[-61.1838554,13.1336718,-61.1438554,13.1736718]}
{"name":"Wallibou","display_name":"Wallibou, Saint David, Saint Vincent and the Grenadines","address":{"village":"Wallibou","county":"Saint David","ISO3166-2-lvl6":"VC-03","country":"Saint Vincent and the Grenadines","country_code":"vc"},"osm_type":"node","osm_id":5940133978,"type":"village","location":[-61.2321481,13.3106573],"bbox":[-61.2521481,13.2906573,-61.2121481,13.3306573]}
{"name":"Waterloo","display_name":"Waterloo, Charlotte, Saint Vincent and the Grenadines","address":{"village":"Waterloo","county":"Charlotte","ISO3166-2-lvl6":"VC-01","country":"Saint Vincent and the Grenadines","country_code":"vc"},"osm_type":"node","osm_id":8287554138,"type":"village","location":[-61.1206337,13.3133395],"bbox":[-61.1406337,13.2933395,-61.1006337,13.3333395]}
