{"name":"Aola","other_names":{"name:en":"Aola","name:ja":"アオラ"},"display_name":"Aola, Guadalcanal, Solomon Islands","address":{"town":"Aola","state":"Guadalcanal","ISO3166-2-lvl4":"SB-GU","country":"Solomon Islands","country_code":"sb"},"osm_type":"node","osm_id":1737963691,"type":"town","location":[160.4824982,-9.5300605],"bbox":[160.4424982,-9.5700605,160.5224982,-9.4900605]}
{"name":"Auki","other_names":{"name:en":"Auki","name:ja":"アウキ"},"display_name":"Auki, Malaita, Solomon Islands","address":{"town":"Auki","state":"Malaita","ISO3166-2-lvl4":"SB-ML","country":"Solomon Islands","country_code":"sb"},"population":7785,"osm_type":"node","osm_id":339678145,"type":"town","location":[160.6992655,-8.7706074],"bbox":[160.6592655,-8.8106074,160.7392655,-8.7306074]}
{"name":"Buala","other_names":{"name:en":"Buala","name:ja":"ブアラ"},"display_name":"Buala, Isabel, Solomon Islands","address":{"town":"Buala","state":"Isabel","ISO3166-2-lvl4":"SB-IS","country":"Solomon Islands","country_code":"sb"},"osm_type":"node","osm_id":2613625262,"type":"town","location":[159.5930366,-8.145546],"bbox":[159.5530366,-8.185546,159.6330366,-8.105546]}
{"name":"Gizo","other_names":{"name:en":"Gizo","name:ja":"ギゾ","name:ru":"Гизо","alt_name":"Ghizo"},"display_name":"Gizo, Western, Solomon Islands","address":{"town":"Gizo","state":"Western","ISO3166-2-lvl4":"SB-WE","country":"Solomon Islands","country_code":"sb"},"osm_type":"node","osm_id":1958106184,"type":"town","location":[156.8413618,-8.1054656],"bbox":[156.8013618,-8.1454656,156.8813618,-8.0654656]}
{"name":"Kola'a","other_names":{"name:ja":"コラーア"},"display_name":"Kola'a, Honiara, Solomon Islands","address":{"town":"Kola'a","state":"Honiara","ISO3166-2-lvl4":"SB-CT","country":"Solomon Islands","country_code":"sb"},"osm_type":"node","osm_id":9731582169,"type":"town","location":[159.9736902,-9.4399908],"bbox":[159.9336902,-9.4799908,160.0136902,-9.3999908],"border":{"name":"Kola'a","other_names":{"name:en":"Kola'a","name:ja":"コラーア"},"display_name":"Kola'a, Honiara, Solomon Islands","address":{"town":"Kola'a","state":"Honiara","ISO3166-2-lvl4":"SB-CT","country":"Solomon Islands","country_code":"sb"},"osm_type":"relation","osm_id":11973427,"type":"administrative","location":[159.9736902,-9.4399908],"bbox":[159.9590683,-9.4584895,159.9825826,-9.4127481]}}
{"name":"Kolohaumbi","display_name":"Kolohaumbi, Guadalcanal, Solomon Islands","address":{"town":"Kolohaumbi","state":"Guadalcanal","ISO3166-2-lvl4":"SB-GU","country":"Solomon Islands","country_code":"sb"},"osm_type":"node","osm_id":2685981695,"type":"town","location":[160.5506022,-9.915433],"bbox":[160.5106022,-9.955433,160.5906022,-9.875433]}
{"name":"Lata","other_names":{"name:en":"Lata","name:fr":"Lata","name:ja":"ラタ"},"display_name":"Lata, Nuva Station Ward, Temotu, Solomon Islands","address":{"town":"Lata","state_district":"Nuva Station Ward","state":"Temotu","ISO3166-2-lvl4":"SB-TE","country":"Solomon Islands","country_code":"sb"},"osm_type":"node","osm_id":2155061940,"type":"town","location":[165.7977641,-10.7241726],"bbox":[165.7577641,-10.7641726,165.8377641,-10.6841726]}
{"name":"Noro","display_name":"Noro, Western, Solomon Islands","address":{"town":"Noro","state":"Western","ISO3166-2-lvl4":"SB-WE","country":"Solomon Islands","country_code":"sb"},"osm_type":"node","osm_id":7143648231,"type":"town","location":[157.1987537,-8.2422346],"bbox":[157.1587537,-8.2822346,157.2387537,-8.2022346]}
{"name":"Panatina","display_name":"Panatina, Honiara, Solomon Islands","address":{"town":"Panatina","state":"Honiara","ISO3166-2-lvl4":"SB-CT","country":"Solomon Islands","country_code":"sb"},"osm_type":"node","osm_id":9731582179,"type":"town","location":[160.0018676,-9.4313664],"bbox":[159.9618676,-9.4713664,160.0418676,-9.3913664],"border":{"name":"Panatina","other_names":{"name:en":"Panatina","name:ja":"パナティア"},"display_name":"Panatina, Honiara, Solomon Islands","address":{"town":"Panatina","state":"Honiara","ISO3166-2-lvl4":"SB-CT","country":"Solomon Islands","country_code":"sb"},"osm_type":"relation","osm_id":11973431,"type":"administrative","location":[160.0018676,-9.4313664],"bbox":[159.984058,-9.455243,160.0227249,-9.4127574]}}
{"name":"Poitete","display_name":"Poitete, Western, Solomon Islands","address":{"town":"Poitete","state":"Western","ISO3166-2-lvl4":"SB-WE","country":"Solomon Islands","country_code":"sb"},"osm_type":"node","osm_id":3508068966,"type":"town","location":[157.1357806,-7.8824128],"bbox":[157.0957806,-7.9224128,157.1757806,-7.8424128]}
{"name":"Ringgi","display_name":"Ringgi, Western, Solomon Islands","address":{"town":"Ringgi","state":"Western","ISO3166-2-lvl4":"SB-WE","country":"Solomon Islands","country_code":"sb"},"osm_type":"node","osm_id":3508075389,"type":"town","location":[157.1291716,-8.1132614],"bbox":[157.0891716,-8.1532614,157.1691716,-8.0732614]}
{"name":"Taro Island","display_name":"Taro Island, Choiseul, Solomon Islands","address":{"town":"Taro Island","state":"Choiseul","ISO3166-2-lvl4":"SB-CH","country":"Solomon Islands","country_code":"sb"},"osm_type":"node","osm_id":5471070551,"type":"town","location":[156.397805,-6.710342],"bbox":[156.357805,-6.750342,156.437805,-6.670342]}
{"name":"Tulagi","display_name":"Tulagi, Central, Solomon Islands","address":{"town":"Tulagi","state":"Central","ISO3166-2-lvl4":"SB-CE","country":"Solomon Islands","country_code":"sb"},"osm_type":"node","osm_id":790807065,"type":"town","location":[160.1501398,-9.1015203],"bbox":[160.1101398,-9.1415203,160.1901398,-9.0615203]}
{"name":"Tuvaruhu","display_name":"Tuvaruhu, Honiara, Solomon Islands","address":{"town":"Tuvaruhu","state":"Honiara","ISO3166-2-lvl4":"SB-CT","country":"Solomon Islands","country_code":"sb"},"osm_type":"node","osm_id":9731582729,"type":"town","location":[159.9568993,-9.4543651],"bbox":[159.9168993,-9.4943651,159.9968993,-9.4143651]}
