{"name":"Abong-Mbang","display_name":"Abong-Mbang, Haut-Nyong, Est, Cameroun","address":{"city":"Abong-Mbang","county":"Haut-Nyong","state":"Est","ISO3166-2-lvl4":"CM-ES","country":"Cameroun","country_code":"cm"},"osm_type":"node","osm_id":2225468551,"type":"city","location":[13.1717237,3.9884092],"bbox":[13.0117237,3.8284092,13.3317237,4.1484092],"border":{"name":"Abong-Mbang","display_name":"Abong-Mbang, Haut-Nyong, Est, Cameroun","address":{"city":"Abong-Mbang","county":"Haut-Nyong","state":"Est","ISO3166-2-lvl4":"CM-ES","country":"Cameroun","country_code":"cm"},"osm_type":"relation","osm_id":3820298,"type":"administrative","location":[13.1717237,3.9884092],"bbox":[12.9473744,3.6647199,13.6241022,4.0484724]}}
{"name":"Akonolinga","display_name":"Akonolinga, Nyong-et-Foumou, Centre, Cameroun","address":{"city":"Akonolinga","county":"Nyong-et-Foumou","state":"Centre","ISO3166-2-lvl4":"CM-CE","country":"Cameroun","country_code":"cm"},"osm_type":"node","osm_id":2146606831,"type":"city","location":[12.244917,3.77339],"bbox":[12.084917,3.61339,12.404917,3.93339],"border":{"name":"Akonolinga","display_name":"Akonolinga, Nyong-et-Foumou, Centre, Cameroun","address":{"city":"Akonolinga","county":"Nyong-et-Foumou","state":"Centre","ISO3166-2-lvl4":"CM-CE","country":"Cameroun","country_code":"cm"},"osm_type":"relation","osm_id":3822397,"type":"administrative","location":[12.244917,3.77339],"bbox":[11.9443896,3.4591208,12.618491,4.3760547]}}
{"name":"Ambam","display_name":"Ambam, Vallée-du-Ntem, Sud, Cameroun","address":{"city":"Ambam","county":"Vallée-du-Ntem","state":"Sud","ISO3166-2-lvl4":"CM-SU","country":"Cameroun","country_code":"cm"},"osm_type":"node","osm_id":10581633911,"type":"city","location":[11.2669194,2.3850714],"bbox":[11.1069194,2.2250714,11.4269194,2.5450714],"border":{"name":"Ambam","display_name":"Ambam, Vallée-du-Ntem, Sud, Cameroun","address":{"city":"Ambam","county":"Vallée-du-Ntem","state":"Sud","ISO3166-2-lvl4":"CM-SU","country":"Cameroun","country_code":"cm"},"osm_type":"relation","osm_id":3828426,"type":"administrative","location":[11.2669194,2.3850714],"bbox":[10.9182751,2.2730852,11.679647,2.7562657]}}
{"name":"Bafang","other_names":{"name:ru":"Бафанг"},"display_name":"Bafang, Haut-Nkam, Ouest, Cameroun","address":{"city":"Bafang","county":"Haut-Nkam","state":"Ouest","ISO3166-2-lvl4":"CM-OU","country":"Cameroun","country_code":"cm"},"osm_type":"node","osm_id":3168513622,"type":"city","location":[10.179748,5.158664],"bbox":[10.019748,4.998664,10.339748,5.318664],"border":{"name":"Bafang","other_names":{"name:ru":"Бафанг"},"display_name":"Bafang, Haut-Nkam, Ouest, Cameroun","address":{"city":"Bafang","county":"Haut-Nkam","state":"Ouest","ISO3166-2-lvl4":"CM-OU","country":"Cameroun","country_code":"cm"},"osm_type":"relation","osm_id":3837572,"type":"administrative","location":[10.179748,5.158664],"bbox":[10.096909,5.0640868,10.2569238,5.1655079]}}
{"name":"Bafia","other_names":{"name:ru":"Бафиа"},"display_name":"Bafia, Mbam-et-Inoubou, Centre, Cameroun","address":{"city":"Bafia","county":"Mbam-et-Inoubou","state":"Centre","ISO3166-2-lvl4":"CM-CE","country":"Cameroun","country_code":"cm"},"osm_type":"node","osm_id":3421666568,"type":"city","location":[11.2205928,4.7399331],"bbox":[11.0605928,4.5799331,11.3805928,4.8999331],"border":{"name":"Bafia","other_names":{"name:ru":"Бафиа"},"display_name":"Bafia, Mbam-et-Inoubou, Centre, Cameroun","address":{"city":"Bafia","county":"Mbam-et-Inoubou","state":"Centre","ISO3166-2-lvl4":"CM-CE","country":"Cameroun","country_code":"cm"},"osm_type":"relation","osm_id":3823192,"type":"administrative","location":[11.2205928,4.7399331],"bbox":[11.117386,4.6663378,11.3277697,4.8117934]}}
{"name":"Bafoussam III","other_names":{"alt_name":"Bafoussam 3"},"display_name":"Bafoussam III, Mifi, Ouest, Cameroun","address":{"city":"Bafoussam III","county":"Mifi","state":"Ouest","ISO3166-2-lvl4":"CM-OU","country":"Cameroun","country_code":"cm"},"osm_type":"relation","osm_id":3837421,"type":"administrative","location":[10.364307504278564,5.4906738],"bbox":[10.3247458,5.4195143,10.4125455,5.5618576],"inferred_type":"city"}
{"name":"Bafoussam","other_names":{"name:ko":"바푸삼","alt_name":"Bafoussam 1; Bafoussam I"},"display_name":"Bafoussam, Bafoussam I, Mifi, Ouest, Cameroun","address":{"city":"Bafoussam","county":"Mifi","state":"Ouest","ISO3166-2-lvl4":"CM-OU","country":"Cameroun","country_code":"cm"},"osm_type":"node","osm_id":1809741111,"type":"city","location":[10.4217852,5.4758844],"bbox":[10.2617852,5.3158844,10.5817852,5.6358844],"border":{"name":"Bafoussam I","other_names":{"alt_name":"Bafoussam 1"},"display_name":"Bafoussam I, Mifi, Ouest, Cameroun","address":{"city":"Bafoussam I","county":"Mifi","state":"Ouest","ISO3166-2-lvl4":"CM-OU","country":"Cameroun","country_code":"cm"},"osm_type":"relation","osm_id":6312407,"type":"administrative","location":[10.51853121992182,5.49675135],"bbox":[10.4021414,5.4270414,10.5801539,5.566268]}}
{"name":"Bamenda","other_names":{"name:en":"Bamenda","name:hu":"Bamenda","name:ko":"바멘다","name:ru":"Баменда"},"display_name":"Bamenda, Communauté urbaine de Bamenda, Mezam, Northwest, Cameroun","address":{"city":"Bamenda","county":"Mezam","state":"Northwest","ISO3166-2-lvl4":"CM-NW","country":"Cameroun","country_code":"cm"},"population":1735000,"osm_type":"node","osm_id":247717281,"type":"city","location":[10.1516505,5.9614117],"bbox":[9.9916505,5.8014117,10.3116505,6.1214117],"border":{"name":"Communauté urbaine de Bamenda","other_names":{"alt_name":"Bamenda","short_name":"CUB","name:en":"Bamenda","name:hu":"Bamenda","name:ko":"바멘다","name:ru":"Баменда","alt":"Bamenda"},"display_name":"Communauté urbaine de Bamenda, Mezam, Northwest, Cameroun","address":{"city":"Communauté urbaine de Bamenda","county":"Mezam","state":"Northwest","ISO3166-2-lvl4":"CM-NW","country":"Cameroun","country_code":"cm"},"population":1735000,"osm_type":"relation","osm_id":3837910,"type":"administrative","location":[10.1516505,5.9614117],"bbox":[10.0281948,5.8598251,10.2864338,6.0481884]}}
{"name":"Bangangté","other_names":{"alt_name":"Banganté"},"display_name":"Bangangté, Ndé, Ouest, Cameroun","address":{"city":"Bangangté","county":"Ndé","state":"Ouest","ISO3166-2-lvl4":"CM-OU","country":"Cameroun","country_code":"cm"},"population":63595,"osm_type":"node","osm_id":249672731,"type":"city","location":[10.5235407,5.1396127],"bbox":[10.3635407,4.9796127,10.6835407,5.2996127],"border":{"name":"Bangangté","other_names":{"alt_name":"Banganté"},"display_name":"Bangangté, Ndé, Ouest, Cameroun","address":{"city":"Bangangté","county":"Ndé","state":"Ouest","ISO3166-2-lvl4":"CM-OU","country":"Cameroun","country_code":"cm"},"population":63595,"osm_type":"relation","osm_id":3837209,"type":"administrative","location":[10.5235407,5.1396127],"bbox":[10.3498256,4.9398874,10.883733,5.2743376]}}
{"name":"Banyo","display_name":"Banyo, Mayo-Banyo, Adamaoua, Cameroun","address":{"city":"Banyo","county":"Mayo-Banyo","state":"Adamaoua","ISO3166-2-lvl4":"CM-AD","country":"Cameroun","country_code":"cm"},"osm_type":"node","osm_id":250346326,"type":"city","location":[11.8045776,6.748547],"bbox":[11.6445776,6.588547,11.9645776,6.908547],"border":{"name":"Banyo","display_name":"Banyo, Mayo-Banyo, Adamaoua, Cameroun","address":{"city":"Banyo","county":"Mayo-Banyo","state":"Adamaoua","ISO3166-2-lvl4":"CM-AD","country":"Cameroun","country_code":"cm"},"osm_type":"relation","osm_id":3818503,"type":"administrative","location":[11.8045776,6.748547],"bbox":[11.546557,6.1930992,12.2088736,7.2571466]}}
{"name":"Batouri","display_name":"Batouri, Kadey, Est, Cameroun","address":{"city":"Batouri","county":"Kadey","state":"Est","ISO3166-2-lvl4":"CM-ES","country":"Cameroun","country_code":"cm"},"population":67000,"osm_type":"node","osm_id":566214166,"type":"city","location":[14.3645181,4.4357583],"bbox":[14.2045181,4.2757583,14.5245181,4.5957583],"border":{"name":"Batouri","display_name":"Batouri, Kadey, Est, Cameroun","address":{"city":"Batouri","county":"Kadey","state":"Est","ISO3166-2-lvl4":"CM-ES","country":"Cameroun","country_code":"cm"},"population":67000,"osm_type":"relation","osm_id":3818814,"type":"administrative","location":[14.3645181,4.4357583],"bbox":[13.9406848,4.2128272,14.8824352,4.7671272]}}
{"name":"Bertoua","other_names":{"name:ko":"베르투아"},"display_name":"Bertoua, Communauté urbaine de Bertoua, Lom-et-Djérem, Est, Cameroun","address":{"city":"Bertoua","county":"Lom-et-Djérem","state":"Est","ISO3166-2-lvl4":"CM-ES","country":"Cameroun","country_code":"cm"},"osm_type":"node","osm_id":3193669604,"type":"city","location":[13.6843792,4.5776155],"bbox":[13.5243792,4.4176155,13.8443792,4.7376155],"border":{"name":"Communauté urbaine de Bertoua","other_names":{"alt_name":"Bertoua","short_name":"CUB","name:ko":"베르투아","alt":"Bertoua"},"display_name":"Communauté urbaine de Bertoua, Lom-et-Djérem, Est, Cameroun","address":{"city":"Communauté urbaine de Bertoua","county":"Lom-et-Djérem","state":"Est","ISO3166-2-lvl4":"CM-ES","country":"Cameroun","country_code":"cm"},"osm_type":"relation","osm_id":3162916,"type":"administrative","location":[13.6843792,4.5776155],"bbox":[13.6022347,4.4032154,13.7401922,4.6569483]}}
{"name":"Bogo","other_names":{"name:ar":"بوقو","alt_name:ar":"بوغو"},"display_name":"Bogo, Diamaré, Extrême-Nord, Cameroun","address":{"city":"Bogo","county":"Diamaré","state":"Extrême-Nord","ISO3166-2-lvl4":"CM-EN","country":"Cameroun","country_code":"cm"},"osm_type":"relation","osm_id":3750726,"type":"administrative","location":[14.681337220528977,10.810658],"bbox":[14.4918829,10.5808817,14.8071026,11.0398148],"inferred_type":"city"}
{"name":"Buea","other_names":{"name:fr":"Buéa","name:ko":"부에아","name:lt":"Buėja","name:ru":"Буэа"},"display_name":"Buea, Fako, Southwest, Cameroun","address":{"city":"Buea","county":"Fako","state":"Southwest","ISO3166-2-lvl4":"CM-SW","country":"Cameroun","country_code":"cm"},"population":1325000,"osm_type":"node","osm_id":331130782,"type":"city","location":[9.2315915,4.1567895],"bbox":[9.0715915,3.9967895,9.3915915,4.3167895],"border":{"name":"Buea","other_names":{"name:fr":"Buéa","name:ru":"Буэа","name:ko":"부에아","name:lt":"Buėja"},"display_name":"Buea, Fako, Southwest, Cameroun","address":{"city":"Buea","county":"Fako","state":"Southwest","ISO3166-2-lvl4":"CM-SW","country":"Cameroun","country_code":"cm"},"population":1325000,"osm_type":"relation","osm_id":3834929,"type":"administrative","location":[9.2315915,4.1567895],"bbox":[9.0268122,4.0442089,9.4132641,4.3192825]}}
{"display_name":"Buea, Fako, Southwest, Cameroun","address":{"city":"Buea","county":"Fako","state":"Southwest","ISO3166-2-lvl4":"CM-SW","country":"Cameroun","country_code":"cm"},"osm_type":"way","osm_id":340397543,"type":"city","location":[9.227938119976201,4.15418345],"bbox":[9.2277604,4.154021,9.2281064,4.1543745]}
{"name":"Douala I","other_names":{"alt_name":"Douala 1"},"display_name":"Douala I, Communauté urbaine de Douala, Wouri, Littoral, Cameroun","address":{"city":"Douala I","municipality":"Communauté urbaine de Douala","county":"Wouri","state":"Littoral","ISO3166-2-lvl4":"CM-LT","country":"Cameroun","country_code":"cm"},"osm_type":"relation","osm_id":3070352,"type":"administrative","location":[9.70009654537732,4.0507816000000005],"bbox":[9.6514161,4.002459,9.7269546,4.0975471],"inferred_type":"city"}
{"name":"Douala II","other_names":{"alt_name":"Douala 2"},"display_name":"Douala II, Communauté urbaine de Douala, Wouri, Littoral, Cameroun","address":{"city":"Douala II","municipality":"Communauté urbaine de Douala","county":"Wouri","state":"Littoral","ISO3166-2-lvl4":"CM-LT","country":"Cameroun","country_code":"cm"},"osm_type":"relation","osm_id":3070353,"type":"administrative","location":[9.71308859274031,4.0160332],"bbox":[9.6943418,3.9873895,9.7373589,4.0444019],"inferred_type":"city"}
{"name":"Douala III","other_names":{"alt_name":"Douala 3"},"display_name":"Douala III, Communauté urbaine de Douala, Wouri, Littoral, Cameroun","address":{"city":"Douala III","municipality":"Communauté urbaine de Douala","county":"Wouri","state":"Littoral","ISO3166-2-lvl4":"CM-LT","country":"Cameroun","country_code":"cm"},"osm_type":"relation","osm_id":3832061,"type":"administrative","location":[9.781925684743074,4.0284247],"bbox":[9.7123698,3.9404683,9.8644121,4.1157263],"inferred_type":"city"}
{"name":"Douala IV","other_names":{"alt_name":"Douala 4"},"display_name":"Douala IV, Communauté urbaine de Douala, Wouri, Littoral, Cameroun","address":{"city":"Douala IV","municipality":"Communauté urbaine de Douala","county":"Wouri","state":"Littoral","ISO3166-2-lvl4":"CM-LT","country":"Cameroun","country_code":"cm"},"osm_type":"relation","osm_id":3832062,"type":"administrative","location":[9.646547842214456,4.0784366],"bbox":[9.5043695,4.0042337,9.7584036,4.1528282],"inferred_type":"city"}
{"name":"Douala V","other_names":{"alt_name":"Douala 5"},"display_name":"Douala V, Communauté urbaine de Douala, Wouri, Littoral, Cameroun","address":{"city":"Douala V","municipality":"Communauté urbaine de Douala","county":"Wouri","state":"Littoral","ISO3166-2-lvl4":"CM-LT","country":"Cameroun","country_code":"cm"},"osm_type":"relation","osm_id":3070384,"type":"administrative","location":[9.803437839777267,4.13538725],"bbox":[9.7203559,4.0451519,9.8637064,4.2252363],"inferred_type":"city"}
{"name":"Douala","other_names":{"name:ar":"دوالا","name:az":"Duala","name:be":"Дуала","name:bg":"Дуала","name:ce":"Дуала","name:de":"Duala","name:el":"Ντουάλα","name:en":"Douala","name:eo":"Dualao","name:es":"Duala","name:eu":"Duala","name:fa":"دوالا","name:fr":"Douala","name:he":"דואלה","name:hi":"डुआला","name:hr":"Douala","name:ht":"Dwala","name:hy":"Դուալա","name:is":"Dóúala","name:ja":"ドゥアラ","name:ka":"დუალა","name:ko":"두알라","name:ky":"Дуала","name:la":"Duala","name:ln":"Duala","name:lt":"Duala","name:lv":"Duala","name:mk":"Дуала","name:ml":"ദൗവ്വാല","name:mr":"दौआला","name:os":"Дуалæ","name:pa":"ਦੌਆਲਾ","name:pl":"Duala","name:ps":"دوالا","name:pt":"Duala","name:ru":"Дуала","name:sq":"Duala","name:sr":"Дуала","name:th":"ดูอาลา","name:uk":"Дуала","name:ur":"دوالا","name:uz":"Duala","name:zh":"杜阿拉"},"display_name":"Douala, Douala II, Communauté urbaine de Douala, Wouri, Littoral, Cameroun","address":{"city":"Douala","municipality":"Communauté urbaine de Douala","county":"Wouri","state":"Littoral","ISO3166-2-lvl4":"CM-LT","country":"Cameroun","country_code":"cm"},"population":2000000,"osm_type":"node","osm_id":732125487,"type":"city","location":[9.7062018,4.0429389],"bbox":[9.5462018,3.8829389,9.8662018,4.2029389],"border":{"name":"Communauté urbaine de Douala","other_names":{"alt_name":"Douala"},"display_name":"Communauté urbaine de Douala, Wouri, Littoral, Cameroun","address":{"municipality":"Communauté urbaine de Douala","county":"Wouri","state":"Littoral","ISO3166-2-lvl4":"CM-LT","country":"Cameroun","country_code":"cm"},"osm_type":"relation","osm_id":3832073,"type":"administrative","location":[9.667027796676162,4.055897],"bbox":[9.3361339,3.7407169,9.8644121,4.2252363]}}
{"name":"Dschang","other_names":{"name:ar":"جان"},"display_name":"Dschang, Menoua, Ouest, Cameroun","address":{"city":"Dschang","county":"Menoua","state":"Ouest","ISO3166-2-lvl4":"CM-OU","country":"Cameroun","country_code":"cm"},"population":200000,"osm_type":"node","osm_id":929329945,"type":"city","location":[10.053309,5.4469923],"bbox":[9.893309,5.2869923,10.213309,5.6069923],"border":{"name":"Dschang","other_names":{"name:ar":"جان"},"display_name":"Dschang, Menoua, Ouest, Cameroun","address":{"city":"Dschang","county":"Menoua","state":"Ouest","ISO3166-2-lvl4":"CM-OU","country":"Cameroun","country_code":"cm"},"population":200000,"osm_type":"relation","osm_id":3837606,"type":"administrative","location":[10.053309,5.4469923],"bbox":[9.9357704,5.3215658,10.0942854,5.5092097]}}
{"name":"Ebolowa I","other_names":{"alt_name":"Ebolowa 1"},"display_name":"Ebolowa I, Communauté urbaine d'Ebolowa, Mvila, Sud, Cameroun","address":{"city":"Ebolowa I","municipality":"Communauté urbaine d'Ebolowa","county":"Mvila","state":"Sud","ISO3166-2-lvl4":"CM-SU","country":"Cameroun","country_code":"cm"},"osm_type":"relation","osm_id":3828187,"type":"administrative","location":[10.923394768499023,2.9241656999999996],"bbox":[10.6142416,2.8036105,11.155932,3.0473631],"inferred_type":"city"}
{"name":"Ebolowa II","other_names":{"alt_name":"Ebolowa 2"},"display_name":"Ebolowa II, Communauté urbaine d'Ebolowa, Mvila, Sud, Cameroun","address":{"city":"Ebolowa II","municipality":"Communauté urbaine d'Ebolowa","county":"Mvila","state":"Sud","ISO3166-2-lvl4":"CM-SU","country":"Cameroun","country_code":"cm"},"osm_type":"relation","osm_id":3828111,"type":"administrative","location":[11.27902608421876,2.7006863],"bbox":[10.5950744,2.3753265,11.7203897,3.0298617],"inferred_type":"city"}
{"name":"Ebolowa","other_names":{"name:en":"Ebolowa","name:ko":"에볼로와","name:ru":"Эболова"},"display_name":"Ebolowa, Ebolowa II, Communauté urbaine d'Ebolowa, Mvila, Sud, Cameroun","address":{"city":"Ebolowa","municipality":"Communauté urbaine d'Ebolowa","county":"Mvila","state":"Sud","ISO3166-2-lvl4":"CM-SU","country":"Cameroun","country_code":"cm"},"population":641000,"osm_type":"node","osm_id":928414928,"type":"city","location":[11.1516632,2.919384],"bbox":[10.9916632,2.759384,11.3116632,3.079384],"border":{"name":"Communauté urbaine d'Ebolowa","other_names":{"alt_name":"Ebolowa","short_name":"CUE"},"display_name":"Communauté urbaine d'Ebolowa, Mvila, Sud, Cameroun","address":{"municipality":"Communauté urbaine d'Ebolowa","county":"Mvila","state":"Sud","ISO3166-2-lvl4":"CM-SU","country":"Cameroun","country_code":"cm"},"osm_type":"relation","osm_id":3828186,"type":"administrative","location":[11.253742992605908,2.71091425],"bbox":[10.5950744,2.3753265,11.7203897,3.0473631]}}
{"name":"Édéa I","other_names":{"alt_name":"Édéa 1"},"display_name":"Édéa I, Communauté urbaine d'Édéa, Sanaga-Maritime, Littoral, Cameroun","address":{"city":"Édéa I","municipality":"Communauté urbaine d'Édéa","county":"Sanaga-Maritime","state":"Littoral","ISO3166-2-lvl4":"CM-LT","country":"Cameroun","country_code":"cm"},"osm_type":"relation","osm_id":3830965,"type":"administrative","location":[10.04038343328633,3.5603199500000002],"bbox":[9.863216,3.2568987,10.2299109,3.863106],"inferred_type":"city"}
{"name":"Édéa II","other_names":{"alt_name":"Édéa 2"},"display_name":"Édéa II, Communauté urbaine d'Édéa, Sanaga-Maritime, Littoral, Cameroun","address":{"city":"Édéa II","municipality":"Communauté urbaine d'Édéa","county":"Sanaga-Maritime","state":"Littoral","ISO3166-2-lvl4":"CM-LT","country":"Cameroun","country_code":"cm"},"osm_type":"relation","osm_id":3830968,"type":"administrative","location":[10.328218113856463,4.009791549999999],"bbox":[10.0492031,3.7751316,10.4909912,4.2445495],"inferred_type":"city"}
{"name":"Edéa","display_name":"Edéa, Édéa I, Communauté urbaine d'Édéa, Sanaga-Maritime, Littoral, Cameroun","address":{"city":"Edéa","municipality":"Communauté urbaine d'Édéa","county":"Sanaga-Maritime","state":"Littoral","ISO3166-2-lvl4":"CM-LT","country":"Cameroun","country_code":"cm"},"osm_type":"node","osm_id":331133522,"type":"city","location":[10.1265567,3.7990131],"bbox":[9.9665567,3.6390131,10.2865567,3.9590131]}
{"name":"Éséka","display_name":"Éséka, Nyong-et-Kéllé, Centre, Cameroun","address":{"city":"Éséka","county":"Nyong-et-Kéllé","state":"Centre","ISO3166-2-lvl4":"CM-CE","country":"Cameroun","country_code":"cm"},"osm_type":"node","osm_id":2218590206,"type":"city","location":[10.7741756,3.6413071],"bbox":[10.6141756,3.4813071,10.9341756,3.8013071],"border":{"name":"Éséka","display_name":"Éséka, Nyong-et-Kéllé, Centre, Cameroun","address":{"city":"Éséka","county":"Nyong-et-Kéllé","state":"Centre","ISO3166-2-lvl4":"CM-CE","country":"Cameroun","country_code":"cm"},"osm_type":"relation","osm_id":3823523,"type":"administrative","location":[10.7741756,3.6413071],"bbox":[10.6832851,3.446859,10.9540265,3.8484223]}}
{"display_name":"Fako, Southwest, Cameroun","address":{"county":"Fako","state":"Southwest","ISO3166-2-lvl4":"CM-SW","country":"Cameroun","country_code":"cm"},"osm_type":"way","osm_id":366453861,"type":"city","location":[9.305410886217249,4.15760015],"bbox":[9.2902019,4.1290356,9.3198532,4.1856472]}
{"name":"Foumban","other_names":{"name:ru":"Фумбан"},"display_name":"Foumban, Noun, Ouest, Cameroun","address":{"city":"Foumban","county":"Noun","state":"Ouest","ISO3166-2-lvl4":"CM-OU","country":"Cameroun","country_code":"cm"},"osm_type":"node","osm_id":248096516,"type":"city","location":[10.8971603,5.7282262],"bbox":[10.7371603,5.5682262,11.0571603,5.8882262],"border":{"name":"Foumban","other_names":{"name:ru":"Фумбан"},"display_name":"Foumban, Noun, Ouest, Cameroun","address":{"city":"Foumban","county":"Noun","state":"Ouest","ISO3166-2-lvl4":"CM-OU","country":"Cameroun","country_code":"cm"},"osm_type":"relation","osm_id":3837277,"type":"administrative","location":[10.8971603,5.7282262],"bbox":[10.7235238,5.5696946,11.0143799,5.8675826]}}
{"name":"Garoua I","other_names":{"alt_name":"Garoua 1"},"display_name":"Garoua I, Communauté urbaine de Garoua, Bénoué, Nord, Cameroun","address":{"city":"Garoua I","municipality":"Communauté urbaine de Garoua","county":"Bénoué","state":"Nord","ISO3166-2-lvl4":"CM-NO","country":"Cameroun","country_code":"cm"},"population":235996,"osm_type":"relation","osm_id":3765092,"type":"administrative","location":[13.36361810244848,9.3371783],"bbox":[13.3281287,9.2536714,13.4053963,9.4207003],"inferred_type":"city"}
{"name":"Garoua II","other_names":{"alt_name":"Garoua 2"},"display_name":"Garoua II, Communauté urbaine de Garoua, Bénoué, Nord, Cameroun","address":{"city":"Garoua II","municipality":"Communauté urbaine de Garoua","county":"Bénoué","state":"Nord","ISO3166-2-lvl4":"CM-NO","country":"Cameroun","country_code":"cm"},"osm_type":"relation","osm_id":3765093,"type":"administrative","location":[13.429318395093365,9.34785245],"bbox":[13.3795917,9.2957054,13.4890731,9.3998275],"inferred_type":"city"}
{"name":"Garoua III","other_names":{"alt_name":"Garoua 3"},"display_name":"Garoua III, Communauté urbaine de Garoua, Bénoué, Nord, Cameroun","address":{"city":"Garoua III","municipality":"Communauté urbaine de Garoua","county":"Bénoué","state":"Nord","ISO3166-2-lvl4":"CM-NO","country":"Cameroun","country_code":"cm"},"osm_type":"relation","osm_id":3765178,"type":"administrative","location":[13.472960500516761,9.27230795],"bbox":[13.3458513,9.19431,13.574765,9.3503694],"inferred_type":"city"}
{"name":"Garoua","other_names":{"name:ar":"غاروا","name:de":"Garua","name:en":"Garoua","name:fa":"گاروا","name:fr":"Garoua","name:ko":"가루아","name:ru":"Гаруа","name:uk":"Гаруа","name:ur":"گارؤا","name:azb":"قاروا"},"display_name":"Garoua, Garoua I, Communauté urbaine de Garoua, Bénoué, Nord, Cameroun","address":{"city":"Garoua","municipality":"Communauté urbaine de Garoua","county":"Bénoué","state":"Nord","ISO3166-2-lvl4":"CM-NO","country":"Cameroun","country_code":"cm"},"population":1703000,"osm_type":"node","osm_id":248764852,"type":"city","location":[13.3934527,9.3070698],"bbox":[13.2334527,9.1470698,13.5534527,9.4670698],"border":{"name":"Communauté urbaine de Garoua","other_names":{"name:ar":"المجتمع الحضري غاروا","alt_name":"Garoua","short_name":"CUG","alt_name:ar":"غاروا"},"display_name":"Communauté urbaine de Garoua, Bénoué, Nord, Cameroun","address":{"municipality":"Communauté urbaine de Garoua","county":"Bénoué","state":"Nord","ISO3166-2-lvl4":"CM-NO","country":"Cameroun","country_code":"cm"},"osm_type":"relation","osm_id":3823173,"type":"administrative","location":[13.42994043921233,9.307393000000001],"bbox":[13.3281287,9.19431,13.574765,9.4207003]}}
{"name":"Guider","other_names":{"name:ru":"Гидер"},"display_name":"Guider, Mayo-Louti, Nord, Cameroun","address":{"city":"Guider","county":"Mayo-Louti","state":"Nord","ISO3166-2-lvl4":"CM-NO","country":"Cameroun","country_code":"cm"},"osm_type":"node","osm_id":2445861001,"type":"city","location":[13.9467554,9.9302531],"bbox":[13.7867554,9.7702531,14.1067554,10.0902531],"border":{"name":"Guider","other_names":{"name:ru":"Гидер"},"display_name":"Guider, Mayo-Louti, Nord, Cameroun","address":{"city":"Guider","county":"Mayo-Louti","state":"Nord","ISO3166-2-lvl4":"CM-NO","country":"Cameroun","country_code":"cm"},"osm_type":"relation","osm_id":3753517,"type":"administrative","location":[13.9467554,9.9302531],"bbox":[13.6191232,9.5658142,14.0421561,10.2480863]}}
{"name":"Kaélé","other_names":{"name:ar":"كايلي","name:fr":"Kaélé"},"display_name":"Kaélé, Mayo-Kani, Extrême-Nord, Cameroun","address":{"city":"Kaélé","county":"Mayo-Kani","state":"Extrême-Nord","ISO3166-2-lvl4":"CM-EN","country":"Cameroun","country_code":"cm"},"population":141431,"osm_type":"node","osm_id":3958091027,"type":"city","location":[14.446062,10.1095738],"bbox":[14.286062,9.9495738,14.606062,10.2695738],"border":{"name":"Kaélé","other_names":{"name:ar":"كايلي","name:fr":"Kaélé"},"display_name":"Kaélé, Mayo-Kani, Extrême-Nord, Cameroun","address":{"city":"Kaélé","county":"Mayo-Kani","state":"Extrême-Nord","ISO3166-2-lvl4":"CM-EN","country":"Cameroun","country_code":"cm"},"population":141431,"osm_type":"relation","osm_id":3753231,"type":"administrative","location":[14.446062,10.1095738],"bbox":[14.1981125,9.9972364,14.6201342,10.3933307]}}
{"name":"Kousséri","other_names":{"name:ar":"قصور","name:en":"Kousséri","name:fr":"Kousséri","int_name":"Kousseri","alt_name:ar":"كوسيري;قصور"},"display_name":"Kousséri, Logone-et-Chari, Extrême-Nord, Cameroun","address":{"city":"Kousséri","county":"Logone-et-Chari","state":"Extrême-Nord","ISO3166-2-lvl4":"CM-EN","country":"Cameroun","country_code":"cm"},"population":101246,"osm_type":"node","osm_id":250810233,"type":"city","location":[15.0191262,12.0831175],"bbox":[14.8591262,11.9231175,15.1791262,12.2431175],"border":{"name":"Kousséri","other_names":{"name:ar":"القصور","int_name":"Kousseri","alt_name:ar":"كوسيري;قصور","name:en":"Kousséri","name:fr":"Kousséri","alt:ar":"قصور"},"display_name":"Kousséri, Logone-et-Chari, Extrême-Nord, Cameroun","address":{"city":"Kousséri","county":"Logone-et-Chari","state":"Extrême-Nord","ISO3166-2-lvl4":"CM-EN","country":"Cameroun","country_code":"cm"},"population":101246,"osm_type":"relation","osm_id":3748212,"type":"administrative","location":[15.0191262,12.0831175],"bbox":[14.8764223,11.9935743,15.0606502,12.1286]}}
{"name":"Kribi I","other_names":{"alt_name":"Kribi 1"},"display_name":"Kribi I, Communauté urbaine de Kribi, Océan, Sud, Cameroun","address":{"city":"Kribi I","municipality":"Communauté urbaine de Kribi","county":"Océan","state":"Sud","ISO3166-2-lvl4":"CM-SU","country":"Cameroun","country_code":"cm"},"osm_type":"relation","osm_id":3828841,"type":"administrative","location":[9.906992578427403,2.8017342],"bbox":[9.8409994,2.6283738,10.0247189,2.974649],"inferred_type":"city"}
{"name":"Kribi II","other_names":{"alt_name":"Kribi 2"},"display_name":"Kribi II, Communauté urbaine de Kribi, Océan, Sud, Cameroun","address":{"city":"Kribi II","municipality":"Communauté urbaine de Kribi","county":"Océan","state":"Sud","ISO3166-2-lvl4":"CM-SU","country":"Cameroun","country_code":"cm"},"osm_type":"relation","osm_id":3828842,"type":"administrative","location":[9.977854794749987,3.01895955],"bbox":[9.9051312,2.9346341,10.0276139,3.1032729],"inferred_type":"city"}
{"name":"Kribi","other_names":{"name:ru":"Криби"},"display_name":"Kribi, Kribi II, Communauté urbaine de Kribi, Océan, Sud, Cameroun","address":{"city":"Kribi","municipality":"Communauté urbaine de Kribi","county":"Océan","state":"Sud","ISO3166-2-lvl4":"CM-SU","country":"Cameroun","country_code":"cm"},"osm_type":"node","osm_id":331134393,"type":"city","location":[9.9126989,2.9434098],"bbox":[9.7526989,2.7834098,10.0726989,3.1034098],"border":{"name":"Communauté urbaine de Kribi","other_names":{"alt_name":"Kribi","short_name":"CUK"},"display_name":"Communauté urbaine de Kribi, Océan, Sud, Cameroun","address":{"municipality":"Communauté urbaine de Kribi","county":"Océan","state":"Sud","ISO3166-2-lvl4":"CM-SU","country":"Cameroun","country_code":"cm"},"osm_type":"relation","osm_id":3828840,"type":"administrative","location":[9.892047402266869,2.8655757499999996],"bbox":[9.8409994,2.6283738,10.0276139,3.1032729]}}
{"name":"Kumba I","other_names":{"alt_name":"Kumba1"},"display_name":"Kumba I, Communauté urbaine de Kumba, Meme, Southwest, Cameroun","address":{"city":"Kumba I","municipality":"Communauté urbaine de Kumba","county":"Meme","state":"Southwest","ISO3166-2-lvl4":"CM-SW","country":"Cameroun","country_code":"cm"},"osm_type":"relation","osm_id":3835989,"type":"administrative","location":[9.319592939037367,4.546284099999999],"bbox":[9.2156173,4.4102024,9.448562,4.6819612],"inferred_type":"city"}
{"name":"Kumba II","other_names":{"alt_name":"Kumba 2"},"display_name":"Kumba II, Communauté urbaine de Kumba, Meme, Southwest, Cameroun","address":{"city":"Kumba II","municipality":"Communauté urbaine de Kumba","county":"Meme","state":"Southwest","ISO3166-2-lvl4":"CM-SW","country":"Cameroun","country_code":"cm"},"osm_type":"relation","osm_id":3836118,"type":"administrative","location":[9.458793851626826,4.73173085],"bbox":[9.366324,4.6344164,9.5280453,4.8283774],"inferred_type":"city"}
{"name":"Kumba III","other_names":{"alt_name":"Kumba 3"},"display_name":"Kumba III, Communauté urbaine de Kumba, Meme, Southwest, Cameroun","address":{"city":"Kumba III","municipality":"Communauté urbaine de Kumba","county":"Meme","state":"Southwest","ISO3166-2-lvl4":"CM-SW","country":"Cameroun","country_code":"cm"},"osm_type":"relation","osm_id":3836109,"type":"administrative","location":[9.459556170185447,4.537698649999999],"bbox":[9.3435985,4.3770283,9.5687715,4.7007772],"inferred_type":"city"}
{"name":"Kumba","other_names":{"name:ru":"Кумба"},"display_name":"Kumba, Kumba II, Communauté urbaine de Kumba, Meme, Southwest, Cameroun","address":{"city":"Kumba","municipality":"Communauté urbaine de Kumba","county":"Meme","state":"Southwest","ISO3166-2-lvl4":"CM-SW","country":"Cameroun","country_code":"cm"},"osm_type":"node","osm_id":929334616,"type":"city","location":[9.4409446,4.6378368],"bbox":[9.2809446,4.4778368,9.6009446,4.7978368],"border":{"name":"Communauté urbaine de Kumba","other_names":{"alt_name":"Kumba","short_name":"CUK"},"display_name":"Communauté urbaine de Kumba, Meme, Southwest, Cameroun","address":{"municipality":"Communauté urbaine de Kumba","county":"Meme","state":"Southwest","ISO3166-2-lvl4":"CM-SW","country":"Cameroun","country_code":"cm"},"osm_type":"relation","osm_id":3836142,"type":"administrative","location":[9.414014526487705,4.6026770500000005],"bbox":[9.2156173,4.3770283,9.5687715,4.8283774]}}
{"name":"Kumbo","other_names":{"name:fr":"Kumbo","name:ru":"Кумбо","alt_name":"Banso","alt_name:fr":"Banso"},"display_name":"Kumbo, Bui, Northwest, Cameroun","address":{"city":"Kumbo","county":"Bui","state":"Northwest","ISO3166-2-lvl4":"CM-NW","country":"Cameroun","country_code":"cm"},"osm_type":"node","osm_id":247716907,"type":"city","location":[10.6867788,6.2108889],"bbox":[10.5267788,6.0508889,10.8467788,6.3708889],"border":{"name":"Kumbo","other_names":{"name:ru":"Кумбо","name:fr":"Kumbo","alt_name":"Banso","alt_name:fr":"Banso"},"display_name":"Kumbo, Bui, Northwest, Cameroun","address":{"city":"Kumbo","county":"Bui","state":"Northwest","ISO3166-2-lvl4":"CM-NW","country":"Cameroun","country_code":"cm"},"osm_type":"relation","osm_id":3837814,"type":"administrative","location":[10.6867788,6.2108889],"bbox":[10.6135887,6.1356305,10.8148254,6.2789451]}}
{"name":"Limbé I","other_names":{"alt_name":"Limbé 1"},"display_name":"Limbé I, Communauté urbaine de Limbé, Fako, Southwest, Cameroun","address":{"city":"Limbé I","municipality":"Communauté urbaine de Limbé","county":"Fako","state":"Southwest","ISO3166-2-lvl4":"CM-SW","country":"Cameroun","country_code":"cm"},"osm_type":"relation","osm_id":3834925,"type":"administrative","location":[9.247864513285599,4.04326165],"bbox":[9.198274,4.0027683,9.303392,4.0855903],"inferred_type":"city"}
{"name":"Limbé II","other_names":{"alt_name":"Limbé 2"},"display_name":"Limbé II, Communauté urbaine de Limbé, Fako, Southwest, Cameroun","address":{"city":"Limbé II","municipality":"Communauté urbaine de Limbé","county":"Fako","state":"Southwest","ISO3166-2-lvl4":"CM-SW","country":"Cameroun","country_code":"cm"},"osm_type":"relation","osm_id":3834926,"type":"administrative","location":[9.144140435929728,4.0351051],"bbox":[9.0595998,4.0032216,9.2042562,4.0657641],"inferred_type":"city"}
{"name":"Limbé III","other_names":{"alt_name":"Limbé 3"},"display_name":"Limbé III, Communauté urbaine de Limbé, Fako, Southwest, Cameroun","address":{"city":"Limbé III","municipality":"Communauté urbaine de Limbé","county":"Fako","state":"Southwest","ISO3166-2-lvl4":"CM-SW","country":"Cameroun","country_code":"cm"},"osm_type":"relation","osm_id":3834917,"type":"administrative","location":[9.344973313191687,3.95824965],"bbox":[9.1898409,3.9077649,9.3951322,4.0087183],"inferred_type":"city"}
{"name":"Limbé","other_names":{"name:de":"Limbe","name:en":"Limbe","name:fr":"Limbé","name:lt":"Limbė","old_name":"Victoria"},"display_name":"Limbé, Limbé I, Communauté urbaine de Limbé, Fako, Southwest, Cameroun","address":{"city":"Limbé","municipality":"Communauté urbaine de Limbé","county":"Fako","state":"Southwest","ISO3166-2-lvl4":"CM-SW","country":"Cameroun","country_code":"cm"},"population":118210,"osm_type":"node","osm_id":331130780,"type":"city","location":[9.207058,4.010289],"bbox":[9.047058,3.850289,9.367058,4.170289],"border":{"name":"Communauté urbaine de Limbé","other_names":{"alt_name":"Limbé","old_name":"Victoria","short_name":"CUL"},"display_name":"Communauté urbaine de Limbé, Fako, Southwest, Cameroun","address":{"municipality":"Communauté urbaine de Limbé","county":"Fako","state":"Southwest","ISO3166-2-lvl4":"CM-SW","country":"Cameroun","country_code":"cm"},"osm_type":"relation","osm_id":3834924,"type":"administrative","location":[9.26118167803088,3.9966176],"bbox":[9.0595998,3.9077649,9.3951322,4.0855903]}}
{"name":"Lomié","display_name":"Lomié, Haut-Nyong, Est, Cameroun","address":{"city":"Lomié","county":"Haut-Nyong","state":"Est","ISO3166-2-lvl4":"CM-ES","country":"Cameroun","country_code":"cm"},"osm_type":"node","osm_id":2153406384,"type":"city","location":[13.6182935,3.1598199],"bbox":[13.4582935,2.9998199,13.7782935,3.3198199],"border":{"name":"Lomié","display_name":"Lomié, Haut-Nyong, Est, Cameroun","address":{"city":"Lomié","county":"Haut-Nyong","state":"Est","ISO3166-2-lvl4":"CM-ES","country":"Cameroun","country_code":"cm"},"osm_type":"relation","osm_id":3820208,"type":"administrative","location":[13.6182935,3.1598199],"bbox":[12.7652421,2.7760704,14.517535,3.4503723]}}
{"name":"Maroua I","other_names":{"name:ar":"مروة 1","alt_name":"Maroua 1","alt_name:ar":"ماروا 1"},"display_name":"Maroua I, Communauté urbaine de Maroua, Diamaré, Extrême-Nord, Cameroun","address":{"city":"Maroua I","municipality":"Communauté urbaine de Maroua","county":"Diamaré","state":"Extrême-Nord","ISO3166-2-lvl4":"CM-EN","country":"Cameroun","country_code":"cm"},"osm_type":"relation","osm_id":3750791,"type":"administrative","location":[14.288485191999527,10.54034205],"bbox":[14.1437548,10.4333028,14.4350686,10.64734],"inferred_type":"city"}
{"name":"Maroua II","other_names":{"name:ar":"مروة 2","alt_name":"Maroua 2","alt_name:ar":"ماروا 2"},"display_name":"Maroua II, Communauté urbaine de Maroua, Diamaré, Extrême-Nord, Cameroun","address":{"city":"Maroua II","municipality":"Communauté urbaine de Maroua","county":"Diamaré","state":"Extrême-Nord","ISO3166-2-lvl4":"CM-EN","country":"Cameroun","country_code":"cm"},"osm_type":"relation","osm_id":3750800,"type":"administrative","location":[14.317520786405392,10.64135125],"bbox":[14.2752863,10.5964824,14.3482223,10.6859529],"inferred_type":"city"}
{"name":"Maroua III","other_names":{"alt_name":"Maroua 3"},"display_name":"Maroua III, Communauté urbaine de Maroua, Diamaré, Extrême-Nord, Cameroun","address":{"city":"Maroua III","municipality":"Communauté urbaine de Maroua","county":"Diamaré","state":"Extrême-Nord","ISO3166-2-lvl4":"CM-EN","country":"Cameroun","country_code":"cm"},"osm_type":"relation","osm_id":3750761,"type":"administrative","location":[14.360594663427294,10.7961727],"bbox":[14.2591666,10.5946235,14.6331202,10.9982164],"inferred_type":"city"}
{"name":"Maroua","other_names":{"name:ar":"مروة","name:en":"Maroua","name:ko":"마루아","name:ru":"Маруа","name:uk":"Маруа","alt_name:ar":"ماروا"},"display_name":"Maroua, Maroua II, Communauté urbaine de Maroua, Diamaré, Extrême-Nord, Cameroun","address":{"city":"Maroua","municipality":"Communauté urbaine de Maroua","county":"Diamaré","state":"Extrême-Nord","ISO3166-2-lvl4":"CM-EN","country":"Cameroun","country_code":"cm"},"population":3119000,"osm_type":"node","osm_id":925365962,"type":"city","location":[14.3281625,10.6033083],"bbox":[14.1681625,10.4433083,14.4881625,10.7633083],"border":{"name":"Communauté urbaine de Maroua","other_names":{"name:ar":"المجتمع الحضري مروة","alt_name":"Maroua","short_name":"CUM","alt_name:ar":"مروة;ماروا"},"display_name":"Communauté urbaine de Maroua, Diamaré, Extrême-Nord, Cameroun","address":{"municipality":"Communauté urbaine de Maroua","county":"Diamaré","state":"Extrême-Nord","ISO3166-2-lvl4":"CM-EN","country":"Cameroun","country_code":"cm"},"osm_type":"relation","osm_id":3823174,"type":"administrative","location":[14.412275141624757,10.7150172],"bbox":[14.1437548,10.4333028,14.6331202,10.9982164]}}
{"name":"Mbalmayo","other_names":{"name:ru":"Мбальмайо","alt_name":"Vimili"},"display_name":"Mbalmayo, Nyong-et-So'o, Centre, Cameroun","address":{"city":"Mbalmayo","county":"Nyong-et-So'o","state":"Centre","ISO3166-2-lvl4":"CM-CE","country":"Cameroun","country_code":"cm"},"osm_type":"node","osm_id":2153352914,"type":"city","location":[11.503114,3.515197],"bbox":[11.343114,3.355197,11.663114,3.675197],"border":{"name":"Mbalmayo","other_names":{"name:ru":"Мбальмайо","alt_name":"Vimili"},"display_name":"Mbalmayo, Nyong-et-So'o, Centre, Cameroun","address":{"city":"Mbalmayo","county":"Nyong-et-So'o","state":"Centre","ISO3166-2-lvl4":"CM-CE","country":"Cameroun","country_code":"cm"},"osm_type":"relation","osm_id":3822882,"type":"administrative","location":[11.503114,3.515197],"bbox":[11.4286131,3.3449441,11.6557438,3.6281016]}}
{"name":"Mbouda","display_name":"Mbouda, Bamboutos, Ouest, Cameroun","address":{"city":"Mbouda","county":"Bamboutos","state":"Ouest","ISO3166-2-lvl4":"CM-OU","country":"Cameroun","country_code":"cm"},"osm_type":"node","osm_id":3029264331,"type":"city","location":[10.254744,5.627374],"bbox":[10.094744,5.467374,10.414744,5.787374],"border":{"name":"Mbouda","display_name":"Mbouda, Bamboutos, Ouest, Cameroun","address":{"city":"Mbouda","county":"Bamboutos","state":"Ouest","ISO3166-2-lvl4":"CM-OU","country":"Cameroun","country_code":"cm"},"osm_type":"relation","osm_id":3837645,"type":"administrative","location":[10.254744,5.627374],"bbox":[10.2099879,5.5287066,10.5274681,5.7384801]}}
{"name":"Meiganga","other_names":{"name:fr":"Meiganga","name:ru":"Меиганга","alt_name":"Meïganga","alt_name:fr":"Meïganga"},"display_name":"Meiganga, Mbéré, Adamaoua, Cameroun","address":{"city":"Meiganga","county":"Mbéré","state":"Adamaoua","ISO3166-2-lvl4":"CM-AD","country":"Cameroun","country_code":"cm"},"osm_type":"node","osm_id":2379887148,"type":"city","location":[14.2947879,6.5172123],"bbox":[14.1347879,6.3572123,14.4547879,6.6772123],"border":{"name":"Meiganga","other_names":{"name:ru":"Меиганга","name:fr":"Meiganga","alt_name":"Meïganga","alt_name:fr":"Meïganga"},"display_name":"Meiganga, Mbéré, Adamaoua, Cameroun","address":{"city":"Meiganga","county":"Mbéré","state":"Adamaoua","ISO3166-2-lvl4":"CM-AD","country":"Cameroun","country_code":"cm"},"osm_type":"relation","osm_id":3816489,"type":"administrative","location":[14.2947879,6.5172123],"bbox":[13.9191957,6.0000002,14.9492709,6.8774265]}}
{"name":"Mfou","display_name":"Mfou, Méfou-et-Afamba, Centre, Cameroun","address":{"city":"Mfou","county":"Méfou-et-Afamba","state":"Centre","ISO3166-2-lvl4":"CM-CE","country":"Cameroun","country_code":"cm"},"osm_type":"node","osm_id":1365229876,"type":"city","location":[11.6432106,3.7158818],"bbox":[11.4832106,3.5558818,11.8032106,3.8758818],"border":{"name":"Mfou","display_name":"Mfou, Méfou-et-Afamba, Centre, Cameroun","address":{"city":"Mfou","county":"Méfou-et-Afamba","state":"Centre","ISO3166-2-lvl4":"CM-CE","country":"Cameroun","country_code":"cm"},"osm_type":"relation","osm_id":3822612,"type":"administrative","location":[11.6432106,3.7158818],"bbox":[11.501528,3.541822,11.7597602,3.833771]}}
{"name":"Mokolo","display_name":"Mokolo, Mayo-Tsanaga, Extrême-Nord, Cameroun","address":{"city":"Mokolo","county":"Mayo-Tsanaga","state":"Extrême-Nord","ISO3166-2-lvl4":"CM-EN","country":"Cameroun","country_code":"cm"},"population":40168,"osm_type":"node","osm_id":2107670862,"type":"city","location":[13.798742,10.74103],"bbox":[13.638742,10.58103,13.958742,10.90103],"border":{"name":"Mokolo","display_name":"Mokolo, Mayo-Tsanaga, Extrême-Nord, Cameroun","address":{"city":"Mokolo","county":"Mayo-Tsanaga","state":"Extrême-Nord","ISO3166-2-lvl4":"CM-EN","country":"Cameroun","country_code":"cm"},"population":40168,"osm_type":"relation","osm_id":3749991,"type":"administrative","location":[13.798742,10.74103],"bbox":[13.6085178,10.3236386,14.0928525,11.0061322]}}
{"name":"Monatélé","display_name":"Monatélé, Lekié, Centre, Cameroun","address":{"city":"Monatélé","county":"Lekié","state":"Centre","ISO3166-2-lvl4":"CM-CE","country":"Cameroun","country_code":"cm"},"osm_type":"node","osm_id":2216991195,"type":"city","location":[11.204417,4.258913],"bbox":[11.044417,4.098913,11.364417,4.418913],"border":{"name":"Monatélé","display_name":"Monatélé, Lekié, Centre, Cameroun","address":{"city":"Monatélé","county":"Lekié","state":"Centre","ISO3166-2-lvl4":"CM-CE","country":"Cameroun","country_code":"cm"},"osm_type":"relation","osm_id":3823014,"type":"administrative","location":[11.204417,4.258913],"bbox":[11.0763882,4.1588132,11.4360442,4.3614294]}}
{"name":"Mora","other_names":{"name:ar":"مورا"},"display_name":"Mora, Mayo-Sava, Extrême-Nord, Cameroun","address":{"city":"Mora","county":"Mayo-Sava","state":"Extrême-Nord","ISO3166-2-lvl4":"CM-EN","country":"Cameroun","country_code":"cm"},"population":53667,"osm_type":"node","osm_id":250206941,"type":"city","location":[14.1342835,11.0484452],"bbox":[13.9742835,10.8884452,14.2942835,11.2084452],"border":{"name":"Mora","other_names":{"name:ar":"مورا"},"display_name":"Mora, Mayo-Sava, Extrême-Nord, Cameroun","address":{"city":"Mora","county":"Mayo-Sava","state":"Extrême-Nord","ISO3166-2-lvl4":"CM-EN","country":"Cameroun","country_code":"cm"},"population":53667,"osm_type":"relation","osm_id":3749350,"type":"administrative","location":[14.1342835,11.0484452],"bbox":[13.9780934,10.8847039,14.5009383,11.4265443]}}
{"name":"Mouloundou","display_name":"Mouloundou, Boumba-et-Ngoko, Est, Cameroun","address":{"city":"Mouloundou","county":"Boumba-et-Ngoko","state":"Est","ISO3166-2-lvl4":"CM-ES","country":"Cameroun","country_code":"cm"},"osm_type":"node","osm_id":2250019844,"type":"city","location":[15.2165729,2.0436027],"bbox":[15.0565729,1.8836027,15.3765729,2.2036027],"border":{"name":"Mouloundou","display_name":"Mouloundou, Boumba-et-Ngoko, Est, Cameroun","address":{"city":"Mouloundou","county":"Boumba-et-Ngoko","state":"Est","ISO3166-2-lvl4":"CM-ES","country":"Cameroun","country_code":"cm"},"osm_type":"relation","osm_id":3819992,"type":"administrative","location":[15.2165729,2.0436027],"bbox":[14.5953014,1.6517945,16.1911011,2.5005948]}}
{"name":"Ngaoundéré I","other_names":{"alt_name":"Ngaoundéré 1"},"display_name":"Ngaoundéré I, Communauté urbaine de Ngaoundéré, Vina, Adamaoua, Cameroun","address":{"city":"Ngaoundéré I","municipality":"Communauté urbaine de Ngaoundéré","county":"Vina","state":"Adamaoua","ISO3166-2-lvl4":"CM-AD","country":"Cameroun","country_code":"cm"},"osm_type":"relation","osm_id":3817842,"type":"administrative","location":[13.54626936671962,7.27866495],"bbox":[13.4513805,7.1447793,13.6414367,7.4089017],"inferred_type":"city"}
{"name":"Ngaoundéré II","other_names":{"alt_name":"Ngaoundéré 2"},"display_name":"Ngaoundéré II, Communauté urbaine de Ngaoundéré, Vina, Adamaoua, Cameroun","address":{"city":"Ngaoundéré II","municipality":"Communauté urbaine de Ngaoundéré","county":"Vina","state":"Adamaoua","ISO3166-2-lvl4":"CM-AD","country":"Cameroun","country_code":"cm"},"osm_type":"relation","osm_id":3817843,"type":"administrative","location":[13.627428635925934,7.34755905],"bbox":[13.5321093,7.2470472,13.7171713,7.4423556],"inferred_type":"city"}
{"name":"Ngaoundéré III","other_names":{"alt_name":"Ngaoundéré 3"},"display_name":"Ngaoundéré III, Communauté urbaine de Ngaoundéré, Vina, Adamaoua, Cameroun","address":{"city":"Ngaoundéré III","municipality":"Communauté urbaine de Ngaoundéré","county":"Vina","state":"Adamaoua","ISO3166-2-lvl4":"CM-AD","country":"Cameroun","country_code":"cm"},"osm_type":"relation","osm_id":3817844,"type":"administrative","location":[13.560950171896218,7.5076871],"bbox":[13.5025902,7.4009834,13.6585915,7.6082223],"inferred_type":"city"}
{"name":"Ngaoundéré","other_names":{"name:ko":"응가운데레"},"display_name":"Ngaoundéré, Ngaoundéré II, Communauté urbaine de Ngaoundéré, Vina, Adamaoua, Cameroun","address":{"city":"Ngaoundéré","municipality":"Communauté urbaine de Ngaoundéré","county":"Vina","state":"Adamaoua","ISO3166-2-lvl4":"CM-AD","country":"Cameroun","country_code":"cm"},"population":903000,"osm_type":"node","osm_id":2504142377,"type":"city","location":[13.5878214,7.3211536],"bbox":[13.4278214,7.1611536,13.7478214,7.4811536],"border":{"name":"Communauté urbaine de Ngaoundéré","other_names":{"alt_name":"Ngaoundéré","short_name":"CUN"},"display_name":"Communauté urbaine de Ngaoundéré, Vina, Adamaoua, Cameroun","address":{"municipality":"Communauté urbaine de Ngaoundéré","county":"Vina","state":"Adamaoua","ISO3166-2-lvl4":"CM-AD","country":"Cameroun","country_code":"cm"},"osm_type":"relation","osm_id":3823155,"type":"administrative","location":[13.595616403377289,7.3764693999999995],"bbox":[13.4513805,7.1447793,13.7171713,7.6082223]}}
{"name":"Nkongsamba I","other_names":{"alt_name":"Nkongsamba 1"},"display_name":"Nkongsamba I, Communauté urbaine de Nkongsamba, Moungo, Littoral, Cameroun","address":{"city":"Nkongsamba I","municipality":"Communauté urbaine de Nkongsamba","county":"Moungo","state":"Littoral","ISO3166-2-lvl4":"CM-LT","country":"Cameroun","country_code":"cm"},"osm_type":"relation","osm_id":3834329,"type":"administrative","location":[10.055242236604816,4.901502450000001],"bbox":[9.9195843,4.8355348,10.104454,4.9669776],"inferred_type":"city"}
{"name":"Nkongsamba II","other_names":{"alt_name":"Nkongsamba 2"},"display_name":"Nkongsamba II, Communauté urbaine de Nkongsamba, Moungo, Littoral, Cameroun","address":{"city":"Nkongsamba II","municipality":"Communauté urbaine de Nkongsamba","county":"Moungo","state":"Littoral","ISO3166-2-lvl4":"CM-LT","country":"Cameroun","country_code":"cm"},"osm_type":"relation","osm_id":3834330,"type":"administrative","location":[9.924350353715443,4.9863992],"bbox":[9.8781771,4.9581308,9.9700125,5.0130148],"inferred_type":"city"}
{"name":"Nkongsamba III","other_names":{"alt_name":"Nkongsamba 3"},"display_name":"Nkongsamba III, Communauté urbaine de Nkongsamba, Moungo, Littoral, Cameroun","address":{"city":"Nkongsamba III","municipality":"Communauté urbaine de Nkongsamba","county":"Moungo","state":"Littoral","ISO3166-2-lvl4":"CM-LT","country":"Cameroun","country_code":"cm"},"osm_type":"relation","osm_id":3834331,"type":"administrative","location":[9.902227410885311,4.973514],"bbox":[9.8306718,4.91774,9.9465268,5.0291757],"inferred_type":"city"}
{"name":"Nkongsamba","display_name":"Nkongsamba, Nkongsamba III, Communauté urbaine de Nkongsamba, Moungo, Littoral, Cameroun","address":{"city":"Nkongsamba","municipality":"Communauté urbaine de Nkongsamba","county":"Moungo","state":"Littoral","ISO3166-2-lvl4":"CM-LT","country":"Cameroun","country_code":"cm"},"osm_type":"node","osm_id":639162004,"type":"city","location":[9.9391669,4.9525115],"bbox":[9.7791669,4.7925115,10.0991669,5.1125115],"border":{"name":"Communauté urbaine de Nkongsamba","other_names":{"alt_name":"Nkongsamba","short_name":"CUN"},"display_name":"Communauté urbaine de Nkongsamba, Moungo, Littoral, Cameroun","address":{"municipality":"Communauté urbaine de Nkongsamba","county":"Moungo","state":"Littoral","ISO3166-2-lvl4":"CM-LT","country":"Cameroun","country_code":"cm"},"osm_type":"relation","osm_id":3834333,"type":"administrative","location":[9.94152232326066,4.9323543999999995],"bbox":[9.8306718,4.8355348,10.104454,5.0291757]}}
{"name":"Ntui","display_name":"Ntui, Mbam-et-Kim, Centre, Cameroun","address":{"city":"Ntui","county":"Mbam-et-Kim","state":"Centre","ISO3166-2-lvl4":"CM-CE","country":"Cameroun","country_code":"cm"},"osm_type":"node","osm_id":2218335289,"type":"city","location":[11.6281209,4.4459307],"bbox":[11.4681209,4.2859307,11.7881209,4.6059307],"border":{"name":"Ntui","display_name":"Ntui, Mbam-et-Kim, Centre, Cameroun","address":{"city":"Ntui","county":"Mbam-et-Kim","state":"Centre","ISO3166-2-lvl4":"CM-CE","country":"Cameroun","country_code":"cm"},"osm_type":"relation","osm_id":3822225,"type":"administrative","location":[11.6281209,4.4459307],"bbox":[11.464832,4.3481957,11.8534031,4.6996817]}}
{"name":"Poli","display_name":"Poli, Faro, Nord, Cameroun","address":{"city":"Poli","county":"Faro","state":"Nord","ISO3166-2-lvl4":"CM-NO","country":"Cameroun","country_code":"cm"},"osm_type":"node","osm_id":2017158488,"type":"city","location":[13.2423922,8.4764354],"bbox":[13.0823922,8.3164354,13.4023922,8.6364354],"border":{"name":"Poli","display_name":"Poli, Faro, Nord, Cameroun","address":{"city":"Poli","county":"Faro","state":"Nord","ISO3166-2-lvl4":"CM-NO","country":"Cameroun","country_code":"cm"},"osm_type":"relation","osm_id":3765280,"type":"administrative","location":[13.2423922,8.4764354],"bbox":[12.2729308,7.5936055,13.4854745,8.7930591]}}
{"name":"Sangmélima","display_name":"Sangmélima, Dja-et-Lobo, Sud, Cameroun","address":{"city":"Sangmélima","county":"Dja-et-Lobo","state":"Sud","ISO3166-2-lvl4":"CM-SU","country":"Cameroun","country_code":"cm"},"osm_type":"node","osm_id":943248746,"type":"city","location":[11.975646,2.936176],"bbox":[11.815646,2.776176,12.135646,3.096176],"border":{"name":"Sangmélima","display_name":"Sangmélima, Dja-et-Lobo, Sud, Cameroun","address":{"city":"Sangmélima","county":"Dja-et-Lobo","state":"Sud","ISO3166-2-lvl4":"CM-SU","country":"Cameroun","country_code":"cm"},"osm_type":"relation","osm_id":3824003,"type":"administrative","location":[11.975646,2.936176],"bbox":[11.5922838,2.6534923,12.15557,3.1763488]}}
{"name":"Tcholliré","display_name":"Tcholliré, Mayo-Rey, Nord, Cameroun","address":{"city":"Tcholliré","county":"Mayo-Rey","state":"Nord","ISO3166-2-lvl4":"CM-NO","country":"Cameroun","country_code":"cm"},"osm_type":"node","osm_id":2017132006,"type":"city","location":[14.167524,8.4033303],"bbox":[14.007524,8.2433303,14.327524,8.5633303],"border":{"name":"Tcholliré","display_name":"Tcholliré, Mayo-Rey, Nord, Cameroun","address":{"city":"Tcholliré","county":"Mayo-Rey","state":"Nord","ISO3166-2-lvl4":"CM-NO","country":"Cameroun","country_code":"cm"},"osm_type":"relation","osm_id":3765762,"type":"administrative","location":[14.167524,8.4033303],"bbox":[13.0048299,7.058236,14.7232144,8.6823953]}}
{"name":"Three Corners Bekondo","display_name":"Three Corners Bekondo, Konye, Meme, Southwest, Cameroun","address":{"village":"Three Corners Bekondo","county":"Meme","state":"Southwest","ISO3166-2-lvl4":"CM-SW","country":"Cameroun","country_code":"cm"},"osm_type":"way","osm_id":227695931,"type":"city","location":[9.3216869,4.6593182],"bbox":[9.3149938,4.6527001,9.3242331,4.6667573]}
{"name":"Tibati","display_name":"Tibati, Djérem, Adamaoua, Cameroun","address":{"city":"Tibati","county":"Djérem","state":"Adamaoua","ISO3166-2-lvl4":"CM-AD","country":"Cameroun","country_code":"cm"},"osm_type":"node","osm_id":2964133259,"type":"city","location":[12.6251249,6.4658575],"bbox":[12.4651249,6.3058575,12.7851249,6.6258575],"border":{"name":"Tibati","display_name":"Tibati, Djérem, Adamaoua, Cameroun","address":{"city":"Tibati","county":"Djérem","state":"Adamaoua","ISO3166-2-lvl4":"CM-AD","country":"Cameroun","country_code":"cm"},"osm_type":"relation","osm_id":3818562,"type":"administrative","location":[12.6251249,6.4658575],"bbox":[11.9910508,6.0000584,13.159517,7.0609047]}}
{"name":"Tignère","display_name":"Tignère, Faro-et-Déo, Adamaoua, Cameroun","address":{"city":"Tignère","county":"Faro-et-Déo","state":"Adamaoua","ISO3166-2-lvl4":"CM-AD","country":"Cameroun","country_code":"cm"},"osm_type":"node","osm_id":2125537706,"type":"city","location":[12.652921,7.373248],"bbox":[12.492921,7.213248,12.812921,7.533248],"border":{"name":"Tignère","display_name":"Tignère, Faro-et-Déo, Adamaoua, Cameroun","address":{"city":"Tignère","county":"Faro-et-Déo","state":"Adamaoua","ISO3166-2-lvl4":"CM-AD","country":"Cameroun","country_code":"cm"},"osm_type":"relation","osm_id":3818120,"type":"administrative","location":[12.652921,7.373248],"bbox":[12.2417002,6.9673387,13.2464075,7.7551019]}}
{"name":"Yabassi","display_name":"Yabassi, Nkam, Littoral, Cameroun","address":{"city":"Yabassi","county":"Nkam","state":"Littoral","ISO3166-2-lvl4":"CM-LT","country":"Cameroun","country_code":"cm"},"osm_type":"node","osm_id":2309876224,"type":"city","location":[9.9709058,4.460432],"bbox":[9.8109058,4.300432,10.1309058,4.620432],"border":{"name":"Yabassi","display_name":"Yabassi, Nkam, Littoral, Cameroun","address":{"city":"Yabassi","county":"Nkam","state":"Littoral","ISO3166-2-lvl4":"CM-LT","country":"Cameroun","country_code":"cm"},"osm_type":"relation","osm_id":3833723,"type":"administrative","location":[9.9709058,4.460432],"bbox":[9.7560818,4.0667029,10.2887805,4.7384835]}}
{"name":"Yagoua","display_name":"Yagoua, Mayo-Danay, Extrême-Nord, Cameroun","address":{"city":"Yagoua","county":"Mayo-Danay","state":"Extrême-Nord","ISO3166-2-lvl4":"CM-EN","country":"Cameroun","country_code":"cm"},"osm_type":"node","osm_id":2505044506,"type":"city","location":[15.2265866,10.3444296],"bbox":[15.0665866,10.1844296,15.3865866,10.5044296],"border":{"name":"Yagoua","display_name":"Yagoua, Mayo-Danay, Extrême-Nord, Cameroun","address":{"city":"Yagoua","county":"Mayo-Danay","state":"Extrême-Nord","ISO3166-2-lvl4":"CM-EN","country":"Cameroun","country_code":"cm"},"osm_type":"relation","osm_id":3753363,"type":"administrative","location":[15.2265866,10.3444296],"bbox":[15.0618154,9.985359,15.4320355,10.4369587]}}
{"name":"Yaoundé","other_names":{"name:am":"ያዉንዴ","name:ar":"ياوندي","name:az":"Yaunde","name:ba":"Яунде","name:be":"Яундэ","name:bg":"Яунде","name:bn":"ইয়াউন্দে","name:bo":"ཡོན་དྷི།","name:br":"Yaoundé","name:ca":"Yaoundé","name:ce":"Яунде","name:cs":"Yaoundé","name:de":"Jaunde","name:el":"Γιαουντέ","name:en":"Yaoundé","name:eo":"Jaundeo","name:es":"Yaoundé","name:eu":"Jaunde","name:fa":"یائونده","name:ff":"Yaounde","name:fr":"Yaoundé","name:ha":"Yaounde","name:he":"יאונדה","name:hi":"याओऊंडे","name:hr":"Yaoundé","name:ht":"Yaounde","name:hu":"Yaoundé","name:hy":"Յաունդե","name:io":"Yaounde","name:is":"Jánde","name:it":"Yaoundé","name:ja":"ヤウンデ","name:ka":"იაუნდე","name:kg":"Yaounde","name:kk":"Яунде","name:ko":"야운데","name:ky":"Яунде","name:la":"Yaunde","name:ln":"Yaundé","name:lt":"Jaundė","name:lv":"Jaunde","name:mk":"Јаунде","name:ml":"യുവാൻഡേ","name:mn":"Яунде","name:mr":"याउंदे","name:my":"ယောင်အွန်ဒေးမြို့","name:nl":"Yaoundé","name:no":"Yaoundé","name:oc":"Yaoundé","name:os":"Яунде","name:pa":"ਯਾਊਂਦੇ","name:pl":"Jaunde","name:ps":"یایونده","name:pt":"Iaundé","name:qu":"Yaundé","name:ru":"Яунде","name:sk":"Yaoundé","name:sl":"Yaoundé","name:so":"Yawunde","name:sq":"Jaunde","name:sr":"Јаунде","name:sv":"Yaoundé","name:sw":"Yaounde","name:ta":"யாவுண்டே","name:tg":"Яунде","name:th":"ยาอุนเด","name:tr":"Yaoundé","name:tt":"Яунде","name:uk":"Яунде","name:ur":"یاؤندے","name:uz":"Yaunde","name:wo":"Yaunde","name:yi":"יאונדע","name:zh":"雅温得","name:arc":"ܝܐܘܢܕܝ","name:azb":"یائونده","name:ckb":"یائوندێ","name:grc":"Ἰαουνδέον","name:mrj":"Яунде","name:nah":"Yaundé","name:nov":"Yaunde","name:pnb":"یاونڈی","name:syc":"ܝܐܘܢܕܝ","name:udm":"Яунде","name:yue":"耶溫得","name:be-tarask":"Яундэ"},"display_name":"Yaoundé, Communauté urbaine de Yaoundé, Mfoundi, Centre, Cameroun","address":{"city":"Yaoundé","county":"Mfoundi","state":"Centre","ISO3166-2-lvl4":"CM-CE","country":"Cameroun","country_code":"cm"},"population":1817524,"osm_type":"node","osm_id":331136682,"type":"city","location":[11.5213344,3.8689867],"bbox":[11.3613344,3.7089867,11.6813344,4.0289867],"border":{"name":"Communauté urbaine de Yaoundé","other_names":{"alt_name":"Yaoundé","short_name":"CUY","name:am":"ያዉንዴ","name:ar":"ياوندي","name:az":"Yaunde","name:ba":"Яунде","name:be":"Яундэ","name:bg":"Яунде","name:bn":"ইয়াউন্দে","name:bo":"ཡོན་དྷི།","name:br":"Yaoundé","name:ca":"Yaoundé","name:ce":"Яунде","name:cs":"Yaoundé","name:de":"Jaunde","name:el":"Γιαουντέ","name:en":"Yaoundé","name:eo":"Jaundeo","name:es":"Yaoundé","name:eu":"Jaunde","name:fa":"یائونده","name:ff":"Yaounde","name:fr":"Yaoundé","name:ha":"Yaounde","name:he":"יאונדה","name:hi":"याओऊंडे","name:hr":"Yaoundé","name:ht":"Yaounde","name:hu":"Yaoundé","name:hy":"Յաունդե","name:io":"Yaounde","name:is":"Jánde","name:it":"Yaoundé","name:ja":"ヤウンデ","name:ka":"იაუნდე","name:kg":"Yaounde","name:kk":"Яунде","name:ko":"야운데","name:ky":"Яунде","name:la":"Yaunde","name:ln":"Yaundé","name:lt":"Jaundė","name:lv":"Jaunde","name:mk":"Јаунде","name:ml":"യുവാൻഡേ","name:mn":"Яунде","name:mr":"याउंदे","name:my":"ယောင်အွန်ဒေးမြို့","name:nl":"Yaoundé","name:no":"Yaoundé","name:oc":"Yaoundé","name:os":"Яунде","name:pa":"ਯਾਊਂਦੇ","name:pl":"Jaunde","name:ps":"یایونده","name:pt":"Iaundé","name:qu":"Yaundé","name:ru":"Яунде","name:sk":"Yaoundé","name:sl":"Yaoundé","name:so":"Yawunde","name:sq":"Jaunde","name:sr":"Јаунде","name:sv":"Yaoundé","name:sw":"Yaounde","name:ta":"யாவுண்டே","name:tg":"Яунде","name:th":"ยาอุนเด","name:tr":"Yaoundé","name:tt":"Яунде","name:uk":"Яунде","name:ur":"یاؤندے","name:uz":"Yaunde","name:wo":"Yaunde","name:yi":"יאונדע","name:zh":"雅温得","name:arc":"ܝܐܘܢܕܝ","name:azb":"یائونده","name:ckb":"یائوندێ","name:grc":"Ἰαουνδέον","name:mrj":"Яунде","name:nah":"Yaundé","name:nov":"Yaunde","name:pnb":"یاونڈی","name:syc":"ܝܐܘܢܕܝ","name:udm":"Яунде","name:yue":"耶溫得","name:be-tarask":"Яундэ","alt":"Yaoundé"},"display_name":"Communauté urbaine de Yaoundé, Mfoundi, Centre, Cameroun","address":{"city":"Communauté urbaine de Yaoundé","county":"Mfoundi","state":"Centre","ISO3166-2-lvl4":"CM-CE","country":"Cameroun","country_code":"cm"},"population":1817524,"osm_type":"relation","osm_id":2746229,"type":"administrative","location":[11.5213344,3.8689867],"bbox":[11.4111836,3.7134029,11.5748061,3.9691958]}}
{"name":"Yokadouma","display_name":"Yokadouma, Boumba-et-Ngoko, Est, Cameroun","address":{"city":"Yokadouma","county":"Boumba-et-Ngoko","state":"Est","ISO3166-2-lvl4":"CM-ES","country":"Cameroun","country_code":"cm"},"osm_type":"node","osm_id":2161042167,"type":"city","location":[15.0510331,3.5152789],"bbox":[14.8910331,3.3552789,15.2110331,3.6752789],"border":{"name":"Yokadouma","display_name":"Yokadouma, Boumba-et-Ngoko, Est, Cameroun","address":{"city":"Yokadouma","county":"Boumba-et-Ngoko","state":"Est","ISO3166-2-lvl4":"CM-ES","country":"Cameroun","country_code":"cm"},"osm_type":"relation","osm_id":3819989,"type":"administrative","location":[15.0510331,3.5152789],"bbox":[14.3213224,2.7137658,16.08366,3.5708743]}}
