{"name":"Albion","display_name":"Albion, Albion VCA, Black River, 91005, Mauritius / Maurice","address":{"village":"Albion","city":"Albion VCA","state":"Black River","ISO3166-2-lvl4":"MU-BL","postcode":"91005","country":"Mauritius / Maurice","country_code":"mu"},"population":5200,"osm_type":"node","osm_id":281818852,"type":"village","location":[57.4139421,-20.2077611],"bbox":[57.3939421,-20.2277611,57.4339421,-20.1877611]}
{"name":"Amaury","display_name":"Amaury, Amaury VCA, North, Riviere du Rempart, Mauritius / Maurice","address":{"village":"Amaury","city":"Amaury VCA, North","state":"Riviere du Rempart","ISO3166-2-lvl4":"MU-RR","country":"Mauritius / Maurice","country_code":"mu"},"osm_type":"node","osm_id":1133841998,"type":"village","location":[57.6680537,-20.1359754],"bbox":[57.6480537,-20.1559754,57.6880537,-20.1159754]}
{"name":"Amitié","display_name":"Amitié, Amitié – Gokhoola VCA, East, Riviere du Rempart, 31201, Mauritius / Maurice","address":{"village":"Amitié","city":"Amitié – Gokhoola VCA, East","state":"Riviere du Rempart","ISO3166-2-lvl4":"MU-RR","postcode":"31201","country":"Mauritius / Maurice","country_code":"mu"},"osm_type":"node","osm_id":12452981554,"type":"village","location":[57.6717049,-20.1123692],"bbox":[57.6517049,-20.1323692,57.6917049,-20.0923692]}
{"name":"Anse aux Anglais","display_name":"Anse aux Anglais, Rodrigues, Mauritius / Maurice","address":{"village":"Anse aux Anglais","island":"Rodrigues","ISO3166-2-lvl3":"MU-RO","country":"Mauritius / Maurice","country_code":"mu"},"osm_type":"node","osm_id":2261656143,"type":"village","location":[63.4330411,-19.6750848],"bbox":[63.4130411,-19.6950848,63.4530411,-19.6550848]}
{"name":"Arsenal","display_name":"Arsenal, Arsenal VCA, Pamplemousses, 21416, Mauritius / Maurice","address":{"village":"Arsenal","city":"Arsenal VCA","state":"Pamplemousses","ISO3166-2-lvl4":"MU-PA","postcode":"21416","country":"Mauritius / Maurice","country_code":"mu"},"osm_type":"node","osm_id":12461345236,"type":"village","location":[57.5404957,-20.1067199],"bbox":[57.5204957,-20.1267199,57.5604957,-20.0867199]}
{"name":"Azuri Village","display_name":"Azuri Village, Roches Noires VCA, North, Riviere du Rempart, 31201, Mauritius / Maurice","address":{"village":"Azuri Village","city":"Roches Noires VCA, North","state":"Riviere du Rempart","ISO3166-2-lvl4":"MU-RR","postcode":"31201","country":"Mauritius / Maurice","country_code":"mu"},"osm_type":"node","osm_id":9663564340,"type":"village","location":[57.7076691,-20.0951946],"bbox":[57.6876691,-20.1151946,57.7276691,-20.0751946]}
{"name":"Baie Aux Huîtres","display_name":"Baie Aux Huîtres, Rodrigues, Mauritius / Maurice","address":{"village":"Baie Aux Huîtres","island":"Rodrigues","ISO3166-2-lvl3":"MU-RO","country":"Mauritius / Maurice","country_code":"mu"},"osm_type":"node","osm_id":6378936822,"type":"village","location":[63.4082954,-19.6931121],"bbox":[63.3882954,-19.7131121,63.4282954,-19.6731121]}
{"name":"Baie du Cap","other_names":{"name:zh":"天涯海角"},"display_name":"Baie du Cap, Baie du Cap VCA, Savanne, Mauritius / Maurice","address":{"village":"Baie du Cap","city":"Baie du Cap VCA","state":"Savanne","ISO3166-2-lvl4":"MU-SA","country":"Mauritius / Maurice","country_code":"mu"},"osm_type":"node","osm_id":2306372817,"type":"village","location":[57.3795792,-20.4925841],"bbox":[57.3595792,-20.5125841,57.3995792,-20.4725841]}
{"name":"Baie Du Nord","display_name":"Baie Du Nord, Rodrigues, Mauritius / Maurice","address":{"village":"Baie Du Nord","island":"Rodrigues","ISO3166-2-lvl3":"MU-RO","country":"Mauritius / Maurice","country_code":"mu"},"osm_type":"node","osm_id":6378936821,"type":"village","location":[63.3747759,-19.7123388],"bbox":[63.3547759,-19.7323388,63.3947759,-19.6923388]}
{"name":"Baie Malgache","display_name":"Baie Malgache, Rodrigues, Mauritius / Maurice","address":{"village":"Baie Malgache","island":"Rodrigues","ISO3166-2-lvl3":"MU-RO","country":"Mauritius / Maurice","country_code":"mu"},"osm_type":"node","osm_id":2261636502,"type":"village","location":[63.3920642,-19.6972792],"bbox":[63.3720642,-19.7172792,63.4120642,-19.6772792]}
{"name":"Bambous Virieux","other_names":{"name:en":"Bambous Virieux","name:fr":"Bambous Virieux"},"display_name":"Bambous Virieux, Bambous Virieux VCA, Grand Port, 50401, Mauritius / Maurice","address":{"village":"Bambous Virieux","city":"Bambous Virieux VCA","state":"Grand Port","ISO3166-2-lvl4":"MU-GP","postcode":"50401","country":"Mauritius / Maurice","country_code":"mu"},"population":1500,"osm_type":"node","osm_id":5760635718,"type":"village","location":[57.7637829,-20.3439274],"bbox":[57.7437829,-20.3639274,57.7837829,-20.3239274]}
{"name":"Bananes","display_name":"Bananes, Bananes VCA, Grand Port, Mauritius / Maurice","address":{"village":"Bananes","city":"Bananes VCA","state":"Grand Port","ISO3166-2-lvl4":"MU-GP","country":"Mauritius / Maurice","country_code":"mu"},"osm_type":"node","osm_id":10715911136,"type":"village","location":[57.5968122,-20.3506324],"bbox":[57.5768122,-20.3706324,57.6168122,-20.3306324]}
{"name":"Bassin","other_names":{"alt_name":"Bassin Estate"},"display_name":"Bassin, Quatre Bornes, Plaines Wilhems, 72444, Mauritius / Maurice","address":{"village":"Bassin","city":"Quatre Bornes","state":"Plaines Wilhems","ISO3166-2-lvl4":"MU-PW","postcode":"72444","country":"Mauritius / Maurice","country_code":"mu"},"osm_type":"node","osm_id":9280578319,"type":"village","location":[57.4560741,-20.2956769],"bbox":[57.4360741,-20.3156769,57.4760741,-20.2756769]}
{"name":"Batimarais","display_name":"Batimarais, Bénarès VCA, Savanne, Mauritius / Maurice","address":{"village":"Batimarais","city":"Bénarès VCA","state":"Savanne","ISO3166-2-lvl4":"MU-SA","country":"Mauritius / Maurice","country_code":"mu"},"osm_type":"node","osm_id":10593841382,"type":"village","location":[57.5745011,-20.4846078],"bbox":[57.5545011,-20.5046078,57.5945011,-20.4646078]}
{"name":"Beau Bois","display_name":"Beau Bois, L’Avenir VCA, Moka, Mauritius / Maurice","address":{"village":"Beau Bois","city":"L’Avenir VCA","state":"Moka","ISO3166-2-lvl4":"MU-MO","country":"Mauritius / Maurice","country_code":"mu"},"osm_type":"way","osm_id":407269867,"type":"village","location":[57.56614845012983,-20.2072322],"bbox":[57.5646778,-20.2095444,57.5676255,-20.2059178]}
{"name":"Beau Champ","display_name":"Beau Champ, Bel Ombre VCA, Savanne, Mauritius / Maurice","address":{"village":"Beau Champ","city":"Bel Ombre VCA","state":"Savanne","ISO3166-2-lvl4":"MU-SA","country":"Mauritius / Maurice","country_code":"mu"},"osm_type":"node","osm_id":2637988174,"type":"village","location":[57.4373818,-20.5023185],"bbox":[57.4173818,-20.5223185,57.4573818,-20.4823185]}
{"name":"Beau Plan","display_name":"Beau Plan, Pamplemousses, 21013, Mauritius / Maurice","address":{"village":"Beau Plan","state":"Pamplemousses","ISO3166-2-lvl4":"MU-PA","postcode":"21013","country":"Mauritius / Maurice","country_code":"mu"},"osm_type":"node","osm_id":12465405106,"type":"village","location":[57.5826338,-20.0992326],"bbox":[57.5626338,-20.1192326,57.6026338,-20.0792326]}
{"name":"Beaux Songes","display_name":"Beaux Songes, Cascavelle VCA West, Black River, 72444, Mauritius / Maurice","address":{"village":"Beaux Songes","city":"Cascavelle VCA West","state":"Black River","ISO3166-2-lvl4":"MU-BL","postcode":"72444","country":"Mauritius / Maurice","country_code":"mu"},"osm_type":"node","osm_id":828423076,"type":"village","location":[57.4250173,-20.2815278],"bbox":[57.4050173,-20.3015278,57.4450173,-20.2615278],"border":{"name":"Beaux Songes","display_name":"Beaux Songes, Cascavelle VCA West, Black River, Mauritius / Maurice","address":{"suburb":"Beaux Songes","city":"Cascavelle VCA West","state":"Black River","ISO3166-2-lvl4":"MU-BL","country":"Mauritius / Maurice","country_code":"mu"},"osm_type":"relation","osm_id":13476422,"type":"administrative","location":[57.42541003149948,-20.2805902],"bbox":[57.4226162,-20.2826822,57.4283654,-20.2784998]}}
{"name":"Bel Ombre","display_name":"Bel Ombre, Bel Ombre VCA, Savanne, Mauritius / Maurice","address":{"village":"Bel Ombre","city":"Bel Ombre VCA","state":"Savanne","ISO3166-2-lvl4":"MU-SA","country":"Mauritius / Maurice","country_code":"mu"},"osm_type":"node","osm_id":2637987035,"type":"village","location":[57.4008845,-20.5028362],"bbox":[57.3808845,-20.5228362,57.4208845,-20.4828362]}
{"name":"Belle Mare","display_name":"Belle Mare, Quatre Cocos VCA, Flacq, 41601, Mauritius / Maurice","address":{"village":"Belle Mare","city":"Quatre Cocos VCA","state":"Flacq","ISO3166-2-lvl4":"MU-FL","postcode":"41601","country":"Mauritius / Maurice","country_code":"mu"},"osm_type":"node","osm_id":1846015236,"type":"village","location":[57.774734,-20.1983407],"bbox":[57.754734,-20.2183407,57.794734,-20.1783407],"border":{"name":"Belle Mare","display_name":"Belle Mare, Quatre Cocos VCA, Flacq, Mauritius / Maurice","address":{"suburb":"Belle Mare","city":"Quatre Cocos VCA","state":"Flacq","ISO3166-2-lvl4":"MU-FL","country":"Mauritius / Maurice","country_code":"mu"},"osm_type":"relation","osm_id":13476446,"type":"administrative","location":[57.775414622917566,-20.200590050000002],"bbox":[57.7708791,-20.2059692,57.7771329,-20.1945571]}}
{"name":"Belle Rive","display_name":"Belle Rive, Olivia VCA, Flacq, 50401, Mauritius / Maurice","address":{"village":"Belle Rive","city":"Olivia VCA","state":"Flacq","ISO3166-2-lvl4":"MU-FL","postcode":"50401","country":"Mauritius / Maurice","country_code":"mu"},"osm_type":"node","osm_id":5737234221,"type":"village","location":[57.7270615,-20.3106152],"bbox":[57.7070615,-20.3306152,57.7470615,-20.2906152]}
{"name":"Belle Vue Maurel","display_name":"Belle Vue Maurel, Belle Vue Maurel VCA, South, Riviere du Rempart, 31201, Mauritius / Maurice","address":{"village":"Belle Vue Maurel","city":"Belle Vue Maurel VCA, South","state":"Riviere du Rempart","ISO3166-2-lvl4":"MU-RR","postcode":"31201","country":"Mauritius / Maurice","country_code":"mu"},"osm_type":"node","osm_id":1133959349,"type":"village","location":[57.6679765,-20.1234803],"bbox":[57.6479765,-20.1434803,57.6879765,-20.1034803]}
{"name":"Blue Bay","display_name":"Blue Bay, Beau Vallon VCA, Grand Port, 50812, Mauritius / Maurice","address":{"village":"Blue Bay","city":"Beau Vallon VCA","state":"Grand Port","ISO3166-2-lvl4":"MU-GP","postcode":"50812","country":"Mauritius / Maurice","country_code":"mu"},"osm_type":"node","osm_id":2288192719,"type":"village","location":[57.7181542,-20.4432366],"bbox":[57.6981542,-20.4632366,57.7381542,-20.4232366],"border":{"name":"Blue Bay","display_name":"Blue Bay, Beau Vallon VCA, Grand Port, Mauritius / Maurice","address":{"suburb":"Blue Bay","city":"Beau Vallon VCA","state":"Grand Port","ISO3166-2-lvl4":"MU-GP","country":"Mauritius / Maurice","country_code":"mu"},"osm_type":"relation","osm_id":13476448,"type":"administrative","location":[57.718227579570666,-20.440653599999997],"bbox":[57.7110648,-20.4433022,57.7232007,-20.4380544]}}
{"name":"Bois Chéri","display_name":"Bois Chéri, Bois Chérie VCA, Savanne, Mauritius / Maurice","address":{"village":"Bois Chéri","city":"Bois Chérie VCA","state":"Savanne","ISO3166-2-lvl4":"MU-SA","country":"Mauritius / Maurice","country_code":"mu"},"osm_type":"node","osm_id":2638554237,"type":"village","location":[57.5376647,-20.4277655],"bbox":[57.5176647,-20.4477655,57.5576647,-20.4077655]}
{"name":"Bois des Amourettes","display_name":"Bois des Amourettes, Bois des Amourettes VCA, Grand Port, 50401, Mauritius / Maurice","address":{"village":"Bois des Amourettes","city":"Bois des Amourettes VCA","state":"Grand Port","ISO3166-2-lvl4":"MU-GP","postcode":"50401","country":"Mauritius / Maurice","country_code":"mu"},"osm_type":"node","osm_id":10715909139,"type":"village","location":[57.7366513,-20.368364],"bbox":[57.7166513,-20.388364,57.7566513,-20.348364]}
{"name":"Bon Accueil","display_name":"Bon Accueil, Flacq, Mauritius / Maurice","address":{"village":"Bon Accueil","state":"Flacq","ISO3166-2-lvl4":"MU-FL","country":"Mauritius / Maurice","country_code":"mu"},"osm_type":"node","osm_id":1845944409,"type":"village","location":[57.670382,-20.1745003],"bbox":[57.650382,-20.1945003,57.690382,-20.1545003],"border":{"name":"Bon Accueil","display_name":"Bon Accueil, Flacq, Mauritius / Maurice","address":{"village":"Bon Accueil","state":"Flacq","ISO3166-2-lvl4":"MU-FL","country":"Mauritius / Maurice","country_code":"mu"},"osm_type":"relation","osm_id":18440016,"type":"administrative","location":[57.670382,-20.1745003],"bbox":[57.6624762,-20.184054,57.6802405,-20.1448827]}}
{"name":"Bonne Mère","display_name":"Bonne Mère, Queen Victoria VCA, Flacq, 40606, Mauritius / Maurice","address":{"village":"Bonne Mère","city":"Queen Victoria VCA","state":"Flacq","ISO3166-2-lvl4":"MU-FL","postcode":"40606","country":"Mauritius / Maurice","country_code":"mu"},"osm_type":"node","osm_id":2998127771,"type":"village","location":[57.7033937,-20.2123016],"bbox":[57.6833937,-20.2323016,57.7233937,-20.1923016]}
{"name":"Bramsthan","display_name":"Bramsthan, Flacq, Mauritius / Maurice","address":{"village":"Bramsthan","state":"Flacq","ISO3166-2-lvl4":"MU-FL","country":"Mauritius / Maurice","country_code":"mu"},"osm_type":"node","osm_id":3849198533,"type":"village","location":[57.7366354,-20.212125],"bbox":[57.7166354,-20.232125,57.7566354,-20.192125],"border":{"name":"Bramsthan","display_name":"Bramsthan, Flacq, Mauritius / Maurice","address":{"village":"Bramsthan","state":"Flacq","ISO3166-2-lvl4":"MU-FL","country":"Mauritius / Maurice","country_code":"mu"},"osm_type":"relation","osm_id":18444313,"type":"administrative","location":[57.7366354,-20.212125],"bbox":[57.7278059,-20.220866,57.7453555,-20.2024906]}}
{"name":"Brisée Verdière","display_name":"Brisée Verdière, Brisée Verdière VCA, South, Flacq, 42601, Mauritius / Maurice","address":{"village":"Brisée Verdière","city":"Brisée Verdière VCA, South","state":"Flacq","ISO3166-2-lvl4":"MU-FL","postcode":"42601","country":"Mauritius / Maurice","country_code":"mu"},"osm_type":"node","osm_id":12441430842,"type":"village","location":[57.6554342,-20.1687599],"bbox":[57.6354342,-20.1887599,57.6754342,-20.1487599]}
{"name":"Britannia","display_name":"Britannia, Britannia VCA, Savanne, 51108, Mauritius / Maurice","address":{"village":"Britannia","city":"Britannia VCA","state":"Savanne","ISO3166-2-lvl4":"MU-SA","postcode":"51108","country":"Mauritius / Maurice","country_code":"mu"},"population":1280,"osm_type":"node","osm_id":10599214807,"type":"village","location":[57.5635574,-20.4527923],"bbox":[57.5435574,-20.4727923,57.5835574,-20.4327923]}
{"name":"Calebasses","display_name":"Calebasses, Pamplemousses, Mauritius / Maurice","address":{"village":"Calebasses","state":"Pamplemousses","ISO3166-2-lvl4":"MU-PA","country":"Mauritius / Maurice","country_code":"mu"},"osm_type":"node","osm_id":12465282495,"type":"village","location":[57.5616248,-20.1137946],"bbox":[57.5416248,-20.1337946,57.5816248,-20.0937946],"border":{"name":"Calebasses","display_name":"Calebasses, Pamplemousses, Mauritius / Maurice","address":{"village":"Calebasses","state":"Pamplemousses","ISO3166-2-lvl4":"MU-PA","country":"Mauritius / Maurice","country_code":"mu"},"osm_type":"relation","osm_id":18486398,"type":"administrative","location":[57.5616248,-20.1137946],"bbox":[57.5428187,-20.1338663,57.5709578,-20.101721]}}
{"name":"Camp Carol","display_name":"Camp Carol, Camp Carol VCA, Grand Port, 51520, Mauritius / Maurice","address":{"village":"Camp Carol","city":"Camp Carol VCA","state":"Grand Port","ISO3166-2-lvl4":"MU-GP","postcode":"51520","country":"Mauritius / Maurice","country_code":"mu"},"osm_type":"node","osm_id":5270653373,"type":"village","location":[57.6779062,-20.4613063],"bbox":[57.6579062,-20.4813063,57.6979062,-20.4413063]}
{"name":"Camp de Masque Pavé","other_names":{"name:en":"Camp De Masque Pave","name:fr":"Camp-de-Masque-Pavé"},"display_name":"Camp de Masque Pavé, Flacq, Mauritius / Maurice","address":{"village":"Camp de Masque Pavé","state":"Flacq","ISO3166-2-lvl4":"MU-FL","country":"Mauritius / Maurice","country_code":"mu"},"osm_type":"node","osm_id":9333427208,"type":"village","location":[57.6824605,-20.2497048],"bbox":[57.6624605,-20.2697048,57.7024605,-20.2297048],"border":{"name":"Camp de Masque Pavé","other_names":{"name:en":"Camp De Masque Pave","name:fr":"Camp-de-Masque-Pavé"},"display_name":"Camp de Masque Pavé, Flacq, Mauritius / Maurice","address":{"village":"Camp de Masque Pavé","state":"Flacq","ISO3166-2-lvl4":"MU-FL","country":"Mauritius / Maurice","country_code":"mu"},"osm_type":"relation","osm_id":18451716,"type":"administrative","location":[57.6824605,-20.2497048],"bbox":[57.6570819,-20.2843147,57.6979359,-20.2422826]}}
{"name":"Camp de Masque","other_names":{"name:en":"Camp De Masque","name:fr":"Camp-de-Masque"},"display_name":"Camp de Masque, Flacq, Mauritius / Maurice","address":{"village":"Camp de Masque","state":"Flacq","ISO3166-2-lvl4":"MU-FL","country":"Mauritius / Maurice","country_code":"mu"},"osm_type":"node","osm_id":2606366124,"type":"village","location":[57.6704231,-20.2409404],"bbox":[57.6504231,-20.2609404,57.6904231,-20.2209404],"border":{"name":"Camp de Masque","other_names":{"name:en":"Camp De Masque","name:fr":"Camp-de-Masque"},"display_name":"Camp de Masque, Flacq, Mauritius / Maurice","address":{"village":"Camp de Masque","state":"Flacq","ISO3166-2-lvl4":"MU-FL","country":"Mauritius / Maurice","country_code":"mu"},"osm_type":"relation","osm_id":18451717,"type":"administrative","location":[57.6704231,-20.2409404],"bbox":[57.6655901,-20.2492921,57.694029,-20.2267703]}}
{"name":"Camp Diable","display_name":"Camp Diable, Camp Diable VCA, Savanne, 51108, Mauritius / Maurice","address":{"village":"Camp Diable","city":"Camp Diable VCA","state":"Savanne","ISO3166-2-lvl4":"MU-SA","postcode":"51108","country":"Mauritius / Maurice","country_code":"mu"},"osm_type":"node","osm_id":6212298945,"type":"village","location":[57.5858333,-20.4669102],"bbox":[57.5658333,-20.4869102,57.6058333,-20.4469102]}
{"name":"Camp Ithier","display_name":"Camp Ithier, Flacq, Mauritius / Maurice","address":{"village":"Camp Ithier","state":"Flacq","ISO3166-2-lvl4":"MU-FL","country":"Mauritius / Maurice","country_code":"mu"},"population":4300,"osm_type":"node","osm_id":2054192853,"type":"village","location":[57.7501368,-20.2177855],"bbox":[57.7301368,-20.2377855,57.7701368,-20.1977855],"border":{"name":"Camp Ithier","display_name":"Camp Ithier, Flacq, Mauritius / Maurice","address":{"village":"Camp Ithier","state":"Flacq","ISO3166-2-lvl4":"MU-FL","country":"Mauritius / Maurice","country_code":"mu"},"population":4300,"osm_type":"relation","osm_id":18444312,"type":"administrative","location":[57.7501368,-20.2177855],"bbox":[57.7406097,-20.2363313,57.766703,-20.2002559]}}
{"name":"Camp Thorel","display_name":"Camp Thorel, Camp Thorel VCA, Moka, 71501, Mauritius / Maurice","address":{"village":"Camp Thorel","city":"Camp Thorel VCA","state":"Moka","ISO3166-2-lvl4":"MU-MO","postcode":"71501","country":"Mauritius / Maurice","country_code":"mu"},"osm_type":"node","osm_id":1845929251,"type":"village","location":[57.6229284,-20.2165293],"bbox":[57.6029284,-20.2365293,57.6429284,-20.1965293]}
{"name":"Canot","other_names":{"name:en":"Canot","name:fr":"Canot"},"display_name":"Canot, Gros Cailloux VCA, Black River, 91005, Mauritius / Maurice","address":{"village":"Canot","city":"Gros Cailloux VCA","state":"Black River","ISO3166-2-lvl4":"MU-BL","postcode":"91005","country":"Mauritius / Maurice","country_code":"mu"},"osm_type":"node","osm_id":3659318273,"type":"village","location":[57.4300692,-20.2218571],"bbox":[57.4100692,-20.2418571,57.4500692,-20.2018571],"border":{"name":"Canot","display_name":"Canot, Gros Cailloux VCA, Black River, Mauritius / Maurice","address":{"suburb":"Canot","city":"Gros Cailloux VCA","state":"Black River","ISO3166-2-lvl4":"MU-BL","country":"Mauritius / Maurice","country_code":"mu"},"osm_type":"relation","osm_id":13476460,"type":"administrative","location":[57.42841989325311,-20.2196745],"bbox":[57.4261002,-20.2225209,57.4310945,-20.2177842]}}
{"name":"Cap Malheureux","display_name":"Cap Malheureux, Riviere du Rempart, Mauritius / Maurice","address":{"village":"Cap Malheureux","state":"Riviere du Rempart","ISO3166-2-lvl4":"MU-RR","country":"Mauritius / Maurice","country_code":"mu"},"osm_type":"node","osm_id":2188745344,"type":"village","location":[57.6231847,-19.9864085],"bbox":[57.6031847,-20.0064085,57.6431847,-19.9664085],"border":{"name":"Cap Malheureux","display_name":"Cap Malheureux, Riviere du Rempart, 42602, Mauritius / Maurice","address":{"village":"Cap Malheureux","state":"Riviere du Rempart","ISO3166-2-lvl4":"MU-RR","postcode":"42602","country":"Mauritius / Maurice","country_code":"mu"},"osm_type":"relation","osm_id":18474447,"type":"administrative","location":[57.6231847,-19.9864085],"bbox":[57.6028488,-20.0149369,57.6571348,-19.9816045]}}
{"name":"Cascavelle","display_name":"Cascavelle, Cascavelle VCA West, Black River, 72444, Mauritius / Maurice","address":{"village":"Cascavelle","city":"Cascavelle VCA West","state":"Black River","ISO3166-2-lvl4":"MU-BL","postcode":"72444","country":"Mauritius / Maurice","country_code":"mu"},"osm_type":"node","osm_id":2638610178,"type":"village","location":[57.4153311,-20.2882742],"bbox":[57.3953311,-20.3082742,57.4353311,-20.2682742],"border":{"name":"Cascavelle","display_name":"Cascavelle, Cascavelle VCA West, Black River, Mauritius / Maurice","address":{"suburb":"Cascavelle","city":"Cascavelle VCA West","state":"Black River","ISO3166-2-lvl4":"MU-BL","country":"Mauritius / Maurice","country_code":"mu"},"osm_type":"relation","osm_id":13476423,"type":"administrative","location":[57.41490611856424,-20.2875784],"bbox":[57.4079485,-20.2911173,57.4182011,-20.2848513]}}
{"display_name":"Chamarel VCA, West, Black River, Mauritius / Maurice","address":{"city":"Chamarel VCA, West","state":"Black River","ISO3166-2-lvl4":"MU-BL","country":"Mauritius / Maurice","country_code":"mu"},"osm_type":"way","osm_id":1119740936,"type":"village","location":[57.39130883036091,-20.4262995],"bbox":[57.3895277,-20.4293876,57.393269,-20.423265]}
{"display_name":"Chamarel VCA, West, Black River, Mauritius / Maurice","address":{"city":"Chamarel VCA, West","state":"Black River","ISO3166-2-lvl4":"MU-BL","country":"Mauritius / Maurice","country_code":"mu"},"osm_type":"way","osm_id":1119740937,"type":"village","location":[57.39149864669926,-20.4320975],"bbox":[57.3877282,-20.4340857,57.3925024,-20.4300659]}
{"name":"Chamarel","display_name":"Chamarel, Chamarel VCA, West, Black River, 91102, Mauritius / Maurice","address":{"village":"Chamarel","city":"Chamarel VCA, West","state":"Black River","ISO3166-2-lvl4":"MU-BL","postcode":"91102","country":"Mauritius / Maurice","country_code":"mu"},"osm_type":"node","osm_id":828423332,"type":"village","location":[57.3912706,-20.4253074],"bbox":[57.3712706,-20.4453074,57.4112706,-20.4053074]}
{"name":"Château Bénarès","display_name":"Château Bénarès, Bénarès VCA, Savanne, 51108, Mauritius / Maurice","address":{"village":"Château Bénarès","city":"Bénarès VCA","state":"Savanne","ISO3166-2-lvl4":"MU-SA","postcode":"51108","country":"Mauritius / Maurice","country_code":"mu"},"osm_type":"node","osm_id":10593841381,"type":"village","location":[57.588619,-20.4849028],"bbox":[57.568619,-20.5049028,57.608619,-20.4649028]}
{"name":"Clemencia","display_name":"Clemencia, Flacq, Mauritius / Maurice","address":{"village":"Clemencia","state":"Flacq","ISO3166-2-lvl4":"MU-FL","country":"Mauritius / Maurice","country_code":"mu"},"osm_type":"node","osm_id":2606354472,"type":"village","location":[57.7158475,-20.2648646],"bbox":[57.6958475,-20.2848646,57.7358475,-20.2448646],"border":{"name":"Clemencia","display_name":"Clemencia, Flacq, Mauritius / Maurice","address":{"village":"Clemencia","state":"Flacq","ISO3166-2-lvl4":"MU-FL","country":"Mauritius / Maurice","country_code":"mu"},"osm_type":"relation","osm_id":18451715,"type":"administrative","location":[57.7158475,-20.2648646],"bbox":[57.6909902,-20.2843147,57.7430674,-20.2410632]}}
{"name":"Cluny","display_name":"Cluny, Cluny VCA, Grand Port, 51802, Mauritius / Maurice","address":{"village":"Cluny","city":"Cluny VCA","state":"Grand Port","ISO3166-2-lvl4":"MU-GP","postcode":"51802","country":"Mauritius / Maurice","country_code":"mu"},"osm_type":"node","osm_id":4009599544,"type":"village","location":[57.6069221,-20.3705269],"bbox":[57.5869221,-20.3905269,57.6269221,-20.3505269]}
{"name":"Congomah","display_name":"Congomah, Congomah VCA, Pamplemousses, 21013, Mauritius / Maurice","address":{"village":"Congomah","city":"Congomah VCA","state":"Pamplemousses","ISO3166-2-lvl4":"MU-PA","postcode":"21013","country":"Mauritius / Maurice","country_code":"mu"},"osm_type":"node","osm_id":12471791916,"type":"village","location":[57.5982156,-20.1503538],"bbox":[57.5782156,-20.1703538,57.6182156,-20.1303538]}
{"name":"Côte d’Or","other_names":{"alt_name":"Côte d'Or"},"display_name":"Côte d’Or, St. Pierre VCA, Moka, 81407, Mauritius / Maurice","address":{"village":"Côte d’Or","city":"St. Pierre VCA","state":"Moka","ISO3166-2-lvl4":"MU-MO","postcode":"81407","country":"Mauritius / Maurice","country_code":"mu"},"osm_type":"node","osm_id":9280578382,"type":"village","location":[57.5365859,-20.2506202],"bbox":[57.5165859,-20.2706202,57.5565859,-20.2306202],"border":{"name":"Côte d'Or","display_name":"Côte d'Or, St. Pierre VCA, Moka, Mauritius / Maurice","address":{"suburb":"Côte d'Or","city":"St. Pierre VCA","state":"Moka","ISO3166-2-lvl4":"MU-MO","country":"Mauritius / Maurice","country_code":"mu"},"osm_type":"relation","osm_id":13476411,"type":"administrative","location":[57.537031351289045,-20.250284399999998],"bbox":[57.5349683,-20.2520283,57.5380743,-20.2487972]}}
{"name":"Cottage","other_names":{"name:en":"Cottage","name:fr":"Cottage"},"display_name":"Cottage, Cottage VCA, Riviere du Rempart, 31803, Mauritius / Maurice","address":{"village":"Cottage","city":"Cottage VCA","state":"Riviere du Rempart","ISO3166-2-lvl4":"MU-RR","postcode":"31803","country":"Mauritius / Maurice","country_code":"mu"},"osm_type":"node","osm_id":2188735088,"type":"village","location":[57.635319,-20.0639353],"bbox":[57.615319,-20.0839353,57.655319,-20.0439353]}
{"name":"Creve Coeur","display_name":"Creve Coeur, Pamplemousses, Mauritius / Maurice","address":{"village":"Creve Coeur","state":"Pamplemousses","ISO3166-2-lvl4":"MU-PA","country":"Mauritius / Maurice","country_code":"mu"},"osm_type":"node","osm_id":12465318429,"type":"village","location":[57.565239,-20.18243],"bbox":[57.545239,-20.20243,57.585239,-20.16243],"border":{"name":"Creve Coeur","display_name":"Creve Coeur, Pamplemousses, Mauritius / Maurice","address":{"village":"Creve Coeur","state":"Pamplemousses","ISO3166-2-lvl4":"MU-PA","country":"Mauritius / Maurice","country_code":"mu"},"osm_type":"relation","osm_id":18486435,"type":"administrative","location":[57.565239,-20.18243],"bbox":[57.5531958,-20.1977689,57.5846106,-20.1702646]}}
{"name":"Crève Cœur","display_name":"Crève Cœur, Rodrigues, Mauritius / Maurice","address":{"village":"Crève Cœur","island":"Rodrigues","ISO3166-2-lvl3":"MU-RO","country":"Mauritius / Maurice","country_code":"mu"},"osm_type":"node","osm_id":2261656145,"type":"village","location":[63.4305518,-19.6805529],"bbox":[63.4105518,-19.7005529,63.4505518,-19.6605529]}
{"name":"D’Epinay","other_names":{"alt_name":"D'Epinay"},"display_name":"D’Epinay, Pamplemousses, Mauritius / Maurice","address":{"village":"D’Epinay","state":"Pamplemousses","ISO3166-2-lvl4":"MU-PA","country":"Mauritius / Maurice","country_code":"mu"},"osm_type":"node","osm_id":1123098233,"type":"village","location":[57.5942356,-20.1300276],"bbox":[57.5742356,-20.1500276,57.6142356,-20.1100276],"border":{"name":"D’Epinay","other_names":{"alt_name":"D'Epinay"},"display_name":"D’Epinay, Pamplemousses, Mauritius / Maurice","address":{"village":"D’Epinay","state":"Pamplemousses","ISO3166-2-lvl4":"MU-PA","country":"Mauritius / Maurice","country_code":"mu"},"osm_type":"relation","osm_id":18498318,"type":"administrative","location":[57.5942356,-20.1300276],"bbox":[57.5713779,-20.1467861,57.6275173,-20.106999]}}
{"name":"Dagotière","other_names":{"name:en":"Dagotiere","name:fr":"Dagotière","alt_name":"Dagotiere"},"display_name":"Dagotière, Dagotière VCA, Moka, 80205, Mauritius / Maurice","address":{"village":"Dagotière","city":"Dagotière VCA","state":"Moka","ISO3166-2-lvl4":"MU-MO","postcode":"80205","country":"Mauritius / Maurice","country_code":"mu"},"population":7100,"osm_type":"node","osm_id":6145638506,"type":"village","location":[57.5649753,-20.2439312],"bbox":[57.5449753,-20.2639312,57.5849753,-20.2239312]}
{"name":"Deux Frères","other_names":{"name:fr":"Deux Frères"},"display_name":"Deux Frères, Quatre Soeurs VCA, Grand Port, 40101, Mauritius / Maurice","address":{"village":"Deux Frères","city":"Quatre Soeurs VCA","state":"Grand Port","ISO3166-2-lvl4":"MU-GP","postcode":"40101","country":"Mauritius / Maurice","country_code":"mu"},"osm_type":"node","osm_id":10680917358,"type":"village","location":[57.7789605,-20.2904455],"bbox":[57.7589605,-20.3104455,57.7989605,-20.2704455]}
{"name":"Dubreuil","display_name":"Dubreuil, Dubreuil VCA, Part, Moka, Mauritius / Maurice","address":{"village":"Dubreuil","city":"Dubreuil VCA, Part","state":"Moka","ISO3166-2-lvl4":"MU-MO","country":"Mauritius / Maurice","country_code":"mu"},"osm_type":"node","osm_id":10584359925,"type":"village","location":[57.6023555,-20.3000855],"bbox":[57.5823555,-20.3200855,57.6223555,-20.2800855]}
{"name":"Ecroignard","display_name":"Ecroignard, Flacq, Mauritius / Maurice","address":{"village":"Ecroignard","state":"Flacq","ISO3166-2-lvl4":"MU-FL","country":"Mauritius / Maurice","country_code":"mu"},"osm_type":"node","osm_id":2054192858,"type":"village","location":[57.7430658,-20.2278636],"bbox":[57.7230658,-20.2478636,57.7630658,-20.2078636],"border":{"name":"Ecroignard","display_name":"Ecroignard, Flacq, Mauritius / Maurice","address":{"village":"Ecroignard","state":"Flacq","ISO3166-2-lvl4":"MU-FL","country":"Mauritius / Maurice","country_code":"mu"},"osm_type":"relation","osm_id":18444311,"type":"administrative","location":[57.7430658,-20.2278636],"bbox":[57.7348373,-20.2402936,57.7518594,-20.2158614]}}
{"name":"Espérance Trébuchet","display_name":"Espérance Trébuchet, Espérance Trébuchet VCA, Riviere du Rempart, 30420, Mauritius / Maurice","address":{"village":"Espérance Trébuchet","city":"Espérance Trébuchet VCA","state":"Riviere du Rempart","ISO3166-2-lvl4":"MU-RR","postcode":"30420","country":"Mauritius / Maurice","country_code":"mu"},"osm_type":"node","osm_id":2188734832,"type":"village","location":[57.6497498,-20.0717567],"bbox":[57.6297498,-20.0917567,57.6697498,-20.0517567]}
{"name":"Espérance","display_name":"Espérance, Espérance VCA, Moka, 80205, Mauritius / Maurice","address":{"village":"Espérance","city":"Espérance VCA","state":"Moka","ISO3166-2-lvl4":"MU-MO","postcode":"80205","country":"Mauritius / Maurice","country_code":"mu"},"osm_type":"node","osm_id":1845920424,"type":"village","location":[57.5936955,-20.2270766],"bbox":[57.5736955,-20.2470766,57.6136955,-20.2070766],"border":{"name":"Espérance","display_name":"Espérance, Espérance VCA, Moka, Mauritius / Maurice","address":{"suburb":"Espérance","city":"Espérance VCA","state":"Moka","ISO3166-2-lvl4":"MU-MO","country":"Mauritius / Maurice","country_code":"mu"},"osm_type":"relation","osm_id":13476437,"type":"administrative","location":[57.59481210926488,-20.2280733],"bbox":[57.5868817,-20.2327263,57.5996806,-20.2234095]}}
{"name":"Flic en Flac","other_names":{"alt_name":"Flic-en-Flac"},"display_name":"Flic en Flac, Black River, Mauritius / Maurice","address":{"village":"Flic en Flac","state":"Black River","ISO3166-2-lvl4":"MU-BL","country":"Mauritius / Maurice","country_code":"mu"},"osm_type":"node","osm_id":821712185,"type":"village","location":[57.36914,-20.2789702],"bbox":[57.34914,-20.2989702,57.38914,-20.2589702],"border":{"name":"Flic en Flac","other_names":{"alt_name":"Flic-en-Flac"},"display_name":"Flic en Flac, Black River, Mauritius / Maurice","address":{"village":"Flic en Flac","state":"Black River","ISO3166-2-lvl4":"MU-BL","country":"Mauritius / Maurice","country_code":"mu"},"osm_type":"relation","osm_id":15321995,"type":"administrative","location":[57.36914,-20.2789702],"bbox":[57.3628096,-20.3260923,57.4042226,-20.2611418]}}
{"name":"Fond du Sac","display_name":"Fond du Sac, Pamplemousses, Mauritius / Maurice","address":{"village":"Fond du Sac","state":"Pamplemousses","ISO3166-2-lvl4":"MU-PA","country":"Mauritius / Maurice","country_code":"mu"},"population":5200,"osm_type":"node","osm_id":6090322271,"type":"village","location":[57.5860492,-20.0461712],"bbox":[57.5660492,-20.0661712,57.6060492,-20.0261712],"border":{"name":"Fond du Sac","display_name":"Fond du Sac, Pamplemousses, 20601, Mauritius / Maurice","address":{"village":"Fond du Sac","state":"Pamplemousses","ISO3166-2-lvl4":"MU-PA","postcode":"20601","country":"Mauritius / Maurice","country_code":"mu"},"population":5200,"osm_type":"relation","osm_id":13497497,"type":"administrative","location":[57.5860492,-20.0461712],"bbox":[57.5577526,-20.0643501,57.6129243,-20.0243581]}}
{"name":"Grand Baie","display_name":"Grand Baie, Rodrigues, Mauritius / Maurice","address":{"village":"Grand Baie","island":"Rodrigues","ISO3166-2-lvl3":"MU-RO","country":"Mauritius / Maurice","country_code":"mu"},"osm_type":"node","osm_id":2261656146,"type":"village","location":[63.4491286,-19.6784694],"bbox":[63.4291286,-19.6984694,63.4691286,-19.6584694]}
{"name":"Grand Bel Air","display_name":"Grand Bel Air, Grand Bel Air VCA, Grand Port, 51520, Mauritius / Maurice","address":{"village":"Grand Bel Air","city":"Grand Bel Air VCA","state":"Grand Port","ISO3166-2-lvl4":"MU-GP","postcode":"51520","country":"Mauritius / Maurice","country_code":"mu"},"osm_type":"node","osm_id":10715823053,"type":"village","location":[57.6809212,-20.4090511],"bbox":[57.6609212,-20.4290511,57.7009212,-20.3890511]}
{"name":"Grand Bois","display_name":"Grand Bois, Grand Bois VCA, Savanne, 51108, Mauritius / Maurice","address":{"village":"Grand Bois","city":"Grand Bois VCA","state":"Savanne","ISO3166-2-lvl4":"MU-SA","postcode":"51108","country":"Mauritius / Maurice","country_code":"mu"},"osm_type":"node","osm_id":2638557573,"type":"village","location":[57.5511401,-20.4188774],"bbox":[57.5311401,-20.4388774,57.5711401,-20.3988774]}
{"name":"Grand Gaube","display_name":"Grand Gaube, Grand Gaube VCA, Riviere du Rempart, 30617, Mauritius / Maurice","address":{"village":"Grand Gaube","city":"Grand Gaube VCA","state":"Riviere du Rempart","ISO3166-2-lvl4":"MU-RR","postcode":"30617","country":"Mauritius / Maurice","country_code":"mu"},"osm_type":"node","osm_id":2188727774,"type":"village","location":[57.6683937,-20.0075682],"bbox":[57.6483937,-20.0275682,57.6883937,-19.9875682]}
{"name":"Grand La Fouche Corail","other_names":{"name:ru":"Ля Фоуш"},"display_name":"Grand La Fouche Corail, Rodrigues, Mauritius / Maurice","address":{"village":"Grand La Fouche Corail","island":"Rodrigues","ISO3166-2-lvl3":"MU-RO","country":"Mauritius / Maurice","country_code":"mu"},"osm_type":"node","osm_id":2261636504,"type":"village","location":[63.3820066,-19.7353277],"bbox":[63.3620066,-19.7553277,63.4020066,-19.7153277]}
{"name":"Grand River South-East","other_names":{"name:fr":"Grande Rivière Sud-Est"},"display_name":"Grand River South-East, Grand River South East, Flacq, 42211, Mauritius / Maurice","address":{"village":"Grand River South-East","city":"Grand River South East","state":"Flacq","ISO3166-2-lvl4":"MU-FL","postcode":"42211","country":"Mauritius / Maurice","country_code":"mu"},"population":2100,"osm_type":"node","osm_id":5762924631,"type":"village","location":[57.7851931,-20.2907247],"bbox":[57.7651931,-20.3107247,57.8051931,-20.2707247]}
{"name":"Grand Sable","display_name":"Grand Sable, Grand Sable VCA, Grand Port, 50401, Mauritius / Maurice","address":{"village":"Grand Sable","city":"Grand Sable VCA","state":"Grand Port","ISO3166-2-lvl4":"MU-GP","postcode":"50401","country":"Mauritius / Maurice","country_code":"mu"},"population":2200,"osm_type":"node","osm_id":5762893094,"type":"village","location":[57.7695472,-20.3247212],"bbox":[57.7495472,-20.3447212,57.7895472,-20.3047212]}
{"name":"Grande Case Noyale","display_name":"Grande Case Noyale, La Gaulette VCA, Black River, 91102, Mauritius / Maurice","address":{"village":"Grande Case Noyale","city":"La Gaulette VCA","state":"Black River","ISO3166-2-lvl4":"MU-BL","postcode":"91102","country":"Mauritius / Maurice","country_code":"mu"},"osm_type":"node","osm_id":2306405140,"type":"village","location":[57.3673483,-20.415844],"bbox":[57.3473483,-20.435844,57.3873483,-20.395844]}
{"name":"Grande Montagne","display_name":"Grande Montagne, Rodrigues, Mauritius / Maurice","address":{"village":"Grande Montagne","island":"Rodrigues","ISO3166-2-lvl3":"MU-RO","country":"Mauritius / Maurice","country_code":"mu"},"osm_type":"node","osm_id":9379276081,"type":"village","location":[63.4626816,-19.7051958],"bbox":[63.4426816,-19.7251958,63.4826816,-19.6851958]}
{"name":"Grande Retraite","display_name":"Grande Retraite, Flacq, Mauritius / Maurice","address":{"village":"Grande Retraite","state":"Flacq","ISO3166-2-lvl4":"MU-FL","country":"Mauritius / Maurice","country_code":"mu"},"osm_type":"node","osm_id":1133841980,"type":"village","location":[57.6846732,-20.1687623],"bbox":[57.6646732,-20.1887623,57.7046732,-20.1487623],"border":{"name":"Grande Retraite","display_name":"Grande Retraite, Flacq, Mauritius / Maurice","address":{"village":"Grande Retraite","state":"Flacq","ISO3166-2-lvl4":"MU-FL","country":"Mauritius / Maurice","country_code":"mu"},"osm_type":"relation","osm_id":18440015,"type":"administrative","location":[57.6846732,-20.1687623],"bbox":[57.6771121,-20.1857597,57.7114907,-20.1487874]}}
{"name":"Grande Rivière Noire","display_name":"Grande Rivière Noire, Grande Rivière Noire VCA, Black River, 90603, Mauritius / Maurice","address":{"village":"Grande Rivière Noire","city":"Grande Rivière Noire VCA","state":"Black River","ISO3166-2-lvl4":"MU-BL","postcode":"90603","country":"Mauritius / Maurice","country_code":"mu"},"osm_type":"node","osm_id":2638592707,"type":"village","location":[57.3738005,-20.3619924],"bbox":[57.3538005,-20.3819924,57.3938005,-20.3419924]}
{"name":"Graviers","display_name":"Graviers, Rodrigues, Mauritius / Maurice","address":{"village":"Graviers","island":"Rodrigues","ISO3166-2-lvl3":"MU-RO","country":"Mauritius / Maurice","country_code":"mu"},"osm_type":"node","osm_id":439899521,"type":"village","location":[63.4829631,-19.7265215],"bbox":[63.4629631,-19.7465215,63.5029631,-19.7065215]}
{"name":"Gros Cailloux","other_names":{"name:en":"Gros Cailloux","name:fr":"Gros Cailloux"},"display_name":"Gros Cailloux, Gros Cailloux VCA, Black River, 71609, Mauritius / Maurice","address":{"village":"Gros Cailloux","city":"Gros Cailloux VCA","state":"Black River","ISO3166-2-lvl4":"MU-BL","postcode":"71609","country":"Mauritius / Maurice","country_code":"mu"},"population":4086,"osm_type":"node","osm_id":2638627587,"type":"village","location":[57.4366825,-20.2108255],"bbox":[57.4166825,-20.2308255,57.4566825,-20.1908255]}
{"name":"Island","other_names":{"name:fr":"Ilot"},"display_name":"Island, D’Epinay, Pamplemousses, 21013, Mauritius / Maurice","address":{"village":"Island","state":"Pamplemousses","ISO3166-2-lvl4":"MU-PA","postcode":"21013","country":"Mauritius / Maurice","country_code":"mu"},"osm_type":"node","osm_id":1123093111,"type":"village","location":[57.5791766,-20.130495],"bbox":[57.5591766,-20.150495,57.5991766,-20.110495]}
{"name":"Khoyratty","display_name":"Khoyratty, Calebasses, Pamplemousses, 21813, Mauritius / Maurice","address":{"village":"Khoyratty","state":"Pamplemousses","ISO3166-2-lvl4":"MU-PA","postcode":"21813","country":"Mauritius / Maurice","country_code":"mu"},"osm_type":"node","osm_id":9236229700,"type":"village","location":[57.5530911,-20.1226302],"bbox":[57.5330911,-20.1426302,57.5730911,-20.1026302]}
{"name":"L’Assurance","other_names":{"alt_name":"L'Assurance"},"display_name":"L’Assurance, Dagotière VCA, Moka, 80205, Mauritius / Maurice","address":{"village":"L’Assurance","city":"Dagotière VCA","state":"Moka","ISO3166-2-lvl4":"MU-MO","postcode":"80205","country":"Mauritius / Maurice","country_code":"mu"},"population":1500,"osm_type":"node","osm_id":9280578408,"type":"village","location":[57.5546855,-20.2530227],"bbox":[57.5346855,-20.2730227,57.5746855,-20.2330227],"border":{"name":"L'Assurance","display_name":"L'Assurance, Dagotière VCA, Moka, Mauritius / Maurice","address":{"suburb":"L'Assurance","city":"Dagotière VCA","state":"Moka","ISO3166-2-lvl4":"MU-MO","country":"Mauritius / Maurice","country_code":"mu"},"osm_type":"relation","osm_id":13476444,"type":"administrative","location":[57.55552325,-20.25090255],"bbox":[57.5513818,-20.2544153,57.557496,-20.2470801]}}
{"name":"L’Avenir","other_names":{"alt_name":"L'Avenir"},"display_name":"L’Avenir, L’Avenir VCA, Moka, 81402, Mauritius / Maurice","address":{"village":"L’Avenir","city":"L’Avenir VCA","state":"Moka","ISO3166-2-lvl4":"MU-MO","postcode":"81402","country":"Mauritius / Maurice","country_code":"mu"},"osm_type":"node","osm_id":1835811937,"type":"village","location":[57.5513995,-20.2169951],"bbox":[57.5313995,-20.2369951,57.5713995,-20.1969951]}
{"name":"L’Escalier","other_names":{"alt_name":"L'Escalier"},"display_name":"L’Escalier, L’Escalier VCA, East, Grand Port, 51108, Mauritius / Maurice","address":{"village":"L’Escalier","city":"L’Escalier VCA, East","state":"Grand Port","ISO3166-2-lvl4":"MU-GP","postcode":"51108","country":"Mauritius / Maurice","country_code":"mu"},"osm_type":"node","osm_id":2305583447,"type":"village","location":[57.6193472,-20.4733474],"bbox":[57.5993472,-20.4933474,57.6393472,-20.4533474]}
{"name":"La Ferme","other_names":{"name:ru":"Ля Ферм"},"display_name":"La Ferme, Rodrigues, Mauritius / Maurice","address":{"village":"La Ferme","island":"Rodrigues","ISO3166-2-lvl3":"MU-RO","country":"Mauritius / Maurice","country_code":"mu"},"osm_type":"node","osm_id":2261636503,"type":"village","location":[63.3780376,-19.722084],"bbox":[63.3580376,-19.742084,63.3980376,-19.702084]}
{"name":"La Flora","display_name":"La Flora, La Flora VCA, Savanne, 51802, Mauritius / Maurice","address":{"village":"La Flora","city":"La Flora VCA","state":"Savanne","ISO3166-2-lvl4":"MU-SA","postcode":"51802","country":"Mauritius / Maurice","country_code":"mu"},"osm_type":"node","osm_id":2638562760,"type":"village","location":[57.5589926,-20.4108583],"bbox":[57.5389926,-20.4308583,57.5789926,-20.3908583]}
{"name":"La Gaulette","display_name":"La Gaulette, La Gaulette VCA, Black River, 91102, Mauritius / Maurice","address":{"village":"La Gaulette","city":"La Gaulette VCA","state":"Black River","ISO3166-2-lvl4":"MU-BL","postcode":"91102","country":"Mauritius / Maurice","country_code":"mu"},"osm_type":"node","osm_id":2163818463,"type":"village","location":[57.3599475,-20.4275015],"bbox":[57.3399475,-20.4475015,57.3799475,-20.4075015]}
{"name":"La Marie","display_name":"La Marie, Vacoas-Phoenix, Plaines Wilhems, 73126, Mauritius / Maurice","address":{"village":"La Marie","city":"Vacoas-Phoenix","state":"Plaines Wilhems","ISO3166-2-lvl4":"MU-PW","postcode":"73126","country":"Mauritius / Maurice","country_code":"mu"},"osm_type":"node","osm_id":9280558599,"type":"village","location":[57.4924264,-20.3406546],"bbox":[57.4724264,-20.3606546,57.5124264,-20.3206546]}
{"name":"La Preneuse","display_name":"La Preneuse, Grande Rivière Noire VCA, Black River, 90608, Mauritius / Maurice","address":{"village":"La Preneuse","city":"Grande Rivière Noire VCA","state":"Black River","ISO3166-2-lvl4":"MU-BL","postcode":"90608","country":"Mauritius / Maurice","country_code":"mu"},"osm_type":"node","osm_id":2173201584,"type":"village","location":[57.3655927,-20.3545552],"bbox":[57.3455927,-20.3745552,57.3855927,-20.3345552]}
{"name":"Lalmatie","display_name":"Lalmatie, Lalmatie VCA, East, Flacq, 42601, Mauritius / Maurice","address":{"village":"Lalmatie","city":"Lalmatie VCA, East","state":"Flacq","ISO3166-2-lvl4":"MU-FL","postcode":"42601","country":"Mauritius / Maurice","country_code":"mu"},"osm_type":"node","osm_id":2606430366,"type":"village","location":[57.6671165,-20.190989],"bbox":[57.6471165,-20.210989,57.6871165,-20.170989]}
{"name":"Laventure","other_names":{"alt_name":"L'Aventure;L’Aventure"},"display_name":"Laventure, Laventure VCA, Flacq, 42601, Mauritius / Maurice","address":{"village":"Laventure","city":"Laventure VCA","state":"Flacq","ISO3166-2-lvl4":"MU-FL","postcode":"42601","country":"Mauritius / Maurice","country_code":"mu"},"osm_type":"node","osm_id":1133845204,"type":"village","location":[57.6867219,-20.1476124],"bbox":[57.6667219,-20.1676124,57.7067219,-20.1276124],"border":{"name":"Laventure VCA","other_names":{"alt_name":"L’Aventure"},"display_name":"Laventure VCA, Flacq, Mauritius / Maurice","address":{"city":"Laventure VCA","state":"Flacq","ISO3166-2-lvl4":"MU-FL","country":"Mauritius / Maurice","country_code":"mu"},"osm_type":"relation","osm_id":18434864,"type":"administrative","location":[57.69101328560105,-20.1469867],"bbox":[57.6694872,-20.1638922,57.7134095,-20.1319111]}}
{"name":"Le Hochet","display_name":"Le Hochet, Le Hochet VCA, Pamplemousses, 21813, Mauritius / Maurice","address":{"village":"Le Hochet","city":"Le Hochet VCA","state":"Pamplemousses","ISO3166-2-lvl4":"MU-PA","postcode":"21813","country":"Mauritius / Maurice","country_code":"mu"},"osm_type":"node","osm_id":12462602209,"type":"village","location":[57.528646,-20.1329134],"bbox":[57.508646,-20.1529134,57.548646,-20.1129134]}
{"name":"Le Morne","other_names":{"name:fr":"Le Morne"},"display_name":"Le Morne, Le Morne VCA, Black River, 91202, Mauritius / Maurice","address":{"village":"Le Morne","city":"Le Morne VCA","state":"Black River","ISO3166-2-lvl4":"MU-BL","postcode":"91202","country":"Mauritius / Maurice","country_code":"mu"},"osm_type":"node","osm_id":2188770291,"type":"village","location":[57.3451065,-20.4684533],"bbox":[57.3251065,-20.4884533,57.3651065,-20.4484533]}
{"name":"Le Morne","display_name":"Le Morne, Le Morne VCA, Black River, Mauritius / Maurice","address":{"village":"Le Morne","city":"Le Morne VCA","state":"Black River","ISO3166-2-lvl4":"MU-BL","country":"Mauritius / Maurice","country_code":"mu"},"osm_type":"way","osm_id":1118787841,"type":"village","location":[57.32562854950372,-20.4442407],"bbox":[57.3216956,-20.4461287,57.3295663,-20.443236]}
{"name":"Long Mountain","display_name":"Long Mountain, Pamplemousses, Mauritius / Maurice","address":{"village":"Long Mountain","state":"Pamplemousses","ISO3166-2-lvl4":"MU-PA","country":"Mauritius / Maurice","country_code":"mu"},"osm_type":"node","osm_id":1123092807,"type":"village","location":[57.5722893,-20.1510278],"bbox":[57.5522893,-20.1710278,57.5922893,-20.1310278],"border":{"name":"Long Mountain","display_name":"Long Mountain, Pamplemousses, Mauritius / Maurice","address":{"village":"Long Mountain","state":"Pamplemousses","ISO3166-2-lvl4":"MU-PA","country":"Mauritius / Maurice","country_code":"mu"},"osm_type":"relation","osm_id":18486356,"type":"administrative","location":[57.5722893,-20.1510278],"bbox":[57.5498878,-20.1818367,57.5990711,-20.1248417]}}
{"name":"Mangue","display_name":"Mangue, Rodrigues, Mauritius / Maurice","address":{"village":"Mangue","island":"Rodrigues","ISO3166-2-lvl3":"MU-RO","country":"Mauritius / Maurice","country_code":"mu"},"osm_type":"node","osm_id":9379276079,"type":"village","location":[63.3968406,-19.7187384],"bbox":[63.3768406,-19.7387384,63.4168406,-19.6987384]}
{"name":"Mapou","display_name":"Mapou, Riviere du Rempart, Mauritius / Maurice","address":{"village":"Mapou","state":"Riviere du Rempart","ISO3166-2-lvl4":"MU-RR","country":"Mauritius / Maurice","country_code":"mu"},"population":1600,"osm_type":"node","osm_id":9280578409,"type":"village","location":[57.608614,-20.0788701],"bbox":[57.588614,-20.0988701,57.628614,-20.0588701],"border":{"name":"Mapou","display_name":"Mapou, Riviere du Rempart, 31803, Mauritius / Maurice","address":{"village":"Mapou","state":"Riviere du Rempart","ISO3166-2-lvl4":"MU-RR","postcode":"31803","country":"Mauritius / Maurice","country_code":"mu"},"population":1600,"osm_type":"relation","osm_id":13476450,"type":"administrative","location":[57.608614,-20.0788701],"bbox":[57.5835084,-20.1082695,57.6293354,-20.0527465]}}
{"name":"Mare d’Albert","other_names":{"alt_name":"Mare d'Albert"},"display_name":"Mare d’Albert, Mare d’Albert VCA, Grand Port, 51516, Mauritius / Maurice","address":{"village":"Mare d’Albert","city":"Mare d’Albert VCA","state":"Grand Port","ISO3166-2-lvl4":"MU-GP","postcode":"51516","country":"Mauritius / Maurice","country_code":"mu"},"osm_type":"node","osm_id":9280578407,"type":"village","location":[57.6318553,-20.423441],"bbox":[57.6118553,-20.443441,57.6518553,-20.403441]}
{"name":"Mare La Chaux","display_name":"Mare La Chaux, Flacq, Mauritius / Maurice","address":{"village":"Mare La Chaux","state":"Flacq","ISO3166-2-lvl4":"MU-FL","country":"Mauritius / Maurice","country_code":"mu"},"population":1900,"osm_type":"node","osm_id":1846015242,"type":"village","location":[57.7557466,-20.2021511],"bbox":[57.7357466,-20.2221511,57.7757466,-20.1821511],"border":{"name":"Mare La Chaux","display_name":"Mare La Chaux, Flacq, Mauritius / Maurice","address":{"village":"Mare La Chaux","state":"Flacq","ISO3166-2-lvl4":"MU-FL","country":"Mauritius / Maurice","country_code":"mu"},"population":1900,"osm_type":"relation","osm_id":13497500,"type":"administrative","location":[57.7557466,-20.2021511],"bbox":[57.747761,-20.2097879,57.7660461,-20.1944164]}}
{"name":"Mare Tabac","display_name":"Mare Tabac, Mare Tabac VCA, Grand Port, 51108, Mauritius / Maurice","address":{"village":"Mare Tabac","city":"Mare Tabac VCA","state":"Grand Port","ISO3166-2-lvl4":"MU-GP","postcode":"51108","country":"Mauritius / Maurice","country_code":"mu"},"population":2700,"osm_type":"node","osm_id":10608558985,"type":"village","location":[57.5945959,-20.4428512],"bbox":[57.5745959,-20.4628512,57.6145959,-20.4228512]}
{"name":"Médine Camp de Masque","other_names":{"name:en":"Medine Camp De Masque","name:fr":"Médine-Camp-de-Masque","alt_name":"Médine (Camp de Masque)","short_name":"Médine","alt_name:en":"Medine (Camp De Masque)","alt_name:fr":"Médine (Camp-de-Masque)","short_name:en":"Medine","short_name:fr":"Médine"},"display_name":"Médine Camp de Masque, Médine Camp de Masque VCA, East, Flacq, 71501, Mauritius / Maurice","address":{"village":"Médine Camp de Masque","city":"Médine Camp de Masque VCA, East","state":"Flacq","ISO3166-2-lvl4":"MU-FL","postcode":"71501","country":"Mauritius / Maurice","country_code":"mu"},"osm_type":"node","osm_id":2606366863,"type":"village","location":[57.6485127,-20.2446961],"bbox":[57.6285127,-20.2646961,57.6685127,-20.2246961]}
{"name":"Melrose","display_name":"Melrose, Melrose VCA, Moka, 71501, Mauritius / Maurice","address":{"village":"Melrose","city":"Melrose VCA","state":"Moka","ISO3166-2-lvl4":"MU-MO","postcode":"71501","country":"Mauritius / Maurice","country_code":"mu"},"osm_type":"node","osm_id":10584382561,"type":"village","location":[57.6386702,-20.2725102],"bbox":[57.6186702,-20.2925102,57.6586702,-20.2525102]}
{"name":"Midlands","display_name":"Midlands, Plaines Wilhems, Mauritius / Maurice","address":{"village":"Midlands","state":"Plaines Wilhems","ISO3166-2-lvl4":"MU-PW","country":"Mauritius / Maurice","country_code":"mu"},"osm_type":"node","osm_id":10570679249,"type":"village","location":[57.5693343,-20.3399426],"bbox":[57.5493343,-20.3599426,57.5893343,-20.3199426],"border":{"name":"Midlands","display_name":"Midlands, Plaines Wilhems, Mauritius / Maurice","address":{"village":"Midlands","state":"Plaines Wilhems","ISO3166-2-lvl4":"MU-PW","country":"Mauritius / Maurice","country_code":"mu"},"osm_type":"relation","osm_id":15342014,"type":"administrative","location":[57.5693343,-20.3399426],"bbox":[57.5467354,-20.3557379,57.6018825,-20.3197675]}}
{"name":"Mont Lubin","display_name":"Mont Lubin, Rodrigues, Mauritius / Maurice","address":{"village":"Mont Lubin","island":"Rodrigues","ISO3166-2-lvl3":"MU-RO","country":"Mauritius / Maurice","country_code":"mu"},"population":1200,"osm_type":"node","osm_id":439859186,"type":"village","location":[63.4419009,-19.7054909],"bbox":[63.4219009,-19.7254909,63.4619009,-19.6854909]}
{"name":"Montagne Blanche","display_name":"Montagne Blanche, Montagne Blanche VCA, West, Moka, 80902, Mauritius / Maurice","address":{"village":"Montagne Blanche","city":"Montagne Blanche VCA, West","state":"Moka","ISO3166-2-lvl4":"MU-MO","postcode":"80902","country":"Mauritius / Maurice","country_code":"mu"},"osm_type":"node","osm_id":1846508109,"type":"village","location":[57.6614154,-20.2863031],"bbox":[57.6414154,-20.3063031,57.6814154,-20.2663031]}
{"name":"Morcellement Choisy","display_name":"Morcellement Choisy, Grand Baie VCA, West, Pamplemousses, 30525, Mauritius / Maurice","address":{"village":"Morcellement Choisy","city":"Grand Baie VCA, West","state":"Pamplemousses","ISO3166-2-lvl4":"MU-PA","postcode":"30525","country":"Mauritius / Maurice","country_code":"mu"},"osm_type":"node","osm_id":12459254069,"type":"village","location":[57.5590597,-20.0271696],"bbox":[57.5390597,-20.0471696,57.5790597,-20.0071696]}
{"name":"Morcellement Saint-André","other_names":{"alt_name":"Morcellement St-André","short_name":"Morc. St. André"},"display_name":"Morcellement Saint-André, Pamplemousses, Mauritius / Maurice","address":{"village":"Morcellement Saint-André","state":"Pamplemousses","ISO3166-2-lvl4":"MU-PA","country":"Mauritius / Maurice","country_code":"mu"},"population":5750,"osm_type":"node","osm_id":2613142211,"type":"village","location":[57.5636896,-20.0777646],"bbox":[57.5436896,-20.0977646,57.5836896,-20.0577646],"border":{"name":"Morcellement Saint-André","other_names":{"alt_name":"Morcellement St-André","short_name":"Morc. St. André"},"display_name":"Morcellement Saint-André, Pamplemousses, Mauritius / Maurice","address":{"village":"Morcellement Saint-André","state":"Pamplemousses","ISO3166-2-lvl4":"MU-PA","country":"Mauritius / Maurice","country_code":"mu"},"population":5750,"osm_type":"relation","osm_id":18486638,"type":"administrative","location":[57.5636896,-20.0777646],"bbox":[57.5527849,-20.0970611,57.5771578,-20.0461101]}}
{"name":"New Grove","display_name":"New Grove, New Grove VCA, Grand Port, 51802, Mauritius / Maurice","address":{"village":"New Grove","city":"New Grove VCA","state":"Grand Port","ISO3166-2-lvl4":"MU-GP","postcode":"51802","country":"Mauritius / Maurice","country_code":"mu"},"population":11000,"osm_type":"node","osm_id":10690283240,"type":"village","location":[57.6185264,-20.412331],"bbox":[57.5985264,-20.432331,57.6385264,-20.392331]}
{"name":"Notre Dame","display_name":"Notre Dame, Pamplemousses, Mauritius / Maurice","address":{"village":"Notre Dame","state":"Pamplemousses","ISO3166-2-lvl4":"MU-PA","country":"Mauritius / Maurice","country_code":"mu"},"osm_type":"node","osm_id":1123092461,"type":"village","location":[57.558706,-20.1442245],"bbox":[57.538706,-20.1642245,57.578706,-20.1242245],"border":{"name":"Notre Dame","display_name":"Notre Dame, Pamplemousses, Mauritius / Maurice","address":{"village":"Notre Dame","state":"Pamplemousses","ISO3166-2-lvl4":"MU-PA","country":"Mauritius / Maurice","country_code":"mu"},"osm_type":"relation","osm_id":18481449,"type":"administrative","location":[57.558706,-20.1442245],"bbox":[57.5427454,-20.162631,57.5689539,-20.1249839]}}
{"name":"Nouvelle Découverte","display_name":"Nouvelle Découverte, Nouvelle Découverte VCA, Moka, Mauritius / Maurice","address":{"village":"Nouvelle Découverte","city":"Nouvelle Découverte VCA","state":"Moka","ISO3166-2-lvl4":"MU-MO","country":"Mauritius / Maurice","country_code":"mu"},"osm_type":"node","osm_id":1845919166,"type":"village","location":[57.5893579,-20.1878735],"bbox":[57.5693579,-20.2078735,57.6093579,-20.1678735]}
{"name":"Nouvelle Decouverte","display_name":"Nouvelle Decouverte, Rodrigues, Mauritius / Maurice","address":{"village":"Nouvelle Decouverte","island":"Rodrigues","ISO3166-2-lvl3":"MU-RO","country":"Mauritius / Maurice","country_code":"mu"},"osm_type":"node","osm_id":9004360550,"type":"village","location":[63.467509,-19.7101332],"bbox":[63.447509,-19.7301332,63.487509,-19.6901332]}
{"name":"Nouvelle France","other_names":{"name:en":"Nouvelle France","name:fr":"Nouvelle-France","alt_name":"Nouvelle-France"},"display_name":"Nouvelle France, Nouvelle France VCA, Grand Port, 51802, Mauritius / Maurice","address":{"village":"Nouvelle France","city":"Nouvelle France VCA","state":"Grand Port","ISO3166-2-lvl4":"MU-GP","postcode":"51802","country":"Mauritius / Maurice","country_code":"mu"},"osm_type":"node","osm_id":6218880623,"type":"village","location":[57.5681814,-20.3746336],"bbox":[57.5481814,-20.3946336,57.5881814,-20.3546336]}
{"name":"Old Grand Port","other_names":{"name:fr":"Vieux Grand Port"},"display_name":"Old Grand Port, Old Grand Port VCA, Grand Port, 51406, Mauritius / Maurice","address":{"village":"Old Grand Port","city":"Old Grand Port VCA","state":"Grand Port","ISO3166-2-lvl4":"MU-GP","postcode":"51406","country":"Mauritius / Maurice","country_code":"mu"},"osm_type":"node","osm_id":5973854015,"type":"village","location":[57.7182412,-20.3746392],"bbox":[57.6982412,-20.3946392,57.7382412,-20.3546392]}
{"name":"Olivia","display_name":"Olivia, Olivia VCA, Flacq, 40101, Mauritius / Maurice","address":{"village":"Olivia","city":"Olivia VCA","state":"Flacq","ISO3166-2-lvl4":"MU-FL","postcode":"40101","country":"Mauritius / Maurice","country_code":"mu"},"population":3600,"osm_type":"node","osm_id":2623315827,"type":"village","location":[57.7315658,-20.2997386],"bbox":[57.7115658,-20.3197386,57.7515658,-20.2797386]}
{"name":"Palissade","display_name":"Palissade, Rodrigues, Mauritius / Maurice","address":{"village":"Palissade","island":"Rodrigues","ISO3166-2-lvl3":"MU-RO","country":"Mauritius / Maurice","country_code":"mu"},"osm_type":"node","osm_id":4312819514,"type":"village","location":[63.4522223,-19.7119905],"bbox":[63.4322223,-19.7319905,63.4722223,-19.6919905]}
{"name":"Pamplemousses","display_name":"Pamplemousses, Mauritius / Maurice","address":{"village":"Pamplemousses","state":"Pamplemousses","ISO3166-2-lvl4":"MU-PA","country":"Mauritius / Maurice","country_code":"mu"},"population":9300,"osm_type":"node","osm_id":1782525126,"type":"village","location":[57.5738112,-20.1109492],"bbox":[57.5538112,-20.1309492,57.5938112,-20.0909492],"border":{"name":"Pamplemousses","display_name":"Pamplemousses, 21013, Mauritius / Maurice","address":{"village":"Pamplemousses","state":"Pamplemousses","ISO3166-2-lvl4":"MU-PA","postcode":"21013","country":"Mauritius / Maurice","country_code":"mu"},"population":9300,"osm_type":"relation","osm_id":18486565,"type":"administrative","location":[57.5738112,-20.1109492],"bbox":[57.5529314,-20.1295415,57.6059656,-20.0758698]}}
{"name":"Petit Bel Air","display_name":"Petit Bel Air, Petit Bel Air VCA, Grand Port, 50810, Mauritius / Maurice","address":{"village":"Petit Bel Air","city":"Petit Bel Air VCA","state":"Grand Port","ISO3166-2-lvl4":"MU-GP","postcode":"50810","country":"Mauritius / Maurice","country_code":"mu"},"osm_type":"node","osm_id":10685227411,"type":"village","location":[57.6956938,-20.4004863],"bbox":[57.6756938,-20.4204863,57.7156938,-20.3804863]}
{"name":"Petit Gabriel","display_name":"Petit Gabriel, Rodrigues, Mauritius / Maurice","address":{"village":"Petit Gabriel","island":"Rodrigues","ISO3166-2-lvl3":"MU-RO","country":"Mauritius / Maurice","country_code":"mu"},"osm_type":"node","osm_id":2261636505,"type":"village","location":[63.4279377,-19.7165055],"bbox":[63.4079377,-19.7365055,63.4479377,-19.6965055]}
{"name":"Petit Raffray","display_name":"Petit Raffray, Petit Raffray VCA, Riviere du Rempart, 42602, Mauritius / Maurice","address":{"village":"Petit Raffray","city":"Petit Raffray VCA","state":"Riviere du Rempart","ISO3166-2-lvl4":"MU-RR","postcode":"42602","country":"Mauritius / Maurice","country_code":"mu"},"osm_type":"node","osm_id":2188731366,"type":"village","location":[57.6261351,-20.0194661],"bbox":[57.6061351,-20.0394661,57.6461351,-19.9994661]}
{"name":"Petite Case Noyale","display_name":"Petite Case Noyale, Case Noyale VCA, Black River, 91102, Mauritius / Maurice","address":{"village":"Petite Case Noyale","city":"Case Noyale VCA","state":"Black River","ISO3166-2-lvl4":"MU-BL","postcode":"91102","country":"Mauritius / Maurice","country_code":"mu"},"osm_type":"node","osm_id":10568265871,"type":"village","location":[57.3693556,-20.4037105],"bbox":[57.3493556,-20.4237105,57.3893556,-20.3837105]}
{"name":"Petite Julie","display_name":"Petite Julie, Villebague VCA, West, Pamplemousses, 21013, Mauritius / Maurice","address":{"village":"Petite Julie","city":"Villebague VCA, West","state":"Pamplemousses","ISO3166-2-lvl4":"MU-PA","postcode":"21013","country":"Mauritius / Maurice","country_code":"mu"},"osm_type":"node","osm_id":1123092218,"type":"village","location":[57.6245961,-20.1412712],"bbox":[57.6045961,-20.1612712,57.6445961,-20.1212712]}
{"name":"Petite Rivière","display_name":"Petite Rivière, Petite Rivière VCA, Black River, 11121, Mauritius / Maurice","address":{"village":"Petite Rivière","city":"Petite Rivière VCA","state":"Black River","ISO3166-2-lvl4":"MU-BL","postcode":"11121","country":"Mauritius / Maurice","country_code":"mu"},"population":4818,"osm_type":"node","osm_id":2166838183,"type":"village","location":[57.4464279,-20.1950441],"bbox":[57.4264279,-20.2150441,57.4664279,-20.1750441]}
{"name":"Piton","other_names":{"alt_name":"Piton village","int_name":"Piton, Mauritius"},"display_name":"Piton, Piton VCA, East, Riviere du Rempart, 31803, Mauritius / Maurice","address":{"village":"Piton","city":"Piton VCA, East","state":"Riviere du Rempart","ISO3166-2-lvl4":"MU-RR","postcode":"31803","country":"Mauritius / Maurice","country_code":"mu"},"osm_type":"node","osm_id":1782460427,"type":"village","location":[57.6349749,-20.0958533],"bbox":[57.6149749,-20.1158533,57.6549749,-20.0758533]}
{"name":"Plaine des Papayes","other_names":{"name:en":"Plaine des Papayes","name:fr":"Plaine des Papayes","alt_name":"Plaine-des-Papayes"},"display_name":"Plaine des Papayes, Pamplemousses, Mauritius / Maurice","address":{"village":"Plaine des Papayes","state":"Pamplemousses","ISO3166-2-lvl4":"MU-PA","country":"Mauritius / Maurice","country_code":"mu"},"population":7600,"osm_type":"node","osm_id":2613134524,"type":"village","location":[57.5809297,-20.0632959],"bbox":[57.5609297,-20.0832959,57.6009297,-20.0432959],"border":{"name":"Plaine des Papayes","other_names":{"name:en":"Plaine des Papayes","name:fr":"Plaine des Papayes","alt_name":"Plaine-des-Papayes"},"display_name":"Plaine des Papayes, Pamplemousses, Mauritius / Maurice","address":{"village":"Plaine des Papayes","state":"Pamplemousses","ISO3166-2-lvl4":"MU-PA","country":"Mauritius / Maurice","country_code":"mu"},"population":7600,"osm_type":"relation","osm_id":13497498,"type":"administrative","location":[57.5809297,-20.0632959],"bbox":[57.5727497,-20.0810996,57.61345,-20.0527465]}}
{"name":"Plaine Magnien","display_name":"Plaine Magnien, Plaine Magnien VCA, Grand Port, 51516, Mauritius / Maurice","address":{"village":"Plaine Magnien","city":"Plaine Magnien VCA","state":"Grand Port","ISO3166-2-lvl4":"MU-GP","postcode":"51516","country":"Mauritius / Maurice","country_code":"mu"},"osm_type":"node","osm_id":247167829,"type":"village","location":[57.6611506,-20.4319913],"bbox":[57.6411506,-20.4519913,57.6811506,-20.4119913]}
{"name":"Plaines des Roches","other_names":{"name:en":"Plaines des Roches","name:fr":"Plaines des Roches"},"display_name":"Plaines des Roches, Plaines des Roches VCA, North, Riviere du Rempart, 31201, Mauritius / Maurice","address":{"village":"Plaines des Roches","city":"Plaines des Roches VCA, North","state":"Riviere du Rempart","ISO3166-2-lvl4":"MU-RR","postcode":"31201","country":"Mauritius / Maurice","country_code":"mu"},"population":4000,"osm_type":"node","osm_id":9280578404,"type":"village","location":[57.6983285,-20.1177641],"bbox":[57.6783285,-20.1377641,57.7183285,-20.0977641]}
{"name":"Pointe aux Sables","other_names":{"name:en":"Pointe aux Sables","name:fr":"Pointe-aux-Sables"},"display_name":"Pointe aux Sables, Black River, 11121, Mauritius / Maurice","address":{"village":"Pointe aux Sables","state":"Black River","ISO3166-2-lvl4":"MU-BL","postcode":"11121","country":"Mauritius / Maurice","country_code":"mu"},"osm_type":"node","osm_id":2166839082,"type":"village","location":[57.4456179,-20.172445],"bbox":[57.4256179,-20.192445,57.4656179,-20.152445]}
{"name":"Pointe Coton","display_name":"Pointe Coton, Rodrigues, Mauritius / Maurice","address":{"village":"Pointe Coton","island":"Rodrigues","ISO3166-2-lvl3":"MU-RO","country":"Mauritius / Maurice","country_code":"mu"},"osm_type":"node","osm_id":9961217470,"type":"village","location":[63.4951286,-19.6849565],"bbox":[63.4751286,-19.7049565,63.5151286,-19.6649565]}
{"name":"Pont Blanc","display_name":"Pont Blanc, Poste de Flacq VCA, Flacq, 40606, Mauritius / Maurice","address":{"village":"Pont Blanc","city":"Poste de Flacq VCA","state":"Flacq","ISO3166-2-lvl4":"MU-FL","postcode":"40606","country":"Mauritius / Maurice","country_code":"mu"},"osm_type":"node","osm_id":2788511523,"type":"village","location":[57.7127245,-20.1704802],"bbox":[57.6927245,-20.1904802,57.7327245,-20.1504802]}
{"name":"Pont Colville","display_name":"Pont Colville, Nouvelle France VCA, Grand Port, 51802, Mauritius / Maurice","address":{"village":"Pont Colville","city":"Nouvelle France VCA","state":"Grand Port","ISO3166-2-lvl4":"MU-GP","postcode":"51802","country":"Mauritius / Maurice","country_code":"mu"},"osm_type":"node","osm_id":10610670227,"type":"village","location":[57.5657725,-20.3856732],"bbox":[57.5457725,-20.4056732,57.5857725,-20.3656732]}
{"name":"Port Sud Est","other_names":{"alt_name":"Port South East"},"display_name":"Port Sud Est, Rodrigues, Mauritius / Maurice","address":{"village":"Port Sud Est","island":"Rodrigues","ISO3166-2-lvl3":"MU-RO","country":"Mauritius / Maurice","country_code":"mu"},"osm_type":"node","osm_id":305259532,"type":"village","location":[63.4540717,-19.7396379],"bbox":[63.4340717,-19.7596379,63.4740717,-19.7196379]}
{"name":"Poste de Flacq","display_name":"Poste de Flacq, Poste de Flacq VCA, Flacq, 41511, Mauritius / Maurice","address":{"village":"Poste de Flacq","city":"Poste de Flacq VCA","state":"Flacq","ISO3166-2-lvl4":"MU-FL","postcode":"41511","country":"Mauritius / Maurice","country_code":"mu"},"population":8450,"osm_type":"node","osm_id":2191991828,"type":"village","location":[57.7361541,-20.1658729],"bbox":[57.7161541,-20.1858729,57.7561541,-20.1458729]}
{"name":"Poudre d’Or Hamlet","other_names":{"name:en":"Poudre D’Or Hamlet","name:fr":"Poudre-d’Or-Hamlet","alt_name":"Poudre d'Or Hamlet","alt_name:fr":"Poudrde-d'Or-Hamlet"},"display_name":"Poudre d’Or Hamlet, Riviere du Rempart, Mauritius / Maurice","address":{"village":"Poudre d’Or Hamlet","state":"Riviere du Rempart","ISO3166-2-lvl4":"MU-RR","country":"Mauritius / Maurice","country_code":"mu"},"osm_type":"node","osm_id":6073778928,"type":"village","location":[57.6565383,-20.0788828],"bbox":[57.6365383,-20.0988828,57.6765383,-20.0588828],"border":{"name":"Poudre d’Or Hamlet","other_names":{"name:en":"Poudre D’Or Hamlet","name:fr":"Poudre-d’Or-Hamlet","alt_name":"Poudre d'Or Hamlet","alt_name:fr":"Poudrde-d'Or-Hamlet"},"display_name":"Poudre d’Or Hamlet, Riviere du Rempart, Mauritius / Maurice","address":{"village":"Poudre d’Or Hamlet","state":"Riviere du Rempart","ISO3166-2-lvl4":"MU-RR","country":"Mauritius / Maurice","country_code":"mu"},"osm_type":"relation","osm_id":18473852,"type":"administrative","location":[57.6565383,-20.0788828],"bbox":[57.6410599,-20.0937559,57.672236,-20.0686706]}}
{"name":"Poudre d'Or","display_name":"Poudre d'Or, Poudre d’Or, Riviere du Rempart, 30420, Mauritius / Maurice","address":{"village":"Poudre d'Or","city":"Poudre d’Or","state":"Riviere du Rempart","ISO3166-2-lvl4":"MU-RR","postcode":"30420","country":"Mauritius / Maurice","country_code":"mu"},"osm_type":"node","osm_id":2188731987,"type":"village","location":[57.6838133,-20.0617988],"bbox":[57.6638133,-20.0817988,57.7038133,-20.0417988],"border":{"name":"Poudre d’Or","other_names":{"alt_name":"Poudre d'Or"},"display_name":"Poudre d’Or, Riviere du Rempart, Mauritius / Maurice","address":{"city":"Poudre d’Or","state":"Riviere du Rempart","ISO3166-2-lvl4":"MU-RR","country":"Mauritius / Maurice","country_code":"mu"},"osm_type":"relation","osm_id":18459541,"type":"administrative","location":[57.672994886018586,-20.0632989],"bbox":[57.6570199,-20.0823422,57.6949811,-20.0443661]}}
{"name":"Providence","display_name":"Providence, Providence VCA, Moka, 71501, Mauritius / Maurice","address":{"village":"Providence","city":"Providence VCA","state":"Moka","ISO3166-2-lvl4":"MU-MO","postcode":"71501","country":"Mauritius / Maurice","country_code":"mu"},"population":3300,"osm_type":"node","osm_id":5808433503,"type":"village","location":[57.6134304,-20.2487952],"bbox":[57.5934304,-20.2687952,57.6334304,-20.2287952],"border":{"name":"Providence","display_name":"Providence, Providence VCA, Moka, Mauritius / Maurice","address":{"suburb":"Providence","city":"Providence VCA","state":"Moka","ISO3166-2-lvl4":"MU-MO","country":"Mauritius / Maurice","country_code":"mu"},"osm_type":"relation","osm_id":13476439,"type":"administrative","location":[57.613674160024416,-20.24980255],"bbox":[57.6052322,-20.255207,57.6223165,-20.2444132]}}
{"name":"Quartier Militaire","other_names":{"name:en":"Quartier Militaire","name:fr":"Quartier Militaire","alt_name":"Quartier-Militaire"},"display_name":"Quartier Militaire, Quartier Militaire VCA, Moka, 80205, Mauritius / Maurice","address":{"village":"Quartier Militaire","city":"Quartier Militaire VCA","state":"Moka","ISO3166-2-lvl4":"MU-MO","postcode":"80205","country":"Mauritius / Maurice","country_code":"mu"},"population":7000,"osm_type":"node","osm_id":828423018,"type":"village","location":[57.5971562,-20.2464775],"bbox":[57.5771562,-20.2664775,57.6171562,-20.2264775],"border":{"name":"Quartier Militaire","display_name":"Quartier Militaire, Quartier Militaire VCA, Moka, Mauritius / Maurice","address":{"suburb":"Quartier Militaire","city":"Quartier Militaire VCA","state":"Moka","ISO3166-2-lvl4":"MU-MO","country":"Mauritius / Maurice","country_code":"mu"},"osm_type":"relation","osm_id":13476466,"type":"administrative","location":[57.59257605944331,-20.2493349],"bbox":[57.5888583,-20.2555211,57.601992,-20.2429148]}}
{"name":"Quatre Cocos","display_name":"Quatre Cocos, Quatre Cocos VCA, Flacq, 41605, Mauritius / Maurice","address":{"village":"Quatre Cocos","city":"Quatre Cocos VCA","state":"Flacq","ISO3166-2-lvl4":"MU-FL","postcode":"41605","country":"Mauritius / Maurice","country_code":"mu"},"population":5900,"osm_type":"node","osm_id":2999874942,"type":"village","location":[57.7705601,-20.2094657],"bbox":[57.7505601,-20.2294657,57.7905601,-20.1894657],"border":{"name":"Quatre Cocos","display_name":"Quatre Cocos, Quatre Cocos VCA, Flacq, 41605, Mauritius / Maurice","address":{"suburb":"Quatre Cocos","city":"Quatre Cocos VCA","state":"Flacq","ISO3166-2-lvl4":"MU-FL","postcode":"41605","country":"Mauritius / Maurice","country_code":"mu"},"osm_type":"relation","osm_id":13476447,"type":"administrative","location":[57.76979470536236,-20.211236999999997],"bbox":[57.7641556,-20.2179104,57.7747597,-20.2045702]}}
{"name":"Quatre Soeurs","other_names":{"name:fr":"Quatre Sœurs"},"display_name":"Quatre Soeurs, Quatre Soeurs VCA, Grand Port, 40101, Mauritius / Maurice","address":{"village":"Quatre Soeurs","city":"Quatre Soeurs VCA","state":"Grand Port","ISO3166-2-lvl4":"MU-GP","postcode":"40101","country":"Mauritius / Maurice","country_code":"mu"},"population":3300,"osm_type":"node","osm_id":5737237091,"type":"village","location":[57.7736624,-20.2995874],"bbox":[57.7536624,-20.3195874,57.7936624,-20.2795874]}
{"name":"Quatre Vents","display_name":"Quatre Vents, Rodrigues, Mauritius / Maurice","address":{"village":"Quatre Vents","island":"Rodrigues","ISO3166-2-lvl3":"MU-RO","country":"Mauritius / Maurice","country_code":"mu"},"osm_type":"node","osm_id":9379276080,"type":"village","location":[63.4086263,-19.7201888],"bbox":[63.3886263,-19.7401888,63.4286263,-19.7001888]}
{"name":"Queen Victoria","display_name":"Queen Victoria, Queen Victoria VCA, Flacq, 40606, Mauritius / Maurice","address":{"village":"Queen Victoria","city":"Queen Victoria VCA","state":"Flacq","ISO3166-2-lvl4":"MU-FL","postcode":"40606","country":"Mauritius / Maurice","country_code":"mu"},"osm_type":"node","osm_id":1845967776,"type":"village","location":[57.7131773,-20.2223949],"bbox":[57.6931773,-20.2423949,57.7331773,-20.2023949]}
{"name":"Riche en Eau","display_name":"Riche en Eau, St. Hubert VCA, Grand Port, 51516, Mauritius / Maurice","address":{"village":"Riche en Eau","city":"St. Hubert VCA","state":"Grand Port","ISO3166-2-lvl4":"MU-GP","postcode":"51516","country":"Mauritius / Maurice","country_code":"mu"},"osm_type":"node","osm_id":10657852851,"type":"village","location":[57.6594579,-20.3867908],"bbox":[57.6394579,-20.4067908,57.6794579,-20.3667908]}
{"name":"Richelieu","other_names":{"alt_name":"Cité Richelieu"},"display_name":"Richelieu, Richelieu VCA, West, Black River, 71608, Mauritius / Maurice","address":{"village":"Richelieu","city":"Richelieu VCA, West","state":"Black River","ISO3166-2-lvl4":"MU-BL","postcode":"71608","country":"Mauritius / Maurice","country_code":"mu"},"population":8880,"osm_type":"node","osm_id":9280540377,"type":"village","location":[57.459341,-20.1914952],"bbox":[57.439341,-20.2114952,57.479341,-20.1714952],"border":{"name":"Richelieu VCA, West","other_names":{"alt_name:en":"Richelieu"},"display_name":"Richelieu VCA, West, Black River, Mauritius / Maurice","address":{"city":"Richelieu VCA, West","state":"Black River","ISO3166-2-lvl4":"MU-BL","country":"Mauritius / Maurice","country_code":"mu"},"osm_type":"relation","osm_id":15312268,"type":"administrative","location":[57.45749718393388,-20.18913005],"bbox":[57.4382788,-20.2003772,57.4667648,-20.1778202]}}
{"name":"Ripailles","display_name":"Ripailles, Ripailles VCA, Moka, 81402, Mauritius / Maurice","address":{"village":"Ripailles","city":"Ripailles VCA","state":"Moka","ISO3166-2-lvl4":"MU-MO","postcode":"81402","country":"Mauritius / Maurice","country_code":"mu"},"osm_type":"node","osm_id":10581089177,"type":"village","location":[57.5786876,-20.1970086],"bbox":[57.5586876,-20.2170086,57.5986876,-20.1770086]}
{"name":"Rivière Cocos","display_name":"Rivière Cocos, Rodrigues, Mauritius / Maurice","address":{"village":"Rivière Cocos","island":"Rodrigues","ISO3166-2-lvl3":"MU-RO","country":"Mauritius / Maurice","country_code":"mu"},"osm_type":"node","osm_id":2261636512,"type":"village","location":[63.4113562,-19.7413677],"bbox":[63.3913562,-19.7613677,63.4313562,-19.7213677]}
{"name":"Rivière des Anguilles","display_name":"Rivière des Anguilles, Tyack VCA, Savanne, Mauritius / Maurice","address":{"village":"Rivière des Anguilles","city":"Tyack VCA","state":"Savanne","ISO3166-2-lvl4":"MU-SA","country":"Mauritius / Maurice","country_code":"mu"},"osm_type":"node","osm_id":2637914762,"type":"village","location":[57.5585465,-20.490485],"bbox":[57.5385465,-20.510485,57.5785465,-20.470485]}
{"name":"Rivière des Créoles","display_name":"Rivière des Créoles, Rivière des Créoles VCA, Grand Port, 50810, Mauritius / Maurice","address":{"village":"Rivière des Créoles","city":"Rivière des Créoles VCA","state":"Grand Port","ISO3166-2-lvl4":"MU-GP","postcode":"50810","country":"Mauritius / Maurice","country_code":"mu"},"osm_type":"node","osm_id":5967241556,"type":"village","location":[57.6947159,-20.3905319],"bbox":[57.6747159,-20.4105319,57.7147159,-20.3705319]}
{"name":"Rivière des Galets","other_names":{"name:en":"Riviere Des Galets","name:fr":"Rivière des Galets"},"display_name":"Rivière des Galets, Chemin Grenier VCA, Savanne, Mauritius / Maurice","address":{"village":"Rivière des Galets","city":"Chemin Grenier VCA","state":"Savanne","ISO3166-2-lvl4":"MU-SA","country":"Mauritius / Maurice","country_code":"mu"},"osm_type":"node","osm_id":5938167075,"type":"village","location":[57.4565722,-20.5054229],"bbox":[57.4365722,-20.5254229,57.4765722,-20.4854229]}
{"name":"Rivière du Poste","display_name":"Rivière du Poste, Rivière du Poste VCA, East, Grand Port, 51108, Mauritius / Maurice","address":{"village":"Rivière du Poste","city":"Rivière du Poste VCA, East","state":"Grand Port","ISO3166-2-lvl4":"MU-GP","postcode":"51108","country":"Mauritius / Maurice","country_code":"mu"},"population":2200,"osm_type":"node","osm_id":10608558986,"type":"village","location":[57.573058,-20.4268091],"bbox":[57.553058,-20.4468091,57.593058,-20.4068091]}
{"display_name":"Riviere du Rempart, 30504, Mauritius / Maurice","address":{"state":"Riviere du Rempart","ISO3166-2-lvl4":"MU-RR","postcode":"30504","country":"Mauritius / Maurice","country_code":"mu"},"osm_type":"way","osm_id":1119971172,"type":"village","location":[57.60640912916417,-19.98686245],"bbox":[57.5992477,-19.9916455,57.6133313,-19.9821647]}
{"name":"Roche Bon Dieu","display_name":"Roche Bon Dieu, Rodrigues, Mauritius / Maurice","address":{"village":"Roche Bon Dieu","island":"Rodrigues","ISO3166-2-lvl3":"MU-RO","country":"Mauritius / Maurice","country_code":"mu"},"osm_type":"node","osm_id":4312864159,"type":"village","location":[63.476313,-19.6911859],"bbox":[63.456313,-19.7111859,63.496313,-19.6711859]}
{"name":"Roche Terre","display_name":"Roche Terre, Riviere du Rempart, Mauritius / Maurice","address":{"village":"Roche Terre","state":"Riviere du Rempart","ISO3166-2-lvl4":"MU-RR","country":"Mauritius / Maurice","country_code":"mu"},"osm_type":"node","osm_id":2214787290,"type":"village","location":[57.6522719,-20.020207],"bbox":[57.6322719,-20.040207,57.6722719,-20.000207],"border":{"name":"Roche Terre","display_name":"Roche Terre, Riviere du Rempart, Mauritius / Maurice","address":{"village":"Roche Terre","state":"Riviere du Rempart","ISO3166-2-lvl4":"MU-RR","country":"Mauritius / Maurice","country_code":"mu"},"osm_type":"relation","osm_id":18473939,"type":"administrative","location":[57.6522719,-20.020207],"bbox":[57.6421845,-20.0297812,57.6592995,-20.0110355]}}
{"name":"Roches Noires","display_name":"Roches Noires, Roches Noires VCA, North, Riviere du Rempart, 31202, Mauritius / Maurice","address":{"village":"Roches Noires","city":"Roches Noires VCA, North","state":"Riviere du Rempart","ISO3166-2-lvl4":"MU-RR","postcode":"31202","country":"Mauritius / Maurice","country_code":"mu"},"population":5700,"osm_type":"node","osm_id":2214788269,"type":"village","location":[57.7181573,-20.1110998],"bbox":[57.6981573,-20.1310998,57.7381573,-20.0910998]}
{"name":"Saint François","display_name":"Saint François, Rodrigues, Mauritius / Maurice","address":{"village":"Saint François","island":"Rodrigues","ISO3166-2-lvl3":"MU-RO","country":"Mauritius / Maurice","country_code":"mu"},"osm_type":"node","osm_id":9961246143,"type":"village","location":[63.4946048,-19.7007142],"bbox":[63.4746048,-19.7207142,63.5146048,-19.6807142]}
{"name":"Saint Gabriel","other_names":{"name:ru":"Сант Габриэль"},"display_name":"Saint Gabriel, Rodrigues, Mauritius / Maurice","address":{"village":"Saint Gabriel","island":"Rodrigues","ISO3166-2-lvl3":"MU-RO","country":"Mauritius / Maurice","country_code":"mu"},"osm_type":"node","osm_id":2261636516,"type":"village","location":[63.4413439,-19.7171592],"bbox":[63.4213439,-19.7371592,63.4613439,-19.6971592]}
{"name":"Saint Martin","other_names":{"name:en":"Saint Martin","name:fr":"Saint-Martin"},"display_name":"Saint Martin, Bel Ombre VCA, Savanne, Mauritius / Maurice","address":{"village":"Saint Martin","city":"Bel Ombre VCA","state":"Savanne","ISO3166-2-lvl4":"MU-SA","country":"Mauritius / Maurice","country_code":"mu"},"osm_type":"node","osm_id":2637986939,"type":"village","location":[57.3916984,-20.4990625],"bbox":[57.3716984,-20.5190625,57.4116984,-20.4790625]}
{"name":"Saint-François","display_name":"Saint-François, Cap Malheureux, Riviere du Rempart, 42602, Mauritius / Maurice","address":{"village":"Saint-François","state":"Riviere du Rempart","ISO3166-2-lvl4":"MU-RR","postcode":"42602","country":"Mauritius / Maurice","country_code":"mu"},"osm_type":"node","osm_id":12458899288,"type":"village","location":[57.6426818,-20.0034308],"bbox":[57.6226818,-20.0234308,57.6626818,-19.9834308]}
{"name":"Saint-Julien d’Hotman","display_name":"Saint-Julien d’Hotman, St. Julien d’Hotman VCA, Flacq, 71501, Mauritius / Maurice","address":{"village":"Saint-Julien d’Hotman","city":"St. Julien d’Hotman VCA","state":"Flacq","ISO3166-2-lvl4":"MU-FL","postcode":"71501","country":"Mauritius / Maurice","country_code":"mu"},"osm_type":"node","osm_id":1845938010,"type":"village","location":[57.6433883,-20.229315],"bbox":[57.6233883,-20.249315,57.6633883,-20.209315],"border":{"name":"St. Julien d’Hotman VCA","other_names":{"name:fr":"Saint-Julien d’Hotman","alt_name":"St. Julien d'Hotman"},"display_name":"St. Julien d’Hotman VCA, Flacq, Mauritius / Maurice","address":{"city":"St. Julien d’Hotman VCA","state":"Flacq","ISO3166-2-lvl4":"MU-FL","country":"Mauritius / Maurice","country_code":"mu"},"osm_type":"relation","osm_id":15395767,"type":"administrative","location":[57.63583268439005,-20.233626700000002],"bbox":[57.6093124,-20.2437227,57.662877,-20.2234399]}}
{"name":"Sainte Rita","display_name":"Sainte Rita, Agaléga, Mauritius / Maurice","address":{"village":"Sainte Rita","region":"Agaléga","ISO3166-2-lvl3":"MU-AG","country":"Mauritius / Maurice","country_code":"mu"},"osm_type":"node","osm_id":3228820361,"type":"village","location":[56.6816513,-10.454599],"bbox":[56.6616513,-10.474599,56.7016513,-10.434599]}
{"name":"Sébastopol","display_name":"Sébastopol, Sébastopol VCA, Flacq, 80902, Mauritius / Maurice","address":{"village":"Sébastopol","city":"Sébastopol VCA","state":"Flacq","ISO3166-2-lvl4":"MU-FL","postcode":"80902","country":"Mauritius / Maurice","country_code":"mu"},"osm_type":"node","osm_id":2623318712,"type":"village","location":[57.6926179,-20.2906555],"bbox":[57.6726179,-20.3106555,57.7126179,-20.2706555]}
{"name":"Seizième Mille","display_name":"Seizième Mille, Seizième Mille VCA, Plaines Wilhems, 74513, Mauritius / Maurice","address":{"village":"Seizième Mille","city":"Seizième Mille VCA","state":"Plaines Wilhems","ISO3166-2-lvl4":"MU-PW","postcode":"74513","country":"Mauritius / Maurice","country_code":"mu"},"osm_type":"node","osm_id":10570666815,"type":"village","location":[57.545792,-20.3436635],"bbox":[57.525792,-20.3636635,57.565792,-20.3236635]}
{"name":"Songes","display_name":"Songes, Rodrigues, Mauritius / Maurice","address":{"village":"Songes","island":"Rodrigues","ISO3166-2-lvl3":"MU-RO","country":"Mauritius / Maurice","country_code":"mu"},"osm_type":"node","osm_id":440012868,"type":"village","location":[63.4472555,-19.7415194],"bbox":[63.4272555,-19.7615194,63.4672555,-19.7215194]}
{"name":"St. Aubin","other_names":{"alt_name":"Saint-Aubin"},"display_name":"St. Aubin, St. Aubin VCA, Savanne, 60902, Mauritius / Maurice","address":{"village":"St. Aubin","city":"St. Aubin VCA","state":"Savanne","ISO3166-2-lvl4":"MU-SA","postcode":"60902","country":"Mauritius / Maurice","country_code":"mu"},"osm_type":"node","osm_id":10592319713,"type":"village","location":[57.5498354,-20.4944564],"bbox":[57.5298354,-20.5144564,57.5698354,-20.4744564]}
{"name":"St. Hubert","other_names":{"alt_name":"Saint-Hubert"},"display_name":"St. Hubert, St. Hubert VCA, Grand Port, Mauritius / Maurice","address":{"village":"St. Hubert","city":"St. Hubert VCA","state":"Grand Port","ISO3166-2-lvl4":"MU-GP","country":"Mauritius / Maurice","country_code":"mu"},"osm_type":"node","osm_id":4009599545,"type":"village","location":[57.6418493,-20.3636792],"bbox":[57.6218493,-20.3836792,57.6618493,-20.3436792]}
{"name":"St. Julien","other_names":{"name:fr":"Saint-Julien"},"display_name":"St. Julien, St. Julien VCA, East, Flacq, 42601, Mauritius / Maurice","address":{"village":"St. Julien","city":"St. Julien VCA, East","state":"Flacq","ISO3166-2-lvl4":"MU-FL","postcode":"42601","country":"Mauritius / Maurice","country_code":"mu"},"osm_type":"node","osm_id":1845967775,"type":"village","location":[57.6769931,-20.2059979],"bbox":[57.6569931,-20.2259979,57.6969931,-20.1859979]}
{"name":"Tamarin","display_name":"Tamarin, Tamarin VCA, Black River, 90503, Mauritius / Maurice","address":{"village":"Tamarin","city":"Tamarin VCA","state":"Black River","ISO3166-2-lvl4":"MU-BL","postcode":"90503","country":"Mauritius / Maurice","country_code":"mu"},"osm_type":"node","osm_id":247167456,"type":"village","location":[57.3776792,-20.3292161],"bbox":[57.3576792,-20.3492161,57.3976792,-20.3092161]}
{"name":"Terre Rouge","display_name":"Terre Rouge, Pamplemousses, Mauritius / Maurice","address":{"village":"Terre Rouge","state":"Pamplemousses","ISO3166-2-lvl4":"MU-PA","country":"Mauritius / Maurice","country_code":"mu"},"osm_type":"node","osm_id":12462563320,"type":"village","location":[57.5363332,-20.1265404],"bbox":[57.5163332,-20.1465404,57.5563332,-20.1065404],"border":{"name":"Terre Rouge","display_name":"Terre Rouge, Pamplemousses, Mauritius / Maurice","address":{"village":"Terre Rouge","state":"Pamplemousses","ISO3166-2-lvl4":"MU-PA","country":"Mauritius / Maurice","country_code":"mu"},"osm_type":"relation","osm_id":18481292,"type":"administrative","location":[57.5363332,-20.1265404],"bbox":[57.5246622,-20.1427569,57.5595372,-20.1134792]}}
{"name":"The Vale","display_name":"The Vale, Riviere du Rempart, Mauritius / Maurice","address":{"village":"The Vale","state":"Riviere du Rempart","ISO3166-2-lvl4":"MU-RR","country":"Mauritius / Maurice","country_code":"mu"},"osm_type":"node","osm_id":12459243624,"type":"village","location":[57.5946852,-20.0305678],"bbox":[57.5746852,-20.0505678,57.6146852,-20.0105678],"border":{"name":"The Vale","display_name":"The Vale, Riviere du Rempart, 31301, Mauritius / Maurice","address":{"village":"The Vale","state":"Riviere du Rempart","ISO3166-2-lvl4":"MU-RR","postcode":"31301","country":"Mauritius / Maurice","country_code":"mu"},"population":4495,"osm_type":"relation","osm_id":18475037,"type":"administrative","location":[57.5946852,-20.0305678],"bbox":[57.585104,-20.059293,57.633022,-20.0060909]}}
{"name":"Trois Boutiques","display_name":"Trois Boutiques, Trois Boutiques VCA, Grand Port, 51516, Mauritius / Maurice","address":{"village":"Trois Boutiques","city":"Trois Boutiques VCA","state":"Grand Port","ISO3166-2-lvl4":"MU-GP","postcode":"51516","country":"Mauritius / Maurice","country_code":"mu"},"osm_type":"node","osm_id":2637902870,"type":"village","location":[57.6473237,-20.4518429],"bbox":[57.6273237,-20.4718429,57.6673237,-20.4318429]}
{"name":"Trou aux Biches","other_names":{"alt_name":"Trou-aux-Biches"},"display_name":"Trou aux Biches, Pamplemousses, Mauritius / Maurice","address":{"village":"Trou aux Biches","state":"Pamplemousses","ISO3166-2-lvl4":"MU-PA","country":"Mauritius / Maurice","country_code":"mu"},"osm_type":"node","osm_id":2133918941,"type":"village","location":[57.5367479,-20.0441274],"bbox":[57.5167479,-20.0641274,57.5567479,-20.0241274],"border":{"name":"Trou aux Biches","other_names":{"alt_name":"Trou-aux-Biches"},"display_name":"Trou aux Biches, Pamplemousses, 21508, Mauritius / Maurice","address":{"village":"Trou aux Biches","state":"Pamplemousses","ISO3166-2-lvl4":"MU-PA","postcode":"21508","country":"Mauritius / Maurice","country_code":"mu"},"osm_type":"relation","osm_id":13476441,"type":"administrative","location":[57.5367479,-20.0441274],"bbox":[57.5248438,-20.055358,57.5558408,-20.0255334]}}
{"name":"Trou d’Eau Douce","other_names":{"alt_name":"Trou d'Eau Douce"},"display_name":"Trou d’Eau Douce, Trou d’Eau Douce VCA, Flacq, 42207, Mauritius / Maurice","address":{"village":"Trou d’Eau Douce","city":"Trou d’Eau Douce VCA","state":"Flacq","ISO3166-2-lvl4":"MU-FL","postcode":"42207","country":"Mauritius / Maurice","country_code":"mu"},"population":5700,"osm_type":"node","osm_id":281956800,"type":"village","location":[57.784971,-20.2397513],"bbox":[57.764971,-20.2597513,57.804971,-20.2197513]}
{"name":"Tyack","display_name":"Tyack, Tyack VCA, Savanne, Mauritius / Maurice","address":{"village":"Tyack","city":"Tyack VCA","state":"Savanne","ISO3166-2-lvl4":"MU-SA","country":"Mauritius / Maurice","country_code":"mu"},"population":4600,"osm_type":"node","osm_id":10592319957,"type":"village","location":[57.5580773,-20.4795702],"bbox":[57.5380773,-20.4995702,57.5780773,-20.4595702]}
{"name":"Union Daruty","other_names":{"alt_name":"Upper Vale"},"display_name":"Union Daruty, The Vale, Riviere du Rempart, 31301, Mauritius / Maurice","address":{"village":"Union Daruty","state":"Riviere du Rempart","ISO3166-2-lvl4":"MU-RR","postcode":"31301","country":"Mauritius / Maurice","country_code":"mu"},"osm_type":"node","osm_id":6090453853,"type":"village","location":[57.6039536,-20.0297786],"bbox":[57.5839536,-20.0497786,57.6239536,-20.0097786]}
{"name":"Union Park","display_name":"Union Park, Union Park VCA, Grand Port, 51802, Mauritius / Maurice","address":{"village":"Union Park","city":"Union Park VCA","state":"Grand Port","ISO3166-2-lvl4":"MU-GP","postcode":"51802","country":"Mauritius / Maurice","country_code":"mu"},"osm_type":"node","osm_id":10610670226,"type":"village","location":[57.5773054,-20.3838253],"bbox":[57.5573054,-20.4038253,57.5973054,-20.3638253]}
{"name":"Vacoas-Phoenix","display_name":"Vacoas-Phoenix, Plaines Wilhems, Mauritius / Maurice","address":{"village":"Vacoas-Phoenix","state":"Plaines Wilhems","ISO3166-2-lvl4":"MU-PW","country":"Mauritius / Maurice","country_code":"mu"},"osm_type":"way","osm_id":662402347,"type":"village","location":[57.50385749420338,-20.30151595],"bbox":[57.448431,-20.3364328,57.5394595,-20.2666068],"border":{"name":"Vacoas-Phoenix","other_names":{"name:en":"Vacoas-Phoenix","name:fr":"Vacoas-Phœnix","name:lt":"Vakoasas-Finiksas","alt_name":"Vacoas-Phœnix","loc_name:en":"The Twin Cities","loc_name:fr":"Les Villes Jumelles"},"display_name":"Vacoas-Phoenix, Plaines Wilhems, Mauritius / Maurice","address":{"city":"Vacoas-Phoenix","state":"Plaines Wilhems","ISO3166-2-lvl4":"MU-PW","country":"Mauritius / Maurice","country_code":"mu"},"population":107678,"osm_type":"relation","osm_id":13476400,"type":"administrative","location":[57.4978036,-20.2933761],"bbox":[57.4370607,-20.4211589,57.5568001,-20.2466348]}}
{"name":"Valetta","display_name":"Valetta, Dagotière VCA, Moka, 80205, Mauritius / Maurice","address":{"village":"Valetta","city":"Dagotière VCA","state":"Moka","ISO3166-2-lvl4":"MU-MO","postcode":"80205","country":"Mauritius / Maurice","country_code":"mu"},"population":1500,"osm_type":"node","osm_id":6218863047,"type":"village","location":[57.5663246,-20.2557221],"bbox":[57.5463246,-20.2757221,57.5863246,-20.2357221],"border":{"name":"Valetta","display_name":"Valetta, Dagotière VCA, Moka, 80205, Mauritius / Maurice","address":{"suburb":"Valetta","city":"Dagotière VCA","state":"Moka","ISO3166-2-lvl4":"MU-MO","postcode":"80205","country":"Mauritius / Maurice","country_code":"mu"},"osm_type":"relation","osm_id":13476457,"type":"administrative","location":[57.56665803896203,-20.25489235],"bbox":[57.5639538,-20.2575773,57.5684257,-20.2523099]}}
{"name":"Verdun","display_name":"Verdun, Verdun VCA, Moka, 81402, Mauritius / Maurice","address":{"village":"Verdun","city":"Verdun VCA","state":"Moka","ISO3166-2-lvl4":"MU-MO","postcode":"81402","country":"Mauritius / Maurice","country_code":"mu"},"osm_type":"node","osm_id":2623332485,"type":"village","location":[57.5509758,-20.2320196],"bbox":[57.5309758,-20.2520196,57.5709758,-20.2120196]}
{"name":"Villebague","display_name":"Villebague, Villebague VCA, West, Pamplemousses, 21013, Mauritius / Maurice","address":{"village":"Villebague","city":"Villebague VCA, West","state":"Pamplemousses","ISO3166-2-lvl4":"MU-PA","postcode":"21013","country":"Mauritius / Maurice","country_code":"mu"},"osm_type":"node","osm_id":12471793384,"type":"village","location":[57.6282474,-20.1470926],"bbox":[57.6082474,-20.1670926,57.6482474,-20.1270926]}
{"name":"Vingt Cinq","display_name":"Vingt Cinq, Agaléga, Mauritius / Maurice","address":{"village":"Vingt Cinq","region":"Agaléga","ISO3166-2-lvl3":"MU-AG","country":"Mauritius / Maurice","country_code":"mu"},"osm_type":"node","osm_id":3228778761,"type":"village","location":[56.6176598,-10.3887066],"bbox":[56.5976598,-10.4087066,56.6376598,-10.3687066]}
{"name":"Vuillemin","display_name":"Vuillemin, Quartier Militaire VCA, Moka, 80205, Mauritius / Maurice","address":{"village":"Vuillemin","city":"Quartier Militaire VCA","state":"Moka","ISO3166-2-lvl4":"MU-MO","postcode":"80205","country":"Mauritius / Maurice","country_code":"mu"},"osm_type":"node","osm_id":6218864748,"type":"village","location":[57.5915613,-20.2576661],"bbox":[57.5715613,-20.2776661,57.6115613,-20.2376661],"border":{"name":"Vuillemin","display_name":"Vuillemin, Quartier Militaire VCA, Moka, Mauritius / Maurice","address":{"suburb":"Vuillemin","city":"Quartier Militaire VCA","state":"Moka","ISO3166-2-lvl4":"MU-MO","country":"Mauritius / Maurice","country_code":"mu"},"osm_type":"relation","osm_id":13476445,"type":"administrative","location":[57.591832973362045,-20.258081599999997],"bbox":[57.5883892,-20.2593573,57.5938745,-20.2558724]}}
