{"name":"Alma","display_name":"Alma, Verdun VCA, Moka, 80205, Mauritius / Maurice","address":{"hamlet":"Alma","city":"Verdun VCA","state":"Moka","ISO3166-2-lvl4":"MU-MO","postcode":"80205","country":"Mauritius / Maurice","country_code":"mu"},"osm_type":"node","osm_id":2623324176,"type":"hamlet","location":[57.5741608,-20.2363986],"bbox":[57.5541608,-20.2563986,57.5941608,-20.2163986]}
{"name":"Astroea Rochecouste","display_name":"Astroea Rochecouste, New Grove VCA, Grand Port, 51802, Mauritius / Maurice","address":{"hamlet":"Astroea Rochecouste","city":"New Grove VCA","state":"Grand Port","ISO3166-2-lvl4":"MU-GP","postcode":"51802","country":"Mauritius / Maurice","country_code":"mu"},"osm_type":"node","osm_id":10657852872,"type":"hamlet","location":[57.6361415,-20.3934684],"bbox":[57.6161415,-20.4134684,57.6561415,-20.3734684]}
{"name":"Baie-Topaze","display_name":"Baie-Topaze, Rodrigues, Mauritius / Maurice","address":{"hamlet":"Baie-Topaze","island":"Rodrigues","ISO3166-2-lvl3":"MU-RO","country":"Mauritius / Maurice","country_code":"mu"},"osm_type":"node","osm_id":315241891,"type":"hamlet","location":[63.360308,-19.7311225],"bbox":[63.340308,-19.7511225,63.380308,-19.7111225]}
{"name":"Balaclava","display_name":"Balaclava, Pointe aux Piments, Pamplemousses, 21416, Mauritius / Maurice","address":{"hamlet":"Balaclava","town":"Pointe aux Piments","state":"Pamplemousses","ISO3166-2-lvl4":"MU-PA","postcode":"21416","country":"Mauritius / Maurice","country_code":"mu"},"osm_type":"node","osm_id":12461136325,"type":"hamlet","location":[57.5172955,-20.0829486],"bbox":[57.4972955,-20.1029486,57.5372955,-20.0629486]}
{"name":"Balisson","display_name":"Balisson, Union Park, Union Park VCA, Grand Port, 51802, Mauritius / Maurice","address":{"hamlet":"Balisson","village":"Union Park","city":"Union Park VCA","state":"Grand Port","ISO3166-2-lvl4":"MU-GP","postcode":"51802","country":"Mauritius / Maurice","country_code":"mu"},"osm_type":"node","osm_id":10610670225,"type":"hamlet","location":[57.5882005,-20.3956355],"bbox":[57.5682005,-20.4156355,57.6082005,-20.3756355]}
{"name":"Bassin Martin","display_name":"Bassin Martin, Palissade, Rodrigues, Mauritius / Maurice","address":{"hamlet":"Bassin Martin","village":"Palissade","island":"Rodrigues","ISO3166-2-lvl3":"MU-RO","country":"Mauritius / Maurice","country_code":"mu"},"osm_type":"node","osm_id":9004360551,"type":"hamlet","location":[63.4598059,-19.7156986],"bbox":[63.4398059,-19.7356986,63.4798059,-19.6956986]}
{"name":"Beau Bois","display_name":"Beau Bois, Tyack VCA, Savanne, Mauritius / Maurice","address":{"hamlet":"Beau Bois","city":"Tyack VCA","state":"Savanne","ISO3166-2-lvl4":"MU-SA","country":"Mauritius / Maurice","country_code":"mu"},"osm_type":"node","osm_id":10599214808,"type":"hamlet","location":[57.544592,-20.4648677],"bbox":[57.524592,-20.4848677,57.564592,-20.4448677]}
{"name":"Beau Champ","display_name":"Beau Champ, Grand River South East, Flacq, Mauritius / Maurice","address":{"hamlet":"Beau Champ","city":"Grand River South East","state":"Flacq","ISO3166-2-lvl4":"MU-FL","country":"Mauritius / Maurice","country_code":"mu"},"osm_type":"way","osm_id":256692576,"type":"hamlet","location":[57.77224196666499,-20.27473185],"bbox":[57.7705897,-20.2759251,57.7747473,-20.2728615]}
{"name":"Bel Air","display_name":"Bel Air, Rivière des Anguilles VCA, Savanne, Mauritius / Maurice","address":{"hamlet":"Bel Air","city":"Rivière des Anguilles VCA","state":"Savanne","ISO3166-2-lvl4":"MU-SA","country":"Mauritius / Maurice","country_code":"mu"},"osm_type":"node","osm_id":10593841378,"type":"hamlet","location":[57.5770847,-20.5061796],"bbox":[57.5570847,-20.5261796,57.5970847,-20.4861796]}
{"name":"Belle Rive","display_name":"Belle Rive, Dubreuil VCA, Part, Moka, 80205, Mauritius / Maurice","address":{"hamlet":"Belle Rive","city":"Dubreuil VCA, Part","state":"Moka","ISO3166-2-lvl4":"MU-MO","postcode":"80205","country":"Mauritius / Maurice","country_code":"mu"},"osm_type":"node","osm_id":10584359962,"type":"hamlet","location":[57.5522237,-20.2825905],"bbox":[57.5322237,-20.3025905,57.5722237,-20.2625905]}
{"name":"Belle Rose","display_name":"Belle Rose, Clemencia, Flacq, 40101, Mauritius / Maurice","address":{"hamlet":"Belle Rose","village":"Clemencia","state":"Flacq","ISO3166-2-lvl4":"MU-FL","postcode":"40101","country":"Mauritius / Maurice","country_code":"mu"},"osm_type":"node","osm_id":12441421963,"type":"hamlet","location":[57.7328209,-20.2638148],"bbox":[57.7128209,-20.2838148,57.7528209,-20.2438148]}
{"name":"Belle Vue Harel","other_names":{"name:en":"Belle Vue Harel","name:fr":"Belle Vue Harel","alt_name":"Belle Vue"},"display_name":"Belle Vue Harel, Plaine des Papayes, Pamplemousses, 31803, Mauritius / Maurice","address":{"hamlet":"Belle Vue Harel","village":"Plaine des Papayes","state":"Pamplemousses","ISO3166-2-lvl4":"MU-PA","postcode":"31803","country":"Mauritius / Maurice","country_code":"mu"},"osm_type":"node","osm_id":9297460642,"type":"hamlet","location":[57.6018034,-20.0680299],"bbox":[57.5818034,-20.0880299,57.6218034,-20.0480299]}
{"name":"Belmont","display_name":"Belmont, Goodlands, Goodlands VCA, Riviere du Rempart, 30420, Mauritius / Maurice","address":{"hamlet":"Belmont","town":"Goodlands","city":"Goodlands VCA","state":"Riviere du Rempart","ISO3166-2-lvl4":"MU-RR","postcode":"30420","country":"Mauritius / Maurice","country_code":"mu"},"osm_type":"node","osm_id":12458626165,"type":"hamlet","location":[57.6657861,-20.0461373],"bbox":[57.6457861,-20.0661373,57.6857861,-20.0261373]}
{"name":"Bois des Amourettes","display_name":"Bois des Amourettes, Bois des Amourettes VCA, Grand Port, Mauritius / Maurice","address":{"hamlet":"Bois des Amourettes","village":"Bois des Amourettes","city":"Bois des Amourettes VCA","state":"Grand Port","ISO3166-2-lvl4":"MU-GP","country":"Mauritius / Maurice","country_code":"mu"},"osm_type":"way","osm_id":1119812021,"type":"hamlet","location":[57.74216550822657,-20.360346200000002],"bbox":[57.7406147,-20.3629561,57.7444894,-20.3577551]}
{"name":"Boulingrin","display_name":"Boulingrin, Long Mountain, Pamplemousses, 11803, Mauritius / Maurice","address":{"hamlet":"Boulingrin","village":"Long Mountain","state":"Pamplemousses","ISO3166-2-lvl4":"MU-PA","postcode":"11803","country":"Mauritius / Maurice","country_code":"mu"},"osm_type":"node","osm_id":12465319011,"type":"hamlet","location":[57.5714233,-20.1669693],"bbox":[57.5514233,-20.1869693,57.5914233,-20.1469693]}
{"name":"Bras d’Eau","other_names":{"alt_name":"Bras d'Eau"},"display_name":"Bras d’Eau, Poste de Flacq VCA, Flacq, 41519, Mauritius / Maurice","address":{"hamlet":"Bras d’Eau","city":"Poste de Flacq VCA","state":"Flacq","ISO3166-2-lvl4":"MU-FL","postcode":"41519","country":"Mauritius / Maurice","country_code":"mu"},"osm_type":"node","osm_id":12430181125,"type":"hamlet","location":[57.7382457,-20.1418565],"bbox":[57.7182457,-20.1618565,57.7582457,-20.1218565]}
{"name":"Butte à l’Herbe","other_names":{"alt_name":"Butte a l'Herbe"},"display_name":"Butte à l’Herbe, Grand Gaube VCA, Riviere du Rempart, 30617, Mauritius / Maurice","address":{"hamlet":"Butte à l’Herbe","city":"Grand Gaube VCA","state":"Riviere du Rempart","ISO3166-2-lvl4":"MU-RR","postcode":"30617","country":"Mauritius / Maurice","country_code":"mu"},"osm_type":"node","osm_id":12458626136,"type":"hamlet","location":[57.654072,-19.9975524],"bbox":[57.634072,-20.0175524,57.674072,-19.9775524]}
{"name":"Camp Acacia","display_name":"Camp Acacia, Camp Carol, Camp Carol VCA, Grand Port, 51520, Mauritius / Maurice","address":{"hamlet":"Camp Acacia","village":"Camp Carol","city":"Camp Carol VCA","state":"Grand Port","ISO3166-2-lvl4":"MU-GP","postcode":"51520","country":"Mauritius / Maurice","country_code":"mu"},"osm_type":"node","osm_id":10610613232,"type":"hamlet","location":[57.6679587,-20.4664579],"bbox":[57.6479587,-20.4864579,57.6879587,-20.4464579]}
{"name":"Camp Auguste","other_names":{"name:en":"Camp August","name:fr":"Camp Auguste","alt_name":"Camp August"},"display_name":"Camp Auguste, Côte d’Or, St. Pierre VCA, Moka, 81413, Mauritius / Maurice","address":{"hamlet":"Camp Auguste","village":"Côte d’Or","city":"St. Pierre VCA","state":"Moka","ISO3166-2-lvl4":"MU-MO","postcode":"81413","country":"Mauritius / Maurice","country_code":"mu"},"osm_type":"node","osm_id":9280578381,"type":"hamlet","location":[57.5317043,-20.2414973],"bbox":[57.5117043,-20.2614973,57.5517043,-20.2214973]}
{"name":"Camp Bonne Mère","display_name":"Camp Bonne Mère, Bonne Mère, Queen Victoria VCA, Flacq, 40606, Mauritius / Maurice","address":{"hamlet":"Camp Bonne Mère","village":"Bonne Mère","city":"Queen Victoria VCA","state":"Flacq","ISO3166-2-lvl4":"MU-FL","postcode":"40606","country":"Mauritius / Maurice","country_code":"mu"},"osm_type":"node","osm_id":12441421996,"type":"hamlet","location":[57.706059,-20.2125546],"bbox":[57.686059,-20.2325546,57.726059,-20.1925546]}
{"name":"Camp Domaingue","display_name":"Camp Domaingue, Cap Malheureux, Riviere du Rempart, 42602, Mauritius / Maurice","address":{"hamlet":"Camp Domaingue","village":"Cap Malheureux","state":"Riviere du Rempart","ISO3166-2-lvl4":"MU-RR","postcode":"42602","country":"Mauritius / Maurice","country_code":"mu"},"osm_type":"node","osm_id":12458899287,"type":"hamlet","location":[57.6195455,-20.0070906],"bbox":[57.5995455,-20.0270906,57.6395455,-19.9870906]}
{"name":"Camp la Boue","display_name":"Camp la Boue, Long Mountain, Pamplemousses, 11803, Mauritius / Maurice","address":{"hamlet":"Camp la Boue","village":"Long Mountain","state":"Pamplemousses","ISO3166-2-lvl4":"MU-PA","postcode":"11803","country":"Mauritius / Maurice","country_code":"mu"},"osm_type":"node","osm_id":12465319012,"type":"hamlet","location":[57.5777826,-20.1632326],"bbox":[57.5577826,-20.1832326,57.5977826,-20.1432326]}
{"name":"Camp Marcellin","display_name":"Camp Marcellin, Camp Ithier, Flacq, Mauritius / Maurice","address":{"hamlet":"Camp Marcellin","village":"Camp Ithier","state":"Flacq","ISO3166-2-lvl4":"MU-FL","country":"Mauritius / Maurice","country_code":"mu"},"osm_type":"way","osm_id":194908518,"type":"hamlet","location":[57.75924510793094,-20.2192667],"bbox":[57.7571923,-20.2216061,57.7634877,-20.2171373]}
{"name":"Caroe","display_name":"Caroe, Château Bénarès, Bénarès VCA, Savanne, Mauritius / Maurice","address":{"hamlet":"Caroe","village":"Château Bénarès","city":"Bénarès VCA","state":"Savanne","ISO3166-2-lvl4":"MU-SA","country":"Mauritius / Maurice","country_code":"mu"},"osm_type":"node","osm_id":10593841380,"type":"hamlet","location":[57.5887181,-20.4970168],"bbox":[57.5687181,-20.5170168,57.6087181,-20.4770168]}
{"name":"Carreau Esnouf","display_name":"Carreau Esnouf, Trois Boutiques VCA, Grand Port, 51516, Mauritius / Maurice","address":{"hamlet":"Carreau Esnouf","city":"Trois Boutiques VCA","state":"Grand Port","ISO3166-2-lvl4":"MU-GP","postcode":"51516","country":"Mauritius / Maurice","country_code":"mu"},"osm_type":"node","osm_id":10610613229,"type":"hamlet","location":[57.6613141,-20.4463499],"bbox":[57.6413141,-20.4663499,57.6813141,-20.4263499]}
{"name":"Choisy","display_name":"Choisy, Baie du Cap, Baie du Cap VCA, Savanne, Mauritius / Maurice","address":{"hamlet":"Choisy","village":"Baie du Cap","city":"Baie du Cap VCA","state":"Savanne","ISO3166-2-lvl4":"MU-SA","country":"Mauritius / Maurice","country_code":"mu"},"osm_type":"node","osm_id":3256748974,"type":"hamlet","location":[57.3796444,-20.4830722],"bbox":[57.3596444,-20.5030722,57.3996444,-20.4630722]}
{"name":"Choisy","display_name":"Choisy, Poste de Flacq VCA, Flacq, 41511, Mauritius / Maurice","address":{"hamlet":"Choisy","city":"Poste de Flacq VCA","state":"Flacq","ISO3166-2-lvl4":"MU-FL","postcode":"41511","country":"Mauritius / Maurice","country_code":"mu"},"osm_type":"node","osm_id":12430181124,"type":"hamlet","location":[57.7467692,-20.1500134],"bbox":[57.7267692,-20.1700134,57.7667692,-20.1300134]}
{"name":"Colmar","display_name":"Colmar, Bénarès VCA, Savanne, 51108, Mauritius / Maurice","address":{"hamlet":"Colmar","city":"Bénarès VCA","state":"Savanne","ISO3166-2-lvl4":"MU-SA","postcode":"51108","country":"Mauritius / Maurice","country_code":"mu"},"osm_type":"node","osm_id":10593891764,"type":"hamlet","location":[57.5737345,-20.469325],"bbox":[57.5537345,-20.489325,57.5937345,-20.449325]}
{"name":"Coteau Raffin","display_name":"Coteau Raffin, La Gaulette, La Gaulette VCA, Black River, 91102, Mauritius / Maurice","address":{"hamlet":"Coteau Raffin","village":"La Gaulette","city":"La Gaulette VCA","state":"Black River","ISO3166-2-lvl4":"MU-BL","postcode":"91102","country":"Mauritius / Maurice","country_code":"mu"},"osm_type":"node","osm_id":2638479941,"type":"hamlet","location":[57.3548454,-20.4360901],"bbox":[57.3348454,-20.4560901,57.3748454,-20.4160901]}
{"name":"Courchamps","display_name":"Courchamps, Moka VCA, East, Moka, Mauritius / Maurice","address":{"hamlet":"Courchamps","city":"Moka VCA, East","state":"Moka","ISO3166-2-lvl4":"MU-MO","country":"Mauritius / Maurice","country_code":"mu"},"osm_type":"node","osm_id":9280578383,"type":"hamlet","location":[57.5237516,-20.2374757],"bbox":[57.5037516,-20.2574757,57.5437516,-20.2174757],"border":{"name":"Courchamps","display_name":"Courchamps, Moka VCA, East, Moka, Mauritius / Maurice","address":{"hamlet":"Courchamps","city":"Moka VCA, East","state":"Moka","ISO3166-2-lvl4":"MU-MO","country":"Mauritius / Maurice","country_code":"mu"},"osm_type":"relation","osm_id":13476414,"type":"administrative","location":[57.5237516,-20.2374757],"bbox":[57.5175583,-20.241146,57.5285685,-20.2349138]}}
{"name":"Deep River","display_name":"Deep River, Olivia VCA, Flacq, 40101, Mauritius / Maurice","address":{"hamlet":"Deep River","city":"Olivia VCA","state":"Flacq","ISO3166-2-lvl4":"MU-FL","postcode":"40101","country":"Mauritius / Maurice","country_code":"mu"},"osm_type":"node","osm_id":12141725583,"type":"hamlet","location":[57.7403211,-20.2837345],"bbox":[57.7203211,-20.3037345,57.7603211,-20.2637345]}
{"name":"Domaine de Palmyre","display_name":"Domaine de Palmyre, Case Noyale VCA, Black River, 90610, Mauritius / Maurice","address":{"hamlet":"Domaine de Palmyre","city":"Case Noyale VCA","state":"Black River","ISO3166-2-lvl4":"MU-BL","postcode":"90610","country":"Mauritius / Maurice","country_code":"mu"},"osm_type":"node","osm_id":7432473306,"type":"hamlet","location":[57.3843431,-20.3857917],"bbox":[57.3643431,-20.4057917,57.4043431,-20.3657917]}
{"name":"Eau Bleue","display_name":"Eau Bleue, New Grove VCA, Grand Port, 51802, Mauritius / Maurice","address":{"hamlet":"Eau Bleue","city":"New Grove VCA","state":"Grand Port","ISO3166-2-lvl4":"MU-GP","postcode":"51802","country":"Mauritius / Maurice","country_code":"mu"},"osm_type":"node","osm_id":10657852873,"type":"hamlet","location":[57.6300903,-20.3764183],"bbox":[57.6100903,-20.3964183,57.6500903,-20.3564183]}
{"name":"Gokhoola","display_name":"Gokhoola, Amitié – Gokhoola VCA, East, Riviere du Rempart, Mauritius / Maurice","address":{"hamlet":"Gokhoola","city":"Amitié – Gokhoola VCA, East","state":"Riviere du Rempart","ISO3166-2-lvl4":"MU-RR","country":"Mauritius / Maurice","country_code":"mu"},"osm_type":"node","osm_id":1133959673,"type":"hamlet","location":[57.6551012,-20.1067327],"bbox":[57.6351012,-20.1267327,57.6751012,-20.0867327]}
{"name":"Gros Bois","display_name":"Gros Bois, Mare Tabac VCA, Grand Port, 51108, Mauritius / Maurice","address":{"hamlet":"Gros Bois","city":"Mare Tabac VCA","state":"Grand Port","ISO3166-2-lvl4":"MU-GP","postcode":"51108","country":"Mauritius / Maurice","country_code":"mu"},"osm_type":"node","osm_id":10690337300,"type":"hamlet","location":[57.6132553,-20.4413258],"bbox":[57.5932553,-20.4613258,57.6332553,-20.4213258]}
{"display_name":"Gros Cailloux, Gros Cailloux VCA, Black River, Mauritius / Maurice","address":{"village":"Gros Cailloux","city":"Gros Cailloux VCA","state":"Black River","ISO3166-2-lvl4":"MU-BL","country":"Mauritius / Maurice","country_code":"mu"},"osm_type":"way","osm_id":363199018,"type":"hamlet","location":[57.441530978219404,-20.2076611],"bbox":[57.4387289,-20.208905,57.4436151,-20.2066027]}
{"name":"Hermitage","display_name":"Hermitage, Clemencia, Flacq, 40101, Mauritius / Maurice","address":{"hamlet":"Hermitage","village":"Clemencia","state":"Flacq","ISO3166-2-lvl4":"MU-FL","postcode":"40101","country":"Mauritius / Maurice","country_code":"mu"},"osm_type":"node","osm_id":12441421964,"type":"hamlet","location":[57.7222574,-20.2645607],"bbox":[57.7022574,-20.2845607,57.7422574,-20.2445607]}
{"name":"Isidor Rose","display_name":"Isidor Rose, Camp Ithier, Flacq, 41605, Mauritius / Maurice","address":{"hamlet":"Isidor Rose","village":"Camp Ithier","state":"Flacq","ISO3166-2-lvl4":"MU-FL","postcode":"41605","country":"Mauritius / Maurice","country_code":"mu"},"osm_type":"node","osm_id":12435312655,"type":"hamlet","location":[57.7538959,-20.2092401],"bbox":[57.7338959,-20.2292401,57.7738959,-20.1892401]}
{"name":"Isidore Rose","display_name":"Isidore Rose, Camp Ithier, Flacq, Mauritius / Maurice","address":{"hamlet":"Isidore Rose","village":"Camp Ithier","state":"Flacq","ISO3166-2-lvl4":"MU-FL","country":"Mauritius / Maurice","country_code":"mu"},"osm_type":"way","osm_id":194908511,"type":"hamlet","location":[57.753329793090316,-20.20985045],"bbox":[57.7475536,-20.2156928,57.7570011,-20.204458]}
{"name":"Kewal Nagar","display_name":"Kewal Nagar, Belle Rive, Olivia VCA, Flacq, 50401, Mauritius / Maurice","address":{"hamlet":"Kewal Nagar","village":"Belle Rive","city":"Olivia VCA","state":"Flacq","ISO3166-2-lvl4":"MU-FL","postcode":"50401","country":"Mauritius / Maurice","country_code":"mu"},"osm_type":"node","osm_id":12141725580,"type":"hamlet","location":[57.7279309,-20.3103493],"bbox":[57.7079309,-20.3303493,57.7479309,-20.2903493]}
{"name":"La Barraque","display_name":"La Barraque, Trois Boutiques VCA, Grand Port, 51108, Mauritius / Maurice","address":{"hamlet":"La Barraque","city":"Trois Boutiques VCA","state":"Grand Port","ISO3166-2-lvl4":"MU-GP","postcode":"51108","country":"Mauritius / Maurice","country_code":"mu"},"osm_type":"node","osm_id":10610613224,"type":"hamlet","location":[57.626952,-20.4709179],"bbox":[57.606952,-20.4909179,57.646952,-20.4509179]}
{"name":"La Fourche","display_name":"La Fourche, Agaléga, Mauritius / Maurice","address":{"hamlet":"La Fourche","region":"Agaléga","ISO3166-2-lvl3":"MU-AG","country":"Mauritius / Maurice","country_code":"mu"},"osm_type":"node","osm_id":4947424955,"type":"hamlet","location":[56.5889762,-10.3501804],"bbox":[56.5689762,-10.3701804,56.6089762,-10.3301804]}
{"name":"La Laura","display_name":"La Laura, La Laura – Malenga VCA, Moka, 81402, Mauritius / Maurice","address":{"hamlet":"La Laura","city":"La Laura – Malenga VCA","state":"Moka","ISO3166-2-lvl4":"MU-MO","postcode":"81402","country":"Mauritius / Maurice","country_code":"mu"},"osm_type":"node","osm_id":1845915249,"type":"hamlet","location":[57.5521073,-20.2034204],"bbox":[57.5321073,-20.2234204,57.5721073,-20.1834204]}
{"name":"La Nourrice","display_name":"La Nourrice, Olivia VCA, Flacq, 40101, Mauritius / Maurice","address":{"hamlet":"La Nourrice","city":"Olivia VCA","state":"Flacq","ISO3166-2-lvl4":"MU-FL","postcode":"40101","country":"Mauritius / Maurice","country_code":"mu"},"osm_type":"node","osm_id":12141725582,"type":"hamlet","location":[57.7454612,-20.2902284],"bbox":[57.7254612,-20.3102284,57.7654612,-20.2702284]}
{"name":"La Roche","display_name":"La Roche, St. Julien, St. Julien VCA, East, Flacq, 42601, Mauritius / Maurice","address":{"hamlet":"La Roche","village":"St. Julien","city":"St. Julien VCA, East","state":"Flacq","ISO3166-2-lvl4":"MU-FL","postcode":"42601","country":"Mauritius / Maurice","country_code":"mu"},"osm_type":"node","osm_id":12441421999,"type":"hamlet","location":[57.6830024,-20.2091586],"bbox":[57.6630024,-20.2291586,57.7030024,-20.1891586]}
{"name":"Labourdonnais","display_name":"Labourdonnais, Mapou, Riviere du Rempart, 31803, Mauritius / Maurice","address":{"hamlet":"Labourdonnais","village":"Mapou","state":"Riviere du Rempart","ISO3166-2-lvl4":"MU-RR","postcode":"31803","country":"Mauritius / Maurice","country_code":"mu"},"osm_type":"node","osm_id":12458638617,"type":"hamlet","location":[57.6171648,-20.0710781],"bbox":[57.5971648,-20.0910781,57.6371648,-20.0510781]}
{"name":"Lataniers","display_name":"Lataniers, Palissade, Rodrigues, Mauritius / Maurice","address":{"hamlet":"Lataniers","village":"Palissade","island":"Rodrigues","ISO3166-2-lvl3":"MU-RO","country":"Mauritius / Maurice","country_code":"mu"},"osm_type":"node","osm_id":2261656147,"type":"hamlet","location":[63.4463984,-19.7133075],"bbox":[63.4263984,-19.7333075,63.4663984,-19.6933075]}
{"name":"Le Chaland","display_name":"Le Chaland, Plaine Magnien VCA, Grand Port, 51520, Mauritius / Maurice","address":{"hamlet":"Le Chaland","city":"Plaine Magnien VCA","state":"Grand Port","ISO3166-2-lvl4":"MU-GP","postcode":"51520","country":"Mauritius / Maurice","country_code":"mu"},"osm_type":"node","osm_id":10685190355,"type":"hamlet","location":[57.7026554,-20.4467711],"bbox":[57.6826554,-20.4667711,57.7226554,-20.4267711]}
{"name":"Le Far Far","display_name":"Le Far Far, Agaléga, Mauritius / Maurice","address":{"hamlet":"Le Far Far","region":"Agaléga","ISO3166-2-lvl3":"MU-AG","country":"Mauritius / Maurice","country_code":"mu"},"osm_type":"node","osm_id":4947432199,"type":"hamlet","location":[56.6447836,-10.4320153],"bbox":[56.6247836,-10.4520153,56.6647836,-10.4120153]}
{"name":"Le Goulet","display_name":"Le Goulet, Arsenal VCA, Pamplemousses, 21416, Mauritius / Maurice","address":{"hamlet":"Le Goulet","city":"Arsenal VCA","state":"Pamplemousses","ISO3166-2-lvl4":"MU-PA","postcode":"21416","country":"Mauritius / Maurice","country_code":"mu"},"osm_type":"node","osm_id":12461345233,"type":"hamlet","location":[57.5177678,-20.1026959],"bbox":[57.4977678,-20.1226959,57.5377678,-20.0826959]}
{"name":"Le Val","display_name":"Le Val, St. Hubert, St. Hubert VCA, Grand Port, 51802, Mauritius / Maurice","address":{"hamlet":"Le Val","village":"St. Hubert","city":"St. Hubert VCA","state":"Grand Port","ISO3166-2-lvl4":"MU-GP","postcode":"51802","country":"Mauritius / Maurice","country_code":"mu"},"osm_type":"node","osm_id":10657852874,"type":"hamlet","location":[57.6307628,-20.3650969],"bbox":[57.6107628,-20.3850969,57.6507628,-20.3450969]}
{"name":"Les Mariannes","display_name":"Les Mariannes, Long Mountain, Pamplemousses, 21013, Mauritius / Maurice","address":{"hamlet":"Les Mariannes","village":"Long Mountain","state":"Pamplemousses","ISO3166-2-lvl4":"MU-PA","postcode":"21013","country":"Mauritius / Maurice","country_code":"mu"},"osm_type":"node","osm_id":12465319009,"type":"hamlet","location":[57.5895768,-20.1615667],"bbox":[57.5695768,-20.1815667,57.6095768,-20.1415667]}
{"name":"Les Salines","display_name":"Les Salines, Grande Rivière Noire, Grande Rivière Noire VCA, Black River, 90603, Mauritius / Maurice","address":{"hamlet":"Les Salines","village":"Grande Rivière Noire","city":"Grande Rivière Noire VCA","state":"Black River","ISO3166-2-lvl4":"MU-BL","postcode":"90603","country":"Mauritius / Maurice","country_code":"mu"},"osm_type":"node","osm_id":2638535332,"type":"hamlet","location":[57.3700095,-20.3702752],"bbox":[57.3500095,-20.3902752,57.3900095,-20.3502752]}
{"name":"Malakoff","display_name":"Malakoff, Trois Boutiques, Trois Boutiques VCA, Grand Port, 51516, Mauritius / Maurice","address":{"hamlet":"Malakoff","village":"Trois Boutiques","city":"Trois Boutiques VCA","state":"Grand Port","ISO3166-2-lvl4":"MU-GP","postcode":"51516","country":"Mauritius / Maurice","country_code":"mu"},"osm_type":"node","osm_id":10610613226,"type":"hamlet","location":[57.6397572,-20.4578977],"bbox":[57.6197572,-20.4778977,57.6597572,-20.4378977]}
{"name":"Malenga","display_name":"Malenga, La Laura – Malenga VCA, Moka, 81402, Mauritius / Maurice","address":{"hamlet":"Malenga","city":"La Laura – Malenga VCA","state":"Moka","ISO3166-2-lvl4":"MU-MO","postcode":"81402","country":"Mauritius / Maurice","country_code":"mu"},"osm_type":"node","osm_id":1845915254,"type":"hamlet","location":[57.5595746,-20.1983457],"bbox":[57.5395746,-20.2183457,57.5795746,-20.1783457]}
{"name":"Mare Chicose","other_names":{"name:en":"Mare Chicose","name:fr":"Mare-Chicose"},"display_name":"Mare Chicose, New Grove VCA, Grand Port, 51802, Mauritius / Maurice","address":{"hamlet":"Mare Chicose","city":"New Grove VCA","state":"Grand Port","ISO3166-2-lvl4":"MU-GP","postcode":"51802","country":"Mauritius / Maurice","country_code":"mu"},"osm_type":"node","osm_id":9428288436,"type":"hamlet","location":[57.6347682,-20.3831653],"bbox":[57.6147682,-20.4031653,57.6547682,-20.3631653]}
{"name":"Mare du Puits","display_name":"Mare du Puits, Belle Mare, Quatre Cocos VCA, Flacq, 41601, Mauritius / Maurice","address":{"hamlet":"Mare du Puits","suburb":"Belle Mare","village":"Belle Mare","city":"Quatre Cocos VCA","state":"Flacq","ISO3166-2-lvl4":"MU-FL","postcode":"41601","country":"Mauritius / Maurice","country_code":"mu"},"osm_type":"node","osm_id":5755419761,"type":"hamlet","location":[57.7752827,-20.2038686],"bbox":[57.7552827,-20.2238686,57.7952827,-20.1838686]}
{"name":"Marie Jeanne","other_names":{"name:fr":"Marie-Jeanne"},"display_name":"Marie Jeanne, Quatre Soeurs, Quatre Soeurs VCA, Grand Port, 40101, Mauritius / Maurice","address":{"hamlet":"Marie Jeanne","village":"Quatre Soeurs","city":"Quatre Soeurs VCA","state":"Grand Port","ISO3166-2-lvl4":"MU-GP","postcode":"40101","country":"Mauritius / Maurice","country_code":"mu"},"osm_type":"node","osm_id":10680917308,"type":"hamlet","location":[57.7683579,-20.3059456],"bbox":[57.7483579,-20.3259456,57.7883579,-20.2859456]}
{"name":"Médine","display_name":"Médine, Bambous, Black River, Mauritius / Maurice","address":{"hamlet":"Médine","town":"Bambous","state":"Black River","ISO3166-2-lvl4":"MU-BL","country":"Mauritius / Maurice","country_code":"mu"},"osm_type":"node","osm_id":2914991514,"type":"hamlet","location":[57.3958422,-20.260286],"bbox":[57.3758422,-20.280286,57.4158422,-20.240286],"border":{"name":"Médine","display_name":"Médine, Bambous, Black River, Mauritius / Maurice","address":{"hamlet":"Médine","town":"Bambous","state":"Black River","ISO3166-2-lvl4":"MU-BL","country":"Mauritius / Maurice","country_code":"mu"},"osm_type":"relation","osm_id":13476426,"type":"administrative","location":[57.3958422,-20.260286],"bbox":[57.392723,-20.2619304,57.3982975,-20.2577517]}}
{"name":"Melotte","display_name":"Melotte, Creve Coeur, Pamplemousses, 81402, Mauritius / Maurice","address":{"hamlet":"Melotte","village":"Creve Coeur","state":"Pamplemousses","ISO3166-2-lvl4":"MU-PA","postcode":"81402","country":"Mauritius / Maurice","country_code":"mu"},"osm_type":"node","osm_id":12465318428,"type":"hamlet","location":[57.5639302,-20.192823],"bbox":[57.5439302,-20.212823,57.5839302,-20.172823]}
{"name":"Melville","display_name":"Melville, Grand Gaube VCA, Riviere du Rempart, 30617, Mauritius / Maurice","address":{"hamlet":"Melville","city":"Grand Gaube VCA","state":"Riviere du Rempart","ISO3166-2-lvl4":"MU-RR","postcode":"30617","country":"Mauritius / Maurice","country_code":"mu"},"osm_type":"node","osm_id":12458626140,"type":"hamlet","location":[57.681918,-20.0141554],"bbox":[57.661918,-20.0341554,57.701918,-19.9941554]}
{"name":"Mon Choisy","other_names":{"alt_name":"Mon Choisy"},"display_name":"Mon Choisy, Morcellement Choisy, Grand Baie VCA, West, Pamplemousses, 22302, Mauritius / Maurice","address":{"hamlet":"Mon Choisy","village":"Morcellement Choisy","city":"Grand Baie VCA, West","state":"Pamplemousses","ISO3166-2-lvl4":"MU-PA","postcode":"22302","country":"Mauritius / Maurice","country_code":"mu"},"osm_type":"node","osm_id":2128894876,"type":"hamlet","location":[57.5536258,-20.0226015],"bbox":[57.5336258,-20.0426015,57.5736258,-20.0026015]}
{"name":"Mon Desert","display_name":"Mon Desert, Camp Carol, Camp Carol VCA, Grand Port, 51520, Mauritius / Maurice","address":{"hamlet":"Mon Desert","village":"Camp Carol","city":"Camp Carol VCA","state":"Grand Port","ISO3166-2-lvl4":"MU-GP","postcode":"51520","country":"Mauritius / Maurice","country_code":"mu"},"osm_type":"node","osm_id":4241188209,"type":"hamlet","location":[57.6779264,-20.45026],"bbox":[57.6579264,-20.47026,57.6979264,-20.43026]}
{"name":"Mon Loisir","display_name":"Mon Loisir, The Vale, Riviere du Rempart, 31803, Mauritius / Maurice","address":{"hamlet":"Mon Loisir","village":"The Vale","state":"Riviere du Rempart","ISO3166-2-lvl4":"MU-RR","postcode":"31803","country":"Mauritius / Maurice","country_code":"mu"},"osm_type":"node","osm_id":12459243625,"type":"hamlet","location":[57.6150513,-20.0456007],"bbox":[57.5950513,-20.0656007,57.6350513,-20.0256007]}
{"name":"Mon Trésor","display_name":"Mon Trésor, Plaine Magnien, Plaine Magnien VCA, Grand Port, 51516, Mauritius / Maurice","address":{"hamlet":"Mon Trésor","village":"Plaine Magnien","city":"Plaine Magnien VCA","state":"Grand Port","ISO3166-2-lvl4":"MU-GP","postcode":"51516","country":"Mauritius / Maurice","country_code":"mu"},"osm_type":"node","osm_id":10685190353,"type":"hamlet","location":[57.6501507,-20.4290136],"bbox":[57.6301507,-20.4490136,57.6701507,-20.4090136]}
{"name":"Mont Blanc","display_name":"Mont Blanc, Chamouny VCA, Savanne, 60902, Mauritius / Maurice","address":{"hamlet":"Mont Blanc","city":"Chamouny VCA","state":"Savanne","ISO3166-2-lvl4":"MU-SA","postcode":"60902","country":"Mauritius / Maurice","country_code":"mu"},"osm_type":"node","osm_id":10586364226,"type":"hamlet","location":[57.492811,-20.4706078],"bbox":[57.472811,-20.4906078,57.512811,-20.4506078]}
{"name":"Mont Piton","display_name":"Mont Piton, D’Epinay, Pamplemousses, 21013, Mauritius / Maurice","address":{"hamlet":"Mont Piton","village":"D’Epinay","state":"Pamplemousses","ISO3166-2-lvl4":"MU-PA","postcode":"21013","country":"Mauritius / Maurice","country_code":"mu"},"osm_type":"node","osm_id":12458575913,"type":"hamlet","location":[57.620221,-20.1106193],"bbox":[57.600221,-20.1306193,57.640221,-20.0906193]}
{"name":"Palmyre","display_name":"Palmyre, Flic en Flac, Black River, 90512, Mauritius / Maurice","address":{"hamlet":"Palmyre","village":"Flic en Flac","state":"Black River","ISO3166-2-lvl4":"MU-BL","postcode":"90512","country":"Mauritius / Maurice","country_code":"mu"},"osm_type":"node","osm_id":2914993759,"type":"hamlet","location":[57.3919154,-20.284576],"bbox":[57.3719154,-20.304576,57.4119154,-20.264576]}
{"name":"Petit Gamin","display_name":"Petit Gamin, Arsenal VCA, Pamplemousses, 21733, Mauritius / Maurice","address":{"hamlet":"Petit Gamin","city":"Arsenal VCA","state":"Pamplemousses","ISO3166-2-lvl4":"MU-PA","postcode":"21733","country":"Mauritius / Maurice","country_code":"mu"},"osm_type":"node","osm_id":12461345235,"type":"hamlet","location":[57.5244481,-20.1068408],"bbox":[57.5044481,-20.1268408,57.5444481,-20.0868408]}
{"name":"Petit Sable","display_name":"Petit Sable, Grand Sable, Grand Sable VCA, Grand Port, 50401, Mauritius / Maurice","address":{"hamlet":"Petit Sable","village":"Grand Sable","city":"Grand Sable VCA","state":"Grand Port","ISO3166-2-lvl4":"MU-GP","postcode":"50401","country":"Mauritius / Maurice","country_code":"mu"},"osm_type":"node","osm_id":5980698980,"type":"hamlet","location":[57.7704222,-20.3333774],"bbox":[57.7504222,-20.3533774,57.7904222,-20.3133774]}
{"name":"Petit Village Saint Antoine","display_name":"Petit Village Saint Antoine, Goodlands, Goodlands VCA, Riviere du Rempart, 30420, Mauritius / Maurice","address":{"hamlet":"Petit Village Saint Antoine","town":"Goodlands","city":"Goodlands VCA","state":"Riviere du Rempart","ISO3166-2-lvl4":"MU-RR","postcode":"30420","country":"Mauritius / Maurice","country_code":"mu"},"osm_type":"node","osm_id":9270136549,"type":"hamlet","location":[57.6770436,-20.0342532],"bbox":[57.6570436,-20.0542532,57.6970436,-20.0142532]}
{"name":"Petite Rivière Noire","display_name":"Petite Rivière Noire, Case Noyale VCA, Black River, 90610, Mauritius / Maurice","address":{"hamlet":"Petite Rivière Noire","city":"Case Noyale VCA","state":"Black River","ISO3166-2-lvl4":"MU-BL","postcode":"90610","country":"Mauritius / Maurice","country_code":"mu"},"osm_type":"node","osm_id":2675695688,"type":"hamlet","location":[57.3819621,-20.3897042],"bbox":[57.3619621,-20.4097042,57.4019621,-20.3697042]}
{"name":"Plaine Bananes","display_name":"Plaine Bananes, Olivia, Olivia VCA, Flacq, 40101, Mauritius / Maurice","address":{"hamlet":"Plaine Bananes","village":"Olivia","city":"Olivia VCA","state":"Flacq","ISO3166-2-lvl4":"MU-FL","postcode":"40101","country":"Mauritius / Maurice","country_code":"mu"},"osm_type":"node","osm_id":12141725581,"type":"hamlet","location":[57.7435342,-20.2998526],"bbox":[57.7235342,-20.3198526,57.7635342,-20.2798526]}
{"name":"Plein Bois","display_name":"Plein Bois, Trois Boutiques VCA, Grand Port, 51516, Mauritius / Maurice","address":{"hamlet":"Plein Bois","city":"Trois Boutiques VCA","state":"Grand Port","ISO3166-2-lvl4":"MU-GP","postcode":"51516","country":"Mauritius / Maurice","country_code":"mu"},"osm_type":"node","osm_id":5265214129,"type":"hamlet","location":[57.6318446,-20.4603162],"bbox":[57.6118446,-20.4803162,57.6518446,-20.4403162]}
{"name":"Pointe aux Biches","display_name":"Pointe aux Biches, Trou aux Biches, Pamplemousses, 21508, Mauritius / Maurice","address":{"hamlet":"Pointe aux Biches","village":"Trou aux Biches","state":"Pamplemousses","ISO3166-2-lvl4":"MU-PA","postcode":"21508","country":"Mauritius / Maurice","country_code":"mu"},"osm_type":"node","osm_id":2188711361,"type":"hamlet","location":[57.5277999,-20.0477043],"bbox":[57.5077999,-20.0677043,57.5477999,-20.0277043]}
{"name":"Pointe Bambou","display_name":"Pointe Bambou, Bambous Virieux, Bambous Virieux VCA, Grand Port, 50401, Mauritius / Maurice","address":{"hamlet":"Pointe Bambou","village":"Bambous Virieux","city":"Bambous Virieux VCA","state":"Grand Port","ISO3166-2-lvl4":"MU-GP","postcode":"50401","country":"Mauritius / Maurice","country_code":"mu"},"osm_type":"node","osm_id":9280578403,"type":"hamlet","location":[57.7604136,-20.3408005],"bbox":[57.7404136,-20.3608005,57.7804136,-20.3208005]}
{"name":"Pointe d’Esny","other_names":{"alt_name":"Pointe d'Esny"},"display_name":"Pointe d’Esny, Pointe d'Esny, Blue Bay, Beau Vallon VCA, Grand Port, 50812, Mauritius / Maurice","address":{"hamlet":"Pointe d’Esny","suburb":"Pointe d'Esny","village":"Blue Bay","city":"Beau Vallon VCA","state":"Grand Port","ISO3166-2-lvl4":"MU-GP","postcode":"50812","country":"Mauritius / Maurice","country_code":"mu"},"osm_type":"node","osm_id":2288199751,"type":"hamlet","location":[57.7269464,-20.4313282],"bbox":[57.7069464,-20.4513282,57.7469464,-20.4113282],"border":{"name":"Pointe d'Esny","display_name":"Pointe d'Esny, Beau Vallon VCA, Grand Port, Mauritius / Maurice","address":{"suburb":"Pointe d'Esny","city":"Beau Vallon VCA","state":"Grand Port","ISO3166-2-lvl4":"MU-GP","country":"Mauritius / Maurice","country_code":"mu"},"osm_type":"relation","osm_id":13476458,"type":"administrative","location":[57.72653845383411,-20.4324915],"bbox":[57.7226561,-20.4396529,57.7274244,-20.4251088]}}
{"name":"Pointe de Flacq","display_name":"Pointe de Flacq, Poste de Flacq VCA, Flacq, 41511, Mauritius / Maurice","address":{"hamlet":"Pointe de Flacq","city":"Poste de Flacq VCA","state":"Flacq","ISO3166-2-lvl4":"MU-FL","postcode":"41511","country":"Mauritius / Maurice","country_code":"mu"},"osm_type":"node","osm_id":2132037918,"type":"hamlet","location":[57.7577729,-20.1617808],"bbox":[57.7377729,-20.1817808,57.7777729,-20.1417808]}
{"name":"Port Saint James","display_name":"Port Saint James, Agaléga, Mauritius / Maurice","address":{"hamlet":"Port Saint James","region":"Agaléga","ISO3166-2-lvl3":"MU-AG","country":"Mauritius / Maurice","country_code":"mu"},"osm_type":"node","osm_id":4947424953,"type":"hamlet","location":[56.5866494,-10.3458346],"bbox":[56.5666494,-10.3658346,56.6066494,-10.3258346]}
{"name":"Poste Lafayette","display_name":"Poste Lafayette, Poste de Flacq VCA, Flacq, 41519, Mauritius / Maurice","address":{"hamlet":"Poste Lafayette","city":"Poste de Flacq VCA","state":"Flacq","ISO3166-2-lvl4":"MU-FL","postcode":"41519","country":"Mauritius / Maurice","country_code":"mu"},"osm_type":"node","osm_id":12430181126,"type":"hamlet","location":[57.751286,-20.1391452],"bbox":[57.731286,-20.1591452,57.771286,-20.1191452]}
{"name":"Poste Lafayette","display_name":"Poste Lafayette, Poste de Flacq VCA, Flacq, 41519, Mauritius / Maurice","address":{"hamlet":"Poste Lafayette","city":"Poste de Flacq VCA","state":"Flacq","ISO3166-2-lvl4":"MU-FL","postcode":"41519","country":"Mauritius / Maurice","country_code":"mu"},"osm_type":"node","osm_id":2305544296,"type":"hamlet","location":[57.7521984,-20.1194432],"bbox":[57.7321984,-20.1394432,57.7721984,-20.0994432],"border":{"name":"Poste Lafayette","display_name":"Poste Lafayette, Poste de Flacq VCA, Flacq, 41519, Mauritius / Maurice","address":{"hamlet":"Poste Lafayette","city":"Poste de Flacq VCA","state":"Flacq","ISO3166-2-lvl4":"MU-FL","postcode":"41519","country":"Mauritius / Maurice","country_code":"mu"},"osm_type":"relation","osm_id":13476435,"type":"administrative","location":[57.7521984,-20.1194432],"bbox":[57.751133,-20.1244183,57.7558893,-20.1171419]}}
{"name":"Résidence Balaclava","display_name":"Résidence Balaclava, Arsenal VCA, Pamplemousses, 21416, Mauritius / Maurice","address":{"hamlet":"Résidence Balaclava","city":"Arsenal VCA","state":"Pamplemousses","ISO3166-2-lvl4":"MU-PA","postcode":"21416","country":"Mauritius / Maurice","country_code":"mu"},"osm_type":"node","osm_id":2170468356,"type":"hamlet","location":[57.5324078,-20.0875055],"bbox":[57.5124078,-20.1075055,57.5524078,-20.0675055]}
{"name":"Résidence Union Park","display_name":"Résidence Union Park, Pont Colville, Nouvelle France VCA, Grand Port, 51802, Mauritius / Maurice","address":{"hamlet":"Résidence Union Park","village":"Pont Colville","city":"Nouvelle France VCA","state":"Grand Port","ISO3166-2-lvl4":"MU-GP","postcode":"51802","country":"Mauritius / Maurice","country_code":"mu"},"osm_type":"node","osm_id":10610670228,"type":"hamlet","location":[57.5705292,-20.3896648],"bbox":[57.5505292,-20.4096648,57.5905292,-20.3696648]}
{"name":"Riambel","display_name":"Riambel, Surinam, Surinam VCA, Savanne, 60902, Mauritius / Maurice","address":{"hamlet":"Riambel","town":"Surinam","city":"Surinam VCA","state":"Savanne","ISO3166-2-lvl4":"MU-SA","postcode":"60902","country":"Mauritius / Maurice","country_code":"mu"},"osm_type":"node","osm_id":2160657629,"type":"hamlet","location":[57.4929368,-20.5169117],"bbox":[57.4729368,-20.5369117,57.5129368,-20.4969117]}
{"name":"Rich Fund","display_name":"Rich Fund, St. Julien, St. Julien VCA, East, Flacq, 42601, Mauritius / Maurice","address":{"hamlet":"Rich Fund","village":"St. Julien","city":"St. Julien VCA, East","state":"Flacq","ISO3166-2-lvl4":"MU-FL","postcode":"42601","country":"Mauritius / Maurice","country_code":"mu"},"osm_type":"node","osm_id":12441422000,"type":"hamlet","location":[57.6733035,-20.2123275],"bbox":[57.6533035,-20.2323275,57.6933035,-20.1923275]}
{"name":"Riche Bois","display_name":"Riche Bois, Camp Diable, Camp Diable VCA, Savanne, 51108, Mauritius / Maurice","address":{"hamlet":"Riche Bois","village":"Camp Diable","city":"Camp Diable VCA","state":"Savanne","ISO3166-2-lvl4":"MU-SA","postcode":"51108","country":"Mauritius / Maurice","country_code":"mu"},"osm_type":"node","osm_id":10608689480,"type":"hamlet","location":[57.5846834,-20.4592827],"bbox":[57.5646834,-20.4792827,57.6046834,-20.4392827]}
{"name":"Rivière Banane","display_name":"Rivière Banane, Roche Bon Dieu, Rodrigues, Mauritius / Maurice","address":{"hamlet":"Rivière Banane","village":"Roche Bon Dieu","island":"Rodrigues","ISO3166-2-lvl3":"MU-RO","country":"Mauritius / Maurice","country_code":"mu"},"osm_type":"node","osm_id":3695929474,"type":"hamlet","location":[63.4734388,-19.680686],"bbox":[63.4534388,-19.700686,63.4934388,-19.660686]}
{"name":"Robinson","display_name":"Robinson, Long Mountain, Pamplemousses, 11803, Mauritius / Maurice","address":{"hamlet":"Robinson","village":"Long Mountain","state":"Pamplemousses","ISO3166-2-lvl4":"MU-PA","postcode":"11803","country":"Mauritius / Maurice","country_code":"mu"},"osm_type":"node","osm_id":12465319010,"type":"hamlet","location":[57.5700923,-20.1715041],"bbox":[57.5500923,-20.1915041,57.5900923,-20.1515041]}
{"name":"Savannah","display_name":"Savannah, L’Escalier VCA, West, Savanne, Mauritius / Maurice","address":{"hamlet":"Savannah","city":"L’Escalier VCA, West","state":"Savanne","ISO3166-2-lvl4":"MU-SA","country":"Mauritius / Maurice","country_code":"mu"},"osm_type":"node","osm_id":10608708917,"type":"hamlet","location":[57.6156337,-20.4876795],"bbox":[57.5956337,-20.5076795,57.6356337,-20.4676795]}
{"name":"Senneville","display_name":"Senneville, Rivière des Anguilles VCA, Savanne, 60902, Mauritius / Maurice","address":{"hamlet":"Senneville","city":"Rivière des Anguilles VCA","state":"Savanne","ISO3166-2-lvl4":"MU-SA","postcode":"60902","country":"Mauritius / Maurice","country_code":"mu"},"osm_type":"node","osm_id":10593841377,"type":"hamlet","location":[57.5569814,-20.5039935],"bbox":[57.5369814,-20.5239935,57.5769814,-20.4839935]}
{"name":"Sinatambou","display_name":"Sinatambou, Terre Rouge, Pamplemousses, 21813, Mauritius / Maurice","address":{"hamlet":"Sinatambou","village":"Terre Rouge","state":"Pamplemousses","ISO3166-2-lvl4":"MU-PA","postcode":"21813","country":"Mauritius / Maurice","country_code":"mu"},"osm_type":"node","osm_id":12461345231,"type":"hamlet","location":[57.5308558,-20.1210609],"bbox":[57.5108558,-20.1410609,57.5508558,-20.1010609]}
{"name":"The Mount","display_name":"The Mount, D’Epinay, Pamplemousses, 21013, Mauritius / Maurice","address":{"hamlet":"The Mount","village":"D’Epinay","state":"Pamplemousses","ISO3166-2-lvl4":"MU-PA","postcode":"21013","country":"Mauritius / Maurice","country_code":"mu"},"osm_type":"node","osm_id":12458575912,"type":"hamlet","location":[57.6102275,-20.1144092],"bbox":[57.5902275,-20.1344092,57.6302275,-20.0944092]}
{"name":"Thomassin","display_name":"Thomassin, Creve Coeur, Pamplemousses, 11803, Mauritius / Maurice","address":{"hamlet":"Thomassin","village":"Creve Coeur","state":"Pamplemousses","ISO3166-2-lvl4":"MU-PA","postcode":"11803","country":"Mauritius / Maurice","country_code":"mu"},"osm_type":"node","osm_id":12465318432,"type":"hamlet","location":[57.5637773,-20.1717646],"bbox":[57.5437773,-20.1917646,57.5837773,-20.1517646]}
{"name":"Union Ducray","display_name":"Union Ducray, St. Aubin, St. Aubin VCA, Savanne, 60902, Mauritius / Maurice","address":{"hamlet":"Union Ducray","village":"St. Aubin","city":"St. Aubin VCA","state":"Savanne","ISO3166-2-lvl4":"MU-SA","postcode":"60902","country":"Mauritius / Maurice","country_code":"mu"},"osm_type":"node","osm_id":10593841376,"type":"hamlet","location":[57.5449812,-20.5066062],"bbox":[57.5249812,-20.5266062,57.5649812,-20.4866062]}
{"name":"Union Flacq","display_name":"Union Flacq, St. Julien VCA, East, Flacq, 42601, Mauritius / Maurice","address":{"hamlet":"Union Flacq","city":"St. Julien VCA, East","state":"Flacq","ISO3166-2-lvl4":"MU-FL","postcode":"42601","country":"Mauritius / Maurice","country_code":"mu"},"osm_type":"node","osm_id":6060642411,"type":"hamlet","location":[57.6925882,-20.2096664],"bbox":[57.6725882,-20.2296664,57.7125882,-20.1896664]}
{"name":"Union Vale","display_name":"Union Vale, Trois Boutiques, Trois Boutiques VCA, Grand Port, 51516, Mauritius / Maurice","address":{"hamlet":"Union Vale","village":"Trois Boutiques","city":"Trois Boutiques VCA","state":"Grand Port","ISO3166-2-lvl4":"MU-GP","postcode":"51516","country":"Mauritius / Maurice","country_code":"mu"},"osm_type":"node","osm_id":10610613230,"type":"hamlet","location":[57.6561008,-20.4474708],"bbox":[57.6361008,-20.4674708,57.6761008,-20.4274708]}
{"name":"Ville Valio","display_name":"Ville Valio, Arsenal VCA, Pamplemousses, 21416, Mauritius / Maurice","address":{"hamlet":"Ville Valio","city":"Arsenal VCA","state":"Pamplemousses","ISO3166-2-lvl4":"MU-PA","postcode":"21416","country":"Mauritius / Maurice","country_code":"mu"},"osm_type":"node","osm_id":12461345234,"type":"hamlet","location":[57.5112374,-20.0903838],"bbox":[57.4912374,-20.1103838,57.5312374,-20.0703838]}
